"","AMCR.Open","AMCR.High","AMCR.Low","AMCR.Close","AMCR.Volume","AMCR.Adjusted"
"1",10.63,10.63,10.63,10.63,0,8.641808
"2",10.63,10.63,10.63,10.63,0,8.641808
"3",10.63,10.63,10.63,10.63,0,8.641808
"4",10.63,10.63,10.63,10.63,0,8.641808
"5",10.63,10.63,10.63,10.63,0,8.641808
"6",10.63,10.63,10.63,10.63,0,8.641808
"7",10.63,10.63,10.63,10.63,0,8.641808
"8",10.63,10.63,10.63,10.63,0,8.641808
"9",10.63,10.63,10.63,10.63,0,8.641808
"10",10.63,10.63,10.63,10.63,0,8.641808
"11",10.63,10.63,10.63,10.63,0,8.641808
"12",10.63,10.63,10.63,10.63,0,8.641808
"13",10.63,10.63,10.63,10.63,0,8.641808
"14",10.63,10.63,10.63,10.63,0,8.641808
"15",10.63,10.63,10.63,10.63,0,8.641808
"16",10.63,10.63,10.63,10.63,0,8.641808
"17",10.63,10.63,10.63,10.63,0,8.641808
"18",10.63,10.63,10.63,10.63,0,8.641808
"19",10.63,10.63,10.63,10.63,0,8.641808
"20",10.63,10.63,10.63,10.63,0,8.641808
"21",10.63,10.63,10.63,10.63,0,8.641808
"22",10.63,10.63,10.63,10.63,0,8.641808
"23",10.63,10.63,10.63,10.63,0,8.641808
"24",10.63,10.63,10.63,10.63,0,8.641808
"25",10.63,10.63,10.63,10.63,0,8.641808
"26",10.63,10.63,10.63,10.63,0,8.641808
"27",10.63,10.63,10.63,10.63,0,8.641808
"28",10.63,10.63,10.63,10.63,0,8.641808
"29",10.63,10.63,10.63,10.63,0,8.641808
"30",10.63,10.63,10.63,10.63,0,8.641808
"31",10.63,10.63,10.63,10.63,0,8.641808
"32",10.63,10.63,10.63,10.63,0,8.641808
"33",10.63,10.63,10.63,10.63,0,8.641808
"34",10.63,10.63,10.63,10.63,0,8.641808
"35",10.63,10.63,10.63,10.63,0,8.641808
"36",10.63,10.63,10.63,10.63,0,8.641808
"37",10.63,10.63,10.63,10.63,0,8.80583
"38",10.63,10.63,10.63,10.63,0,8.80583
"39",10.63,10.63,10.63,10.63,0,8.80583
"40",10.63,10.63,10.63,10.63,0,8.80583
"41",10.63,10.63,10.63,10.63,0,8.80583
"42",10.63,10.63,10.63,10.63,0,8.80583
"43",10.63,10.63,10.63,10.63,0,8.80583
"44",10.73,10.73,10.73,10.73,100,8.888669
"45",10.73,10.73,10.73,10.73,0,8.888669
"46",10.57,10.57,10.57,10.57,900,8.756127
"47",10.57,10.57,10.57,10.57,0,8.756127
"48",10.57,10.57,10.57,10.57,0,8.756127
"49",10.57,10.57,10.57,10.57,0,8.756127
"50",10.57,10.57,10.57,10.57,0,8.756127
"51",10.9,10.9,10.9,10.9,1700,9.029495
"52",10.9,10.9,10.9,10.9,0,9.029495
"53",10.9,10.9,10.9,10.9,0,9.029495
"54",11.19,11.19,11.19,11.19,200,9.26973
"55",11.19,11.19,11.19,11.19,5000,9.26973
"56",11.19,11.19,11.19,11.19,0,9.26973
"57",11.19,11.19,11.19,11.19,5000,9.26973
"58",11.5,11.5,11.5,11.5,400,9.526531
"59",11.5,11.5,11.5,11.5,0,9.526531
"60",11.5,11.5,11.5,11.5,0,9.526531
"61",11.55,11.55,11.55,11.55,5000,9.567951
"62",11.55,11.55,11.55,11.55,0,9.567951
"63",11.55,11.55,11.55,11.55,0,9.567951
"64",11.55,11.55,11.55,11.55,0,9.567951
"65",11.55,11.55,11.55,11.55,0,9.567951
"66",11.25,11.25,11.25,11.25,1400,9.319434
"67",11.25,11.25,11.25,11.25,1800,9.319434
"68",11.25,11.25,11.25,11.25,0,9.319434
"69",11.25,11.25,11.25,11.25,0,9.319434
"70",11.25,11.25,11.25,11.25,0,9.319434
"71",11.25,11.25,11.25,11.25,0,9.319434
"72",11.25,11.25,11.25,11.25,0,9.319434
"73",11.25,11.25,11.25,11.25,0,9.319434
"74",11.25,11.25,11.25,11.25,0,9.319434
"75",11.25,11.25,11.25,11.25,0,9.319434
"76",11.25,11.25,11.25,11.25,0,9.319434
"77",11.25,11.25,11.25,11.25,0,9.319434
"78",11.25,11.25,11.25,11.25,0,9.319434
"79",11.71,11.71,11.71,11.71,700,9.700495
"80",11.71,11.71,11.71,11.71,0,9.700495
"81",11.6,11.6,11.6,11.6,400,9.609373
"82",11.6,11.6,11.6,11.6,0,9.609373
"83",11.6,11.6,11.6,11.6,5000,9.609373
"84",11.6,11.6,11.6,11.6,0,9.609373
"85",11.6,11.6,11.6,11.6,0,9.609373
"86",11.6,11.6,11.6,11.6,0,9.609373
"87",11.6,11.6,11.6,11.6,0,9.609373
"88",11.6,11.6,11.6,11.6,0,9.609373
"89",11.31,11.31,11.31,11.31,100,9.369138
"90",11.31,11.31,11.31,11.31,0,9.369138
"91",11.31,11.31,11.31,11.31,0,9.369138
"92",11.31,11.31,11.31,11.31,0,9.369138
"93",11.31,11.31,11.31,11.31,0,9.369138
"94",11.31,11.31,11.31,11.31,0,9.369138
"95",11,11,11,11,2200,9.112336
"96",11,11,11,11,0,9.112336
"97",11,11,11,11,0,9.112336
"98",11,11,11,11,10000,9.112336
"99",11,11,11,11,0,9.112336
"100",11,11,11,11,0,9.112336
"101",11,11,11,11,0,9.112336
"102",11,11,11,11,0,9.112336
"103",11,11,11,11,0,9.112336
"104",11.5,11.5,11.5,11.5,20100,9.526531
"105",11.75,11.75,11.75,11.75,100,9.73363
"106",11.75,11.75,11.75,11.75,0,9.73363
"107",11.75,11.75,11.75,11.75,0,9.73363
"108",11.8,11.8,11.8,11.8,1000,9.775049
"109",11.8,11.8,11.8,11.8,4800,9.775049
"110",11.8,11.8,11.8,11.8,0,9.775049
"111",11.8,11.8,11.8,11.8,0,9.775049
"112",11.8,11.8,11.8,11.8,5200,9.775049
"113",11.8,11.8,11.8,11.8,0,9.775049
"114",12.05,12.05,12.05,12.05,200,9.982149
"115",12.05,12.05,12.05,12.05,0,9.982149
"116",12.05,12.05,12.05,12.05,0,9.982149
"117",12.05,12.05,12.05,12.05,0,9.982149
"118",12.05,12.05,12.05,12.05,0,9.982149
"119",12.05,12.05,12.05,12.05,0,9.982149
"120",12.05,12.05,12.05,12.05,0,9.982149
"121",12.05,12.05,12.05,12.05,0,9.982149
"122",12.05,12.05,12.05,12.05,0,9.982149
"123",12.05,12.05,12.05,12.05,0,9.982149
"124",12.8,12.8,12.43,12.43,13900,10.296938
"125",12.43,12.43,12.43,12.43,30900,10.296938
"126",12.43,12.43,12.43,12.43,0,10.296938
"127",12.43,12.43,12.43,12.43,0,10.296938
"128",12.43,12.43,12.43,12.43,0,10.296938
"129",12.43,12.43,12.43,12.43,0,10.296938
"130",12.43,12.43,12.43,12.43,0,10.296938
"131",12.43,12.43,12.43,12.43,0,10.296938
"132",12.43,12.43,12.43,12.43,0,10.296938
"133",12.15,12.15,12.15,12.15,100,10.064988
"134",12.15,12.15,12.15,12.15,0,10.064988
"135",12.15,12.15,12.15,12.15,0,10.064988
"136",12.15,12.15,12.15,12.15,0,10.064988
"137",12.15,12.15,12.15,12.15,0,10.064988
"138",12.15,12.15,12.15,12.15,0,10.064988
"139",12.15,12.15,12.15,12.15,0,10.064988
"140",12.15,12.15,12.15,12.15,0,10.064988
"141",12.15,12.15,12.15,12.15,0,10.064988
"142",12.15,12.15,12.15,12.15,0,10.064988
"143",12.3,12.3,12.3,12.3,2100,10.189247
"144",12.3,12.3,12.3,12.3,0,10.189247
"145",12.3,12.3,12.3,12.3,0,10.189247
"146",12.3,12.3,12.3,12.3,0,10.189247
"147",12.3,12.3,12.3,12.3,0,10.189247
"148",12.3,12.3,12.3,12.3,0,10.189247
"149",12.3,12.3,12.3,12.3,0,10.189247
"150",12.3,12.3,12.3,12.3,0,10.189247
"151",12.3,12.3,12.3,12.3,0,10.189247
"152",12.3,12.3,12.3,12.3,0,10.189247
"153",12.3,12.3,12.3,12.3,0,10.189247
"154",12.3,12.3,12.3,12.3,0,10.189247
"155",12.3,12.3,12.3,12.3,0,10.189247
"156",12.3,12.3,12.3,12.3,0,10.189247
"157",12.3,12.3,12.3,12.3,0,10.189247
"158",12.3,12.3,12.3,12.3,0,10.189247
"159",12.6,12.6,12.6,12.6,600,10.437766
"160",12.5,12.5,12.5,12.5,100,10.354926
"161",12.77,12.77,12.77,12.77,42000,10.578592
"162",12.77,12.77,12.77,12.77,0,10.578592
"163",12.77,12.77,12.77,12.77,0,10.578592
"164",12.77,12.77,12.77,12.77,0,10.578592
"165",12.77,12.77,12.77,12.77,0,10.578592
"166",12.77,12.77,12.77,12.77,0,10.578592
"167",12.77,12.77,12.77,12.77,0,10.578592
"168",12.77,12.77,12.77,12.77,0,10.578592
"169",12.77,12.77,12.77,12.77,0,10.578592
"170",12.77,12.77,12.77,12.77,0,10.779495
"171",12.77,12.77,12.77,12.77,0,10.779495
"172",12.77,12.77,12.77,12.77,0,10.779495
"173",12.77,12.77,12.77,12.77,0,10.779495
"174",12.77,12.77,12.77,12.77,0,10.779495
"175",12.77,12.77,12.77,12.77,0,10.779495
"176",12.77,12.77,12.77,12.77,0,10.779495
"177",12.77,12.77,12.77,12.77,0,10.779495
"178",12.77,12.77,12.77,12.77,0,10.779495
"179",12.77,12.77,12.77,12.77,0,10.779495
"180",12.77,12.77,12.77,12.77,0,10.779495
"181",12.77,12.77,12.77,12.77,0,10.779495
"182",12.77,12.77,12.77,12.77,0,10.779495
"183",12.77,12.77,12.77,12.77,0,10.779495
"184",12.77,12.77,12.77,12.77,0,10.779495
"185",12.77,12.77,12.77,12.77,0,10.779495
"186",12.04,12.05,12.04,12.05,33200,10.171723
"187",12.05,12.05,12.05,12.05,0,10.171723
"188",12.05,12.05,12.05,12.05,0,10.171723
"189",12.05,12.05,12.05,12.05,0,10.171723
"190",12.05,12.05,12.05,12.05,10000,10.171723
"191",12.05,12.05,12.05,12.05,0,10.171723
"192",12.05,12.05,12.05,12.05,0,10.171723
"193",12.05,12.05,12.05,12.05,10000,10.171723
"194",12.05,12.05,12.05,12.05,10000,10.171723
"195",12.05,12.05,12.05,12.05,10000,10.171723
"196",12.05,12.05,12.05,12.05,10000,10.171723
"197",12.05,12.05,12.05,12.05,0,10.171723
"198",12.05,12.05,12.05,12.05,10000,10.171723
"199",12.05,12.05,12.05,12.05,0,10.171723
"200",12.05,12.05,12.05,12.05,10000,10.171723
"201",12.05,12.05,12.05,12.05,0,10.171723
"202",12.05,12.05,12.05,12.05,0,10.171723
"203",12.05,12.05,12.05,12.05,0,10.171723
"204",12.05,12.05,12.05,12.05,0,10.171723
"205",12.05,12.05,12.05,12.05,0,10.171723
"206",12.05,12.05,12.05,12.05,0,10.171723
"207",12.05,12.05,12.05,12.05,0,10.171723
"208",12.05,12.05,12.05,12.05,0,10.171723
"209",12.05,12.05,12.05,12.05,0,10.171723
"210",12.05,12.05,12.05,12.05,0,10.171723
"211",12.05,12.05,12.05,12.05,0,10.171723
"212",12.05,12.05,12.05,12.05,0,10.171723
"213",12.05,12.05,12.05,12.05,0,10.171723
"214",12.05,12.05,12.05,12.05,0,10.171723
"215",12.05,12.05,12.05,12.05,0,10.171723
"216",12.05,12.05,12.05,12.05,0,10.171723
"217",12.05,12.05,12.05,12.05,0,10.171723
"218",12.05,12.05,12.05,12.05,0,10.171723
"219",12.05,12.05,12.05,12.05,0,10.171723
"220",12.05,12.05,12.05,12.05,0,10.171723
"221",12.05,12.05,12.05,12.05,0,10.171723
"222",11.37,11.37,11.37,11.37,1000,9.597718
"223",11.37,11.37,11.37,11.37,0,9.597718
"224",11.37,11.37,11.37,11.37,0,9.597718
"225",11.37,11.37,11.37,11.37,0,9.597718
"226",11.37,11.37,11.37,11.37,2600,9.597718
"227",11.37,11.37,11.37,11.37,0,9.597718
"228",11.37,11.37,11.37,11.37,0,9.597718
"229",11.37,11.37,11.37,11.37,0,9.597718
"230",11.3,11.3,11.3,11.3,1500,9.538629
"231",11.3,11.3,11.3,11.3,0,9.538629
"232",11.3,11.3,11.3,11.3,0,9.538629
"233",11.3,11.3,11.3,11.3,0,9.538629
"234",11.3,11.3,11.3,11.3,0,9.538629
"235",11.3,11.3,11.3,11.3,0,9.538629
"236",11.3,11.3,11.3,11.3,5700,9.538629
"237",11.3,11.3,11.3,11.3,0,9.538629
"238",11.3,11.3,11.3,11.3,0,9.538629
"239",11.3,11.3,11.3,11.3,0,9.538629
"240",11.3,11.3,11.3,11.3,0,9.538629
"241",11.3,11.3,11.3,11.3,0,9.538629
"242",11.3,11.3,11.3,11.3,0,9.538629
"243",11.3,11.3,11.3,11.3,0,9.538629
"244",11.3,11.3,11.3,11.3,0,9.538629
"245",11.3,11.3,11.3,11.3,0,9.538629
"246",11.3,11.3,11.3,11.3,0,9.538629
"247",11.3,11.3,11.3,11.3,0,9.538629
"248",11.8,11.8,11.8,11.8,22500,9.960691
"249",11.8,11.8,11.8,11.8,0,9.960691
"250",11.8,11.8,11.8,11.8,0,9.960691
"251",11.8,11.8,11.8,11.8,0,9.960691
"252",11.8,11.8,11.8,11.8,0,9.960691
"253",11.8,11.8,11.8,11.8,0,9.960691
"254",11.8,11.8,11.8,11.8,0,9.960691
"255",11.8,11.8,11.8,11.8,0,9.960691
"256",11.8,11.8,11.8,11.8,0,9.960691
"257",11.8,11.8,11.8,11.8,0,9.960691
"258",11.8,11.8,11.8,11.8,0,9.960691
"259",11.8,11.8,11.8,11.8,0,9.960691
"260",11.8,11.8,11.8,11.8,0,9.960691
"261",11.8,11.8,11.8,11.8,0,9.960691
"262",11.6,11.6,11.6,11.6,500,9.791866
"263",11.6,11.6,11.6,11.6,0,9.791866
"264",11.6,11.6,11.6,11.6,0,9.791866
"265",11.6,11.6,11.6,11.6,0,9.791866
"266",11.59,11.59,11.59,11.59,100,9.783425
"267",11.75,11.75,11.75,11.75,8900,9.918488
"268",11.75,11.75,11.75,11.75,0,9.918488
"269",11.75,11.75,11.75,11.75,0,9.918488
"270",11.75,11.75,11.75,11.75,0,9.918488
"271",11.75,11.75,11.75,11.75,0,9.918488
"272",11.75,11.75,11.75,11.75,0,9.918488
"273",11.75,11.75,11.75,11.75,0,9.918488
"274",11.75,11.75,11.75,11.75,0,9.918488
"275",11.75,11.75,11.75,11.75,0,9.918488
"276",11.75,11.75,11.75,11.75,0,9.918488
"277",11.75,11.75,11.75,11.75,0,9.918488
"278",11.75,11.75,11.75,11.75,0,9.918488
"279",11.75,11.75,11.75,11.75,0,9.918488
"280",11.75,11.75,11.75,11.75,0,9.918488
"281",11.44,11.44,11.44,11.44,10200,9.656805
"282",11.44,11.44,11.44,11.44,0,9.656805
"283",11.05,11.05,11.05,11.05,2500,9.327597
"284",11.04,11.04,10.9,10.9,200,9.200978
"285",10.9,10.9,10.9,10.9,0,9.200978
"286",10.9,10.9,10.9,10.9,0,9.200978
"287",10.9,10.9,10.9,10.9,0,9.200978
"288",11.1,11.11,11.1,11.11,9900,9.378245
"289",11.11,11.11,11.11,11.11,0,9.378245
"290",11.11,11.11,11.11,11.11,0,9.555421
"291",11.11,11.11,11.11,11.11,0,9.555421
"292",11.11,11.11,11.11,11.11,0,9.555421
"293",10.74,10.74,10.74,10.74,100,9.237193
"294",10.74,10.74,10.74,10.74,0,9.237193
"295",10.74,10.74,10.74,10.74,0,9.237193
"296",10.74,10.74,10.74,10.74,0,9.237193
"297",10.74,10.74,10.74,10.74,0,9.237193
"298",10.74,10.74,10.74,10.74,0,9.237193
"299",10.74,10.74,10.74,10.74,0,9.237193
"300",10.74,10.74,10.74,10.74,0,9.237193
"301",10.74,10.74,10.74,10.74,0,9.237193
"302",10.74,10.74,10.74,10.74,0,9.237193
"303",11.02,11.02,11.02,11.02,14900,9.478015
"304",11.02,11.02,11.02,11.02,0,9.478015
"305",11.02,11.02,11.02,11.02,0,9.478015
"306",11.02,11.02,11.02,11.02,0,9.478015
"307",11.02,11.02,11.02,11.02,0,9.478015
"308",11.02,11.02,11.02,11.02,3000,9.478015
"309",11.02,11.02,11.02,11.02,0,9.478015
"310",11.02,11.02,11.02,11.02,0,9.478015
"311",10.75,10.75,10.75,10.75,200,9.245794
"312",10.75,10.75,10.75,10.75,0,9.245794
"313",10.75,10.75,10.75,10.75,0,9.245794
"314",10.75,10.75,10.75,10.75,0,9.245794
"315",10.75,10.75,10.75,10.75,0,9.245794
"316",10.75,10.75,10.75,10.75,0,9.245794
"317",10.55,10.55,10.55,10.55,100,9.073779
"318",10.55,10.55,10.55,10.55,0,9.073779
"319",10.75,10.75,10.75,10.75,59600,9.245794
"320",10.75,10.75,10.75,10.75,0,9.245794
"321",10.75,10.75,10.75,10.75,0,9.245794
"322",10.75,10.75,10.75,10.75,0,9.245794
"323",10.75,10.75,10.75,10.75,0,9.245794
"324",10.92,10.92,10.92,10.92,160200,9.392006
"325",10.85,10.85,10.85,10.85,100,9.3318
"326",10.85,10.85,10.85,10.85,0,9.3318
"327",10.85,10.85,10.85,10.85,0,9.3318
"328",10.85,10.85,10.85,10.85,0,9.3318
"329",10.85,10.85,10.85,10.85,0,9.3318
"330",10.85,10.85,10.85,10.85,0,9.3318
"331",10.85,10.85,10.85,10.85,0,9.3318
"332",10.85,10.85,10.85,10.85,0,9.3318
"333",10.85,10.85,10.85,10.85,0,9.3318
"334",10.2,10.2,10.2,10.2,200,8.772754
"335",10.2,10.2,10.2,10.2,0,8.772754
"336",10.2,10.2,10.2,10.2,0,8.772754
"337",10.2,10.2,10.2,10.2,0,8.772754
"338",10.2,10.2,10.2,10.2,0,8.772754
"339",10.2,10.2,10.2,10.2,0,8.772754
"340",10.3,10.43,10.3,10.43,130100,8.970571
"341",10.43,10.43,10.43,10.43,0,8.970571
"342",10.42,10.42,10.42,10.42,50000,8.961967
"343",10.42,10.42,10.42,10.42,0,8.961967
"344",10.42,10.42,10.42,10.42,0,8.961967
"345",10.42,10.42,10.42,10.42,0,8.961967
"346",10.42,10.42,10.42,10.42,0,8.961967
"347",10.42,10.42,10.42,10.42,0,8.961967
"348",10.42,10.42,10.42,10.42,0,8.961967
"349",10.42,10.42,10.42,10.42,0,8.961967
"350",10.42,10.42,10.42,10.42,0,8.961967
"351",10.42,10.42,10.42,10.42,0,8.961967
"352",10.42,10.42,10.42,10.42,0,8.961967
"353",10.42,10.42,10.42,10.42,0,8.961967
"354",10.42,10.42,10.42,10.42,0,8.961967
"355",10.42,10.42,10.42,10.42,0,8.961967
"356",10.42,10.42,10.42,10.42,0,8.961967
"357",10.42,10.42,10.42,10.42,0,8.961967
"358",10.42,10.42,10.42,10.42,0,8.961967
"359",10.42,10.42,10.42,10.42,0,8.961967
"360",10.5,10.5,10.5,10.5,400,9.030775
"361",10.5,10.5,10.5,10.5,0,9.030775
"362",10.5,10.5,10.5,10.5,0,9.030775
"363",10.5,10.5,10.5,10.5,0,9.030775
"364",10.57,10.58,10.57,10.58,31800,9.099583
"365",10.58,10.58,10.58,10.58,0,9.099583
"366",10.15,10.15,10.15,10.15,100,8.72975
"367",10.15,10.15,10.15,10.15,0,8.72975
"368",10.31,10.31,10,10,400,8.600738
"369",10,10,10,10,0,8.600738
"370",10,10,10,10,0,8.600738
"371",10,10,10,10,0,8.600738
"372",10,10,10,10,0,8.600738
"373",10,10,10,10,0,8.600738
"374",10.7,10.7,10.7,10.7,500,9.202789
"375",10.5,10.5,10.5,10.5,400,9.030775
"376",10.5,10.5,10.5,10.5,0,9.030775
"377",10.5,10.5,10.5,10.5,0,9.030775
"378",10.15,10.15,10.15,10.15,900,8.72975
"379",10.4,10.4,10.38,10.38,700,8.927567
"380",10.45,10.45,10.45,10.45,100,8.987772
"381",10.45,10.45,10.45,10.45,0,8.987772
"382",10.45,10.45,10.45,10.45,0,8.987772
"383",10.45,10.45,10.45,10.45,0,8.987772
"384",10.54,10.54,10.54,10.54,17000,9.065178
"385",10.54,10.54,10.54,10.54,0,9.065178
"386",10.54,10.54,10.54,10.54,0,9.065178
"387",10.54,10.54,10.54,10.54,0,9.065178
"388",10.54,10.54,10.54,10.54,0,9.065178
"389",10.54,10.54,10.54,10.54,0,9.065178
"390",10.54,10.54,10.54,10.54,0,9.065178
"391",10.54,10.54,10.54,10.54,0,9.065178
"392",10.54,10.54,10.54,10.54,0,9.065178
"393",10.54,10.54,10.54,10.54,0,9.065178
"394",10.54,10.54,10.54,10.54,0,9.065178
"395",10.54,10.54,10.54,10.54,0,9.065178
"396",10.54,10.54,10.54,10.54,0,9.065178
"397",11.1,11.1,11.1,11.1,100,9.54682
"398",11.1,11.1,11.1,11.1,2700,9.54682
"399",11.1,11.1,11.1,11.1,0,9.54682
"400",11.1,11.1,11.1,11.1,0,9.54682
"401",11.1,11.1,11.1,11.1,0,9.54682
"402",11.1,11.1,11.1,11.1,0,9.54682
"403",10.6,10.6,10.6,10.6,1000,9.116782
"404",10.6,10.6,10.6,10.6,0,9.116782
"405",10.3,10.3,10.3,10.3,2400,8.858761
"406",10.3,10.3,10.3,10.3,0,8.858761
"407",10.3,10.3,10.3,10.3,0,8.858761
"408",10.3,10.3,10.3,10.3,0,8.858761
"409",10.3,10.3,10.3,10.3,0,8.858761
"410",10.3,10.3,10.3,10.3,0,8.858761
"411",10.3,10.3,10.3,10.3,0,8.858761
"412",10.4,10.4,10.4,10.4,500,8.944767
"413",10.4,10.4,10.4,10.4,0,8.944767
"414",10.4,10.4,10.4,10.4,0,8.944767
"415",10.4,10.4,10.4,10.4,0,8.944767
"416",10.4,10.4,10.4,10.4,0,8.944767
"417",10.33,10.33,10.33,10.33,300,8.884562
"418",10.33,10.33,10.33,10.33,0,8.884562
"419",10.33,10.33,10.33,10.33,0,8.884562
"420",10.33,10.33,10.33,10.33,0,8.884562
"421",10.33,10.33,10.33,10.33,0,8.884562
"422",10.33,10.33,10.33,10.33,0,8.884562
"423",10.33,10.33,10.33,10.33,0,8.884562
"424",10.33,10.33,10.33,10.33,0,9.091384
"425",10.33,10.33,10.33,10.33,0,9.091384
"426",9.85,9.85,9.85,9.85,200,8.668941
"427",10.03,10.03,10.03,10.03,1300,8.827356
"428",10.03,10.03,10.03,10.03,0,8.827356
"429",10.03,10.03,10.03,10.03,0,8.827356
"430",10.03,10.03,10.03,10.03,0,8.827356
"431",10.03,10.03,10.03,10.03,0,8.827356
"432",9.75,9.75,9.75,9.75,100,8.58093
"433",9.75,9.75,9.75,9.75,0,8.58093
"434",9.75,9.75,9.75,9.75,0,8.58093
"435",9.75,9.75,9.75,9.75,0,8.58093
"436",9.75,9.75,9.75,9.75,0,8.58093
"437",9.75,9.9,9.75,9.9,6600,8.712944
"438",9.95,9.95,9.95,9.95,200,8.756948
"439",9.95,9.95,9.95,9.95,0,8.756948
"440",9.9,9.9,9.9,9.9,400,8.712944
"441",9.9,9.9,9.9,9.9,0,8.712944
"442",9.55,9.55,9.55,9.55,100,8.404911
"443",9.55,9.55,9.55,9.55,0,8.404911
"444",9.4,9.4,9.4,9.4,9000,8.272899
"445",9.4,9.4,9.4,9.4,0,8.272899
"446",9.4,9.4,9.4,9.4,0,8.272899
"447",9.39,9.39,9.21,9.21,700,8.105678
"448",9.21,9.21,9.21,9.21,0,8.105678
"449",9.21,9.21,9.21,9.21,0,8.105678
"450",9.3,9.3,9.3,9.3,100,8.184887
"451",9.3,9.3,9.3,9.3,0,8.184887
"452",9.3,9.3,9.3,9.3,0,8.184887
"453",9.3,9.3,9.3,9.3,0,8.184887
"454",9.37,9.38,9,9,32100,7.920857
"455",9,9,9,9,500,7.920857
"456",9,9,9,9,0,7.920857
"457",9,9,9,9,0,7.920857
"458",9,9,9,9,100,7.920857
"459",9,9,9,9,100,7.920857
"460",9,9,9,9,0,7.920857
"461",9,9,9,9,0,7.920857
"462",9,9,9,9,300,7.920857
"463",9,9,9,9,0,7.920857
"464",9,9,9,9,100,7.920857
"465",9,9,9,9,0,7.920857
"466",9.59,9.59,9.59,9.59,14000,8.440115
"467",9.59,9.59,9.59,9.59,0,8.440115
"468",9.75,9.75,9.75,9.75,100,8.58093
"469",9.7,9.7,9.7,9.7,500,8.536925
"470",9.75,9.75,9.6,9.6,13900,8.448915
"471",9.75,9.75,9.75,9.75,9300,8.58093
"472",9.76,9.76,9.76,9.76,4600,8.589731
"473",9.83,9.95,9.83,9.95,11300,8.756948
"474",9.95,9.95,9.95,9.95,0,8.756948
"475",9.95,9.95,9.95,9.95,100,8.756948
"476",9.7,9.7,9.7,9.7,23100,8.536925
"477",9.7,9.7,9.7,9.7,0,8.536925
"478",9.7,9.7,9.7,9.7,100,8.536925
"479",9.7,9.7,9.7,9.7,0,8.536925
"480",9.7,9.7,9.7,9.7,0,8.536925
"481",9.57,9.57,9.57,9.57,200,8.422512
"482",9.86,9.86,9.86,9.86,17300,8.677741
"483",9.86,9.86,9.86,9.86,0,8.677741
"484",9.86,9.86,9.86,9.86,0,8.677741
"485",9.86,9.86,9.86,9.86,0,8.677741
"486",9.86,9.86,9.86,9.86,0,8.677741
"487",9.86,9.86,9.86,9.86,0,8.677741
"488",9.86,9.86,9.86,9.86,2000,8.677741
"489",9.56,9.56,9.56,9.56,10200,8.413713
"490",9.6,9.6,9.6,9.6,10200,8.448915
"491",9.6,9.6,9.6,9.6,0,8.448915
"492",9.6,9.6,9.6,9.6,0,8.448915
"493",9.5,9.5,9.5,9.5,10200,8.360906
"494",9.5,9.5,9.5,9.5,0,8.360906
"495",9.5,9.5,9.5,9.5,100,8.360906
"496",9.31,9.31,9.25,9.25,1000,8.140882
"497",9,9,9,9,1530300,7.920857
"498",9,9,9,9,0,7.920857
"499",9,9.25,8.75,8.75,6000,7.700834
"500",8.75,8.75,8.75,8.75,0,7.700834
"501",9.3,9.3,9.3,9.3,200,8.184887
"502",9.3,9.3,9.3,9.3,100,8.184887
"503",9.3,9.3,9.3,9.3,0,8.184887
"504",9.3,9.3,9.3,9.3,122000,8.184887
"505",9.3,9.3,9.3,9.3,100,8.184887
"506",9.51,9.51,9.5,9.5,36000,8.360906
"507",9.44,9.44,9.44,9.44,10200,8.308099
"508",9.45,9.45,9.45,9.45,17300,8.316902
"509",9.51,9.51,9.51,9.51,300,8.369707
"510",9.51,9.51,9.51,9.51,10300,8.369707
"511",9.51,9.51,9.51,9.51,40400,8.369707
"512",9.35,9.35,9.35,9.35,300,8.228891
"513",9.35,9.35,9.35,9.35,0,8.228891
"514",9.57,9.57,9.57,9.57,8000,8.422512
"515",9.55,9.55,9.55,9.55,300,8.404911
"516",9.55,9.55,9.55,9.55,100,8.404911
"517",9.69,9.69,9.69,9.69,22600,8.528123
"518",9.69,9.69,9.69,9.69,0,8.528123
"519",9.69,9.69,9.69,9.69,0,8.528123
"520",9.69,9.69,9.69,9.69,100,8.528123
"521",9.69,9.69,9.69,9.69,0,8.528123
"522",9.69,9.69,9.69,9.69,0,8.528123
"523",9.69,9.69,9.69,9.69,0,8.528123
"524",9.69,9.69,9.69,9.69,15300,8.528123
"525",9.69,9.69,9.69,9.69,100,8.528123
"526",10.09,10.09,10.09,10.09,15400,8.880163
"527",10.09,10.09,10.09,10.09,0,8.880163
"528",10.3,10.3,10.3,10.3,100,9.064982
"529",10.3,10.3,10.3,10.3,100,9.064982
"530",10.27,10.27,10.27,10.27,10100,9.03858
"531",10.27,10.27,10.27,10.27,0,9.03858
"532",10.27,10.27,10.27,10.27,0,9.03858
"533",10.27,10.27,10.27,10.27,200,9.03858
"534",10.27,10.27,10.27,10.27,10000,9.03858
"535",10.27,10.27,10.27,10.27,100,9.03858
"536",10.27,10.27,10.27,10.27,0,9.03858
"537",10.27,10.27,10.27,10.27,0,9.03858
"538",10.27,10.27,10.27,10.27,0,9.03858
"539",10.7,10.7,10.7,10.7,200,9.417022
"540",10.7,10.7,10.7,10.7,0,9.417022
"541",10.7,10.7,10.7,10.7,0,9.417022
"542",10.7,10.7,10.7,10.7,0,9.417022
"543",10.7,10.7,10.7,10.7,100,9.417022
"544",10.7,10.7,10.7,10.7,0,9.606456
"545",10.3,10.3,10.3,10.3,100,9.247336
"546",10.34,10.34,10.34,10.34,100,9.283248
"547",10.34,10.34,10.34,10.34,900,9.283248
"548",10.34,10.34,10.34,10.34,0,9.283248
"549",10.34,10.34,10.34,10.34,100,9.283248
"550",10.49,10.49,10.49,10.49,15000,9.417918
"551",10.47,10.47,10.47,10.47,10300,9.399962
"552",10.47,10.47,10.47,10.47,100,9.399962
"553",10.47,10.47,10.47,10.47,0,9.399962
"554",10.47,10.47,10.47,10.47,0,9.399962
"555",10.47,10.47,10.47,10.47,0,9.399962
"556",10.47,10.47,10.47,10.47,0,9.399962
"557",10.69,10.69,10.69,10.69,14500,9.597479
"558",10.8,10.8,10.8,10.8,20700,9.696237
"559",10.78,10.78,10.78,10.78,70600,9.678279
"560",10.78,10.78,10.78,10.78,100,9.678279
"561",10.8,10.8,10.8,10.8,5000,9.696237
"562",10.75,10.75,10.75,10.75,100,9.651346
"563",10.75,10.75,10.75,10.75,0,9.651346
"564",11.03,11.08,11.03,11.08,20600,9.947619
"565",11.08,11.08,11.08,11.08,0,9.947619
"566",11.08,11.08,11.08,11.08,0,9.947619
"567",11.08,11.08,11.08,11.08,0,9.947619
"568",10.83,10.83,10.83,10.83,800,9.723169
"569",11.02,11.02,11.02,11.02,20400,9.893752
"570",11.02,11.25,10.91,11.25,58000,10.100247
"571",11.25,11.25,11.25,11.25,40000,10.100247
"572",11.25,11.25,11.15,11.25,600,10.100247
"573",11.25,11.25,11.25,11.25,0,10.100247
"574",11.25,11.25,11.25,11.25,10200,10.100247
"575",11.16,11.16,11.15,11.15,19200,10.010467
"576",11.01,11.01,11.01,11.01,15300,9.884774
"577",11.01,11.01,11.01,11.01,0,9.884774
"578",10.93,10.93,10.93,10.93,10200,9.81295
"579",11.1,11.1,11.1,11.1,36100,9.965576
"580",11.1,11.1,11.1,11.1,0,9.965576
"581",11,11,11,11,100,9.875796
"582",11,11,11,11,0,9.982885
"583",11,11,11,11,0,9.982885
"584",11,11,11,11,100,9.982885
"585",11,11,11,11,0,9.982885
"586",11,11,11,11,0,9.982885
"587",11.68,11.69,11.68,11.69,204000,10.609085
"588",11.69,11.69,11.69,11.69,100,10.609085
"589",11.69,11.69,11.69,11.69,131100,10.609085
"590",11.69,11.69,11.69,11.69,0,10.609085
"591",11.69,11.69,11.69,11.69,0,10.609085
"592",11.69,11.69,11.69,11.69,0,10.609085
"593",11.69,11.69,11.69,11.69,0,10.609085
"594",11.69,11.69,11.69,11.69,0,10.609085
"595",11.69,11.69,11.69,11.69,0,10.609085
"596",11.69,11.69,11.69,11.69,0,10.609085
"597",11.69,11.69,11.69,11.69,0,10.609085
"598",11.69,11.69,11.69,11.69,0,10.609085
"599",11.69,11.69,11.69,11.69,0,10.609085
"600",11.69,11.69,11.69,11.69,0,10.609085
"601",11.69,11.69,11.69,11.69,0,10.609085
"602",11.69,11.69,11.69,11.69,0,10.609085
"603",11.69,11.69,11.69,11.69,0,10.609085
"604",11.69,11.69,11.69,11.69,100,10.609085
"605",11.69,11.69,11.69,11.69,0,10.609085
"606",11.15,11.15,11.15,11.15,500,10.119016
"607",11.15,11.15,11.15,11.15,2700,10.119016
"608",11.15,11.15,11.15,11.15,0,10.119016
"609",11.15,11.15,11.15,11.15,0,10.119016
"610",11.15,11.15,11.15,11.15,0,10.119016
"611",11.15,11.15,11.15,11.15,0,10.119016
"612",11.15,11.15,11.15,11.15,0,10.119016
"613",11.11,11.35,11.06,11.18,35902400,10.146242
"614",11.21,11.35,11.11,11.22,11342500,10.182542
"615",11.19,11.19,10.79,10.98,8238300,9.964734
"616",11,11.04,10.85,10.93,12995000,9.919357
"617",10.77,10.83,10.61,10.65,11991200,9.665249
"618",10.73,10.8,10.66,10.8,6940300,9.801378
"619",10.75,10.77,10.46,10.59,7823900,9.610796
"620",10.72,10.95,10.71,10.87,7407700,9.864905
"621",10.93,11.06,10.85,11.02,15210900,10.001037
"622",11.05,11.19,10.79,11.14,23175800,10.109941
"623",11.22,11.5,11.15,11.46,12362000,10.400352
"624",11.4,11.54,11.33,11.51,9356100,10.445728
"625",11.57,11.6,11.47,11.49,5419300,10.427578
"626",11.41,11.5,11.37,11.49,7604500,10.427578
"627",11.38,11.43,11.3,11.43,7799200,10.373126
"628",11.47,11.6,11.45,11.58,6608700,10.509255
"629",11.76,11.77,11.65,11.68,3013500,10.60001
"630",11.58,11.65,11.55,11.61,3565100,10.536482
"631",11.48,11.51,11.35,11.44,3031000,10.382199
"632",11.28,11.28,10.94,11.02,6699100,10.001037
"633",11.03,11.11,10.94,10.96,3642400,9.946584
"634",10.94,11.08,10.87,11.08,4404500,10.05549
"635",11.1,11.16,10.99,11.15,5162600,10.119016
"636",11,11.08,10.9,11.08,3025200,10.05549
"637",11.09,11.09,10.82,10.9,5764900,9.892131
"638",10.93,11.23,10.89,11.18,8203900,10.146242
"639",11.17,11.37,10.88,11.28,8115300,10.236996
"640",11.33,11.41,11.24,11.27,3358100,10.227921
"641",11.07,11.07,10.66,10.74,8515500,9.746927
"642",10.8,10.88,10.76,10.86,2969500,9.855829
"643",10.84,10.9,10.67,10.79,3836800,9.792303
"644",10.76,11.1,10.76,10.98,5477800,9.964734
"645",10.93,11.13,10.83,10.96,3171800,9.946584
"646",10.96,10.96,10.77,10.87,1736600,9.864905
"647",10.79,10.82,10.52,10.61,3826500,9.628946
"648",10.65,10.95,10.58,10.6,6685900,9.619872
"649",10.61,10.74,10.48,10.51,3703200,9.538193
"650",10.58,10.72,10.52,10.54,3722700,9.565419
"651",10.52,10.61,10.28,10.3,5603100,9.347611
"652",10.3,10.35,10.11,10.24,4701500,9.293159
"653",10.16,10.46,10.13,10.43,5081000,9.46559
"654",10.41,10.65,10.41,10.61,5529700,9.628946
"655",10.61,10.65,10.38,10.47,3043200,9.501891
"656",10.34,10.41,10.22,10.27,2196800,9.320384
"657",10.2,10.52,10.15,10.43,3282500,9.46559
"658",10.31,10.31,9.92,9.95,5040500,9.029974
"659",9.87,9.9,9.69,9.7,3684900,8.80309
"660",9.8,9.95,9.71,9.92,4034400,9.002747
"661",9.99,10.28,9.98,10.11,4407200,9.17518
"662",10.02,10.13,9.93,9.97,5153200,9.048125
"663",9.85,9.94,9.32,9.65,5604200,8.757713
"664",9.65,9.71,9.39,9.54,7288600,8.657884
"665",9.55,9.72,9.39,9.44,8155600,8.56713
"666",9.51,9.72,9.47,9.72,3921700,8.821241
"667",9.75,9.91,9.66,9.78,8440000,8.875691
"668",9.74,9.83,9.6,9.71,4443800,8.812164
"669",9.72,9.82,9.65,9.74,3479400,8.839391
"670",9.81,9.88,9.74,9.82,3958000,8.911995
"671",9.84,9.85,9.65,9.71,3913900,8.812164
"672",9.75,9.79,9.64,9.71,3753900,8.812164
"673",9.83,9.92,9.73,9.77,4043100,8.866619
"674",9.77,9.88,9.77,9.87,4116600,8.95737
"675",9.86,9.86,9.72,9.81,5987100,8.902919
"676",9.67,10.11,9.61,10.06,8869200,9.242866
"677",9.96,10.15,9.95,10.14,5624800,9.316367
"678",10.05,10.12,9.91,10.1,6843700,9.279616
"679",10.14,10.39,10.11,10.22,7566300,9.38987
"680",10.02,10.1,9.63,9.67,5847800,8.884544
"681",9.7,9.76,9.64,9.76,4564600,8.967232
"682",9.8,9.9,9.71,9.82,3945700,9.02236
"683",9.81,9.95,9.74,9.79,4692500,8.994796
"684",9.74,9.77,9.62,9.66,14331200,8.875356
"685",9.56,9.73,9.55,9.65,4587000,8.866168
"686",9.7,9.73,9.58,9.6,4312400,8.82023
"687",9.64,9.72,9.6,9.65,2868500,8.866168
"688",9.69,9.71,9.54,9.61,3567300,8.829416
"689",9.66,9.75,9.62,9.73,4731500,8.939668
"690",9.69,9.87,9.64,9.75,6016600,8.958046
"691",9.75,9.83,9.51,9.55,4468200,8.774291
"692",9.47,9.51,9.33,9.42,5920700,8.65485
"693",9.36,9.56,9.21,9.55,6150900,8.774291
"694",9.55,9.56,9.44,9.49,6760100,8.719164
"695",9.44,9.51,9.38,9.39,6178200,8.627286
"696",9.27,9.31,9.18,9.23,4889600,8.480283
"697",9.28,9.39,9.21,9.32,4385500,8.562971
"698",9.32,9.43,9.29,9.32,3307100,8.562971
"699",9.42,9.72,9.42,9.6,5551800,8.82023
"700",9.49,9.67,9.49,9.59,4507200,8.811041
"701",9.6,9.61,9.49,9.59,5423800,8.811041
"702",9.56,9.6,9.37,9.39,6587200,8.627286
"703",9.46,9.66,9.46,9.59,4803700,8.811041
"704",9.53,9.72,9.53,9.59,5513100,8.811041
"705",9.67,9.77,9.62,9.68,4630900,8.893732
"706",9.64,9.79,9.64,9.66,6446200,8.875356
"707",9.72,9.77,9.63,9.71,5415300,8.921293
"708",9.67,9.67,9.35,9.47,4829500,8.700788
"709",9.52,9.77,9.52,9.72,6504500,8.930483
"710",9.68,9.7,9.56,9.58,5769400,8.801853
"711",9.53,9.59,9.41,9.48,5301800,8.709976
"712",9.42,9.61,9.42,9.56,5684500,8.783479
"713",9.57,9.66,9.47,9.52,31270200,8.746727
"714",9.6,9.73,9.57,9.73,5352100,8.939668
"715",9.73,9.94,9.71,9.89,5751900,9.086675
"716",9.86,10.07,9.82,10,7341600,9.187738
"717",9.89,10.1,9.83,9.97,8854500,9.160176
"718",9.93,9.97,9.77,9.78,8825700,8.985607
"719",9.98,10.06,9.72,9.77,8297900,8.976422
"720",9.78,9.92,9.69,9.81,5416500,9.013172
"721",9.79,9.84,9.74,9.83,4571200,9.031547
"722",9.81,9.89,9.77,9.86,3396200,9.05911
"723",9.9,9.99,9.84,9.95,4101800,9.1418
"724",10.03,10.05,9.95,10.02,5328000,9.206115
"725",9.98,10.07,9.84,10.02,5575600,9.206115
"726",10.06,10.2,10.01,10.14,7708400,9.316367
"727",10.06,10.07,9.78,9.83,10039500,9.031547
"728",9.9,9.99,9.88,9.9,3791800,9.09586
"729",9.96,10.14,9.96,10.06,5735900,9.242866
"730",10.02,10.23,10.02,10.11,5223000,9.288805
"731",10.16,10.19,10,10.15,27541700,9.432851
"732",10.18,10.31,10.1,10.3,5473600,9.572255
"733",10.3,10.37,10.12,10.26,2857800,9.53508
"734",10.27,10.29,10.15,10.17,10406400,9.451439
"735",10.07,10.1,9.9,10.07,4725200,9.358504
"736",10.09,10.3,10.09,10.18,6125400,9.460733
"737",10.25,10.35,10.22,10.33,4817000,9.600134
"738",10.37,10.53,10.36,10.47,7515900,9.730243
"739",10.37,10.5,10.34,10.43,4860600,9.693069
"740",10.36,10.4,10.26,10.35,5174400,9.618722
"741",10.43,10.55,10.38,10.48,4953700,9.739537
"742",10.5,10.69,10.45,10.68,4938800,9.925406
"743",10.63,10.67,10.51,10.56,2694100,9.813884
"744",10.7,10.83,10.64,10.76,3616800,9.999754
"745",10.67,10.82,10.64,10.81,7555800,10.04622
"746",10.75,10.82,10.71,10.77,7941300,10.009047
"747",10.8,10.85,10.69,10.8,5330300,10.036927
"748",11.15,11.2,10.77,10.77,17874600,10.009047
"749",10.81,10.99,10.8,10.91,3355800,10.139155
"750",10.86,10.95,10.74,10.79,1095500,10.027633
"751",10.82,10.88,10.77,10.85,2714500,10.083394
"752",10.9,11.03,10.88,10.95,3580000,10.176329
"753",10.9,10.93,10.82,10.85,2883600,10.083394
"754",10.85,10.92,10.68,10.84,3619400,10.074101
"755",10.88,10.91,10.62,10.63,10029700,9.878939
"756",10.46,10.63,10.31,10.49,9447300,9.748829
"757",10.48,10.52,10.41,10.42,8621700,9.683775
"758",10.36,10.49,10.33,10.33,9093800,9.600134
"759",10.38,10.54,10.34,10.37,4951500,9.637309
"760",10.43,10.44,10.37,10.4,3993000,9.665188
"761",10.38,10.56,10.34,10.45,3526900,9.711655
"762",10.47,10.71,10.47,10.69,4205600,9.934699
"763",10.64,10.67,10.56,10.62,5521600,9.869645
"764",10.82,10.84,10.64,10.67,3977200,9.916112
"765",10.71,10.83,10.67,10.82,3490300,10.055513
"766",10.82,10.91,10.79,10.9,6029000,10.12986
"767",10.75,10.77,10.57,10.7,6903300,9.943992
"768",10.7,10.76,10.7,10.73,4057800,9.971872
"769",10.62,10.76,10.59,10.73,4760500,9.971872
"770",10.69,10.69,10.45,10.49,3739500,9.748829
"771",10.35,10.93,10.35,10.77,15210000,10.009047
"772",10.82,11.03,10.79,10.89,8222000,10.120568
"773",10.89,10.97,10.8,10.85,6260500,10.083394
"774",10.74,10.84,10.65,10.83,5651900,10.064806
"775",10.65,10.68,10.43,10.59,49978600,9.841764
"776",10.59,10.77,10.41,10.68,12881300,9.925406
"777",10.8,10.94,10.76,10.87,8144300,10.10198
"778",10.94,11.1,10.89,11.02,11780400,10.241384
"779",11.05,11.05,10.95,11.01,8581400,10.232089
"780",10.91,10.95,10.8,10.82,5041000,10.055513
"781",10.78,10.94,10.66,10.81,5903300,10.04622
"782",10.85,11.04,10.83,10.97,5560000,10.194916
"783",10.76,10.83,10.34,10.47,8379300,9.730243
"784",10.33,10.35,10.14,10.16,5677800,9.442146
"785",10.09,10.35,10.07,10.21,5678700,9.488613
"786",10.24,10.26,10.13,10.21,4424300,9.488613
"787",10.23,10.38,10.17,10.18,6412400,9.460733
"788",10.21,10.36,10.2,10.27,5240300,9.544374
"789",10.21,10.26,10.06,10.24,4534400,9.516493
"790",10.11,10.13,9.9,9.93,7056300,9.228396
"791",9.96,9.97,9.64,9.67,11195700,8.986768
"792",9.74,9.89,9.7,9.76,13579000,9.070407
"793",9.72,9.73,9.36,9.46,15332900,8.791604
"794",9.27,9.43,9.13,9.32,16467200,8.661495
"795",9.68,9.8,9.38,9.79,10196600,9.098289
"796",9.59,9.83,9.44,9.59,11562100,9.018355
"797",9.71,9.79,9.42,9.77,8590500,9.187627
"798",9.51,9.68,9.34,9.39,8225100,8.830277
"799",9.31,9.39,9.1,9.32,10808700,8.764448
"800",8.9,9.19,8.61,8.88,19570400,8.350676
"801",8.99,9.04,8.49,8.97,18775600,8.435312
"802",8.23,8.39,7.94,7.99,17659800,7.513728
"803",6.92,7.1,6.55,6.7,30060300,6.300623
"804",7.04,7.3,6.32,6.82,31337700,6.41347
"805",6.11,6.43,5.8,5.95,22065700,5.59533
"806",6.15,6.23,5.85,6.23,16162700,5.85864
"807",5.9,6.5,5.82,6.39,12179100,6.009102
"808",6.43,7.53,6.38,7.43,19169000,6.987109
"809",7.37,7.95,7.1,7.3,24911500,6.864858
"810",7.12,7.2,6.58,6.62,13431600,6.225392
"811",7.1,7.57,6.98,7.52,13247400,7.071745
"812",7.41,7.91,7.33,7.71,13716900,7.250419
"813",7.71,8.21,7.64,8.13,12820500,7.645383
"814",7.68,8.04,7.38,7.8,13334600,7.335055
"815",7.89,8.34,7.88,8.28,6232100,7.786442
"816",8.15,8.32,8.04,8.12,8217000,7.63598
"817",7.96,8.18,7.8,7.86,11719700,7.391478
"818",8.07,8.4,8.03,8.18,10753800,7.692402
"819",8.02,8.23,7.76,7.84,8311200,7.37267
"820",8.17,8.33,8.06,8.22,7592200,7.73002
"821",8.47,8.59,8.12,8.13,6739700,7.645383
"822",8.22,8.67,8.08,8.51,8152700,8.002732
"823",8.65,9.26,8.61,9.16,9347300,8.613987
"824",9.09,9.18,8.84,8.9,5300800,8.369483
"825",8.96,9.11,8.84,9.04,4835900,8.501139
"826",8.66,8.77,8.6,8.65,6360100,8.134388
"827",8.55,8.6,8.31,8.46,5291100,7.955713
"828",8.6,8.9,8.6,8.78,5256400,8.256639
"829",8.74,8.79,8.56,8.64,4062500,8.124984
"830",8.32,8.46,8.18,8.26,4576500,7.767635
"831",8.37,8.42,8.23,8.36,3539400,7.861673
"832",8.4,8.51,8.2,8.21,4101900,7.720614
"833",8.38,8.47,8.29,8.42,3881100,7.918097
"834",8.48,8.78,8.45,8.68,4336300,8.162599
"835",8.88,9.11,8.87,9.02,9313200,8.482331
"836",9.19,9.34,9.15,9.24,4705600,8.689218
"837",9.08,9.15,8.9,8.97,9612900,8.435312
"838",8.88,8.88,8.58,8.68,4097600,8.162599
"839",8.63,8.73,8.57,8.69,6556800,8.172002
"840",8.65,8.8,8.57,8.58,4130300,8.06856
"841",8.44,8.68,8.43,8.48,3882000,7.97452
"842",8.53,8.73,8.51,8.61,5306500,8.09677
"843",8.78,9,8.74,8.97,3815500,8.435312
"844",8.75,8.93,8.56,8.83,5269700,8.303657
"845",9,9.55,9,9.11,9652200,8.566966
"846",9.25,9.4,8.97,9.11,7714700,8.566966
"847",9.04,9.1,8.71,9.09,5028800,8.54816
"848",9.06,9.16,8.98,9.1,3739500,8.557565
"849",9.46,9.72,9.45,9.64,4662700,9.065374
"850",9.54,9.61,9.38,9.4,4584200,8.839681
"851",9.39,9.54,9.33,9.45,5555600,8.886699
"852",9.41,9.56,9.39,9.48,4191000,8.914911
"853",9.49,9.6,9.44,9.6,4463000,9.02776
"854",9.81,10.03,9.8,10,5228000,9.403915
"855",9.94,9.94,9.72,9.86,5925200,9.380133
"856",10.03,10.2,9.87,10,4665900,9.513318
"857",9.93,10.23,9.82,10.21,27393600,9.713098
"858",10.15,10.34,10.03,10.18,6712200,9.684559
"859",10.29,10.45,10.27,10.33,8777600,9.827257
"860",10.44,10.78,10.4,10.5,7546500,9.988984
"861",10.45,10.63,10.4,10.53,5044700,10.017524
"862",10.77,11.02,10.71,10.88,7674000,10.350491
"863",10.86,10.89,10.29,10.5,11382600,9.988984
"864",10.35,10.4,10.14,10.2,8920700,9.703586
"865",9.98,10.02,9.72,9.82,7877500,9.342079
"866",9.57,9.66,9.14,9.19,13253700,8.74274
"867",10,10.21,9.58,9.81,17342900,9.332564
"868",9.57,10.35,9.54,10.2,17303900,9.703586
"869",10.4,10.55,10.11,10.26,10852900,9.760665
"870",10.33,10.42,10.22,10.27,8132900,9.77018
"871",10.21,10.44,10.21,10.28,7617600,9.779691
"872",10.28,10.34,10.03,10.31,43111700,9.808231
"873",10.27,10.44,10.14,10.27,9993700,9.77018
"874",10.33,10.44,10.22,10.24,9898700,9.741637
"875",10.12,10.17,9.92,9.96,11200000,9.475266
"876",10.04,10.14,9.92,10.01,11638600,9.522832
"877",10.01,10.03,9.62,9.67,86363100,9.19938
"878",9.78,9.99,9.68,9.95,10692700,9.465752
"879",9.92,10.22,9.88,10.21,9042700,9.713098
"880",10.19,10.39,10.07,10.33,8278300,9.827257
"881",10.46,10.62,10.39,10.6,14253000,10.084118
"882",10.73,10.78,10.52,10.75,10833800,10.226817
"883",10.62,10.72,10.54,10.62,10153000,10.103145
"884",10.54,10.57,10.31,10.45,8905000,9.941418
"885",10.46,10.47,10.24,10.37,9151300,9.865312
"886",10.43,10.55,10.39,10.51,7626600,9.998498
"887",10.58,10.63,10.38,10.41,8381900,9.903364
"888",10.4,10.64,10.39,10.61,5668100,10.093631
"889",10.76,10.81,10.63,10.7,5112600,10.179252
"890",10.69,10.87,10.67,10.75,4622100,10.226817
"891",10.84,10.84,10.68,10.77,4866500,10.245845
"892",10.76,10.82,10.7,10.73,4792000,10.20779
"893",10.81,10.92,10.79,10.85,4880600,10.321951
"894",10.85,10.95,10.81,10.9,7379300,10.369517
"895",10.88,10.93,10.64,10.74,5722800,10.217304
"896",10.77,10.78,10.6,10.67,5610200,10.150711
"897",10.78,10.83,10.63,10.82,8583100,10.293411
"898",10.77,10.91,10.68,10.71,7292500,10.188765
"899",10.7,10.75,10.54,10.62,5264700,10.103145
"900",10.48,10.52,10.23,10.36,7415000,9.855797
"901",10.32,10.34,10.05,10.3,22997900,9.798719
"902",10.4,10.58,10.32,10.44,8996300,9.931905
"903",10.45,10.75,10.45,10.7,6866900,10.179252
"904",10.8,10.87,10.67,10.69,7139300,10.169737
"905",10.73,10.84,10.65,10.8,6875100,10.274384
"906",10.71,10.85,10.69,10.81,5022900,10.283898
"907",10.91,11.14,10.83,11.1,5518800,10.559785
"908",11.2,11.29,11.03,11.08,6354900,10.540757
"909",11.19,11.23,11.12,11.19,3267700,10.645403
"910",11.09,11.26,11.07,11.2,7298600,10.654917
"911",11.18,11.29,11.12,11.2,3099500,10.654917
"912",11.28,11.38,11.24,11.31,3754700,10.759564
"913",11.4,11.5,10.99,11.08,7580600,10.540757
"914",11.35,11.59,11.22,11.29,10889100,10.740536
"915",11.17,11.3,11.15,11.28,5687600,10.731023
"916",11.23,11.26,11.09,11.11,5455800,10.569297
"917",11.17,11.18,10.86,10.87,7440600,10.340978
"918",10.9,10.91,10.68,10.87,5746200,10.340978
"919",10.85,10.97,10.79,10.95,5527500,10.417084
"920",11.06,11.13,11.02,11.07,4956200,10.531243
"921",11.08,11.26,11.03,11.25,3691700,10.702483
"922",11.19,11.2,11.03,11.06,7593400,10.521732
"923",10.98,11.24,10.95,11.24,7595300,10.69297
"924",11.08,11.43,11.02,11.43,12587100,10.986125
"925",11.27,11.31,10.96,11.08,8274700,10.649717
"926",11.15,11.2,10.87,11.02,8696600,10.592049
"927",10.89,10.97,10.73,10.77,9049200,10.351757
"928",10.88,11.1,10.85,11.01,7027000,10.582437
"929",11.08,11.35,11.06,11.11,11677500,10.678553
"930",11.16,11.17,10.97,11.06,5901300,10.630496
"931",11.11,11.27,11.05,11.15,11268800,10.716999
"932",11.23,11.35,11.18,11.21,5624800,10.77467
"933",11.27,11.34,11.17,11.19,8645200,10.755445
"934",11.08,11.35,10.93,11.32,11903900,10.880398
"935",11.33,11.38,11.21,11.25,14908200,10.813115
"936",11.01,11.14,10.87,11.01,8858700,10.582437
"937",10.97,11.14,10.95,11.04,4370100,10.611271
"938",10.99,10.99,10.57,10.58,6475000,10.169135
"939",10.55,10.73,10.44,10.58,4678500,10.169135
"940",10.49,10.86,10.45,10.82,6898900,10.399815
"941",10.96,10.98,10.88,10.91,6415400,10.48632
"942",10.82,10.98,10.78,10.85,5107300,10.42865
"943",10.97,11.11,10.92,11.05,7177900,10.620882
"944",11.22,11.22,10.94,11.01,7317500,10.582437
"945",10.89,11.18,10.86,11.01,7949300,10.582437
"946",11.14,11.26,11.07,11.13,8284400,10.697776
"947",11.12,11.27,10.99,11.01,8164500,10.582437
"948",11.1,11.38,11.08,11.23,7216800,10.793892
"949",11.21,11.35,11.18,11.34,5689300,10.899622
"950",11.49,11.56,11.36,11.42,3257700,10.976515
"951",11.47,11.5,11.36,11.43,6064100,10.986125
"952",11.41,11.47,11.28,11.41,3576300,10.966903
"953",11.45,11.5,11.36,11.4,3115000,10.95729
"954",11.25,11.48,11.24,11.47,3273600,11.024572
"955",11.52,11.59,11.47,11.5,4263000,11.053408
"956",11.52,11.56,11.27,11.28,3816400,10.84195
"957",11.28,11.37,11.18,11.19,5222900,10.755445
"958",11.19,11.27,11.07,11.08,4102500,10.649717
"959",10.99,11.05,10.87,11.04,3619600,10.611271
"960",11.06,11.06,10.89,10.97,3025400,10.543989
"961",10.82,10.83,10.54,10.63,4178700,10.217194
"962",10.64,10.66,10.48,10.57,5360600,10.159522
"963",10.34,10.47,10.26,10.32,6842600,9.919231
"964",10.36,10.56,10.32,10.5,5135400,10.092241
"965",10.48,10.55,10.31,10.43,7502000,10.02496
"966",10.6,10.89,10.59,10.85,6030300,10.42865
"967",10.98,11.19,10.92,11.14,3322100,10.707389
"968",11.11,11.2,10.93,11.09,5291100,10.659329
"969",11.2,11.62,11.14,11.51,5138900,11.06302
"970",11.72,11.93,11.39,11.52,6756900,11.072631
"971",12.16,12.4,11.93,12.04,9649300,11.572437
"972",11.81,11.88,11.66,11.86,9546200,11.399427
"973",11.93,12.06,11.79,11.93,7208800,11.466709
"974",11.73,11.85,11.37,11.55,10966600,11.101465
"975",11.57,11.84,11.52,11.79,4377200,11.332146
"976",12,12.23,11.81,12.15,5714400,11.678165
"977",12.01,12.05,11.84,11.93,5869200,11.466709
"978",11.94,12,11.83,11.84,4273100,11.380204
"979",11.79,11.95,11.7,11.92,3830700,11.457097
"980",11.96,12.02,11.88,11.93,3949400,11.466709
"981",11.8,11.8,11.52,11.57,6501500,11.231782
"982",11.53,11.82,11.49,11.8,10089300,11.45506
"983",11.62,11.67,11.53,11.59,6027500,11.251199
"984",11.5,11.58,11.39,11.48,2629100,11.144413
"985",11.38,11.45,11.24,11.33,6321100,10.998798
"986",11.47,11.61,11.43,11.53,4601200,11.192953
"987",11.48,11.61,11.44,11.47,4745200,11.134706
"988",11.5,11.59,11.4,11.44,4071400,11.105583
"989",11.48,11.63,11.47,11.54,4609100,11.20266
"990",11.48,11.49,11.26,11.35,5807800,11.018215
"991",11.3,11.59,11.3,11.54,5468400,11.20266
"992",11.53,11.65,11.51,11.61,7143700,11.270614
"993",11.59,11.65,11.48,11.53,6171300,11.192953
"994",11.39,11.49,11.31,11.44,6307100,11.105583
"995",11.57,11.6,11.27,11.27,4447000,10.940553
"996",11.45,11.63,11.42,11.54,4158700,11.20266
"997",11.51,11.59,11.39,11.4,3246100,11.066752
"998",11.53,11.56,11.4,11.56,3891100,11.222076
"999",11.54,11.7,11.47,11.66,14021500,11.319152
"1000",11.41,11.5,11.16,11.47,4696900,11.134706
"1001",11.51,11.62,11.49,11.5,4999200,11.16383
"1002",11.54,11.66,11.53,11.56,2033800,11.222076
"1003",11.64,11.66,11.54,11.64,957900,11.299737
"1004",11.71,11.76,11.58,11.59,1829000,11.251199
"1005",11.7,11.7,11.53,11.6,2513100,11.260906
"1006",11.68,11.78,11.66,11.74,2626000,11.396812
"1007",11.81,11.84,11.64,11.77,2822500,11.425937
