"","AMD.Open","AMD.High","AMD.Low","AMD.Close","AMD.Volume","AMD.Adjusted"
"1",11.42,11.65,11.02,11.43,55182000,11.43
"2",11.45,11.52,11.24,11.43,40781200,11.43
"3",11.43,11.69,11.23,11.24,38855200,11.24
"4",11.29,11.49,11.11,11.32,34453500,11.32
"5",11.37,11.64,11.31,11.49,37304800,11.49
"6",11.55,11.63,11.33,11.44,29201600,11.44
"7",11.39,11.41,11.15,11.2,39377000,11.2
"8",10.98,11.04,10.33,10.76,75244100,10.76
"9",10.79,10.87,10.56,10.58,38377500,10.58
"10",10.17,10.23,9.78,9.82,70491800,9.82
"11",9.54,10.1,9.42,9.88,51797600,9.88
"12",9.92,10.25,9.75,9.77,46151300,9.77
"13",9.88,9.96,9.67,9.75,27982100,9.75
"14",9.68,10.06,9.68,9.91,27905700,9.91
"15",9.95,10.49,9.95,10.44,43991200,10.44
"16",10.74,10.98,10.15,10.35,61778100,10.35
"17",10.35,10.66,10.3,10.52,35866600,10.52
"18",10.6,10.73,10.52,10.67,32719200,10.67
"19",10.62,10.68,10.3,10.61,37725000,10.61
"20",10.6,10.67,10.22,10.37,53704900,10.37
"21",10.9,12.14,10.81,12.06,165939300,12.06
"22",11.98,12.66,11.95,12.28,116324500,12.28
"23",12.37,12.5,12.04,12.24,60036700,12.24
"24",12.46,13.7,12.38,13.63,140474100,13.63
"25",14.05,14.27,13.06,13.29,158683800,13.29
"26",13.21,13.75,13.08,13.56,75942900,13.56
"27",13.78,13.89,13.4,13.42,73339900,13.42
"28",13.86,13.86,13.25,13.58,54579300,13.58
"29",13.7,13.95,13.38,13.49,57413100,13.49
"30",13.43,13.49,13.19,13.26,40479100,13.26
"31",13.2,13.44,13.15,13.3,33722300,13.3
"32",13.25,13.35,12.84,12.97,52502500,12.97
"33",12.79,13.14,12.6,13.13,40888000,13.13
"34",13.41,14.1,13.4,14,66357100,14
"35",14.3,14.5,14.04,14.28,71505000,14.28
"36",14.2,14.45,13.82,14.32,80317600,14.32
"37",14,14.32,13.86,14.12,46288600,14.12
"38",14.27,15.35,14.27,15.2,95422900,15.2
"39",15.45,15.55,14.35,14.46,141783000,14.46
"40",15.08,15.09,14.52,14.96,73450400,14.96
"41",14.59,14.78,13.87,13.9,104330900,13.9
"42",13.55,13.58,12.79,13.03,163395900,13.03
"43",13,13.34,12.38,13.04,117192600,13.04
"44",13.07,13.37,12.79,13.05,76666300,13.05
"45",13.25,13.55,13.1,13.22,71294700,13.22
"46",13.45,13.45,13.11,13.33,45244200,13.33
"47",13.5,13.93,13.45,13.91,65142200,13.91
"48",14.48,14.68,14.18,14.28,73078100,14.28
"49",14,14.15,13.64,14.1,52554500,14.1
"50",14.03,14.06,13.62,13.98,55179600,13.98
"51",13.79,13.88,13.65,13.65,44494800,13.65
"52",13.62,13.74,13.36,13.49,224892300,13.49
"53",13.68,14.5,13.54,14.4,91565600,14.4
"54",14.4,14.49,13.78,13.82,72552700,13.82
"55",13.7,14.15,13.55,14.1,61239500,14.1
"56",13.96,14.12,13.77,13.79,44549900,13.79
"57",14.16,14.18,13.54,13.7,50099500,13.7
"58",13.35,13.78,13.21,13.7,42686800,13.7
"59",13.75,13.86,13.55,13.69,37420200,13.69
"60",13.74,13.87,13.63,13.71,37863500,13.71
"61",13.73,14.05,13.65,14.05,44132800,14.05
"62",14.1,14.75,14.01,14.55,84566200,14.55
"63",14.6,14.74,14.3,14.64,48423700,14.64
"64",14.31,14.67,14.03,14.16,58413000,14.16
"65",14.28,14.64,14.1,14.17,58816700,14.17
"66",13.42,13.46,12.83,13.27,139500100,13.27
"67",13.33,13.68,13.22,13.52,70441000,13.52
"68",13.52,13.59,13.04,13.1,47178000,13.1
"69",13.02,13.29,12.71,13.1,59916600,13.1
"70",12.94,13.1,12.74,12.76,37385400,12.76
"71",12.51,12.72,12.22,12.31,53442600,12.31
"72",12.53,12.8,12.37,12.79,38188200,12.79
"73",12.63,12.97,12.58,12.95,37172000,12.95
"74",13.09,13.21,12.8,12.84,36491100,12.84
"75",12.98,13.15,12.88,13.11,41976100,13.11
"76",13.08,13.12,12.9,13,25689600,13
"77",13.23,13.23,13.05,13.13,36120300,13.13
"78",13.24,13.53,13.16,13.49,35881000,13.49
"79",13.42,13.53,13.22,13.41,36644500,13.41
"80",13.43,13.7,13.37,13.62,31327600,13.62
"81",13.73,13.76,13.16,13.3,50376000,13.3
"82",13.43,13.63,13.25,13.62,68036300,13.62
"83",11.73,11.76,10.3,10.32,268336500,10.32
"84",10.29,10.68,9.85,10.39,140899400,10.39
"85",10.55,10.55,9.94,10.1,77031400,10.1
"86",10.13,10.26,9.94,10.19,51759000,10.19
"87",10.22,10.22,10,10.04,35101100,10.04
"88",10.04,10.4,10.04,10.18,51017300,10.18
"89",10.46,10.85,10.45,10.79,65995900,10.79
"90",10.74,11.26,10.51,11.07,72946500,11.07
"91",11.2,11.4,11.08,11.26,56072600,11.26
"92",11.41,11.6,11.3,11.42,52565000,11.42
"93",11.66,12.77,11.63,12.75,164186900,12.75
"94",11.81,12.29,11.16,11.2,160109500,11.2
"95",10.99,11.49,10.81,11.28,86900100,11.28
"96",11.47,11.62,11.35,11.41,50319700,11.41
"97",11.49,11.55,10.77,11.04,78696400,11.04
"98",10.97,11.06,10.62,10.89,49799600,10.89
"99",11.05,11.06,10.71,10.89,42903900,10.89
"100",11.01,11.01,10.8,10.98,33584300,10.98
"101",10.85,11.02,10.74,11,31907600,11
"102",10.95,11.27,10.9,11.12,35339000,11.12
"103",11.29,11.49,11.1,11.19,42929000,11.19
"104",11.25,11.29,10.81,10.93,48002000,10.93
"105",10.93,10.96,10.57,10.9,43056200,10.9
"106",10.84,11.34,10.8,11.24,66207300,11.24
"107",11.27,12.24,11.24,12.03,114998600,12.03
"108",12.42,12.96,12.23,12.38,151005900,12.38
"109",12.81,12.91,12.4,12.9,89515100,12.9
"110",13.1,13.4,11.63,12.28,167454400,12.28
"111",11.75,12.35,11.27,12.09,125781800,12.09
"112",12.33,12.48,11.67,11.96,87302300,11.96
"113",11.91,12.05,11.65,11.77,51909400,11.77
"114",11.34,11.58,11.21,11.5,61666000,11.5
"115",11.66,11.83,11.28,11.44,59779500,11.44
"116",11.63,12.12,11.62,11.93,61803600,11.93
"117",12.19,12.93,12.18,12.64,118001500,12.64
"118",13.36,14.01,13.13,13.98,188796100,13.98
"119",14.1,14.5,13.56,14.38,149594200,14.38
"120",14.15,14.67,13.9,14.17,200777300,14.17
"121",14.39,14.49,13.84,14.08,101012500,14.08
"122",13.76,14.04,13.37,13.4,89319700,13.4
"123",13.65,13.7,13.09,13.23,85266900,13.23
"124",13.06,13.15,12.45,12.6,87634400,12.6
"125",12.57,12.83,12.36,12.48,59267400,12.48
"126",12.57,12.73,12.13,12.15,39929100,12.15
"127",12.36,13.21,12.32,13.19,99450200,13.19
"128",12.94,13.32,12.67,13.02,88927800,13.02
"129",13.27,13.75,13.18,13.36,88392100,13.36
"130",13.61,13.88,13.27,13.81,78320200,13.81
"131",13.77,14.1,13.62,13.89,71102300,13.89
"132",14.17,14.39,13.96,14.29,78508400,14.29
"133",14.33,14.49,13.43,13.53,111656900,13.53
"134",13.46,13.93,13.32,13.92,82084600,13.92
"135",14.03,14.12,13.51,13.8,71690800,13.8
"136",13.29,13.53,13.15,13.48,78366500,13.48
"137",13.62,13.74,13.41,13.55,51957800,13.55
"138",13.61,13.89,13.45,13.8,47707500,13.8
"139",13.7,14.05,13.62,13.88,51045700,13.88
"140",14,14.44,13.97,14.16,71014900,14.16
"141",14.29,14.32,13.87,14.11,98047400,14.11
"142",15.13,15.65,14.4,14.76,236083000,14.76
"143",14.99,15.04,13.7,14.12,130303700,14.12
"144",13.85,14.1,13.68,13.95,66763800,13.95
"145",14.09,14.22,13.47,13.61,69108700,13.61
"146",13.72,13.86,13.45,13.71,49149900,13.71
"147",13.81,13.93,13.12,13.37,67502200,13.37
"148",13.42,13.52,13.08,13.24,52557400,13.24
"149",13.2,13.36,13.02,13.12,64254000,13.12
"150",13.33,13.57,13.27,13.43,57486800,13.43
"151",13.48,13.55,13.08,13.11,47338000,13.11
"152",12.76,12.89,12.54,12.83,58861500,12.83
"153",12.7,12.92,12.11,12.12,83113400,12.12
"154",12.04,12.39,11.88,12.23,63558800,12.23
"155",12.58,12.85,12.58,12.76,64426100,12.76
"156",13.01,13.14,12.75,13.02,57990300,13.02
"157",13.17,13.19,12.52,12.63,64639400,12.63
"158",12.46,12.65,12.32,12.34,47371000,12.34
"159",12.43,12.56,12.25,12.37,37521700,12.37
"160",12.42,12.42,11.86,12.05,58888500,12.05
"161",12.2,12.33,12.1,12.17,39033200,12.17
"162",12,12.54,11.95,12.48,44345400,12.48
"163",12.69,12.71,12.39,12.5,37269700,12.5
"164",12.51,12.57,12.25,12.43,29732000,12.43
"165",12.53,12.55,12.16,12.23,35969600,12.23
"166",12,12.18,11.93,12.15,33618100,12.15
"167",12.19,12.68,12.16,12.67,43933000,12.67
"168",12.82,13.16,12.79,13,51822100,13
"169",13.12,13.49,13.04,13.19,53158600,13.19
"170",12.88,13.18,12.65,12.92,51445500,12.92
"171",13.02,13.08,12.75,12.86,34182400,12.86
"172",12.84,12.94,12.6,12.63,35816900,12.63
"173",12.57,12.61,12.04,12.25,60886200,12.25
"174",12.46,12.74,12.4,12.55,43346100,12.55
"175",12.66,12.68,12.21,12.3,54413100,12.3
"176",12.22,12.36,12.12,12.22,37210700,12.22
"177",12.15,12.46,12.11,12.26,37220200,12.26
"178",12.33,12.66,12.31,12.52,50337400,12.52
"179",12.77,13.3,12.74,13.08,83517400,13.08
"180",13.25,13.29,12.88,13.12,65455200,13.12
"181",13.07,13.8,12.8,13.74,102682400,13.74
"182",14,14.24,13.32,13.41,166821900,13.41
"183",13.2,13.4,13.12,13.3,50547000,13.3
"184",13.25,13.28,12.49,12.61,84172200,12.61
"185",12.85,12.93,12.43,12.45,68302000,12.45
"186",12.65,12.87,12.5,12.74,59947200,12.74
"187",12.76,12.84,12.55,12.74,35812300,12.74
"188",12.77,12.82,12.6,12.75,33926900,12.75
"189",12.8,12.85,12.62,12.71,34461100,12.71
"190",12.73,13.48,12.7,13.42,85174000,13.42
"191",13.31,13.5,13.15,13.31,42303200,13.31
"192",13.38,13.46,13.21,13.34,34758600,13.34
"193",13.22,13.39,13.18,13.23,28258700,13.23
"194",13.26,13.83,13.26,13.47,54032500,13.47
"195",13.72,13.79,13.44,13.7,43304000,13.7
"196",13.62,13.96,13.61,13.88,38746600,13.88
"197",13.85,14.37,13.81,14.2,69874100,14.2
"198",14.32,14.41,14.12,14.22,37515800,14.22
"199",14.25,14.35,14.12,14.26,34136800,14.26
"200",14.24,14.35,14.14,14.16,28995600,14.16
"201",14.2,14.28,13.76,14.07,39020300,14.07
"202",13.85,14.04,13.69,13.95,33795700,13.95
"203",14.03,14.09,13.8,13.81,32538900,13.81
"204",13.94,14.19,13.9,14.1,49838000,14.1
"205",14.2,14.36,14.15,14.25,84891600,14.25
"206",12.95,13.13,12.29,12.33,166762100,12.33
"207",12.45,12.46,12,12.01,87625400,12.01
"208",12.17,12.19,11.35,11.84,115650400,11.84
"209",11.26,11.42,10.65,10.89,137785100,10.89
"210",10.76,11.31,10.69,10.99,78600000,10.99
"211",11.25,11.29,10.72,10.8,66875500,10.8
"212",10.87,10.99,10.66,10.85,47942500,10.85
"213",10.95,11.13,10.82,11.12,44264300,11.12
"214",12.04,12.09,11.64,11.93,96349800,11.93
"215",11.94,12.27,11.92,12.05,67900200,12.05
"216",11.94,11.95,11.51,11.71,59065000,11.71
"217",11.25,11.35,11.03,11.12,76821200,11.12
"218",11.22,11.43,11.12,11.26,50209900,11.26
"219",11.18,11.2,10.92,11.09,54068300,11.09
"220",11.03,11.26,11,11.12,37245000,11.12
"221",11.01,11.13,10.77,11.07,33524700,11.07
"222",11.13,11.32,11.13,11.25,31800400,11.25
"223",11.3,11.75,11.28,11.38,56775600,11.38
"224",11.47,11.51,11.19,11.34,35960200,11.34
"225",11.42,11.49,11.24,11.4,31881700,11.4
"226",11.41,11.49,11.3,11.37,23816500,11.37
"227",11.38,11.42,11.3,11.38,11035800,11.38
"228",11.34,11.74,11.34,11.55,41798300,11.55
"229",11.45,11.54,11,11.17,65325700,11.17
"230",11.08,11.17,10.73,10.83,63333800,10.83
"231",10.87,11.03,10.76,10.89,43205000,10.89
"232",10.81,10.97,10.53,10.73,42128800,10.73
"233",10.85,10.86,9.82,10.03,97328300,10.03
"234",9.89,10.34,9.7,9.91,67304100,9.91
"235",9.9,10.05,9.71,10,38952200,10
"236",10.07,10.19,9.95,10.04,32665600,10.04
"237",10.15,10.2,9.92,9.94,34897000,9.94
"238",9.97,10.16,9.96,10.16,29956400,10.16
"239",10.13,10.14,9.88,9.9,36211000,9.9
"240",9.97,10.21,9.95,10.11,41494800,10.11
"241",10.1,10.17,9.96,10.13,29006800,10.13
"242",10.13,10.32,10.02,10.29,45462300,10.29
"243",10.6,11,10.51,10.98,63797700,10.98
"244",11,11.19,10.87,10.95,43852900,10.95
"245",11.1,11.18,10.8,10.98,31420300,10.98
"246",10.98,11.08,10.87,10.89,21884300,10.89
"247",10.75,10.77,10.2,10.54,50744500,10.54
"248",10.38,10.58,10.34,10.46,20437900,10.46
"249",10.45,10.74,10.4,10.53,22921800,10.53
"250",10.57,10.64,10.43,10.55,18609400,10.55
"251",10.57,10.58,10.27,10.28,26678900,10.28
"252",10.42,11.02,10.34,10.98,44146300,10.98
"253",11.61,12.14,11.36,11.55,154066700,11.55
"254",12.1,12.43,11.97,12.12,109503000,12.12
"255",12.19,12.22,11.66,11.88,63808900,11.88
"256",12.01,12.3,11.85,12.28,63346000,12.28
"257",12,12.02,11.71,11.82,62560900,11.82
"258",11.63,12.15,11.56,11.96,52561200,11.96
"259",12.07,12.19,11.9,12.14,38354900,12.14
"260",11.82,12.07,11.8,12.02,47149300,12.02
"261",12.05,12.2,11.8,11.91,42686600,11.91
"262",11.9,12.19,11.82,12.18,39020800,12.18
"263",12.18,12.68,12.15,12.47,62086200,12.47
"264",12.56,12.88,12.54,12.59,46800700,12.59
"265",12.61,12.74,12.37,12.65,34758600,12.65
"266",12.82,13,12.76,12.94,46417200,12.94
"267",13.02,13.05,12.6,12.71,41956400,12.71
"268",12.78,12.94,12.32,12.41,42966600,12.41
"269",12.7,12.95,12.62,12.95,44239000,12.95
"270",13.13,13.47,13.05,13.32,66645400,13.32
"271",13.12,13.27,12.69,12.87,91236400,12.87
"272",13.24,13.85,13.15,13.74,140977800,13.74
"273",13.62,13.84,13.21,13.25,67543300,13.25
"274",13.05,13.06,12.43,12.45,79432600,12.45
"275",12.05,12.18,10.93,11.57,116568900,11.57
"276",11.04,11.74,11,11.65,87123200,11.65
"277",11.7,11.9,11.53,11.6,55758400,11.6
"278",11.72,11.85,11.21,11.22,56471800,11.22
"279",11.54,11.57,10.63,11.31,85458200,11.31
"280",11.47,11.8,11.43,11.68,63160900,11.68
"281",11.6,11.82,11.53,11.78,33661400,11.78
"282",11.72,12.31,11.63,12.2,51756800,12.2
"283",12.4,12.63,12.07,12.19,59593800,12.19
"284",12.11,12.23,11.82,11.82,47332300,11.82
"285",11.72,12.19,11.71,12.02,47096500,12.02
"286",12.12,12.12,11.72,11.72,40195800,11.72
"287",11.82,12,11.63,11.84,37886300,11.84
"288",11.95,12.16,11.94,12.07,33317600,12.07
"289",12.14,12.43,12.05,12.42,42265200,12.42
"290",12.43,12.88,12.39,12.53,55975300,12.53
"291",12.66,12.73,12.1,12.11,43387500,12.11
"292",12.26,12.27,11.66,11.9,63207400,11.9
"293",11.67,11.93,11.43,11.81,58123500,11.81
"294",11.69,12.06,11.61,11.91,43734800,11.91
"295",12.01,12.05,11.71,11.76,46751200,11.76
"296",11.58,12.82,11.55,12.24,127603200,12.24
"297",12.4,12.59,11.74,11.97,76011200,11.97
"298",12.03,12.04,11.58,11.7,89674400,11.7
"299",11.76,11.82,11.48,11.52,83748700,11.52
"300",11.5,12.04,11.1,11.64,174302600,11.64
"301",11.7,11.72,11.26,11.36,80540800,11.36
"302",11.43,11.55,11.19,11.46,66373900,11.46
"303",11.49,11.55,11.32,11.47,37591000,11.47
"304",11.41,11.74,11.35,11.43,53308600,11.43
"305",11.41,11.52,11,11.11,65116900,11.11
"306",11.16,11.34,11.11,11.26,44691700,11.26
"307",11.1,11.26,10.85,10.91,59944200,10.91
"308",10.91,10.97,10.57,10.63,54844500,10.63
"309",10.71,10.8,10.18,10.44,75878500,10.44
"310",10.51,10.59,9.9,10,68551300,10
"311",9.99,10.17,9.79,9.81,64832100,9.81
"312",9.94,10.08,9.81,10.05,48681400,10.05
"313",9.99,10.14,9.51,9.53,64824600,9.53
"314",9.63,9.77,9.3,9.55,54891600,9.55
"315",9.08,9.81,9.04,9.77,67356900,9.77
"316",10.05,10.2,9.91,10.02,65758800,10.02
"317",9.83,10.1,9.5,9.61,51087100,9.61
"318",9.75,9.84,9.52,9.53,38382600,9.53
"319",9.75,10.04,9.71,9.98,42849200,9.98
"320",9.87,10.03,9.79,9.82,29169300,9.82
"321",9.98,10.1,9.82,10.08,47784400,10.08
"322",10.2,10.22,9.88,9.93,38935700,9.93
"323",10,10.17,9.9,10.09,28875100,10.09
"324",10.28,10.53,10.2,10.52,45360300,10.52
"325",10.51,10.65,10.33,10.36,42449600,10.36
"326",10.18,10.33,9.99,10.11,57841600,10.11
"327",10.05,10.14,9.95,9.99,39011900,9.99
"328",10.09,10.19,9.97,10.04,42971300,10.04
"329",10.19,10.35,9.95,10.09,44992200,10.09
"330",10.06,10.09,9.56,9.71,90578000,9.71
"331",10.87,11.19,10.61,11.04,145284100,11.04
"332",11.2,11.36,11.02,11.11,74347800,11.11
"333",11.06,11.14,10.87,10.88,50608800,10.88
"334",10.83,11.15,10.77,11.13,43441600,11.13
"335",11.1,11.16,10.97,10.97,29267300,10.97
"336",10.9,11.06,10.83,10.93,33310600,10.93
"337",10.88,11.29,10.87,11.28,47884900,11.28
"338",11.32,11.68,11.3,11.59,54001700,11.59
"339",11.49,11.66,11.4,11.61,35218400,11.61
"340",11.65,11.98,11.57,11.95,49605700,11.95
"341",11.98,12.18,11.95,12.13,49744500,12.13
"342",11.89,12.03,11.69,11.95,43863700,11.95
"343",12.14,12.36,12.11,12.23,50263800,12.23
"344",12.18,12.46,12.16,12.45,44183200,12.45
"345",12.64,12.98,12.62,12.82,73364000,12.82
"346",12.79,12.9,12.66,12.82,38692500,12.82
"347",13.06,13.26,12.91,13,54063400,13
"348",13.25,13.31,12.88,12.99,49714200,12.99
"349",13,13.14,12.71,12.98,43267000,12.98
"350",12.93,13.18,12.9,13.1,44517800,13.1
"351",13.06,13.43,13.03,13.41,47785700,13.41
"352",13.4,13.72,13.36,13.54,43850100,13.54
"353",13.45,13.63,13.26,13.36,39578500,13.36
"354",13.48,13.95,13.48,13.82,58186400,13.82
"355",13.74,13.93,13.69,13.73,46797700,13.73
"356",13.98,14.4,13.92,14.4,71677900,14.4
"357",14.76,14.98,14.52,14.85,74546000,14.85
"358",14.85,14.92,14.63,14.85,56122700,14.85
"359",15.07,15.74,15.04,15.67,97089000,15.67
"360",15.83,15.97,14.85,14.89,99860300,14.89
"361",14.52,15.33,14.31,15.25,81930500,15.25
"362",15.21,15.89,15.01,15.73,80737600,15.73
"363",15.84,15.95,15.43,15.85,67002600,15.85
"364",15.81,16.52,15.78,16.32,90227300,16.32
"365",16.620001,16.790001,15.58,16.25,113048600,16.25
"366",16.059999,16.52,15.82,16.34,77612200,16.34
"367",16.18,17.34,16.129999,17.110001,104317400,17.110001
"368",16.85,17.290001,16.309999,16.690001,92542900,16.690001
"369",16.83,17.129999,16.370001,16.52,76280600,16.52
"370",16.65,16.870001,15.46,15.65,95638400,15.65
"371",15.78,15.91,15.56,15.8,59257100,15.8
"372",15.64,15.74,14.54,15.11,94418400,15.11
"373",15.32,15.6,15.1,15.5,54213500,15.5
"374",15.65,15.76,14.96,14.97,56014300,14.97
"375",14.85,15.36,14.75,15.31,48716800,15.31
"376",15.41,15.49,14.98,14.99,41527800,14.99
"377",14.8,15.18,14.74,15.16,43398800,15.16
"378",15.21,15.34,14.96,15,32094000,15
"379",15.13,15.5,15.02,15.5,40703300,15.5
"380",15.52,16.389999,15.48,16.360001,65101700,16.360001
"381",16.73,16.84,16.17,16.610001,58525500,16.610001
"382",16.59,16.65,16.309999,16.549999,37093000,16.549999
"383",16.15,16.530001,16.02,16.27,42544100,16.27
"384",16.41,16.790001,16.379999,16.559999,44188100,16.559999
"385",16.68,16.690001,16.219999,16.27,40614100,16.27
"386",16.42,17,16.41,16.58,65275300,16.58
"387",16.5,16.879999,16.48,16.870001,42313500,16.870001
"388",16.940001,16.99,16.549999,16.85,40881500,16.85
"389",16.709999,16.879999,16.549999,16.709999,41267800,16.709999
"390",16.66,16.879999,16.440001,16.5,42879800,16.5
"391",16.469999,16.68,15.9,16.66,44940800,16.66
"392",16.75,16.860001,16.110001,16.190001,58201500,16.190001
"393",16.299999,16.389999,15.72,16.049999,82604900,16.049999
"394",17.16,18.450001,16.83,18.35,192661100,18.35
"395",19.07,19.879999,18.309999,18.940001,161903800,18.940001
"396",19.4,20.18,19.309999,19.42,160823400,19.42
"397",19.35,19.5,18.27,18.33,118403400,18.33
"398",18.34,18.950001,18.32,18.48,75495200,18.48
"399",18.17,18.83,18,18.790001,52867100,18.790001
"400",18.940001,19.059999,18.370001,18.49,53232100,18.49
"401",18.889999,19.440001,18.459999,19.43,83579700,19.43
"402",19.530001,19.709999,19.08,19.559999,72822600,19.559999
"403",19.459999,19.77,19.26,19.58,52081400,19.58
"404",19.58,19.709999,19.08,19.1,46653400,19.1
"405",19.09,19.48,18.85,19.059999,65821100,19.059999
"406",19.16,19.93,19.120001,19.73,81411300,19.73
"407",19.969999,20.280001,19.629999,20.02,89195500,20.02
"408",19.860001,20.1,19.200001,19.700001,86355700,19.700001
"409",19.860001,20.07,19.25,19.33,69733700,19.33
"410",19.120001,19.82,18.73,19.77,60616600,19.77
"411",19.790001,20.08,19.35,19.98,62983200,19.98
"412",19.98,20.42,19.860001,20.4,55629000,20.4
"413",20.280001,20.92,20.209999,20.9,62002700,20.9
"414",21.190001,22.32,21.139999,22.290001,113444100,22.290001
"415",22.91,24,22.67,23.98,164328200,23.98
"416",24.940001,27.299999,24.629999,25.26,325058400,25.26
"417",25.51,26.18,24.040001,25.049999,215771200,25.049999
"418",24.360001,25.41,24.01,25.200001,143223200,25.200001
"419",25.290001,25.67,24.76,24.889999,103607300,24.889999
"420",24.889999,25.24,24.719999,25.17,65206400,25.17
"421",25.620001,28.110001,25.57,28.059999,192541300,28.059999
"422",29.41,29.940001,26.84,28.51,257349000,28.51
"423",28.120001,28.58,27.190001,27.84,143942900,27.84
"424",26.959999,28.27,26.799999,27.379999,123348700,27.379999
"425",28.15,29.93,27.84,29.889999,162253800,29.889999
"426",30.02,30.59,29.370001,30.1,159902500,30.1
"427",29.91,32.290001,29.450001,32.209999,197889600,32.209999
"428",33.16,34.139999,29.870001,30.48,304147100,30.48
"429",31.43,33.09,30.540001,32.720001,217762800,32.720001
"430",31.75,33.23,31.6,32.43,180410600,32.43
"431",32.990002,33.369999,31.200001,31.93,176673200,31.93
"432",31.52,31.83,30.51,31.209999,124287000,31.209999
"433",32.099998,32.200001,30.639999,31.18,123116500,31.18
"434",31.190001,32.419998,30.91,31.02,129792900,31.02
"435",31.129999,32.650002,30.91,32.610001,118332600,32.610001
"436",33.18,33.599998,32.189999,32.57,118570200,32.57
"437",32.400002,32.599998,31.719999,32.189999,79347300,32.189999
"438",31.860001,32.630001,31.389999,32.59,87934400,32.59
"439",32.240002,32.779999,29.98,30.889999,165453500,30.889999
"440",30.690001,31.91,30.25,31.42,94742900,31.42
"441",30.73,30.82,28.65,29.02,145276500,29.02
"442",29.040001,29.219999,26.540001,28.43,190137200,28.43
"443",27.99,28.83,27.370001,27.780001,95831200,27.780001
"444",28.07,28.469999,26.93,27.35,88008500,27.35
"445",26.73,27.540001,25.959999,26.459999,103789500,26.459999
"446",26.15,27.709999,26,27.24,105461800,27.24
"447",27.379999,27.4,24.91,25,147682900,25
"448",24.74,26.200001,24.549999,25.299999,147013800,25.299999
"449",26.77,26.969999,25.67,26.34,111059400,26.34
"450",26.379999,26.77,25.75,26.26,70523500,26.26
"451",26.629999,28.23,26.17,28.18,92529000,28.18
"452",28.41,28.530001,26.92,27.299999,89466900,27.299999
"453",27.08,27.75,26.4,26.620001,79623700,26.620001
"454",27.030001,27.1,23.6,23.66,130799900,23.66
"455",24.459999,25.639999,24.09,25.030001,114158900,25.030001
"456",24.18,25.26,23.85,25.09,101763000,25.09
"457",25.040001,25.1,22.75,22.790001,134489100,22.790001
"458",17.92,20.15,17.719999,19.27,189173700,19.27
"459",18.49,18.780001,17.049999,17.629999,119689000,17.629999
"460",18.209999,18.23,16.27,16.85,94479600,16.85
"461",16.379999,17.24,16.17,17.200001,99049400,17.200001
"462",17.870001,18.34,17.120001,18.209999,110463700,18.209999
"463",18.41,20.33,18.08,20.219999,136896500,20.219999
"464",20.59,21.059999,19.469999,20.23,123788000,20.23
"465",20.120001,20.18,18.879999,19.9,108016700,19.9
"466",19.5,21.65,19.48,20.68,144995700,20.68
"467",21.42,22.219999,21.07,21.84,121115800,21.84
"468",21.77,22.08,20.969999,21.200001,92387600,21.200001
"469",20.77,21.190001,20.110001,21.030001,85900700,21.030001
"470",20.68,20.85,18.799999,19.030001,95948200,19.030001
"471",19.280001,20.02,18.969999,19.610001,76126000,19.610001
"472",20.18,21.110001,19.76,20.809999,106344300,20.809999
"473",20.719999,21.77,20.42,21.49,97715500,21.49
"474",19.870001,20.969999,19.719999,20.66,112376600,20.66
"475",20.4,20.59,19.09,19.110001,93578200,19.110001
"476",17.4,19.58,17.18,19.209999,109869400,19.209999
"477",20.049999,20.309999,18.5,18.73,81585600,18.73
"478",18.610001,19.83,18.559999,19.379999,54611300,19.379999
"479",19.959999,20.190001,19.110001,20.08,83211000,20.08
"480",19.77,21.450001,19.73,21.049999,119230100,21.049999
"481",21.82,21.879999,20.18,21.34,134425300,21.34
"482",21.190001,21.610001,20.73,21.43,79853700,21.43
"483",21.299999,21.360001,20.52,21.299999,82370700,21.299999
"484",22.48,23.75,22.370001,23.709999,139607400,23.709999
"485",23.35,23.42,21.07,21.120001,127392900,21.120001
"486",20.219999,21.41,20.059999,21.299999,103434700,21.299999
"487",21.299999,21.379999,19.17,19.459999,105764500,19.459999
"488",19.35,20.129999,19.27,19.99,77984500,19.99
"489",20.709999,21.139999,19.690001,19.98,88027400,19.98
"490",20.32,21.02,19.709999,20.48,100340700,20.48
"491",20.629999,20.870001,19.76,19.860001,88108300,19.860001
"492",19.58,20.700001,19.52,19.9,84713600,19.9
"493",20.01,20.02,18.639999,18.83,115437900,18.83
"494",19.15,19.84,18.879999,19.5,101512900,19.5
"495",19.440001,19.719999,18,18.16,120644500,18.16
"496",18.110001,18.860001,17.34,17.940001,119394500,17.940001
"497",18.120001,18.34,16.76,16.93,132246000,16.93
"498",16.52,17.219999,16.370001,16.65,62933100,16.65
"499",16.879999,17.91,16.030001,17.9,108811800,17.9
"500",17.43,17.74,16.440001,17.49,111373000,17.49
"501",17.530001,18.309999,17.139999,17.82,109214400,17.82
"502",18.15,18.51,17.85,18.459999,84732200,18.459999
"503",18.01,19,17.98,18.83,87148700,18.83
"504",18.42,18.68,16.940001,17.049999,117277600,17.049999
"505",17.549999,19.07,17.43,19,111878600,19
"506",19.440001,20.68,19,20.57,107157000,20.57
"507",21.190001,21.200001,19.68,20.75,121271000,20.75
"508",20.889999,21.440001,20.07,20.190001,163944100,20.190001
"509",19.76,19.83,18.9,19.74,115629400,19.74
"510",19.469999,20.35,19.190001,20.27,85110800,20.27
"511",19.959999,20.620001,19.75,20.23,71350200,20.23
"512",20.440001,20.68,20.26,20.379999,62785800,20.379999
"513",20.4,20.540001,19.709999,19.73,70849300,19.73
"514",19.49,20.51,19.02,20.25,85018400,20.25
"515",20.370001,21.049999,20.02,20.77,88131000,20.77
"516",20.48,20.92,19.700001,19.76,78513700,19.76
"517",20.030001,20.48,19.549999,19.799999,77811300,19.799999
"518",20.059999,21.01,20.040001,20.85,97433400,20.85
"519",20.99,22.030001,20.790001,21.93,110239500,21.93
"520",20.32,21.01,20.02,20.18,135164100,20.18
"521",20.26,20.389999,19.049999,19.25,131202500,19.25
"522",21.49,23.129999,21.370001,23.09,211421200,23.09
"523",23.02,25.139999,22.83,24.41,182575600,24.41
"524",24.610001,24.84,24.07,24.51,105356200,24.51
"525",24.43,24.66,24.07,24.129999,70843800,24.129999
"526",23.42,23.860001,22.98,23.309999,122226000,23.309999
"527",23.629999,24.139999,23.219999,23.26,78684300,23.26
"528",22.99,23.219999,22.32,22.67,86723900,22.67
"529",22.33,23.280001,22.27,23.049999,78129300,23.049999
"530",23.049999,23.280001,22.66,22.959999,60578700,22.959999
"531",23.43,23.559999,22.75,22.82,67595400,22.82
"532",22.98,23.24,22.709999,22.85,57544200,22.85
"533",22.74,23.370001,22.59,23.129999,64441200,23.129999
"534",23.58,24.049999,23.200001,23.68,78644100,23.68
"535",23.629999,24.41,23.610001,23.950001,57517900,23.950001
"536",24.139999,24.370001,23.9,23.950001,57091600,23.950001
"537",24.040001,24.33,23.85,23.92,49608200,23.92
"538",24.049999,24.360001,23.879999,24.360001,52650700,24.360001
"539",25.01,25.52,24.68,24.709999,63221000,24.709999
"540",24.65,24.719999,24.15,24.209999,48470100,24.209999
"541",24.110001,24.23,23.209999,23.48,62649300,23.48
"542",23.209999,23.67,23.110001,23.530001,39384900,23.530001
"543",23.969999,24.190001,23.450001,23.68,48084000,23.68
"544",23.889999,24.129999,23.01,23.370001,48147700,23.370001
"545",23.34,23.68,23.01,23.5,35462600,23.5
"546",23.469999,23.530001,22.4,22.41,60479400,22.41
"547",22.33,22.41,21.73,22.08,52186300,22.08
"548",21.35,22.09,21.040001,22.01,49967700,22.01
"549",22.15,23.08,21.98,22.959999,54420200,22.959999
"550",23.1,23.799999,22.780001,23.49,56410600,23.49
"551",23.66,24.15,23.35,23.379999,56705800,23.379999
"552",23.370001,23.49,22.799999,22.82,42818600,22.82
"553",23.1,23.65,23.01,23.290001,46519900,23.290001
"554",23.299999,23.620001,23.040001,23.25,34731800,23.25
"555",23.6,26.08,23.59,26,156052200,26
"556",26.49,26.879999,25.309999,25.700001,151292100,25.700001
"557",25.780001,28.110001,25.709999,27.889999,129610300,27.889999
"558",27.540001,27.75,26.33,26.370001,115323300,26.370001
"559",26.290001,26.99,25.540001,25.969999,78438200,25.969999
"560",26.690001,26.98,25.459999,25.690001,75754100,25.690001
"561",25.700001,25.879999,24.549999,24.889999,88585300,24.889999
"562",25.1,25.559999,24.65,25.059999,64667500,25.059999
"563",25.58,25.73,25.25,25.52,53502800,25.52
"564",26.42,26.559999,25.83,26.360001,63000300,26.360001
"565",26.51,26.799999,26.09,26.75,53358800,26.75
"566",28.02,29.950001,27.879999,29.02,197650500,29.02
"567",28.879999,29.389999,28.610001,29.09,82191100,29.09
"568",29.639999,29.690001,28.799999,28.98,65662700,28.98
"569",28.690001,28.950001,28.18,28.530001,58002500,28.530001
"570",28.24,28.379999,27.190001,27.24,75539800,27.24
"571",27.459999,28.120001,27.32,27.83,64368100,27.83
"572",27.809999,28.049999,27.459999,27.790001,44801200,27.790001
"573",28.209999,28.379999,27.66,27.85,41048800,27.85
"574",27.799999,27.84,26.959999,27.33,40812500,27.33
"575",27.719999,28.18,27.49,27.93,47340100,27.93
"576",28.209999,28.27,27.219999,27.49,48240800,27.49
"577",27.6,27.879999,27.34,27.68,39880900,27.68
"578",27.620001,28.23,27.389999,28.18,36477300,28.18
"579",28.18,28.49,27.790001,27.969999,41777500,27.969999
"580",28.1,28.85,27.93,28.459999,51784700,28.459999
"581",28.67,28.860001,27.360001,27.66,57329700,27.66
"582",27.66,27.9,27.049999,27.879999,48827900,27.879999
"583",27.9,28.139999,27.5,27.690001,44532700,27.690001
"584",27.59,27.799999,26.940001,27.629999,73165900,27.629999
"585",28.950001,29.15,26.780001,26.809999,136066900,26.809999
"586",26.940001,28.639999,26.610001,28.290001,100514800,28.290001
"587",28.299999,28.42,27.66,28.219999,55503100,28.219999
"588",26.719999,27.5,26.450001,27.42,70344100,27.42
"589",27.200001,27.35,26.209999,26.66,75868800,26.66
"590",26.41,27.709999,26.27,27.09,65967500,27.09
"591",26.700001,27.379999,26.030001,27.209999,73150900,27.209999
"592",27.030001,28.1,26.93,27.959999,82930100,27.959999
"593",26.98,27.23,26.1,26.24,99017900,26.24
"594",26.530001,27.48,26.15,27.32,82980400,27.32
"595",26.870001,27.790001,26.73,27.58,55689900,27.58
"596",27.370001,28.370001,27.27,28.01,67330100,28.01
"597",27.690001,28.459999,27.4,27.5,65385400,27.5
"598",26.98,27.24,26.49,26.68,69757400,26.68
"599",27.18,27.370001,26.93,27.35,46079200,27.35
"600",27.120001,27.59,27.07,27.41,40035300,27.41
"601",26.99,27.1,26.030001,26.360001,67809200,26.360001
"602",26.610001,26.93,26.4,26.440001,39835800,26.440001
"603",27.27,29.67,27.059999,29.049999,146949600,29.049999
"604",29,29.32,27.73,28.09,99969600,28.09
"605",28.4,28.559999,27.6,28.030001,65289100,28.030001
"606",27.57,28.360001,27.4,27.41,68667800,27.41
"607",28.75,29.620001,27.290001,27.58,147532200,27.58
"608",28.389999,29.59,27.91,29.57,107549500,29.57
"609",29.93,29.99,29.030001,29.5,79481500,29.5
"610",29.870001,31.98,29.84,31.82,131267800,31.82
"611",31.940001,32.599998,31.57,32.41,86841100,32.41
"612",33.529999,34.299999,33.080002,33.23,97668800,33.23
"613",33.43,33.490002,31.82,32.41,82834900,32.41
"614",32,32.57,31.92,32.18,56298700,32.18
"615",32.389999,32.5,31.059999,31.389999,63556000,31.389999
"616",30.700001,30.959999,30.02,30.360001,70373000,30.360001
"617",30.25,30.450001,29.18,29.200001,70865700,29.200001
"618",29.76,30.969999,29.58,30.450001,86444500,30.450001
"619",30.67,30.790001,30.059999,30.5,63233900,30.5
"620",31.24,31.360001,29.84,30.01,72418200,30.01
"621",29.65,30.35,28.969999,29.1,81861300,29.1
"622",29.32,29.4,28.67,29.26,55724800,29.26
"623",29.26,29.719999,28.799999,28.860001,53680900,28.860001
"624",29.98,30.48,29.780001,29.92,65064200,29.92
"625",30.41,30.959999,30.209999,30.74,55623300,30.74
"626",31.08,31.110001,30.33,30.370001,50090900,30.370001
"627",31.790001,32.040001,30.870001,31.200001,60275900,31.200001
"628",30.959999,31.26,30.73,31.24,37721700,31.24
"629",31.129999,31.33,30.74,31.190001,23462000,31.190001
"630",30.879999,31.559999,30.75,31.5,34011900,31.5
"631",31.799999,32.150002,31.26,32.040001,49689400,32.040001
"632",31.76,33.18,30.1,33.150002,61419800,33.150002
"633",33.560001,34.029999,33.360001,33.790001,60388400,33.790001
"634",33.91,34,32.759998,33.060001,63081800,33.060001
"635",32.759998,33.389999,32.59,33.209999,51509700,33.209999
"636",33.34,34.549999,33.27,34.389999,65565200,34.389999
"637",34.299999,34.860001,33.799999,33.849998,66912700,33.849998
"638",34.009998,34.299999,33.490002,33.599998,42557900,33.599998
"639",33.029999,33.459999,32.419998,33,58473900,33
"640",33.080002,33.349998,32.450001,32.509998,44617700,32.509998
"641",32.799999,33.310001,32.740002,32.849998,37777300,32.849998
"642",33.169998,33.5,32.93,33.490002,38532500,33.490002
"643",33.639999,34.360001,33.450001,34.110001,41952300,34.110001
"644",34.049999,34.25,33.619999,33.669998,36705600,33.669998
"645",34.23,34.77,33.869999,34.02,43502800,34.02
"646",34.139999,34.18,32.98,33.48,45922000,33.48
"647",33.209999,33.939999,32.939999,33.869999,72198900,33.869999
"648",32.080002,32.299999,30.299999,30.450001,119190000,30.450001
"649",30.5,31.48,29.1,29.860001,80878900,29.860001
"650",29.48,29.73,28.940001,29.440001,60410900,29.440001
"651",28.26,28.49,27.65,27.99,74333200,27.99
"652",28.860001,29.049999,28.200001,28.860001,60578400,28.860001
"653",28.469999,29.280001,28.370001,29.190001,58577500,29.190001
"654",31.530001,34.27,31.48,33.919998,167278800,33.919998
"655",33.450001,35.549999,33.080002,34.189999,132483900,34.189999
"656",34.16,34.650002,32.080002,32.43,106936000,32.43
"657",32.360001,33.139999,31.719999,32.110001,102009700,32.110001
"658",31,31.049999,29.51,30.24,127521500,30.24
"659",30.629999,30.73,29.209999,29.67,71674400,29.67
"660",30.309999,31.48,30.209999,31.18,70469800,31.18
"661",32,32.189999,31.42,31.48,67596900,31.48
"662",30.940001,31.309999,30.450001,30.719999,47924000,30.719999
"663",31.049999,31.74,30.84,31.700001,41441500,31.700001
"664",31.76,31.92,30.98,31.9,47667900,31.9
"665",31.299999,31.83,29.4,29.540001,83681100,29.540001
"666",30.34,30.719999,29.940001,30.280001,50612500,30.280001
"667",30.6,30.889999,29.6,30.200001,53229200,30.200001
"668",29.92,31.18,29.700001,30.780001,55835900,30.780001
"669",31.469999,31.83,31.33,31.450001,44422800,31.450001
"670",31.6,31.870001,31.129999,31.450001,40307000,31.450001
"671",30.83,31.139999,30.68,30.9,38029300,30.9
"672",31.32,31.83,30.85,30.950001,46614600,30.950001
"673",31.790001,32.049999,31.120001,31.5,57861200,31.5
"674",31.5,31.51,30.48,30.559999,51673000,30.559999
"675",30.93,31.18,30.24,30.5,54413200,30.5
"676",30.219999,30.379999,29.77,30.23,48604800,30.23
"677",30.379999,30.43,29.51,29.76,50631700,29.76
"678",30.08,30.84,29.950001,30.209999,53618300,30.209999
"679",30.27,30.85,29.950001,30.690001,47758800,30.690001
"680",30.370001,31.15,30.26,30.83,52248500,30.83
"681",31.07,31.32,30.74,30.99,35011700,30.99
"682",30.75,30.889999,29.879999,30.42,47027500,30.42
"683",30.57,30.959999,30.139999,30.290001,41603000,30.290001
"684",30.360001,30.469999,29.65,30.049999,79957400,30.049999
"685",30.120001,30.799999,30.07,30.639999,44366800,30.639999
"686",30.540001,30.75,29.290001,29.52,72963000,29.52
"687",29.48,29.65,28.549999,29.540001,58234800,29.540001
"688",29.67,29.77,29,29.469999,40745400,29.469999
"689",29.17,29.77,28.35,28.719999,54091100,28.719999
"690",28.889999,29.049999,28.360001,28.99,37295600,28.99
"691",29.049999,29.540001,28.639999,28.76,37081800,28.76
"692",28.5,28.85,28.030001,28.309999,43640700,28.309999
"693",28.280001,28.780001,27.43,28.68,56325200,28.68
"694",28.83,29.059999,28.280001,29.01,34446700,29.01
"695",28.9,29.629999,28.84,28.93,39337200,28.93
"696",28.549999,28.639999,27.92,28.23,44265700,28.23
"697",28.799999,28.950001,28.35,28.459999,35661500,28.459999
"698",28.52,28.889999,28,28.379999,40660100,28.379999
"699",28.83,30.200001,28.809999,29.75,66256900,29.75
"700",29.709999,30.610001,29.379999,30.530001,44473700,30.530001
"701",30.700001,30.92,30.17,30.719999,41600700,30.719999
"702",30.6,31.41,30.530001,30.809999,42804400,30.809999
"703",31.299999,31.4,30.860001,31.139999,36884400,31.139999
"704",31.059999,31.33,30.290001,30.969999,39681700,30.969999
"705",31.5,32.259998,31.41,32.029999,52182800,32.029999
"706",32.060001,32.150002,31.5,31.51,36185200,31.51
"707",31.09,31.65,30.83,31.360001,26582200,31.360001
"708",31.58,31.860001,31.34,31.719999,27808000,31.719999
"709",31.9,32.860001,31.83,32.709999,45368800,32.709999
"710",33.16,33.91,33.150002,33.689999,51223600,33.689999
"711",33.73,33.900002,32.700001,33.029999,78700100,33.029999
"712",32.93,33.34,32.029999,33.130001,78228800,33.130001
"713",32.98,34.34,32.82,33.93,67881600,33.93
"714",34.369999,35,34.099998,34.889999,64238600,34.889999
"715",35.189999,36.450001,34.759998,36.290001,83343800,36.290001
"716",36.560001,37.18,35.98,36.150002,84848600,36.150002
"717",36.060001,36.48,35.52,35.93,51675100,35.93
"718",36.52,36.990002,36.029999,36.279999,54350200,36.279999
"719",36.060001,36.580002,36,36.290001,39353900,36.290001
"720",35.959999,36.66,35.580002,36.310001,43511100,36.310001
"721",36.43,37.130001,36.400002,36.709999,58664500,36.709999
"722",36.650002,37.959999,36.580002,37.52,67648300,37.52
"723",37.509998,38.5,37.360001,38.349998,65829500,38.349998
"724",38.939999,39.369999,38.34,38.560001,62958500,38.560001
"725",38.650002,39.990002,38.599998,39.880001,66102800,39.880001
"726",40.139999,41.790001,39.689999,41.290001,94373000,41.290001
"727",40.959999,41.75,40.07,40.98,79767900,40.98
"728",40.419998,40.709999,38.639999,39.52,88069400,39.52
"729",39.360001,39.889999,38.189999,39.150002,56931900,39.150002
"730",39.5,40.169998,39.490002,39.790001,45769500,39.790001
"731",39.299999,39.48,38.810001,38.990002,43603300,38.990002
"732",39.459999,39.759998,39.07,39.41,33630100,39.41
"733",39.099998,39.52,39.02,39.150002,17609900,39.150002
"734",39.32,39.41,38.439999,38.73,35710200,38.73
"735",37.34,38.93,37.150002,38.900002,51556400,38.900002
"736",39.380001,39.82,39.130001,39.689999,44299400,39.689999
"737",39.950001,40.220001,39.549999,39.619999,35574000,39.619999
"738",40.099998,40.189999,39.560001,39.630001,31101400,39.630001
"739",39.459999,39.84,38.91,38.93,27928100,38.93
"740",39.200001,39.73,38.82,39.439999,33733600,39.439999
"741",39.439999,39.610001,39.040001,39.470001,31698300,39.470001
"742",39.400002,42.619999,39.25,42.59,86878000,42.59
"743",42.349998,42.950001,41.060001,41.150002,79927800,41.150002
"744",41.73,42.98,41.73,42.349998,58824900,42.349998
"745",42.509998,43.110001,42.150002,42.77,44852000,42.77
"746",42.790001,43.060001,42.240002,42.299999,39083300,42.299999
"747",42.630001,43.34,42.599998,42.830002,45883000,42.830002
"748",43.439999,44.259998,43.259998,44.150002,68104700,44.150002
"749",44.580002,45.630001,44.389999,45.459999,55886500,45.459999
"750",46.099998,46.610001,45.77,46.540001,44432200,46.540001
"751",46.990002,47.310001,45.66,46.630001,57562800,46.630001
"752",46.849998,46.880001,45.98,46.18,36581300,46.18
"753",46.139999,46.169998,44.66,45.52,41149700,45.52
"754",45.07,46.09,44.919998,45.860001,31673200,45.860001
"755",46.860001,49.25,46.630001,49.099998,80331100,49.099998
"756",48.029999,49.389999,47.540001,48.599998,73127400,48.599998
"757",48.02,48.860001,47.860001,48.389999,47934900,48.389999
"758",49.349998,49.389999,48.040001,48.25,58061400,48.25
"759",47.849998,48.299999,47.139999,47.830002,53767000,47.830002
"760",48.939999,49.959999,48.389999,48.970001,76512800,48.970001
"761",49.259998,49.290001,48,48.169998,44133700,48.169998
"762",48.66,48.860001,48.240002,48.75,34266800,48.75
"763",48.639999,49.040001,47.91,48.209999,38563200,48.209999
"764",48.23,49.080002,48.119999,48.549999,40199900,48.549999
"765",49.169998,50.310001,48.990002,49.77,58898900,49.77
"766",50.200001,51.049999,49.900002,50.93,57722500,50.93
"767",50.959999,51.810001,50.700001,51.049999,49095000,51.049999
"768",51.630001,51.880001,51.200001,51.43,40772200,51.43
"769",51.34,51.75,50.740002,51.709999,40135400,51.709999
"770",52.279999,52.810001,49.470001,50.349998,80004900,50.349998
"771",48.450001,49.790001,47.900002,49.259998,48878600,49.259998
"772",50.029999,50.849998,49.48,50.529999,62343800,50.529999
"773",47.84,48.07,46.099998,47.509998,112349900,47.509998
"774",46.490002,48.810001,46.130001,48.779999,70460200,48.779999
"775",48.400002,48.580002,46.790001,47,60322400,47
"776",46.400002,48.099998,46.23,48.02,46983500,48.02
"777",49.209999,49.75,48.610001,49.450001,46302100,49.450001
"778",50.290001,50.419998,49.310001,49.84,42737100,49.84
"779",48.799999,49.389999,47.630001,49.32,48670600,49.32
"780",48.91,50.669998,48.639999,49.73,53107600,49.73
"781",49.470001,52.299999,49.349998,52.259998,60971700,52.259998
"782",53.220001,54.48,52.91,53.799999,74719100,53.799999
"783",54.529999,54.849998,53.529999,53.889999,45994900,53.889999
"784",53.43,55.029999,53.34,54.529999,51640000,54.529999
"785",55.189999,55.400002,54.560001,55.310001,52365400,55.310001
"786",54.939999,58.130001,54.84,56.889999,70133200,56.889999
"787",57.990002,59.27,57.509998,58.900002,58597300,58.900002
"788",58.439999,59.02,56.150002,57.27,74203400,57.27
"789",56.709999,56.799999,52.889999,53.279999,88271100,53.279999
"790",48.18,50.279999,47.490002,49.119999,86624100,49.119999
"791",51.139999,51.240002,47.119999,47.57,88699400,47.57
"792",47.700001,49.290001,47.07,47.490002,86378400,47.490002
"793",45.380001,46.240002,42.209999,44.009998,106416200,44.009998
"794",41.360001,46.150002,41.040001,45.48,100331800,45.48
"795",47.419998,47.68,44.66,47.459999,102324700,47.459999
"796",49.029999,50.200001,45.669998,46.75,141972300,46.75
"797",48.25,50.139999,47.209999,50.110001,93311800,50.110001
"798",48.68,49.720001,47.509998,48.110001,98302700,48.110001
"799",49.439999,49.540001,46.740002,48.59,124590900,48.59
"800",43.029999,46.34,42.509998,43.27,80859800,43.27
"801",45.41,45.439999,43.099998,45.380001,76228200,45.380001
"802",44.189999,45.970001,43.799999,45.700001,101601100,45.700001
"803",42,42.5,39,39.009998,107461500,39.009998
"804",42.200001,43.91,39.599998,43.900002,86689700,43.900002
"805",39.080002,43.369999,38.509998,38.709999,84545900,38.709999
"806",40.189999,42.880001,38.299999,41.880001,92741900,41.880001
"807",39.540001,41.950001,36.75,39.119999,106949300,39.119999
"808",39.560001,41.700001,37.689999,39.82,88939000,39.82
"809",41.509998,42.48,39.580002,39.610001,106859500,39.610001
"810",40.619999,42.32,38.950001,41.639999,101704700,41.639999
"811",44.040001,46.810001,43.990002,46.220001,106794200,46.220001
"812",46.790001,47.880001,44.43,44.630001,93760400,44.630001
"813",45.779999,47.5,45.400002,47.5,73680200,47.5
"814",46.32,47.98,45.900002,46.580002,74599200,46.580002
"815",47.240002,48.459999,46.66,47.860001,68486600,47.860001
"816",47.93,48.529999,45.16,45.48,83483700,45.48
"817",44.18,46.849998,43.16,43.66,92083100,43.66
"818",43.400002,45.279999,43.099998,44.490002,79024100,44.490002
"819",44.299999,44.84,41.700001,42.59,79335000,42.59
"820",44.299999,47.580002,44.060001,47.52,82294000,47.52
"821",48.959999,49.650002,46.68,47.560001,102098700,47.560001
"822",48.07,49,47.610001,48.790001,64930800,48.790001
"823",49.650002,50.25,47.720001,48.380001,80270100,48.380001
"824",48.470001,51.07,48.23,50.939999,64290100,50.939999
"825",52.240002,55.139999,52.110001,54.93,85306800,54.93
"826",53.73,55.57,53.41,54.990002,83814000,54.990002
"827",55.959999,58.080002,55.630001,56.950001,103106500,56.950001
"828",57.349998,57.759998,55.549999,56.599998,76908800,56.599998
"829",55.98,58.630001,55.849998,56.970001,72367300,56.970001
"830",56.900002,57.73,51.41,52.919998,123906400,52.919998
"831",54.91,56.150002,54.34,55.919998,63041600,55.919998
"832",56.650002,57.290001,55.639999,55.900002,69662700,55.900002
"833",55.099998,56.779999,54.419998,56.18,72761000,56.18
"834",57.439999,58,56.25,56.490002,62568100,56.490002
"835",57.16,57.349998,55.299999,55.509998,80501800,55.509998
"836",54.529999,54.860001,52.740002,53.66,110800900,53.66
"837",53.43,54.290001,52.029999,52.389999,65543900,52.389999
"838",51.07,51.950001,49.09,49.880001,69562700,49.880001
"839",49.82,52.610001,49.73,52.560001,62590600,52.560001
"840",53.43,53.509998,51.290001,52.189999,56560500,52.189999
"841",52.419998,53.310001,51.880001,52.16,48138100,52.16
"842",52.93,52.970001,51.619999,51.950001,48956600,51.950001
"843",52.150002,53.27,51.810001,53.189999,40686100,53.189999
"844",52.900002,55.889999,52.75,55.740002,68746400,55.740002
"845",56.209999,56.580002,53.75,53.759998,55631100,53.759998
"846",54.040001,55.220001,51.299999,52.18,76824700,52.18
"847",52.099998,54.540001,51.610001,54.509998,73814000,54.509998
"848",53.32,54.439999,52.860001,54.200001,66950900,54.200001
"849",54.98,55.25,54.240002,54.59,48569200,54.59
"850",54.389999,56.73,54.360001,55.470001,60388500,55.470001
"851",56.549999,56.98,55.630001,56.389999,50888200,56.389999
"852",56.68,56.720001,54.610001,54.650002,48496100,54.650002
"853",54.77,55.369999,53.779999,55.169998,43524100,55.169998
"854",56.009998,56.080002,53.02,53.189999,51618900,53.189999
"855",53.27,53.279999,49.09,52.740002,102414500,52.740002
"856",52.25,53.540001,51.25,51.740002,53670200,51.740002
"857",52.07,53.799999,51.849998,53.799999,64666700,53.799999
"858",53.310001,54.110001,52.889999,53.630001,36864400,53.630001
"859",53.450001,53.57,52.009998,53.540001,42855200,53.540001
"860",53.599998,53.650002,52.330002,52.73,46765300,52.73
"861",52.59,53.740002,52.200001,52.630001,44869100,52.630001
"862",52.990002,53.57,52.080002,53.099998,53908300,53.099998
"863",53.299999,53.349998,52.259998,52.970001,39681700,52.970001
"864",52.950001,56.459999,52.720001,56.389999,79919100,56.389999
"865",57.200001,59,57.029999,57.439999,78719400,57.439999
"866",55.939999,56.68,52.799999,52.830002,78715400,52.830002
"867",55.009998,55.599998,52.110001,53.5,71189100,53.5
"868",52.580002,54.73,52.41,54.68,56740700,54.68
"869",55.720001,56.07,53.59,54.459999,50949700,54.459999
"870",54.790001,55.82,54.299999,54.549999,45146500,54.549999
"871",54.619999,55.119999,53.650002,54.040001,40354700,54.040001
"872",54.41,55.459999,53.82,54.23,52801500,54.23
"873",54.669998,55.169998,53.740002,54.759998,44704800,54.759998
"874",55.049999,55.369999,53.869999,53.990002,48089000,53.990002
"875",53.939999,54.740002,51.919998,52.389999,53535500,52.389999
"876",52.560001,52.700001,50.540001,51.93,51129600,51.93
"877",51.849998,51.950001,49.450001,50.099998,65485700,50.099998
"878",50.150002,50.279999,48.419998,50.279999,49905800,50.279999
"879",51.16,52.77,50.82,52.610001,42275700,52.610001
"880",52.630001,52.869999,51.599998,52.580002,32370900,52.580002
"881",53.029999,53.189999,52.049999,52.34,29081400,52.34
"882",52.900002,53.52,52.330002,53.400002,36769400,53.400002
"883",53.279999,54.169998,52.860001,52.93,32153100,52.93
"884",53.009998,53.470001,52.07,53.43,35608300,53.43
"885",53.52,57.580002,53.310001,57.259998,87216300,57.259998
"886",57.540001,58.150002,55.509998,55.880001,59839700,55.880001
"887",56.68,58.349998,53.380001,53.59,57741800,53.59
"888",53.299999,54.860001,52.259998,54.720001,54890100,54.720001
"889",54.959999,55.369999,53.59,55.34,42360300,55.34
"890",54.68,55.150002,53.740002,54.919998,36887100,54.919998
"891",55.310001,55.810001,54.68,55.040001,34710400,55.040001
"892",55.23,57.529999,54.830002,57.459999,45034300,57.459999
"893",57.810001,58.5,56.32,57,44741000,57
"894",57.07,62,56.970001,61.790001,135159400,61.790001
"895",61.630001,62.330002,58.630001,59.57,106829100,59.57
"896",64.18,69.940002,64.050003,69.400002,205314500,69.400002
"897",69.279999,71.629997,67.790001,68.970001,107918100,68.970001
"898",68.099998,69.800003,67.019997,67.610001,94181400,67.610001
"899",75.5,77.190002,73.900002,76.089996,132969700,76.089996
"900",75.370003,78.959999,75.07,78.199997,80286900,78.199997
"901",78.669998,78.959999,75.360001,77.43,71621600,77.43
"902",78.190002,78.5,77.059998,77.669998,42628800,77.669998
"903",78.029999,85.809998,77.989998,85.040001,155676100,85.040001
"904",84.959999,86.32,83.32,85.309998,65642600,85.309998
"905",85.489998,86.980003,84.779999,86.709999,53961700,86.709999
"906",86.669998,87.290001,82.669998,84.849998,66543200,84.849998
"907",85.050003,85.160004,79.32,82.239998,70536100,82.239998
"908",80.709999,80.709999,76.099998,76.879997,77877700,76.879997
"909",78.43,82.879997,77.550003,82.610001,88513700,82.610001
"910",82.879997,84.019997,81.540001,81.839996,57407400,81.839996
"911",81.809998,83.239998,80.879997,81.300003,42389500,81.300003
"912",82.089996,83.059998,81.550003,82.419998,31450200,82.419998
"913",82.800003,82.879997,81.029999,81.660004,30970500,81.660004
"914",81.779999,81.849998,80.449997,81.089996,37507400,81.089996
"915",79.739998,82.839996,79.120003,82.769997,42948900,82.769997
"916",83.290001,84.410004,82.230003,83.809998,48280300,83.809998
"917",84.550003,85.330002,82.550003,83.080002,38036100,83.080002
"918",83.360001,86.620003,82.349998,86.349998,49234400,86.349998
"919",86.970001,87.720001,85.199997,86.019997,47157300,86.019997
"920",86.349998,86.580002,82.940002,83.800003,42194200,83.800003
"921",84.300003,86.040001,84.190002,85.550003,40723300,85.550003
"922",85.050003,92.639999,85.050003,90.82,90655900,90.82
"923",91.919998,92.510002,90.190002,92.18,55825600,92.18
"924",94.010002,94.279999,88.739998,90.220001,50366900,90.220001
"925",87.839996,88.470001,81.589996,82.540001,87462700,82.540001
"926",81.449997,84.389999,76.330002,82.010002,82267800,82.010002
"927",78.050003,81.879997,78,78.690002,54955700,78.690002
"928",81.400002,82.440002,79.279999,81.910004,54163900,81.910004
"929",83.07,83.309998,78.379997,78.980003,51499400,78.980003
"930",79.82,79.989998,75.040001,76.339996,54763000,76.339996
"931",76.800003,78.82,76.260002,77.900002,47448700,77.900002
"932",77.660004,80.330002,75.970001,78.93,57874400,78.93
"933",79.349998,79.720001,76.540001,76.660004,38393500,76.660004
"934",74.879997,76.629997,74.199997,76.550003,55619100,76.550003
"935",77,77.400002,73.849998,74.93,51082900,74.93
"936",74.230003,77.980003,73.879997,77.940002,61312000,77.940002
"937",78.360001,78.790001,75.269997,77.699997,56044700,77.699997
"938",77.389999,77.910004,74.339996,74.730003,42327500,74.730003
"939",74.540001,77.25,73.900002,75.82,57540900,75.82
"940",76.349998,78.199997,74.669998,78.059998,48206200,78.059998
"941",79.120003,79.57,77.519997,79.480003,48005500,79.480003
"942",79.300003,82.550003,79.300003,81.769997,61568900,81.769997
"943",81.75,82.940002,80.660004,81.989998,51533700,81.989998
"944",83.059998,85.25,82.860001,84.860001,52177100,84.860001
"945",82.580002,84.650002,81.660004,81.800003,52855100,81.800003
"946",82.550003,86.279999,82.550003,86.150002,47056500,86.150002
"947",86.209999,87.25,83.540001,84.480003,52725400,84.480003
"948",86.099998,87.790001,85.650002,86.690002,43045700,86.690002
"949",88.110001,88.720001,85.949997,86.510002,54240700,86.510002
"950",84.739998,85.75,82.349998,83.099998,80354400,83.099998
"951",83.650002,85.129997,83.120003,84.290001,47669700,84.290001
"952",84.860001,86.089996,83.970001,85.279999,42764100,85.279999
"953",85.860001,85.959999,83.459999,84.209999,40403000,84.209999
"954",83.400002,84.720001,82.419998,83.129997,33696400,83.129997
"955",83.540001,83.989998,82.410004,83.169998,31474300,83.169998
"956",83.620003,84.650002,81.529999,82,36689100,82
"957",82.160004,82.690002,80.580002,81.559998,38219400,81.559998
"958",81.720001,81.93,79.190002,79.199997,36426400,79.199997
"959",79.650002,80.82,78.419998,79.419998,38006800,79.419998
"960",80.93,81.989998,79.330002,81.959999,46557700,81.959999
"961",82.550003,84.970001,80.860001,82.230003,69423700,82.230003
"962",82,82.370003,77.57,78.879997,156669500,78.879997
"963",78.730003,78.959999,75.760002,76.400002,76529900,76.400002
"964",76.75,79.18,76.290001,78.019997,52784100,78.019997
"965",77.089996,77.699997,74.230003,75.290001,51349000,75.290001
"966",75.849998,76.339996,73.760002,74.699997,45760700,74.699997
"967",74.93,77.080002,74.599998,76.580002,41231800,76.580002
"968",80.25,81.849998,78.970001,81.349998,66579700,81.349998
"969",83.269997,83.5,81.849998,83,46542300,83
"970",83.519997,86.089996,82.669998,85.879997,53829900,85.879997
"971",84.239998,87.050003,82.769997,83.120003,58580700,83.120003
"972",81.93,82.129997,77.629997,77.989998,67137200,77.989998
"973",79.389999,81.470001,78.970001,81.279999,44611300,81.279999
"974",81.32,83,80.300003,81.839996,37242600,81.839996
"975",82.730003,83.110001,80.699997,81.43,30423200,81.43
"976",81.209999,83.779999,80.480003,83.730003,38640800,83.730003
"977",83.93,84.809998,82.910004,83.360001,29473500,83.360001
"978",83.010002,83.959999,82.220001,82.540001,29968000,82.540001
"979",82.389999,85.639999,81.720001,85.540001,50116800,85.540001
"980",85.279999,86.099998,84.470001,84.639999,35008400,84.639999
"981",85.519997,87.540001,84.620003,85.309998,46505000,85.309998
"982",85.720001,86.110001,83.32,85.07,36839200,85.07
"983",85.760002,87.839996,85.519997,86.709999,41349700,86.709999
"984",87.989998,88,86.360001,87.190002,22717600,87.190002
"985",87.330002,92.739998,86.529999,92.660004,84483000,92.660004
"986",92.25,93.900002,90.779999,92.629997,58583600,92.629997
"987",92.889999,96.370003,92.529999,93.739998,57988800,93.739998
"988",94.059998,94.699997,92.010002,92.309998,35859700,92.309998
"989",92.580002,94.580002,90.629997,94.040001,45570300,94.040001
"990",94.949997,95,92.970001,94.07,39815700,94.07
"991",94.050003,94.739998,91.900002,92.919998,33907500,92.919998
"992",92.760002,94.699997,89.160004,89.830002,52170400,89.830002
"993",89.550003,92.089996,89.029999,91.660004,33804400,91.660004
"994",91.540001,92.330002,90.160004,91.650002,28368100,91.650002
"995",92.209999,95.410004,91.849998,94.779999,48026400,94.779999
"996",95.93,97.980003,95.449997,97.120003,57232700,97.120003
"997",97.040001,97.269997,95.459999,96.849998,34909000,96.849998
"998",97.550003,97.919998,96.25,96.839996,32023700,96.839996
"999",97.269997,97.68,93.559998,95.919998,51823100,95.919998
"1000",94.25,95.279999,91.080002,93.230003,47093900,93.230003
"1001",93.360001,93.550003,90.529999,93.160004,35673700,93.160004
"1002",93.080002,93.129997,91.459999,91.550003,25993300,91.550003
"1003",91.800003,92.510002,91.309998,91.809998,16705900,91.809998
"1004",92.93,93.139999,90.82,91.599998,30627300,91.599998
"1005",91.660004,92.459999,89.43,90.620003,31748200,90.620003
"1006",90.779999,92.849998,90.190002,92.290001,25845000,92.290001
"1007",92.099998,92.300003,90.870003,91.709999,24930700,91.709999
