"","AMGN.Open","AMGN.High","AMGN.Low","AMGN.Close","AMGN.Volume","AMGN.Adjusted"
"1",147.860001,151,147.119995,150.729996,3640900,130.481033
"2",152.089996,153.720001,151.770004,152.869995,3945900,132.333542
"3",152.720001,153.399994,151.509995,152.979996,3441700,132.428741
"4",159.880005,161,156.669998,156.779999,9899300,135.718323
"5",157.009995,158.949997,156.630005,158.839996,4247700,137.501541
"6",158.490005,159.130005,157.240005,158.759995,3324400,137.432251
"7",159.160004,159.160004,154.5,156.619995,4821300,135.579773
"8",155.440002,156.149994,154.559998,155.360001,3234800,134.489014
"9",155.279999,157.210007,154.889999,156.119995,2637500,135.146927
"10",155.139999,156.119995,153.529999,154.800003,3404900,134.004242
"11",155.690002,155.940002,154.509995,155.770004,2432600,134.843933
"12",155.130005,155.690002,153.25,153.800003,2571900,133.138596
"13",154.710007,155.350006,153.820007,154.669998,3067400,133.891739
"14",154.210007,154.550003,152.399994,152.720001,2458200,132.20369
"15",152.820007,153,150.380005,151.850006,3027700,131.450562
"16",152.529999,154.820007,151.770004,154.100006,3479500,133.398315
"17",155,155.800003,152.899994,152.979996,3366900,132.428741
"18",153.229996,157.5,152.759995,157.160004,4885200,136.047195
"19",157.100006,157.179993,153.770004,154.429993,3758400,133.683929
"20",153.699997,156.960007,153.149994,156.679993,3351300,135.631683
"21",158.589996,159.75,157.050003,159.669998,3924800,138.220001
"22",159.729996,159.940002,156.910004,159.580002,4445400,138.142136
"23",166.100006,167.850006,164.860001,167.529999,7366600,145.024109
"24",166.179993,166.889999,165.130005,166.580002,4389200,144.201706
"25",167,167.720001,165.600006,166.820007,3584300,144.409515
"26",166.5,168.350006,166.320007,168.119995,3493400,145.534836
"27",165.75,167.789993,165.5,167.470001,4281400,144.972198
"28",167.800003,168.309998,167.029999,167.889999,2931200,145.33577
"29",167.720001,168.259995,166.679993,167.660004,3602800,146.13765
"30",167.070007,168.070007,165.570007,168.050003,3116700,146.477615
"31",167.320007,172,167,171.789993,4058800,149.737457
"32",171.559998,172.169998,170.300003,172.110001,2660600,150.016434
"33",171.350006,173.360001,168.889999,173.289993,4154900,151.044922
"34",172.850006,173.5,171.860001,173.139999,3941200,150.914169
"35",172.330002,174.699997,171.889999,172.610001,2579800,150.452209
"36",172.75,174.009995,171.889999,174.009995,2190800,151.672485
"37",173.289993,174.720001,172.479996,174.559998,2677300,152.151901
"38",174.210007,176.270004,173.710007,176.130005,2850700,153.52034
"39",175.460007,178.25,175.419998,176.529999,3370400,153.869019
"40",178,179.679993,175.759995,178.240005,3532300,155.359512
"41",177.720001,178.860001,176.820007,178.070007,3493000,155.211319
"42",178.460007,180.529999,177.550003,180.199997,2893800,157.067902
"43",179.550003,180.339996,178.160004,179.460007,3280100,156.422882
"44",177.399994,178.589996,176.279999,177.380005,3328900,154.60994
"45",177.25,178.759995,177.139999,177.779999,2320800,154.958603
"46",178.050003,179.119995,177.070007,178.919998,2505300,155.952225
"47",179.470001,181.929993,179.110001,181.440002,4589000,158.148743
"48",181.929993,182,180.320007,181.050003,2531000,157.808792
"49",180.419998,181.559998,179.630005,180.119995,2746300,156.998154
"50",180.309998,184.210007,180.309998,182.600006,4197300,159.159851
"51",181.600006,181.839996,178.020004,180.110001,6014400,156.989456
"52",167.369995,171.589996,165.949997,168.610001,23936800,146.965714
"53",169.630005,169.710007,167.759995,169.240005,5831500,147.514847
"54",170.050003,170.210007,166.490005,166.850006,4922700,145.431641
"55",167.929993,167.979996,166.589996,167.449997,5070400,145.954605
"56",167.479996,168.020004,165.570007,166.039993,4432200,144.725586
"57",166.690002,166.929993,165.080002,165.740005,3175600,144.464111
"58",164.770004,166.610001,163,164.910004,4734000,143.740677
"59",164.110001,166.259995,163.729996,164.710007,6526400,143.56636
"60",164.470001,165.220001,162.940002,163.059998,4070800,142.128128
"61",164.070007,164.800003,163.210007,164.380005,2262300,143.278687
"62",164.320007,165.479996,163.850006,164.070007,2811800,143.008499
"63",164.630005,165.020004,163.520004,163.889999,3047800,142.851593
"64",163.779999,164.490005,163.119995,164.360001,2239400,143.261276
"65",163.270004,164.759995,161.679993,162.240005,3542300,141.413422
"66",162.199997,163.449997,161.610001,162.25,3024200,141.42215
"67",162.910004,164.240005,162.25,163.380005,2204400,142.407089
"68",163.850006,164.240005,162.619995,162.789993,1772000,141.892776
"69",162.889999,163.399994,161.559998,163.110001,1990300,142.171738
"70",164.080002,164.100006,162.160004,163.050003,2248600,142.119446
"71",163.279999,163.630005,161.330002,161.610001,2568800,140.864304
"72",161.339996,162.520004,161.259995,162.110001,2364900,141.300079
"73",161.929993,161.929993,160.279999,161.25,2532100,140.550507
"74",162.100006,162.639999,161.130005,161.259995,2344100,140.559204
"75",161.050003,162.770004,161.009995,162.039993,2070200,141.239075
"76",162.149994,162.729996,160.25,160.410004,2906900,139.818314
"77",162.5,163.600006,161.899994,163.139999,3498400,142.197891
"78",163.520004,165.300003,163.399994,164.699997,3529400,143.557617
"79",165.610001,165.610001,164.339996,164.610001,4175500,143.479156
"80",160.130005,163.429993,160,162.720001,5699200,141.831818
"81",162.389999,163.479996,161.529999,163.320007,2942200,142.354767
"82",163.679993,164.440002,162.449997,162.600006,2522000,141.727173
"83",163.910004,163.940002,162.410004,163.490005,3737800,142.502945
"84",163.820007,164.080002,163,163.809998,2855100,142.78186
"85",164.169998,164.820007,163.520004,164.289993,2543400,143.200226
"86",164.809998,164.809998,162.419998,163.809998,2970400,142.78186
"87",163.729996,163.809998,162.470001,163.029999,2291900,142.102005
"88",163.169998,164.080002,162.830002,163.220001,2305500,142.267609
"89",163.25,163.479996,159.699997,160.509995,5201000,139.905457
"90",159.860001,160.520004,158.289993,160.080002,3510200,139.530701
"91",160.490005,160.619995,159.460007,160.220001,2706000,139.652695
"92",158.880005,160.149994,158.710007,159.970001,3318700,140.442871
"93",159.770004,160.490005,159.460007,159.990005,2281200,140.460419
"94",158.770004,159.289993,156.929993,157.059998,3073200,137.888092
"95",157.369995,158.789993,156.289993,157.960007,2163300,138.678253
"96",157.589996,158.580002,156.350006,156.509995,2577300,137.405197
"97",153.589996,154.600006,152.449997,153.020004,6911700,134.341232
"98",152.649994,154.570007,152.160004,154.070007,3582000,135.263092
"99",154.770004,154.990005,153.789993,154.600006,2667500,135.728363
"100",155.190002,156.039993,154.619995,155.429993,2965800,136.457031
"101",155.600006,156.130005,154.789993,155.009995,2731600,136.088318
"102",155.009995,155.369995,153.559998,153.850006,2716700,135.069916
"103",153.669998,155.369995,153.669998,155.240005,3891300,136.290237
"104",155.399994,156.770004,155.240005,156.240005,3005300,137.168167
"105",157.270004,159.619995,157,159.149994,3320800,139.722931
"106",160.289993,161.119995,158.270004,160.220001,4611100,140.662308
"107",160.130005,160.919998,159.240005,159.529999,3002500,140.056549
"108",159.820007,162.050003,159.75,161.660004,3571500,141.926559
"109",161.979996,163.169998,161.410004,162.649994,3555100,142.795731
"110",162.75,166.139999,162.630005,164.059998,4086800,144.033615
"111",165,167.229996,163.279999,164.880005,4344500,144.753494
"112",164.470001,165.089996,163.770004,164.429993,2568200,144.358398
"113",164.360001,165.880005,163.970001,165.100006,2594800,144.94664
"114",164.240005,164.899994,162.550003,164.110001,3585000,144.077499
"115",163.839996,164.100006,161.130005,162.419998,5887200,142.593796
"116",163.100006,165.220001,162.690002,165.089996,3043900,144.937881
"117",165.429993,168.699997,164.789993,166.289993,3857900,145.991394
"118",167.199997,171.759995,166.360001,171.350006,5490800,150.433731
"119",172.440002,175.449997,172.100006,173.820007,5745800,152.602203
"120",173.240005,174.130005,170.960007,172.5,14368500,151.443344
"121",173.389999,174.720001,172.410004,173.669998,3037600,152.47052
"122",173.020004,173.919998,170.770004,170.850006,2941500,149.994797
"123",171.419998,174.539993,170.830002,174.070007,2890500,152.821671
"124",174.490005,174.720001,171.020004,172.589996,2491800,151.522369
"125",173.610001,174.25,172.009995,172.229996,2695500,151.206345
"126",172.630005,174.330002,172.630005,172.800003,1395100,151.706741
"127",172.669998,174.380005,171.919998,174.259995,2830000,152.98851
"128",173.100006,173.610001,171.309998,171.720001,2566400,150.758575
"129",171.639999,172.029999,170.589996,171.429993,2612900,150.503952
"130",171.589996,172.550003,171,172.199997,2070600,151.180008
"131",174.179993,174.440002,172.070007,173.320007,2198000,152.1633
"132",173.710007,174.240005,172.669998,173.270004,1976900,152.11937
"133",173.279999,176.199997,173.089996,175.039993,2999900,153.673294
"134",175.429993,177.679993,174.410004,177.130005,2720600,155.508179
"135",176.839996,178.899994,176.679993,177.399994,2692400,155.745209
"136",176.660004,177.630005,176.139999,177.479996,1820100,155.815445
"137",178.100006,179.199997,176.520004,179.179993,2440700,157.307922
"138",179.050003,180.729996,178.880005,179.320007,3039300,157.430847
"139",179.259995,180.550003,179.160004,180.210007,2674700,158.21225
"140",180.190002,181.460007,178.660004,181.059998,2503100,158.958435
"141",182.050003,182.600006,180.339996,180.889999,3343200,158.809219
"142",176.009995,178.860001,175.199997,175.889999,5446100,154.419571
"143",175,175.479996,170.529999,172.149994,5523200,151.136063
"144",171.979996,175.059998,171.710007,174.539993,2463500,153.234344
"145",174.509995,176.789993,174.25,174.509995,2424800,153.207977
"146",174.809998,175.110001,173.660004,174.130005,2069600,152.874405
"147",173.570007,174.589996,173.210007,174.460007,2209200,153.164124
"148",173.520004,174.710007,173.259995,174.179993,1725900,152.918259
"149",174.270004,174.820007,172.899994,173.850006,1915600,152.628601
"150",173.869995,174.649994,173.259995,174.580002,1193800,153.269455
"151",173.960007,174.899994,172.979996,173.690002,2325200,152.488098
"152",173.100006,174.179993,172.649994,173.550003,1972200,152.365189
"153",172.070007,172.669998,168.589996,169.110001,3443800,148.467178
"154",169.820007,170.630005,168.759995,169.429993,1571600,148.748077
"155",170.279999,172.080002,169.970001,171.669998,1915800,150.714661
"156",171.100006,171.449997,169.759995,170.039993,1956300,150.290405
"157",170.259995,172.639999,170.139999,171.389999,1618800,151.483612
"158",170.690002,171,167.800003,167.809998,2630600,148.319427
"159",167.369995,168.429993,166.520004,167.289993,1741900,147.859802
"160",167.460007,168.639999,167.009995,168.160004,1533300,148.628784
"161",168.860001,170.940002,168.830002,170.070007,1933500,150.31691
"162",169.660004,169.940002,168.759995,169,1279400,149.371201
"163",169.279999,170.690002,168.570007,169.949997,1922400,150.210876
"164",170.820007,171.570007,169.399994,169.740005,1510800,150.025269
"165",170.860001,172.639999,170.259995,171.779999,2359500,151.828339
"166",170.660004,172.350006,170.350006,172.229996,1483000,152.226074
"167",172.190002,175.080002,171.539993,173.649994,2310900,153.481094
"168",173.740005,178.639999,173.740005,177.770004,3977500,157.122635
"169",178.139999,179.729996,177.300003,178.710007,2431900,157.953461
"170",178,178.5,175.360001,176.740005,1959900,156.212265
"171",177.589996,179.080002,176.360001,178.380005,2242300,157.661758
"172",178.5,182.770004,177.279999,180.710007,2985300,159.721161
"173",180.929993,182.660004,179.520004,180.639999,1993900,159.659225
"174",182.539993,186.710007,182.539993,186.490005,3791200,164.829788
"175",187,191.039993,186.779999,191,3894300,168.815979
"176",189.899994,190.940002,187.710007,189.699997,3031400,167.666962
"177",188.369995,191.100006,187.809998,189.440002,2318400,167.437149
"178",189.660004,189.660004,186.309998,187.470001,5349000,165.695999
"179",187.789993,188.559998,186.119995,186.470001,2443800,164.812164
"180",186.809998,187.440002,185.809998,186.320007,2066100,164.679565
"181",186.080002,188.550003,185.419998,188.169998,2685400,166.314682
"182",188.320007,188.960007,186.5,186.639999,2082200,164.962372
"183",185.479996,186.820007,184,185.759995,2275600,164.18457
"184",185.509995,188.029999,185.509995,186.289993,2545400,164.65303
"185",186.509995,187.550003,185.399994,185.600006,2307900,164.043167
"186",185.050003,186.880005,183.899994,184.880005,2436700,163.40683
"187",184.289993,187.820007,184.130005,185.460007,2576900,163.919449
"188",185.699997,186.539993,183.169998,186.449997,3017300,164.794464
"189",187.029999,187.729996,185.559998,187.169998,2682700,165.430862
"190",188.050003,188.220001,185.630005,187.229996,1514200,165.483856
"191",186.550003,188.720001,186.020004,188.589996,1660300,166.685883
"192",189.050003,190,184.309998,186.850006,4506600,165.147995
"193",186.460007,188.240005,185.160004,185.820007,2032500,164.237625
"194",185.949997,186.839996,184.399994,185.460007,1519600,163.919449
"195",185.460007,186.580002,184.460007,185.789993,2036400,164.211121
"196",185.279999,185.5,182.679993,184.149994,3273200,162.761597
"197",183.389999,184.389999,182.039993,182.759995,2223800,161.533066
"198",182.639999,183.350006,182.009995,183.009995,2331500,161.753983
"199",182.960007,184.199997,181.199997,181.899994,2211500,160.772888
"200",182.029999,187.059998,181.130005,186.190002,3753700,164.564667
"201",187.850006,188.839996,185.830002,186.279999,2580200,164.64418
"202",185.990005,186.979996,183.25,184.119995,2563600,162.735062
"203",184.089996,184.820007,181.289993,182.960007,3179200,161.709824
"204",183.25,183.619995,180.369995,180.529999,2571200,159.562042
"205",181.259995,181.539993,177.229996,180.369995,3449800,159.420609
"206",179.100006,180.039993,176.559998,177.5,4052500,156.883957
"207",170.869995,177.440002,169.679993,176.520004,5998500,156.017792
"208",175.350006,176.429993,173.289993,175.279999,3478600,154.921799
"209",175.5,176.800003,173.580002,174.589996,2550800,154.311966
"210",174.149994,176.190002,174.149994,175.220001,2906600,154.868774
"211",175.300003,177.309998,174.720001,175.419998,2734900,155.045547
"212",174.770004,175.380005,171.259995,172.410004,4029300,152.385132
"213",172.100006,174.029999,171.600006,173.440002,2433100,153.295517
"214",172.860001,173.330002,170.690002,170.800003,2692000,150.962158
"215",170.610001,174.75,170.610001,173.479996,3097100,153.330933
"216",174,174.649994,173.179993,173.580002,2003400,153.419281
"217",172.75,174.229996,171.309998,174,2005100,153.790497
"218",173.149994,173.479996,171.190002,172.350006,1927400,152.332123
"219",171.580002,172.940002,171.100006,171.5,2119800,151.580841
"220",170.889999,171.490005,168.309998,170.130005,2604700,150.37001
"221",170.190002,170.520004,168.330002,169.380005,3150600,149.707047
"222",168.910004,171.149994,168.75,170.770004,3131000,151.967422
"223",170.669998,171.089996,169.539993,170,2039700,151.282181
"224",169.899994,170.220001,168.149994,168.789993,2012300,150.205399
"225",169.350006,170.490005,168.889999,169.839996,2629600,151.139816
"226",169.860001,170.729996,169.330002,169.960007,1533000,151.246597
"227",169.5,170.759995,169.490005,170.119995,999800,151.388962
"228",170.559998,171.259995,169.559998,169.710007,2150100,151.024124
"229",170.570007,170.660004,169.429993,170.259995,2658700,151.51355
"230",171,174,170.589996,172.229996,3244500,153.266678
"231",172.630005,176.059998,172.630005,175.660004,3819400,156.319031
"232",174.160004,177.860001,174.050003,177.199997,3389900,157.689438
"233",178.460007,180.740005,178.160004,178.690002,4417100,159.015381
"234",179.009995,180.729996,177.940002,178.669998,3589400,158.997559
"235",179.449997,179.479996,174.679993,176.220001,2519700,156.817337
"236",175.679993,176.940002,173.429993,173.960007,3102100,154.806198
"237",174.429993,175.970001,173.429993,175.410004,3336300,156.096512
"238",176.089996,177.690002,175.009995,176.830002,1874000,157.360199
"239",176.830002,176.990005,174.130005,176.259995,2193700,156.852921
"240",176.869995,178.220001,175.970001,177.380005,3166900,157.84964
"241",177.440002,177.970001,174.550003,174.919998,2723600,155.660477
"242",176.389999,177.410004,174.139999,177.039993,5796800,157.547089
"243",177.860001,178.630005,176.029999,176.139999,2799200,156.746124
"244",176.119995,177.279999,175.410004,176.869995,2705000,157.395767
"245",177.600006,179.169998,177.039993,177.110001,3246100,157.609314
"246",177.570007,178.229996,176.460007,176.679993,2106400,157.2267
"247",176.619995,177.490005,175.770004,176.419998,1477900,156.995316
"248",176.179993,176.919998,175.5,176.089996,1339200,156.70163
"249",176.440002,177.279999,176.089996,176.210007,1403900,156.808441
"250",176.770004,177,175.059998,175.25,1637700,155.954147
"251",175.25,176.059998,173.759995,173.899994,1948600,154.752762
"252",175.350006,177.820007,174.419998,177,2301100,157.511444
"253",176.910004,181.440002,175.759995,180.339996,3084000,160.483719
"254",180.630005,180.860001,178.75,179.580002,2021100,159.807388
"255",180.839996,180.880005,179.029999,180.649994,2211400,160.759567
"256",180.479996,181.25,178.429993,180.600006,2356200,160.715103
"257",180.529999,184.529999,180.119995,183.380005,3031700,163.18898
"258",182.660004,183.699997,180.369995,182.860001,2542700,162.726242
"259",182.860001,182.860001,181.100006,181.960007,2101300,161.925354
"260",182.339996,185.610001,181.75,185.039993,3111400,164.666183
"261",185.619995,187.449997,184.169998,185.539993,3374600,165.111145
"262",187.699997,189.300003,185.899994,188.009995,4018200,167.309204
"263",187.449997,188.559998,185.5,187.589996,3084900,166.93541
"264",188.360001,189.720001,187.600006,189.279999,3652300,168.439377
"265",189.729996,192.570007,189.429993,192.330002,3579800,171.153564
"266",193,196.029999,191.600006,191.990005,3486700,170.850983
"267",192.75,192.940002,189.509995,190.630005,2765700,169.640747
"268",191.399994,191.800003,188.899994,190.080002,2470300,169.151291
"269",191.050003,196.800003,190.990005,196.009995,3920300,174.42836
"270",196.210007,201.229996,195.649994,198,4565700,176.199265
"271",196.179993,196.470001,190.550003,191.270004,3990800,170.210281
"272",191.639999,192.270004,184.649994,186.050003,4677700,165.565018
"273",185,186.830002,182.330002,185.559998,4078100,165.128952
"274",183.460007,192.600006,183.009995,187.009995,7029400,166.419296
"275",186.820007,188.600006,174.619995,174.75,6922800,155.509186
"276",177.990005,180.279999,172.039993,176.649994,7527700,157.199982
"277",176.25,180.990005,176,177.470001,5715700,157.929703
"278",177.929993,180.419998,173,173.119995,6026800,154.05867
"279",174.130005,175.460007,168.25,173.460007,6093900,154.361237
"280",174.300003,176.669998,173,174.869995,4324800,155.615997
"281",173.869995,176.699997,172.460007,175.940002,3834700,156.568176
"282",174.080002,180.309998,174.059998,179.520004,5958700,160.961594
"283",180,185,179.899994,183.600006,4493400,164.619812
"284",183.800003,186.119995,182.679993,183.550003,4365800,164.574997
"285",182.889999,184.309998,182.139999,182.979996,4078400,164.063889
"286",183.190002,185.5,182.399994,182.429993,4054600,163.570801
"287",182.509995,185.160004,182.009995,182.449997,3868200,163.588715
"288",183.630005,186.789993,182.770004,186.669998,4163400,167.372452
"289",187.460007,190.369995,187.029999,188.5,4943600,169.013275
"290",188.830002,190.100006,185.550003,185.789993,5016100,166.58345
"291",185.880005,187.389999,183.690002,183.770004,4544000,164.772247
"292",184.210007,185.570007,180.380005,183.289993,11757800,164.341888
"293",181.059998,185.800003,181.050003,185.080002,19115500,165.946808
"294",185.050003,190.690002,185,190.130005,15187800,170.474762
"295",188.199997,191.639999,186.929993,190.350006,18446500,170.672028
"296",189.729996,190.220001,186.410004,187.529999,7009900,168.14357
"297",187.899994,188.399994,185.509995,187.160004,9192600,167.811829
"298",188,191.380005,186.320007,191.100006,5674100,171.344513
"299",189.5,190.389999,188.320007,189.300003,6972400,169.730606
"300",189.600006,190.830002,188.630005,189.75,4712900,170.134094
"301",191.179993,192.619995,189.800003,190.570007,3613300,170.869278
"302",190.050003,190.880005,187.910004,189.75,3320500,170.134094
"303",189.75,190.25,187.229996,188.240005,16878400,168.780182
"304",187.289993,187.929993,180.669998,182.550003,3970400,163.678406
"305",183.059998,184.020004,181.169998,182.029999,2582200,163.212158
"306",181.429993,184.039993,181.399994,181.589996,2531100,162.817627
"307",179.919998,180.75,176,176.080002,3553000,157.877243
"308",176.570007,179.179993,169.350006,169.429993,4529600,151.914688
"309",172.779999,175.869995,170.110001,175.190002,4217100,157.079224
"310",176.160004,176.360001,169.820007,171.149994,3963100,153.456894
"311",171.350006,172.5,168.020004,170.460007,4545900,152.838226
"312",170.990005,172.240005,169.639999,170.479996,3769800,152.85614
"313",169.919998,170.580002,163.309998,166.050003,4759800,148.884109
"314",166.970001,169.220001,165.080002,168.220001,3374000,150.829773
"315",166.169998,174.270004,165.880005,173.520004,3796700,155.581848
"316",174,174.429993,170.990005,172,2766600,154.218994
"317",170.860001,171.720001,166.199997,168.139999,3747800,150.758011
"318",169.199997,172.949997,167.990005,169.619995,3856800,152.085052
"319",170.889999,173.880005,170.110001,173.130005,2872300,155.232162
"320",171.800003,174.070007,171.600006,172.410004,2575900,154.586639
"321",172.679993,174.110001,170.960007,171.020004,3471400,153.340347
"322",172.110001,172.429993,170.789993,171.479996,2656400,153.752762
"323",172.75,173.130005,171.070007,171.380005,2656400,153.663116
"324",173,175.630005,171.580002,174.880005,3283900,156.8013
"325",174.610001,176.160004,174.440002,175.110001,2205600,157.007492
"326",174.470001,175.399994,171.789993,172.929993,2269400,155.052872
"327",173.100006,173.470001,170.570007,171.559998,2958600,153.824509
"328",171.619995,176.970001,171.25,174.660004,3568700,156.604019
"329",175.550003,175.759995,170.529999,171.940002,4389400,154.165222
"330",173.660004,175.440002,170.339996,174.830002,4693800,156.75647
"331",175.419998,176.679993,171.789993,175.369995,3682400,157.240646
"332",174.919998,177.919998,174.860001,177.460007,2424800,159.114563
"333",177.910004,178.740005,174.350006,174.479996,3608700,156.442657
"334",172.149994,173.990005,167.979996,169.279999,4799400,151.780197
"335",169.300003,171.070007,168.300003,169.429993,4085700,151.914688
"336",169.279999,170.339996,166.050003,166.389999,4152900,149.18898
"337",165.960007,169.5,165.220001,167.979996,3430000,150.614578
"338",168.580002,169.929993,167.5,168.059998,3175800,150.686325
"339",168.809998,170.5,167.5,168.490005,3937700,151.071899
"340",168.699997,170.529999,167.089996,169.639999,2861400,152.102982
"341",170.259995,171.490005,169.360001,170.770004,2947100,153.116196
"342",170.380005,174.350006,170.029999,173.889999,3740500,155.913605
"343",174.100006,177.800003,173.039993,175.960007,3370600,157.769653
"344",174.809998,175.309998,171.100006,172.339996,4491700,154.523865
"345",171.350006,174.580002,170.619995,173.800003,2494200,157.035721
"346",173.309998,175.429993,172.529999,174.649994,2268400,157.803726
"347",176.509995,177.339996,174.690002,176.300003,3377200,159.294571
"348",177.119995,177.940002,175.899994,176.470001,2557200,159.448166
"349",176.710007,179.570007,176.509995,178.360001,2742700,161.155869
"350",177.119995,179.990005,176.660004,179.940002,2242000,162.583466
"351",180,180.259995,176.990005,177.960007,2386100,160.794449
"352",177.960007,179.080002,177.600006,178.240005,1812000,161.04744
"353",176.990005,178.380005,175.770004,177.440002,2382000,160.3246
"354",178.289993,181.779999,178.009995,180.240005,3419200,162.854553
"355",180.309998,180.949997,178.380005,179.619995,5247200,162.294327
"356",180.75,184.770004,180.360001,183.570007,2892800,165.863312
"357",183.179993,185.970001,182.830002,185.440002,2298800,167.552948
"358",182.800003,184.710007,179.789993,181.729996,3980800,164.200821
"359",182.009995,184.149994,180.869995,183.550003,2213100,165.84523
"360",183.470001,184.050003,182.509995,183.300003,2729600,165.61937
"361",183.889999,185.649994,183.600006,184.300003,2865000,166.522919
"362",184.139999,184.820007,182.929993,184.610001,2409400,166.803024
"363",184.270004,185.119995,183.410004,185.070007,2045300,167.218658
"364",185.360001,186.570007,183.449997,183.679993,2243900,165.962708
"365",184.089996,186.070007,182.699997,185.789993,2289600,167.869202
"366",186.470001,186.740005,184.020004,185.009995,6474500,167.164459
"367",184.130005,184.5,182.380005,183.949997,2370700,166.20668
"368",182.830002,186.339996,182.830002,186.190002,2538500,168.230591
"369",186.25,187.509995,184.740005,186.509995,2415200,168.519714
"370",186.509995,186.509995,184.419998,185.990005,2206400,168.049927
"371",186.309998,188.089996,184.830002,185.149994,11153100,167.290909
"372",185.009995,186.690002,184.070007,185.360001,2678200,167.480667
"373",185.339996,185.949997,183.979996,184.589996,2070600,166.784912
"374",184.919998,187.360001,183.470001,183.529999,2354800,165.827164
"375",183.160004,184.580002,181.699997,183.339996,2286300,165.655518
"376",183.589996,186.050003,183.589996,184.589996,2606200,166.784912
"377",184.089996,185.460007,182.699997,185.289993,2069800,167.417404
"378",186.449997,187.399994,185.570007,185.710007,1348000,167.796951
"379",186.139999,188.169998,185.610001,187.360001,1801000,169.28775
"380",188.570007,191.490005,188.009995,191.009995,2751600,172.585648
"381",191.5,194.389999,191.169998,194.169998,3065500,175.440887
"382",194.169998,196.149994,192.539993,195.690002,2757000,176.81427
"383",194.600006,195.190002,192.520004,193.149994,2431400,174.519302
"384",194.190002,194.259995,192.559998,194.080002,2251900,175.359573
"385",194.990005,196.75,193.380005,195.910004,2232000,177.013062
"386",195.710007,196.570007,194.110001,194.880005,1824800,176.082397
"387",192.369995,194.899994,192.110001,193.919998,2567300,175.214996
"388",193.25,194,192.050003,192.800003,2215800,174.203018
"389",191.860001,192.850006,190.289993,191.759995,2539200,173.263367
"390",191.479996,191.479996,189.490005,190.490005,2252200,172.11586
"391",190.110001,190.970001,189.160004,189.970001,1767000,171.646011
"392",191.25,193.199997,190.5,191.399994,2440400,172.938065
"393",191.619995,193.460007,190.770004,193.039993,2009300,174.419861
"394",195.029999,195.589996,192.679993,194.050003,2835800,175.332443
"395",196,196.220001,189.570007,192.440002,4100200,173.877747
"396",191.5,192.210007,189.940002,190.630005,2984700,172.24234
"397",191,197.490005,190.869995,196.550003,4429300,177.591263
"398",196.330002,196.979996,194.699997,195.839996,2632800,176.949799
"399",194.639999,197.419998,192.729996,196.380005,2500400,177.437729
"400",196.270004,198.410004,196.100006,197.990005,2176200,178.89241
"401",197.440002,199.830002,196.520004,197.610001,1913800,178.549072
"402",197.690002,200.899994,197.639999,200.399994,2349800,181.069931
"403",198.5,198.5,195.070007,196.199997,3145900,177.27507
"404",195.429993,196.320007,193.830002,193.970001,2766500,175.260193
"405",193.300003,195.179993,192.259995,194.419998,1769100,175.666748
"406",194.690002,196.320007,193.720001,195.610001,1802900,176.741989
"407",195.940002,196.960007,194.889999,195.759995,1240200,176.877518
"408",194.830002,195.479996,192.889999,195.259995,1900200,176.425751
"409",194.460007,197.130005,192.729996,196.440002,2361700,178.699951
"410",196.240005,198.509995,195.279999,197.419998,2183800,179.591476
"411",197.889999,198.5,196.869995,197.559998,1747900,179.718826
"412",197.929993,198.399994,196.729996,197.309998,1666900,179.491425
"413",197.149994,198.75,195.830002,197.839996,1709300,179.973557
"414",197.369995,197.75,195.619995,196.600006,1351200,178.84552
"415",196.880005,197.5,195.600006,196.639999,1358500,178.881943
"416",197.520004,198.660004,196.789993,198.600006,2034400,180.664886
"417",199.020004,199.830002,198,198.619995,1644200,180.683105
"418",197.789993,200,196.919998,199.75,1775100,181.711075
"419",199.580002,200.690002,198.699997,200.350006,1992500,182.256866
"420",199.830002,200.470001,198.389999,199.809998,2981400,181.765625
"421",199.25,199.75,195.330002,196.729996,2293500,178.96376
"422",197.130005,198.669998,196.850006,197.75,1809000,179.891663
"423",197.550003,198.589996,195.119995,196.149994,1797300,178.436172
"424",195.429993,197.550003,194.75,196.300003,2604100,178.572632
"425",197.360001,203.690002,196.389999,202.5,4310800,184.212677
"426",201,203,199.270004,199.470001,3386000,181.45636
"427",199.679993,201.5,198.139999,199.5,2133500,181.483643
"428",200.240005,203.089996,199.410004,202.929993,2780200,184.603882
"429",203.639999,204.419998,200,200.580002,2504200,182.466095
"430",200.289993,201.449997,199.509995,200.809998,1950100,182.675323
"431",200.419998,203.869995,199.199997,202.339996,1982300,184.067139
"432",202.690002,204.399994,201.570007,203.199997,2204600,184.849487
"433",203.600006,205.25,203.020004,205.100006,2225000,186.577896
"434",205.660004,206.619995,204.169998,205.100006,7314000,186.577896
"435",204.529999,207.669998,204.110001,207.210007,2642000,188.497375
"436",208.279999,208.899994,206.259995,206.460007,2556200,187.815094
"437",206.289993,208.880005,206.289993,206.830002,2162600,188.151672
"438",207.410004,210.190002,206.839996,208.889999,2571200,190.025681
"439",208.539993,208.800003,206.770004,207.289993,3238200,188.570114
"440",207.729996,209.339996,206.619995,206.910004,2518100,188.224472
"441",206.419998,208.100006,206.089996,207.669998,2172100,188.915833
"442",208.25,208.25,206.639999,206.899994,2258800,188.215363
"443",206.089996,207.149994,200.809998,203.470001,3219800,185.095123
"444",204.449997,206.089996,201.830002,204.020004,2481000,185.595459
"445",203.369995,206.130005,203.229996,205.570007,2878100,187.005463
"446",205.75,208.080002,204.490005,206,2509100,187.396652
"447",205,206.350006,200.770004,201.199997,4148000,183.030106
"448",201.550003,202.960007,192.380005,193.850006,4175000,176.343872
"449",195.619995,198.089996,194.149994,197.389999,3231400,179.564178
"450",196.199997,198.410004,195,195.589996,2091100,177.926758
"451",197.220001,202.679993,196.220001,202.339996,2261500,184.067139
"452",201.410004,203.309998,198.940002,202.770004,2459700,184.458359
"453",203.169998,204.509995,200.279999,202.720001,2433600,184.412842
"454",202.740005,205.119995,201.449997,201.800003,2692500,183.575943
"455",201.160004,201.800003,197.470001,198.020004,2717500,180.137283
"456",196.300003,199.089996,193.720001,197.639999,2553500,179.791611
"457",196.940002,197.960007,187.369995,187.880005,4288300,170.913025
"458",188.660004,190.5,181.309998,188.100006,4983700,171.113144
"459",185.399994,187.330002,183.279999,185.979996,4580400,169.18457
"460",189.320007,190.910004,184.800003,188.190002,3829500,171.195038
"461",189.429993,191,187.029999,189.080002,4040600,172.004654
"462",189.080002,195.330002,189.039993,192.789993,4541000,175.379578
"463",192.809998,194.380005,190.960007,192.899994,2827300,175.47966
"464",194.289993,195.350006,185.830002,187.059998,3696300,170.167023
"465",187.679993,190.720001,187.550003,189.919998,2713500,172.768799
"466",190.210007,192.699997,189.520004,190.75,2139000,173.523834
"467",192.809998,197.729996,192.009995,197.619995,3077800,179.773392
"468",197.539993,198.279999,195.279999,196.020004,2636600,178.317917
"469",195.369995,196.910004,192.179993,193.160004,2344900,175.716187
"470",193.649994,194.720001,190.479996,191.559998,2109100,174.260666
"471",192.910004,194.820007,191.029999,191.550003,2232200,174.251572
"472",192.029999,193.399994,189.660004,190.360001,2850300,173.169037
"473",188.339996,192.630005,187.119995,192.449997,2607100,176.29277
"474",192.360001,195.240005,191.690002,194.179993,3862300,177.877487
"475",194.919998,196.770004,192.869995,194.910004,2629900,178.546234
"476",196.320007,198.679993,192.759995,196.440002,3288800,179.947739
"477",195.169998,197.550003,192.610001,192.770004,2173600,176.585876
"478",191.25,194.479996,190.770004,192.570007,1349200,176.402664
"479",194.940002,196.309998,192.490005,194.300003,2194600,177.987442
"480",193.160004,197.229996,191.869995,197.100006,2329200,180.552368
"481",196.960007,202.020004,196.059998,201.419998,2617800,184.509659
"482",199.779999,204,199.529999,202.369995,1937800,185.379913
"483",202.149994,208.990005,201.789993,208.25,4537200,190.766266
"484",208.100006,208.300003,200.380005,202.929993,4035300,185.892914
"485",204.600006,205.740005,197.289993,197.759995,3881100,181.156967
"486",195.720001,199.009995,193.199997,199.009995,3437300,182.301987
"487",197.889999,198.399994,191.050003,191.440002,3152400,175.367554
"488",193.029999,194.789993,188.190002,194.089996,2718300,177.795029
"489",195.910004,198.410004,194.339996,196.179993,3047500,179.709579
"490",198.089996,199.440002,196.300003,196.410004,2665600,179.920288
"491",196.770004,197.660004,195.220001,197.529999,2129800,180.946259
"492",195.039993,196.149994,191.660004,192.070007,2981300,175.944672
"493",192.240005,194.449997,188.639999,190.080002,2919400,174.121719
"494",191.440002,191.940002,184.410004,187.100006,3164300,171.391922
"495",187.020004,191.759995,182.529999,185.490005,3995400,169.917099
"496",185.059998,186.539993,182.720001,184.960007,3806200,169.431564
"497",183.850006,187.610001,179.210007,180.210007,7829800,165.080383
"498",179.5,182.929993,178.289993,178.399994,2205100,163.422318
"499",179.039993,188.029999,178.880005,187.860001,2868200,172.088104
"500",185.360001,190.410004,183.619995,190.330002,3137900,174.350739
"501",191.630005,194.589996,190.059998,190.729996,2477500,174.717163
"502",191.929993,195.800003,191.610001,194.669998,2764800,178.32637
"503",192.520004,193.199997,188.949997,191.899994,3009100,175.78891
"504",192.149994,194.179993,188.669998,188.979996,3973900,173.114075
"505",191.460007,196.520004,190.839996,195.440002,4193400,179.031738
"506",194.759995,199.360001,194,198.070007,3032500,181.440933
"507",199.199997,201.119995,196.679993,200.610001,3290300,183.767685
"508",202.360001,202.899994,199.630005,200.369995,2869700,183.547821
"509",200.369995,203.520004,199.470001,202.679993,3131300,185.663864
"510",200.639999,200.990005,198,200.559998,3379700,183.721878
"511",199.490005,200,196.660004,196.779999,3378600,180.259232
"512",196.300003,199.990005,196.039993,199.380005,2859800,182.64093
"513",199.300003,200.440002,197.600006,198.889999,3302400,182.192062
"514",198.380005,202.529999,197.979996,201.919998,2440200,184.967697
"515",203.330002,204.330002,201.039993,203.880005,3095000,186.763107
"516",202.619995,203.479996,200.779999,201.979996,3173100,185.022659
"517",201.990005,203.949997,200.130005,201.559998,1917500,184.637924
"518",201.610001,202.399994,199.740005,200.970001,2390800,184.097458
"519",201.949997,202.229996,196.880005,198.770004,4383600,182.082153
"520",194.970001,194.970001,190.009995,191.949997,4186200,175.834747
"521",192.179993,193.669998,190.800003,192.110001,3182100,175.981293
"522",188.889999,189.759995,179.649994,184.860001,8089100,169.339981
"523",184.779999,187.600006,183.910004,187.110001,4397900,171.401093
"524",186.509995,187.830002,185.559998,187.070007,2488900,171.364456
"525",186.960007,187.139999,184.289993,186.179993,2930900,170.549133
"526",186.199997,189.059998,185.720001,188.309998,4933300,172.500336
"527",188.309998,191.869995,188.110001,190.759995,3322400,174.744659
"528",190.669998,190.669998,182.669998,184.229996,4188100,168.762863
"529",183.410004,186.050003,183.410004,186,2601000,170.384277
"530",186.789993,187.110001,185.509995,185.789993,2867300,170.191895
"531",187.330002,188.960007,186.429993,188.429993,2412400,172.610245
"532",189.220001,190.119995,188.399994,188.979996,2166000,173.114075
"533",187.589996,187.800003,185.759995,186.679993,2611500,172.329422
"534",188.070007,189.100006,185.990005,188.339996,3314600,173.861832
"535",187.789993,188.470001,186.850006,186.970001,2267500,172.597122
"536",187.190002,189.220001,186.479996,186.919998,3046400,172.550995
"537",186.389999,187.399994,184.75,185.5,2947600,171.240143
"538",185.889999,188.860001,185.809998,187.5,2774100,173.086395
"539",188.660004,190.470001,187.889999,189.809998,3182600,175.218811
"540",189.559998,191.649994,189.360001,190.080002,2431000,175.468063
"541",188.740005,192.190002,188.660004,191.419998,1886200,176.705063
"542",191.380005,191.630005,189.729996,190.080002,2776200,175.468063
"543",191.389999,192.059998,190.470001,191.160004,2409400,176.465027
"544",191.820007,192.119995,187.410004,189.779999,2274800,175.191132
"545",190,190.669998,188.789993,188.820007,3445200,174.304916
"546",188.880005,189.369995,182.429993,183.149994,3956100,169.070801
"547",182.919998,183.160004,180.600006,181.460007,3421700,167.510712
"548",180.600006,181.309998,179.009995,180.869995,2750900,166.966034
"549",181.839996,184.600006,181.399994,184.139999,2816900,169.984665
"550",184.610001,184.949997,183.520004,184.179993,2677500,170.021606
"551",184.699997,188.339996,184.190002,187.350006,2719700,172.947922
"552",187.529999,188.860001,185.889999,187.759995,2909600,173.326385
"553",188.460007,191.639999,188.100006,191.240005,6865000,176.538879
"554",191.080002,192.520004,190.190002,191.309998,2430200,176.603516
"555",191.929993,192.759995,190.919998,191.490005,2268700,176.769684
"556",191.5,192.770004,189.869995,191.119995,2378700,176.428131
"557",189.729996,192.369995,189.179993,191.889999,2292900,177.138901
"558",190.960007,192.869995,186.550003,186.699997,3144700,172.34787
"559",186.639999,187.779999,185.039993,186.589996,2523700,172.246353
"560",187.550003,189.589996,187.029999,188.270004,2359100,173.797211
"561",188.25,188.600006,185.220001,186.320007,2022600,171.997086
"562",187.080002,187.889999,186,187.649994,1885600,173.224854
"563",189.369995,191,188.5,189.979996,3189700,175.375732
"564",191.139999,192.559998,190.509995,191.770004,2660500,177.028137
"565",191.809998,192.820007,191.199997,192.429993,2141800,177.637405
"566",193.179993,193.869995,191.710007,192.919998,1948100,178.089737
"567",192.850006,194.429993,190.990005,192.330002,1785900,177.54512
"568",193.880005,196.869995,193.300003,195.410004,2163300,180.388351
"569",194.529999,195.309998,192.559998,194.880005,1629800,179.899063
"570",193.589996,194,192.509995,192.979996,1872600,178.145142
"571",194.149994,195,192.339996,193.889999,1653200,178.985184
"572",194.570007,194.789993,190.649994,192.110001,2082600,177.34201
"573",193.020004,193.479996,190.789993,191.419998,2060800,176.705063
"574",191.839996,193.179993,189.850006,191.199997,2038300,176.501953
"575",192.270004,192.570007,187.440002,188.050003,2727300,173.594116
"576",188.350006,188.740005,181.529999,182.470001,5242100,168.443054
"577",183.240005,183.490005,176.850006,177.470001,8266600,163.827423
"578",177.100006,177.570007,174.869995,176.360001,3215800,162.80275
"579",176.940002,180.649994,175.75,179.759995,3471700,165.94136
"580",180.139999,180.830002,178.259995,178.300003,2711600,164.593628
"581",177.080002,181.020004,175.919998,180.479996,2453700,166.606018
"582",180.699997,181.850006,180.029999,181.470001,2445400,167.519913
"583",181.449997,182.470001,179.589996,181.169998,2662500,167.242981
"584",181.630005,182.039993,177.880005,179.320007,3963000,165.535217
"585",175.399994,178.5,171.25,176.139999,6109100,162.59964
"586",176.059998,178.300003,174.300003,176.5,3014000,162.931961
"587",176.929993,177.770004,176.470001,177.309998,2944500,163.679703
"588",175.490005,177.240005,173.880005,177.059998,2735000,163.448929
"589",175.139999,176.410004,172.5,173.869995,2797000,160.504135
"590",173.5,175.5,171.699997,172.149994,3368400,158.916382
"591",171.240005,173.179993,169.440002,172.869995,2854400,159.581039
"592",172.460007,172.460007,168.440002,171.850006,2942300,158.63945
"593",169.240005,169.600006,167.169998,167.600006,3371800,154.716171
"594",167.679993,169.720001,167.300003,167.809998,2525300,154.909988
"595",167.229996,170.600006,166.300003,169.869995,2860200,156.811646
"596",169.399994,172.020004,169.339996,169.919998,2716200,158.208252
"597",169.270004,171.240005,169.110001,169.910004,2266600,158.198944
"598",168.679993,170.399994,168.149994,168.389999,2144300,156.783722
"599",169.770004,170.020004,168.529999,169.690002,2249300,157.99411
"600",169.350006,172.050003,168.580002,171.300003,2615500,159.493164
"601",171.339996,173.059998,170.490005,172.110001,2902500,160.24733
"602",172.619995,173.770004,171.089996,171.279999,2417100,159.474548
"603",171.559998,172.770004,168.759995,168.850006,4066200,157.212021
"604",168,169.759995,167.330002,169.179993,2671600,157.519257
"605",169.440002,170.050003,168.199997,169.039993,1943300,157.388916
"606",168.059998,168.869995,166.679993,166.699997,2808900,155.210205
"607",172,176.809998,170.559998,172.360001,5774800,160.480087
"608",174.029999,175.360001,170.559998,174.729996,4553200,162.686707
"609",175.679993,175.770004,173.089996,174.550003,2606400,162.51915
"610",174.779999,176.059998,174.089996,174.449997,2396800,162.426041
"611",175.630005,176,173.279999,175.509995,2072000,163.412979
"612",175.949997,176.160004,174.050003,175.580002,2091400,163.478149
"613",176.270004,177.149994,174.199997,174.619995,2313800,162.58432
"614",175.300003,176.690002,174.160004,175.600006,1888600,163.496765
"615",175.830002,177.449997,175.229996,176.710007,1675800,164.530304
"616",176.970001,177.899994,175.550003,176.080002,1621800,163.943665
"617",176.039993,178.550003,175.399994,178.389999,1916800,166.094452
"618",179.270004,182.820007,179.119995,181.610001,3125500,169.092529
"619",181.479996,183.119995,180.639999,182.770004,2396500,170.172592
"620",184.779999,185.289993,182.110001,184.080002,2780400,171.392303
"621",183.889999,187.130005,182.910004,187.110001,6948100,174.213425
"622",186.070007,187,184.699997,184.830002,2948300,172.090607
"623",184.600006,186.779999,183.169998,184.440002,2264700,171.727463
"624",184.710007,184.940002,182.740005,183.169998,2124600,170.544998
"625",183.350006,185.440002,183.029999,184.020004,2193700,171.336426
"626",184.169998,186.100006,183.660004,184.279999,3753200,171.578476
"627",186.880005,187.300003,185.100006,186.350006,2079800,173.505844
"628",186.029999,186.669998,184.199997,186.639999,1796300,173.775848
"629",187.580002,189.419998,187.199997,188.580002,1932600,175.582108
"630",187.429993,188.880005,185.240005,185.940002,2225800,173.1241
"631",184.660004,185.009995,180.520004,182.240005,2700900,169.679108
"632",181.210007,182.270004,180.509995,181.589996,2273700,169.073883
"633",182.169998,183.289993,181.029999,182.270004,1775700,169.707047
"634",180.860001,181,175.949997,178,3621900,165.731369
"635",177.820007,178.089996,174.190002,174.929993,4488700,162.872955
"636",174.899994,177.440002,174.610001,176.119995,3256800,163.980911
"637",176.339996,177.770004,175.910004,177.470001,2260100,165.237869
"638",178.139999,179.449997,177.009995,177.059998,1945200,164.85614
"639",177.130005,180.429993,176.800003,179.539993,2374400,167.165207
"640",180.669998,181.580002,178.190002,178.389999,2987200,166.094452
"641",177.830002,178.809998,175.720001,175.889999,2556800,163.766785
"642",176.429993,176.770004,175.520004,176.009995,2081800,163.87851
"643",176.020004,176.75,174.880005,175.770004,1898000,163.655029
"644",175.779999,176.5,173.770004,174.110001,2145500,162.109467
"645",174.270004,175.509995,173.119995,175.339996,3070400,163.254684
"646",175.270004,177.160004,174.839996,176.080002,1985400,163.943665
"647",174.919998,176.720001,174.270004,176.449997,2005100,164.288177
"648",180,188,177.899994,186.580002,7157600,173.719986
"649",186.399994,189.460007,184.139999,186,3484700,173.179962
"650",186,187.860001,185.009995,187.220001,2966500,174.315887
"651",185.580002,185.960007,180.520004,181.5,4060000,168.990128
"652",181.100006,184.600006,180.029999,184.460007,3172900,171.746094
"653",183.039993,184.139999,179.610001,183.539993,3308900,170.889511
"654",183.470001,185.419998,183.050003,185.229996,2449000,172.463028
"655",185.149994,200,182.820007,196.25,8417100,182.72348
"656",197.899994,208.779999,197.25,205.779999,10599300,191.596603
"657",203.429993,211.899994,203,206.119995,5586400,191.913177
"658",202.809998,205.399994,198.720001,198.869995,4507100,186.474686
"659",200,201,198.630005,199.309998,3065800,186.887253
"660",201.830002,205.460007,200.360001,204.020004,2922500,191.303696
"661",203.229996,206.5,201.110001,206,2974900,193.160278
"662",205.899994,206.119995,202.949997,203.169998,2710800,190.506683
"663",204.449997,205.369995,203.580002,203.940002,1755200,191.228683
"664",205.270004,206.350006,202,203.419998,2677600,190.741074
"665",203.089996,203.619995,198.009995,199.080002,3416200,186.6716
"666",200.600006,206.399994,199.669998,205.410004,4005200,192.607056
"667",206.539993,208.949997,205.270004,206.490005,3394000,193.619736
"668",205.509995,210.139999,205.330002,207.520004,3789300,194.585541
"669",209,209.839996,205.259995,206.979996,2391600,194.079193
"670",208.990005,210.970001,206.880005,208.619995,2621300,195.616959
"671",207.300003,207.889999,204.679993,205.520004,2193000,192.710205
"672",206.699997,207.369995,203,206.320007,1935700,193.460342
"673",206.630005,208.470001,205.970001,207.649994,1685300,194.707443
"674",208.639999,209.350006,206.100006,207.729996,2388000,194.782471
"675",202.529999,202.949997,198.789993,202.339996,4353200,189.728424
"676",200.809998,201.970001,195.360001,196.869995,4866300,184.59935
"677",197.130005,198.460007,195.169998,195.839996,2875300,183.633514
"678",196.089996,196.830002,193.899994,194,4448000,181.908218
"679",194.410004,196.669998,194.330002,195.470001,2428800,183.286591
"680",196.160004,196.160004,193.509995,194.080002,1597400,181.983231
"681",194.039993,196.779999,194.039993,196.720001,2447400,184.458694
"682",196.360001,196.830002,193.259995,195.039993,1897800,182.883392
"683",195.720001,196.369995,194.520004,195.649994,1483400,183.455353
"684",196,199.320007,195.75,196.940002,6680400,184.664963
"685",197.75,198.809998,197.309998,197.759995,1683900,185.433853
"686",198.979996,199.800003,195.610001,196.550003,2322500,184.299301
"687",197.580002,198.330002,195.919998,196.059998,1779900,183.839844
"688",195.910004,196.309998,193.080002,195.380005,1877800,183.202209
"689",195.559998,196.850006,193.839996,194.940002,1770300,182.789642
"690",192.800003,196.679993,191.690002,193.509995,2492300,181.448761
"691",192.580002,195.880005,192.100006,193.190002,2331000,181.148697
"692",193.580002,193.580002,188.779999,189.210007,2250800,177.416779
"693",189.600006,192.669998,189,192.619995,1888500,180.614243
"694",193.139999,196.009995,193.139999,195.589996,2158200,183.399109
"695",194.539993,198.820007,194.449997,197.169998,2199300,184.88063
"696",196.550003,198,195,196.080002,2032600,183.858566
"697",198.679993,198.679993,195.960007,196.690002,1292900,184.430542
"698",198,199.360001,197.020004,198.679993,1297500,186.296524
"699",200.229996,203.889999,199.979996,200.800003,2472200,188.284378
"700",201.25,204.899994,201.229996,202.889999,1638200,190.244095
"701",203.460007,204.800003,202.600006,204.660004,1492800,191.903809
"702",204.149994,204.979996,202.179993,203.210007,1758500,190.544189
"703",201.589996,204.75,201.520004,203.559998,1380800,190.872345
"704",204.110001,204.119995,200.809998,202.720001,2043400,190.084702
"705",203.570007,203.610001,200.779999,202.929993,1564000,190.281631
"706",204.630005,206.059998,203.220001,204.830002,2136700,192.063202
"707",204.229996,205.889999,203.039993,203.320007,1805800,190.647324
"708",203.949997,204.300003,201.660004,203.059998,1220800,190.403519
"709",202.589996,203.710007,201.509995,203.050003,1321500,190.394165
"710",203.169998,205.979996,202.679993,205.009995,1652800,192.231995
"711",205.259995,211.25,204.910004,208.990005,4460000,195.963928
"712",206.350006,211,204.160004,210.880005,3793500,197.73613
"713",210.100006,213.669998,209.600006,213.25,3255800,199.958389
"714",214.259995,219.380005,214,217.949997,3685500,204.365448
"715",218.729996,219.839996,214.350006,214.410004,2646600,201.046097
"716",215.919998,219.490005,213.190002,215.080002,3012000,201.674347
"717",215.449997,218.580002,215.449997,216.399994,2540200,202.912033
"718",216.910004,218.509995,215.460007,217.990005,2498300,204.402924
"719",218.210007,221.25,217.460007,221.110001,2069900,207.328491
"720",220.240005,221.380005,218.699997,220.699997,1364300,206.944031
"721",221.309998,225.259995,219.869995,221.309998,2704500,207.516037
"722",220.429993,221.690002,218.539993,219.669998,2333000,205.978241
"723",218.220001,218.740005,213.550003,218.5,2749300,206.242538
"724",219.589996,220.929993,217.210007,220.860001,2028600,208.470139
"725",221.059998,221.589996,219.210007,220.669998,2239500,208.290787
"726",221.240005,224.679993,220.699997,224.5,2551600,211.90593
"727",224.380005,226.550003,223.130005,225.509995,3524300,212.859299
"728",227.119995,228.800003,225.020004,227.820007,2659300,215.039703
"729",228.080002,230.869995,227.830002,230.740005,1975000,217.795898
"730",231.080002,235.800003,231.080002,234.539993,2637400,221.38269
"731",233.979996,234.889999,232.009995,234.389999,3300800,221.241135
"732",234.649994,235.279999,231.850006,234.539993,1579800,221.38269
"733",234.130005,235.470001,233.75,234.720001,945600,221.552643
"734",234.539993,235.800003,232.630005,233.479996,1633600,220.382187
"735",231.479996,233.179993,230.779999,232.770004,1825400,219.712021
"736",232.729996,234.889999,232,233.880005,1908500,220.75972
"737",233.690002,233.770004,231.460007,233.410004,2083600,220.316147
"738",234.679993,235,233.190002,233.770004,1860900,220.65593
"739",234.960007,235.050003,232.630005,232.820007,1867900,219.759201
"740",231.919998,235.119995,231.509995,233.839996,1494700,220.721985
"741",234.029999,234.970001,233.029999,234.009995,1754100,220.882462
"742",234.580002,237.240005,234.059998,235.990005,1851500,222.751373
"743",235.600006,238.119995,235.139999,236.740005,2041200,223.459305
"744",239.5,244.529999,239.5,243.199997,3047600,229.5569
"745",243.580002,244.990005,241.279999,242.839996,2382500,229.217072
"746",242.210007,243.220001,241.020004,241.940002,2956700,228.367615
"747",242.779999,243.300003,239.929993,241.839996,2070800,228.273178
"748",244.570007,244.570007,240.699997,243.059998,5091600,229.424744
"749",243.979996,244,241.589996,243.029999,1686200,229.396423
"750",242.820007,243.100006,241.720001,242.330002,612800,228.735703
"751",242.720001,243.639999,241.320007,241.899994,1098300,228.329865
"752",242.240005,242.990005,240.160004,241.529999,1085000,227.980591
"753",241.399994,242.979996,239.399994,240.270004,1454400,226.79129
"754",240.279999,241.460007,238.5,241.070007,1748300,227.546417
"755",243,243.190002,238.979996,240.100006,2088000,226.630829
"756",237.160004,240.259995,236.240005,238.470001,1879000,225.092255
"757",237.199997,240.449997,236.559998,240.300003,1802800,226.819595
"758",239.309998,240,237.589996,238.039993,1518900,224.686371
"759",237.929993,239.580002,236.610001,238.220001,2214700,224.856262
"760",239.690002,239.690002,237.970001,238.929993,1629000,225.526459
"761",238.679993,240.929993,237.610001,238.259995,1777600,224.894028
"762",238.259995,238.330002,234.789993,236.919998,2004400,223.629211
"763",235.800003,240.679993,235.169998,240,2239100,226.536423
"764",240.669998,242.600006,240.050003,241.699997,1920700,228.141052
"765",242.179993,243.850006,239.850006,240.5,2085700,227.008362
"766",242.110001,242.139999,239.270004,241.490005,2582800,227.942825
"767",240.970001,242.009995,237.259995,237.600006,3094200,224.271072
"768",238.75,239.699997,235.759995,236.75,1998200,223.46875
"769",237.059998,237.059998,233.070007,235.039993,2088700,221.85466
"770",235.800003,235.880005,224.5,225.589996,5019900,212.934799
"771",223.679993,224.929993,221.169998,222.949997,2843600,210.442902
"772",223.570007,226.699997,222.850006,224.839996,2103900,212.226868
"773",225.5,228.929993,225,227.149994,2001100,214.407272
"774",226,226.970001,223.309998,226.149994,2581600,213.463379
"775",218.759995,219.080002,210.009995,216.050003,5968900,203.929962
"776",216.389999,219.619995,215.559998,216.880005,2565400,204.713409
"777",220.770004,223.850006,220.479996,221.809998,2765300,209.366852
"778",223.740005,234.639999,223.740005,231.940002,3669500,218.928574
"779",233.720001,233.889999,229.339996,231.449997,2007500,218.466064
"780",231.410004,232.179993,227.669998,229.330002,2295100,216.464996
"781",228.149994,228.960007,226.259995,227.419998,2144700,214.66214
"782",227.699997,229.470001,226.800003,228.960007,1934500,216.115723
"783",229.470001,230.229996,225.880005,227,2501300,214.265686
"784",224.990005,226.520004,222.820007,223.039993,1946500,212.022278
"785",222.929993,223.490005,221.339996,223.479996,1611900,212.440567
"786",224.149994,224.350006,220.919998,221.690002,1936400,210.738983
"787",222.940002,224.050003,222.050003,222.960007,1322900,211.946213
"788",223.199997,223.479996,218.509995,222.139999,1638000,211.166763
"789",222.240005,223.800003,220.990005,222.789993,2047500,211.784653
"790",219.880005,223.990005,215.759995,217.880005,3049600,207.117203
"791",218.080002,219.559998,209.820007,210.380005,3915500,199.987686
"792",216.179993,216.699997,212.020004,214.539993,3314000,203.942169
"793",214.919998,215.279999,203.220001,203.5,4071100,193.44751
"794",198.050003,203,195.179993,199.729996,5316100,189.863739
"795",199.899994,212.369995,198.710007,212.199997,4245700,201.717773
"796",210.339996,216.160004,202.660004,204.419998,3975100,194.322083
"797",209.529999,215.289993,207.619995,215.110001,3880200,204.483994
"798",207.660004,216.389999,207.580002,212.119995,3185400,201.641708
"799",203.970001,211.610001,203.820007,210.649994,3100500,200.244324
"800",197.740005,203.619995,190.75,198.369995,4065600,188.570953
"801",203.360001,207.100006,194.669998,206.800003,3928700,196.584518
"802",201,203.919998,195.809998,198.649994,3777000,188.837082
"803",184.630005,196.259995,181.770004,182.240005,4902600,173.237717
"804",189.759995,203.169998,188.520004,202.100006,6903900,192.116684
"805",184.669998,204.720001,182.960007,188.679993,4932400,179.359589
"806",192.210007,210.910004,191.649994,207.800003,5912800,197.53511
"807",198.559998,210.899994,196.740005,204.880005,5597900,194.759369
"808",201,208.75,195.270004,198.759995,4796500,188.94165
"809",198.889999,201.970001,186,188.25,5726800,178.950851
"810",188.889999,191.960007,177.050003,185.929993,4396600,176.745422
"811",191.470001,202.850006,190.009995,202.339996,5288200,192.344833
"812",197.770004,201.360001,190.009995,193.139999,5301000,183.599274
"813",193.119995,199.720001,190.5,198.490005,5162200,188.685013
"814",194.419998,205.869995,194.009995,198.270004,4119600,188.475876
"815",200.050003,209.449997,200.050003,208.479996,3219000,198.181503
"816",203.490005,207.25,200.699997,202.729996,2929000,192.715546
"817",197.559998,201.380005,194.990005,197.809998,2747900,188.038574
"818",194.410004,209.529999,194.210007,208.880005,3867300,198.561768
"819",207.429993,209.75,203.029999,205.410004,2281400,195.263168
"820",212,212.710007,206.850006,211.580002,3702100,201.128403
"821",213.449997,215.179993,207.330002,208.779999,2447500,198.466675
"822",208.899994,219.820007,207.339996,219.190002,2861500,208.362457
"823",217.399994,219.350006,215.699997,218.210007,2503300,207.430893
"824",216.979996,219.179993,215.149994,218.270004,2168000,207.48793
"825",221.009995,228.320007,220.25,226.800003,3029000,215.596558
"826",224.990005,225.509995,219.309998,221.800003,3107000,210.843552
"827",225,232.100006,223.220001,230.899994,2617300,219.494019
"828",236.830002,236.990005,229.220001,234.970001,2864200,223.362946
"829",234.199997,239.559998,232.389999,236.600006,2824000,224.912445
"830",235,235.770004,229,230.75,2672900,219.35141
"831",233.350006,234,227.589996,229.289993,2845100,217.963531
"832",229.089996,235.649994,228.880005,232.490005,3226400,221.005478
"833",234.039993,236.929993,230.800003,236.279999,1946200,224.608246
"834",236.630005,243,235,242.429993,2472600,230.454468
"835",243,244.949997,236.860001,237.669998,2548900,225.929581
"836",238.899994,239.309998,235.240005,235.690002,3365100,224.047409
"837",236.020004,240.070007,231.910004,239.220001,5704500,227.403015
"838",233,237.050003,228,230.979996,3045400,219.570053
"839",232.440002,232.919998,228.100006,230.910004,2035800,219.503525
"840",231.279999,237.979996,229.169998,236.360001,1975500,224.684296
"841",237.309998,239.679993,235.690002,236.589996,1980500,224.902939
"842",236.899994,237.970001,232.100006,233.330002,2451200,221.803986
"843",234.949997,235.729996,231.600006,234.820007,1534300,223.220383
"844",233.070007,243.490005,232.509995,242.740005,2163700,230.749161
"845",242.679993,244.5,237.050003,237.210007,2241000,225.492294
"846",235.220001,243.940002,235.220001,236.830002,2292700,225.131104
"847",235.949997,238.970001,233.800003,237.979996,3322700,226.224274
"848",234.429993,240.429993,233.889999,240.199997,3111500,229.880142
"849",243.660004,244.389999,231.800003,233.190002,5631400,223.171326
"850",232.639999,233.440002,227.169998,227.429993,3835800,217.658783
"851",229.270004,230.119995,225.639999,227.869995,3714600,218.07988
"852",228.110001,228.240005,224,224.779999,2377500,215.12265
"853",224.169998,226.770004,223.610001,226.429993,2334300,216.701752
"854",227.529999,228.350006,221.729996,222.399994,2397800,212.844894
"855",222.320007,225.130005,217.470001,224.809998,2932100,215.151382
"856",226.259995,226.619995,222.25,224.130005,2591000,214.500565
"857",225,230.570007,222.059998,229.699997,4251200,219.831268
"858",228.889999,230.539993,225.710007,226.910004,1816700,217.161148
"859",225.800003,226.360001,222.580002,223.720001,3198900,214.1082
"860",223.490005,224.289993,218.25,221,3660500,211.505051
"861",220.770004,223.449997,219.210007,220.880005,2392800,211.390228
"862",219.699997,225.949997,218.199997,225.669998,3714600,215.974426
"863",223.270004,226.25,221.75,225.75,2270500,216.05098
"864",226,228.309998,224.570007,224.899994,2403600,215.237503
"865",226.679993,229.490005,225.520004,227.119995,2851300,217.362091
"866",228.059998,229.779999,218.669998,218.899994,3900700,209.49527
"867",221.100006,222.350006,214.199997,217.899994,2426600,208.538239
"868",215.809998,221,213.860001,219.779999,2471800,210.337479
"869",222.830002,228.880005,222.619995,226.869995,2581600,217.122864
"870",228.539993,228.809998,224.529999,225.970001,2751100,216.261505
"871",226.860001,231.479996,225.679993,230.320007,2469800,220.424637
"872",233.380005,239.070007,231.309998,238.699997,5319500,228.444611
"873",236.309998,237.649994,233.059998,234.190002,2337000,224.128372
"874",234.869995,239.169998,233.440002,235.75,2171500,225.621338
"875",235.210007,237,231.399994,232.509995,1972900,222.520523
"876",231.5,235.440002,230.389999,235.110001,2080300,225.00882
"877",235.369995,236.860001,231.820007,232.839996,3613300,222.836349
"878",233.399994,234.139999,229.979996,231.559998,1938000,221.611359
"879",233.309998,237.320007,231.800003,235.860001,2589000,225.726608
"880",235.520004,256.230011,232.580002,255.119995,6575800,244.159134
"881",252.869995,261.459991,252.869995,258.23999,3338000,247.145081
"882",260.029999,264.970001,253.899994,256.25,3460400,245.24057
"883",253.600006,258.910004,252.089996,253.149994,2365900,242.273773
"884",253.149994,253.979996,249.25,251.589996,1993700,240.780792
"885",250.25,253.830002,248.839996,251.660004,1739600,240.847794
"886",250.649994,251.570007,247.070007,249.039993,1326100,238.340347
"887",249.830002,255.429993,249.279999,250.039993,2528100,239.297394
"888",242.759995,253.789993,240.479996,253.089996,2368300,242.216339
"889",254.570007,254.570007,250.770004,253.309998,1650100,242.426895
"890",252.059998,255.289993,249.919998,255.199997,1530900,244.235687
"891",256.700012,259.950012,254.759995,258.459991,2044800,247.355652
"892",260.079987,262.820007,258.320007,260.950012,1497400,249.738663
"893",258.619995,260.029999,257.279999,257.910004,1821600,246.829285
"894",259.790009,260,255.800003,256.980011,1598100,245.939224
"895",259.540009,260,251.600006,252.240005,2532000,241.402878
"896",251.259995,251.830002,245.5,247.979996,2187900,237.325897
"897",247.300003,255.100006,247.029999,253.649994,2155700,242.752289
"898",254.460007,258.399994,253.770004,255.270004,2266600,244.302704
"899",250.399994,252.850006,245.740005,248.850006,3286700,238.158508
"900",246.399994,247.820007,245.199997,246.139999,1967400,235.564957
"901",245.630005,246.100006,239.389999,244.669998,2830100,234.158112
"902",244.850006,249.020004,244.529999,247.360001,1853900,236.732544
"903",245.970001,246.169998,241.339996,243.589996,1912100,233.124496
"904",243.910004,245.410004,240.800003,241.470001,1736400,231.095596
"905",240.850006,242.199997,239.110001,241.550003,1747000,231.17215
"906",243.580002,243.619995,238.570007,240.690002,1352300,230.349091
"907",240.259995,240.669998,236.210007,238.169998,1533200,227.937347
"908",238.179993,238.899994,234.360001,234.649994,2296200,224.568604
"909",234.690002,243,234.690002,241.720001,2325500,231.334824
"910",241.309998,242.770004,239.610001,240.460007,1362800,230.128998
"911",239.210007,240.059998,238.619995,239.710007,1225000,230.947906
"912",240.210007,244.740005,240.210007,243.009995,1697500,234.127258
"913",243.520004,244.309998,240.020004,241.5,1123800,232.672501
"914",241.020004,243.729996,238.5,240.490005,1900500,231.699387
"915",240.130005,240.690002,237.300003,238.729996,1172800,230.003723
"916",238.880005,238.880005,235.509995,237.639999,1959900,228.953568
"917",237.729996,238.440002,233.559998,235.570007,1565300,226.959244
"918",242.899994,249.960007,240.800003,248.220001,6392100,239.146835
"919",248.330002,251.380005,245.759995,250.179993,3125000,241.035187
"920",252.240005,256.910004,250.410004,252.809998,3928300,243.569077
"921",253.399994,254.139999,247.789993,253.119995,12838400,243.867737
"922",252.929993,256.049988,250.100006,253.320007,4053900,244.060425
"923",250.050003,252.039993,248.679993,250.860001,2869000,241.690338
"924",251.220001,258.799988,251.220001,258.119995,2871600,248.684967
"925",259.290009,260.059998,246.350006,247.910004,3137700,238.84819
"926",251.330002,252.270004,244.580002,248.399994,2910200,239.320236
"927",246.229996,246.990005,239.529999,241.179993,3358600,232.364166
"928",242.639999,247.490005,241.820007,245.570007,2244300,236.593719
"929",244.559998,246.139999,238.899994,240.639999,2126400,231.843933
"930",241.699997,245.490005,241.070007,243.210007,1899400,234.319992
"931",244.839996,247.839996,244.25,246.75,2086500,237.730576
"932",248.699997,251.919998,248.100006,248.350006,2243900,239.272095
"933",251.350006,251.350006,247,247.759995,2325300,238.703659
"934",243.529999,249.720001,243.020004,248.080002,2801100,239.011963
"935",248.690002,249.839996,242.350006,247.720001,6042400,238.665115
"936",247.039993,247.039993,238.199997,243.190002,2745300,234.30069
"937",241.550003,248.289993,240.899994,247.5,2172600,238.453156
"938",247.300003,249.229996,241.479996,242.589996,2104300,233.722641
"939",242.149994,242.679993,237.779999,240.320007,1827200,231.535614
"940",239.509995,244.179993,237.809998,243.820007,2635700,234.907684
"941",247.679993,249.039993,244.770004,247.029999,2213900,238.000336
"942",247.550003,249.050003,245.479996,248.300003,2008000,239.223923
"943",249.809998,256.119995,248.100006,254.160004,3526600,244.86972
"944",255.070007,258.51001,254.050003,255.389999,2428300,246.054749
"945",252.399994,254.660004,244.009995,245.410004,2514100,236.43956
"946",246.520004,256.649994,246.240005,256.01001,2852300,246.6521
"947",257.399994,257.399994,252.139999,252.690002,2431400,243.453445
"948",253.960007,258.399994,253.100006,257.670013,1842800,248.251419
"949",249.270004,250.059998,239,240.089996,5592300,231.314026
"950",238.5,239.580002,234.020004,236.699997,4183000,228.047928
"951",237.729996,241.919998,235.759995,239.509995,2881600,230.755203
"952",239.199997,241.869995,238.869995,239.339996,2065600,230.591446
"953",240.399994,242.270004,237.199997,237.649994,2693600,228.963211
"954",236,236.990005,232.869995,235.009995,2531000,226.419708
"955",235.350006,239.160004,233.800003,235.720001,2059300,227.103745
"956",236.210007,237.440002,230.009995,230.710007,2749800,222.276901
"957",231.059998,232.899994,229.360001,231.100006,1950100,222.652634
"958",229.460007,231.110001,227.539993,228.970001,1978700,220.600494
"959",228.100006,229.929993,226.160004,227.979996,2172900,219.646652
"960",228.720001,230.070007,226.300003,227.160004,2104200,218.856644
"961",226.020004,228.229996,221.789993,224.889999,3087100,216.669632
"962",225.059998,225.949997,223.139999,223.460007,1934400,215.291916
"963",219.020004,221.059998,215.929993,216.380005,2874000,208.470703
"964",213.630005,220.330002,210.279999,217.820007,2994100,209.858078
"965",216.220001,217.270004,213.960007,216.940002,3262500,209.010223
"966",221.559998,222.369995,217.199997,220.210007,2029000,212.160706
"967",221.759995,223.080002,218.460007,220.059998,2533600,212.016159
"968",226.289993,235.979996,225.100006,230.330002,3810000,221.910782
"969",233.770004,233.830002,230,231.970001,2070300,223.490829
"970",232.660004,233.210007,230.039993,231.669998,2028500,223.201782
"971",242.940002,244.800003,234,235,2996200,226.410065
"972",244,245.839996,239.470001,241.600006,3742800,232.768814
"973",242.520004,245.669998,238.5,240.690002,2244800,231.89209
"974",240.550003,240.889999,235.639999,237.139999,2438200,228.471848
"975",236.889999,238.589996,235,237.360001,1767100,230.237244
"976",237.419998,239.820007,235.259995,236.660004,2069200,229.558258
"977",235.009995,236.929993,232.119995,232.440002,1935100,225.464874
"978",234.050003,234.369995,227.639999,227.759995,2466200,220.925308
"979",226.970001,226.970001,223.589996,224.669998,2595700,217.928024
"980",223.220001,225.089996,221.479996,223.169998,2956200,216.473038
"981",222.059998,223.169998,220.339996,222.220001,2032600,215.551559
"982",222.449997,223.050003,219.820007,220.460007,3198300,213.844391
"983",221.100006,223.770004,218.919998,220.309998,2550300,213.698868
"984",221.410004,226.210007,221.389999,224.809998,1698300,218.063843
"985",224.330002,225.279999,219.449997,222.039993,4857700,215.376953
"986",224.880005,225.779999,222.720001,225.080002,3050600,218.325745
"987",225.080002,230.080002,224.610001,226.559998,2641200,219.761307
"988",226,228.449997,225.520004,226.910004,2167800,220.10083
"989",225.75,230.330002,225.75,229.210007,2008800,222.331802
"990",229,229.210007,225.110001,226.449997,2250300,219.654602
"991",229.009995,229.100006,226.350006,228.940002,2124500,222.069901
"992",229.779999,231.589996,227.880005,229.850006,2210000,222.952606
"993",229.619995,230,227.520004,228.160004,1558100,221.313309
"994",226.470001,227.800003,225.5,227.399994,2019300,220.576126
"995",229.479996,232.190002,227.580002,229.460007,2904700,222.57431
"996",229.009995,231.279999,227,230.529999,2566600,223.612198
"997",229.990005,231.279999,228.110001,228.440002,2589100,221.584915
"998",229.119995,231.380005,228.830002,231.240005,2510400,224.300873
"999",232.039993,232.039993,227.25,228.490005,5888900,221.633423
"1000",225.679993,227.940002,221.580002,227.309998,2311400,220.4888
"1001",225.720001,226.479996,220.080002,220.990005,3571600,214.358475
"1002",221.479996,223.580002,220.660004,222.940002,1763500,216.249954
"1003",223.240005,224.580002,222.289993,222.929993,955400,216.24025
"1004",223.029999,226.899994,223.029999,223.649994,1495100,216.938644
"1005",225.880005,229.470001,225.270004,226.869995,1564400,220.062027
"1006",227.979996,229.029999,226.580002,227.169998,1891400,220.353027
"1007",227.309998,230.25,225.889999,229.919998,1821000,223.020477
