"","BBY.Open","BBY.High","BBY.Low","BBY.Close","BBY.Volume","BBY.Adjusted"
"1",43.049999,43.16,42.23,42.759998,5362700,37.78072
"2",43.34,44.18,43.310001,43.77,4745100,38.673096
"3",42.75,42.810001,41.790001,42.639999,5829100,37.674694
"4",42.869999,43.040001,42.400002,42.77,3926500,37.789555
"5",42.91,43.810001,42.799999,43.34,5400000,38.293182
"6",43.52,44.290001,43.189999,43.860001,4718400,38.752621
"7",44.040001,44.169998,43.009998,43.419998,2899100,38.363865
"8",43.779999,44.240002,43.5,44.23,4094500,39.079544
"9",44.130001,44.369999,43.759998,43.830002,3700300,38.72612
"10",44.02,45.830002,44.02,44.880001,5182300,39.653851
"11",44.220001,44.779999,43.700001,44.77,3905400,39.556656
"12",44.75,44.82,43.400002,43.630001,4767800,38.549416
"13",43.52,43.580002,42.5,43.360001,6142200,38.310844
"14",43.240002,43.720001,42.830002,43.540001,2517700,38.469898
"15",43.48,44.310001,43.48,44.169998,2333400,39.026524
"16",44.490002,44.950001,44.450001,44.669998,3126100,39.4683
"17",44.75,45.380001,44.709999,45.23,3611700,39.963097
"18",45.290001,45.360001,42.990002,43.470001,6706400,38.408043
"19",43.419998,44.299999,43.290001,44.220001,3420600,39.070705
"20",43.779999,44.650002,43.360001,44.52,4565100,39.335766
"21",44.580002,44.73,44.049999,44.5,3059300,39.318104
"22",44.41,44.98,44.23,44.310001,3872400,39.150227
"23",44.48,45.259998,44.259998,44.73,4530800,39.521317
"24",44.73,45.169998,43.860001,43.959999,4151300,38.840969
"25",44.130001,44.299999,43.450001,43.529999,3830200,38.46106
"26",43.689999,43.880001,43.27,43.869999,3888600,38.761459
"27",44.049999,45.119999,43.830002,44.73,3703800,39.521317
"28",44.959999,45,44.310001,44.68,2433000,39.477139
"29",44.919998,45.09,43.959999,43.970001,3790700,38.849815
"30",44.099998,45.450001,44.09,45.290001,5090200,40.016109
"31",45.43,46.099998,45.259998,45.919998,4132000,40.572735
"32",45.869999,46.23,45.139999,45.369999,3203200,40.086792
"33",45.220001,45.529999,44.73,45.240002,3017400,39.971931
"34",45.66,46.080002,45.389999,45.98,3627500,40.625759
"35",46.080002,46.200001,45.549999,45.720001,2300700,40.396038
"36",45.82,45.939999,44.060001,44.310001,4135300,39.150227
"37",44.34,45.790001,44.16,45.560001,6789000,40.254669
"38",45.66,46.450001,45.529999,46.150002,6698500,40.775967
"39",45.619999,45.619999,43.75,44.130001,8709400,38.991192
"40",42.549999,42.799999,41.669998,42.139999,16415100,37.232922
"41",42.220001,45.099998,42.220001,44.849998,13471600,39.627346
"42",44.75,44.900002,44.23,44.650002,6424900,39.450645
"43",44.610001,44.630001,43.869999,43.889999,5064000,38.779133
"44",43.799999,44.68,43.75,44.549999,5272400,39.362278
"45",44.5,45.450001,44.48,45.099998,4108200,39.848225
"46",45.119999,45.310001,44.700001,44.84,2624600,39.618511
"47",44.919998,45.18,44.509998,44.799999,3834000,39.583172
"48",44.779999,45.130001,44.41,44.849998,3250000,39.627346
"49",44.759998,44.91,44,44.369999,3968300,39.203236
"50",44.040001,44.540001,43.75,44.41,3412000,39.238575
"51",44.389999,44.84,44.119999,44.5,3890400,39.318104
"52",44.720001,45.77,44.610001,45.740002,6909200,40.413712
"53",45.419998,45.73,45.02,45.549999,5877200,40.54723
"54",45.599998,45.650002,43.740002,44.060001,7107600,39.220879
"55",43.990002,45.16,43.720001,45.02,4551400,40.075432
"56",44.919998,45.23,44.540001,44.619999,3307600,39.719368
"57",44.59,45.099998,44.560001,44.849998,2553600,39.924114
"58",45.060001,46.41,44.82,46.200001,4696800,41.125835
"59",46.240002,47.049999,46.02,46.970001,3253500,41.811279
"60",47.09,47.98,47.009998,47.77,3437600,42.523411
"61",47.700001,48.689999,47.630001,48.59,3243600,43.253345
"62",48.400002,49.349998,48.299999,49.150002,4129300,43.751846
"63",49.150002,49.240002,48.419998,48.529999,5623500,43.199932
"64",48.400002,48.790001,48.16,48.650002,5647800,43.306763
"65",48.799999,48.939999,47.939999,47.970001,2949300,42.701439
"66",48.330002,48.830002,47.880001,47.990002,4386800,42.719254
"67",48,48.310001,47.68,48.220001,4585700,42.923988
"68",48.459999,49.09,48.380001,48.549999,3581100,43.217739
"69",48.580002,48.779999,48.169998,48.650002,2758500,43.306763
"70",48.66,48.669998,48.290001,48.360001,2171000,43.048607
"71",48.330002,48.73,48.240002,48.27,3168000,42.968487
"72",48.470001,48.5,48.029999,48.360001,2730300,43.048607
"73",48.360001,49.310001,48.16,48.52,2946000,43.19104
"74",48.689999,49.990002,48.68,49.380001,3859500,43.956577
"75",49.82,50.869999,49.669998,50.529999,4845100,44.980278
"76",50.48,50.919998,50.060001,50.639999,3651300,45.078205
"77",51,51.419998,50.709999,51.150002,2688800,45.532181
"78",52.43,52.610001,50.98,51.77,4515800,46.084087
"79",51.84,52.57,51.82,52.25,2876800,46.511368
"80",52.25,52.669998,52,52.349998,3208100,46.600388
"81",52.419998,52.450001,51.490002,51.810001,3001400,46.119686
"82",51.990002,51.990002,51.389999,51.459999,2234200,45.808132
"83",51.5,51.740002,51.240002,51.509998,3395200,45.852634
"84",51.25,51.75,51.07,51.650002,2649400,45.977257
"85",51.650002,51.84,50.75,50.869999,4871900,45.282925
"86",51.130001,51.66,50.970001,51.619999,2812900,45.950562
"87",51.790001,52.009998,51.669998,51.759998,2654100,46.07518
"88",51.889999,52.029999,51.740002,51.82,1980400,46.128597
"89",51.889999,52.209999,51.630001,52,2351100,46.28883
"90",51.669998,52.02,51.18,51.970001,2769000,46.262127
"91",51.740002,51.759998,50.830002,51.110001,3333100,45.496574
"92",51.299999,51.599998,50.990002,51.16,2529900,45.54108
"93",51.099998,51.830002,50.700001,51.82,3534200,46.128597
"94",51.82,52.049999,50.57,50.610001,4636200,45.051487
"95",50.849998,51.330002,50.360001,50.630001,3232200,45.069294
"96",50.869999,51.5,50.5,51.330002,2500500,45.69241
"97",51.509998,51.919998,51.450001,51.75,3676300,46.066284
"98",51.860001,52.119999,51.169998,51.549999,3370900,45.888252
"99",51.509998,51.830002,50.290001,50.419998,7871200,44.882343
"100",57.450001,61.950001,56.299999,61.25,33404100,54.522892
"101",60.41,60.880001,58.880001,58.970001,14895700,52.493313
"102",58.799999,59.82,58.700001,59.279999,5326200,52.769257
"103",59.32,59.439999,58.709999,59.389999,5726700,52.867176
"104",59.360001,60.34,59.169998,60.299999,3448800,53.677242
"105",60.299999,60.349998,59.23,59.669998,4695700,53.116425
"106",59.82,59.869999,59.18,59.52,3514100,52.982903
"107",59.5,59.57,58.419998,58.529999,4255100,52.101635
"108",58.82,59.610001,58.689999,59.380001,4086900,52.85828
"109",59.380001,59.959999,58.970001,59.110001,3208600,52.617924
"110",59.02,59.34,57.810001,58.130001,5689900,51.745564
"111",57.900002,58.029999,57.119999,57.119999,7552500,50.846485
"112",56.759998,58.119999,56.700001,57.849998,3965500,51.804684
"113",57.48,57.82,56.610001,57.48,4202200,51.473339
"114",56.73,57,55.73,56.549999,4095200,50.640522
"115",56.09,56.459999,55.169998,55.650002,6589500,49.834579
"116",56.029999,56.099998,55.380001,55.790001,3148600,49.959949
"117",55.880001,56.02,54.849998,54.93,2352800,49.189823
"118",55.110001,55.48,54.77,55.169998,2029500,49.404739
"119",55.130001,55.669998,54.650002,55.220001,2178400,49.449505
"120",54.990002,55.459999,54.830002,55.18,4088400,49.413696
"121",55.669998,56.540001,55.619999,56.290001,4117000,50.407703
"122",56.380001,57.119999,56.080002,56.18,2455200,50.3092
"123",56.52,57.349998,56.389999,56.77,2434700,50.83754
"124",56.860001,57.330002,56.360001,57.259998,3980300,51.276337
"125",57.599998,58.07,57.32,57.330002,2981500,51.339012
"126",57.869999,59.369999,57.849998,59.220001,2795700,53.031517
"127",59.119999,59.689999,58.07,58.150002,3588500,52.073338
"128",58,58.150002,57.32,57.419998,1895400,51.419617
"129",57.52,58.080002,57.34,57.869999,2509600,51.822578
"130",55.18,55.509998,53.099998,54.23,11380200,48.562969
"131",54.32,54.66,53.029999,53.689999,5179000,48.079395
"132",54.099998,54.169998,53.009998,53.299999,3989700,47.730148
"133",53.689999,54.900002,53.599998,54.66,4392900,48.948021
"134",55.029999,56.470001,55,55.259998,3585900,49.485336
"135",55.130001,56.34,55.07,56,2895400,50.147995
"136",55.990002,56.529999,55.689999,55.790001,2285400,49.959949
"137",56.130001,56.509998,55.970001,56.169998,2094700,50.300236
"138",56.040001,56.18,52.970001,53.959999,8002000,48.321182
"139",53.240002,54.5,53.16,54.139999,4666500,48.482368
"140",54,55.27,54,54.799999,3322800,49.073399
"141",55.25,55.919998,54.970001,55.32,3468300,49.539063
"142",55.450001,55.869999,55.02,55.57,2128500,49.762939
"143",55.400002,57.139999,55.23,57.049999,3249300,51.08828
"144",57.16,57.790001,57.049999,57.639999,2519800,51.616623
"145",57.68,58.779999,57.68,58.34,3036800,52.243481
"146",58.599998,59.599998,58.549999,59.48,4210300,53.264339
"147",59.509998,60.099998,58.259998,59.380001,3763000,53.174793
"148",59.41,60.509998,59.310001,59.689999,2213400,53.452393
"149",59.880001,60.459999,59.790001,60.279999,2006600,53.980743
"150",60.490002,61.779999,60.349998,61.759998,3529100,55.306084
"151",61.82,62.360001,61.380001,61.48,2467300,55.055344
"152",61.209999,61.889999,60.709999,61.07,2573100,54.688187
"153",60.700001,60.700001,59.759998,59.779999,2760200,53.53299
"154",59.77,60.549999,59.77,60.07,2186200,53.792683
"155",60.580002,60.889999,60.310001,60.709999,2284100,54.365807
"156",60.57,60.650002,58.93,58.970001,3282500,52.80764
"157",59.77,60.91,59.18,60.669998,2821200,54.32999
"158",60.389999,60.860001,60.139999,60.150002,2253400,53.864326
"159",60.07,60.16,59.380001,59.470001,3133500,53.25539
"160",59.470001,60.669998,59.419998,60.450001,3077400,54.132984
"161",61.02,61.830002,60.959999,61.790001,2890400,55.332947
"162",61.529999,62.34,61.369999,62.099998,4123200,55.610538
"163",62.66,63.32,61.279999,61.799999,3628300,55.341904
"164",61.849998,62.380001,61.48,61.869999,2252600,55.404591
"165",62.450001,62.799999,61.650002,62.470001,5878300,55.941887
"166",58.169998,58.849998,54.75,55.02,34926100,49.270412
"167",55.34,55.400002,53.450001,54.189999,14220900,48.527149
"168",54.400002,54.459999,53.669998,54.259998,8395700,48.589832
"169",54.439999,54.869999,53.889999,54.48,5804800,48.786839
"170",54.299999,55.290001,54.240002,55.259998,5387100,49.485336
"171",55.200001,55.75,54.700001,55.66,5012600,49.84354
"172",55.66,56.139999,55.330002,56.009998,5303300,50.156956
"173",56.029999,56.130001,55.25,55.5,4250800,49.700253
"174",55.810001,55.990002,55.34,55.959999,3535300,50.112186
"175",56.119999,57.09,56.009998,56.790001,3532300,50.855446
"176",56.790001,58.639999,56.639999,58.599998,5695700,52.476295
"177",58.290001,58.529999,57.709999,58.380001,3714300,52.279293
"178",58.529999,58.759998,58.080002,58.610001,3919800,52.485249
"179",58.669998,58.68,57.259998,57.349998,3367900,51.656593
"180",56.150002,56.68,51.610001,52.759998,22501100,47.522263
"181",52.509998,52.799999,52.049999,52.59,7484300,47.369141
"182",52.32,54.32,52.32,53.950001,6502200,48.594131
"183",53.790001,54.860001,53.650002,53.900002,4317100,48.549095
"184",53.720001,54.73,53.610001,54.169998,3700600,48.792286
"185",54.200001,54.860001,53.669998,54.639999,3339100,49.21563
"186",54.630001,56.860001,54.599998,56.669998,4980400,51.044098
"187",56.48,57.23,56.240002,56.830002,3544500,51.188217
"188",56.830002,57.189999,56.360001,56.959999,2691100,51.305305
"189",57.110001,57.709999,56.919998,57.419998,2359400,51.719639
"190",57.32,57.869999,56.84,56.91,2640900,51.260273
"191",56.91,57.470001,56.830002,57.150002,2301100,51.476452
"192",57.419998,58.09,57.189999,57.490002,2947400,51.782696
"193",57.25,58.869999,57.25,58.759998,4018200,52.926613
"194",59,59.459999,58.580002,59.040001,2649100,53.178822
"195",58.439999,58.540001,57,57.169998,3999700,51.494453
"196",57.049999,57.279999,55.189999,55.470001,5810800,49.96323
"197",55.48,55.599998,54.439999,55.130001,4025900,49.656979
"198",55.290001,55.34,54.02,55.099998,3104400,49.629951
"199",54.950001,55.419998,54.59,54.91,2848200,49.458824
"200",54.720001,55.150002,54.169998,54.650002,3662400,49.224636
"201",54.650002,55.669998,54.57,55.459999,2293300,49.954224
"202",55.099998,55.740002,54.790001,55.459999,2349500,49.954224
"203",55.790001,56.009998,55.349998,55.830002,2654400,50.287487
"204",56.009998,56.490002,55.939999,56.02,3571700,50.45863
"205",56.41,57.060001,56.07,56.650002,3236700,51.026081
"206",56.630001,56.700001,54.860001,55.169998,3407100,49.693005
"207",55.07,56.470001,55.02,55.950001,4163600,50.395573
"208",55.310001,55.509998,54.25,55.200001,2661400,49.720028
"209",55.139999,55.549999,54.970001,55.380001,2884100,49.882172
"210",55.5,56.380001,55.400002,55.98,2195600,50.422596
"211",56.18,56.360001,55.509998,56.009998,2326300,50.449615
"212",56.209999,57.470001,55.869999,57.34,3946100,51.647583
"213",57.209999,57.82,56.830002,56.919998,2912400,51.269283
"214",56.759998,57.259998,56.220001,56.389999,3735600,50.791897
"215",56.59,56.700001,54.650002,55.130001,3493900,49.656979
"216",55.02,56.779999,54.720001,56.549999,3571400,50.936012
"217",56.16,56.490002,55.27,55.93,3544200,50.377567
"218",56.189999,57.049999,56.009998,56.68,3899500,51.053112
"219",56.700001,57.43,56.380001,56.970001,3958200,51.314316
"220",56.580002,57.619999,56.5,57.200001,2942000,51.521484
"221",57.060001,57.43,56.07,57.299999,5272200,51.611557
"222",55.540001,56.900002,52.919998,55.25,18407300,49.765064
"223",55.57,55.990002,54.34,55.830002,5190000,50.287487
"224",56,57.02,56,56.349998,4153900,50.755863
"225",56.439999,56.77,55.82,56.060001,3199000,50.494659
"226",56.540001,57.150002,56.34,56.490002,3320000,50.881977
"227",56.75,57.349998,56.169998,57,2718400,51.341339
"228",57.549999,58.349998,56.799999,57.02,3939600,51.359348
"229",56.880001,58.130001,56.880001,58.049999,2686200,52.287102
"230",58.099998,59.459999,57.509998,58.830002,5281800,52.98967
"231",59.02,60.52,59,59.610001,5249800,53.69223
"232",59.75,60.830002,58.82,60.349998,5892000,54.358761
"233",60.919998,62.799999,60.599998,62.549999,6917800,56.34037
"234",62.490002,62.689999,61.540001,61.98,3552500,55.82695
"235",61.650002,61.830002,60.939999,60.970001,3538100,55.220139
"236",61.099998,61.580002,60.849998,61.490002,4007200,55.69109
"237",61.830002,64.120003,61.450001,63.790001,4998600,57.7742
"238",63.59,63.720001,62.900002,63.619999,4688100,57.620228
"239",63.73,64.160004,63.369999,63.52,3408100,57.529659
"240",63.75,64.709999,63.470001,64.389999,3490000,58.317604
"241",64.769997,64.800003,63.669998,63.75,3749400,57.737972
"242",64.389999,65.540001,64.160004,65.32,6909900,59.159908
"243",65.650002,67.139999,65.629997,67.010002,3936400,60.690533
"244",67.089996,67.279999,65.779999,65.800003,4140500,59.594631
"245",66.540001,66.889999,65.970001,66.730003,2734600,60.436932
"246",66.730003,67.300003,66.110001,67.080002,2745600,60.753929
"247",67.139999,67.269997,66.879997,67.110001,1655000,60.781101
"248",66.940002,68.059998,66.669998,68.019997,1976000,61.605274
"249",68.099998,68.550003,67.730003,68.360001,2036300,61.913204
"250",68.57,68.720001,68.080002,68.419998,1374700,61.967552
"251",68.559998,68.980003,68.379997,68.470001,2056200,62.012833
"252",68.260002,69.389999,67.870003,69.160004,3693500,62.637779
"253",69.18,69.389999,68.139999,68.400002,3564300,61.949444
"254",68.849998,69.010002,66.110001,67.279999,5193200,60.935059
"255",67.900002,68.970001,67.459999,68.870003,4115000,62.375107
"256",68.68,70.110001,68.419998,69.690002,3617800,63.117783
"257",69.93,70.220001,69.150002,69.779999,3177200,63.199299
"258",69.339996,70.870003,69.050003,70.339996,2740800,63.706478
"259",70.230003,72.019997,69.93,71.709999,2805900,64.947289
"260",71.790001,73.449997,71.739998,73.25,3439900,66.342049
"261",73.779999,74.110001,71.809998,72.400002,3748100,65.57222
"262",72.260002,74.629997,72.260002,74.260002,3199300,67.256805
"263",74.269997,74.75,73.900002,74.690002,2737600,67.646248
"264",75.099998,77.07,74.779999,76.860001,3445700,69.611595
"265",76.949997,78.110001,76.550003,78.059998,2271500,70.698433
"266",78.029999,78.589996,77.199997,77.519997,2512800,70.209366
"267",77.519997,77.779999,76.129997,76.790001,2543400,69.54821
"268",76.07,76.309998,75.18,76.269997,3531900,69.077248
"269",76.459999,77.879997,76.370003,77.849998,3133900,70.508232
"270",77.43,77.870003,76.489998,76.589996,2589800,69.367065
"271",76.199997,76.510002,75.18,76.290001,2962100,69.095375
"272",75.360001,75.43,72.470001,73.059998,5266800,66.169975
"273",72.57,74.360001,72.080002,73.099998,3190100,66.206207
"274",72.559998,72.980003,71.019997,71.239998,5040400,64.521606
"275",70.540001,71.949997,67.989998,68.019997,4096000,61.605274
"276",66.580002,70.699997,65.050003,70.300003,4672900,63.670261
"277",70.110001,72.309998,69.870003,71.260002,3468200,64.539726
"278",71.389999,72.07,68.769997,68.790001,3850500,62.302658
"279",69.510002,71.410004,67.580002,70.760002,3394400,64.086876
"280",71.110001,71.269997,68.949997,70.349998,3257700,63.715542
"281",70.059998,70.879997,69.699997,70.099998,2881600,63.489105
"282",69.739998,72.809998,69.410004,72.519997,3602700,65.680901
"283",73.059998,73.32,71.839996,73.32,2283900,66.405449
"284",73.269997,74.25,72.769997,73.18,2165700,66.278641
"285",72.629997,73.440002,71.720001,71.919998,2665200,65.137482
"286",72.239998,72.900002,70.739998,70.790001,2871600,64.114059
"287",71.400002,71.940002,71.120003,71.290001,2477300,64.566887
"288",72.089996,73.32,71.629997,73.169998,2320400,66.269592
"289",73.669998,74.25,72.510002,72.57,3714900,65.726173
"290",73.029999,73.43,71.110001,71.489998,4393100,64.748016
"291",72.019997,73.93,71.639999,72.440002,5052500,65.608452
"292",74.449997,76.029999,72.730003,75.300003,13379800,68.19873
"293",74.849998,75.18,72.269997,73.040001,6929000,66.151855
"294",72.860001,75.510002,72.5,75.059998,6127400,67.981354
"295",75.379997,77.32,75.379997,76.769997,4348200,69.530106
"296",74.790001,75.379997,72.889999,73.639999,5496700,66.695267
"297",74.080002,74.260002,72.650002,73.25,3638900,66.342049
"298",73.870003,73.959999,72.199997,73.82,3316000,66.858299
"299",73.82,74.199997,70.599998,72.050003,3142000,65.255211
"300",72.620003,73.349998,71.18,71.519997,3626700,64.775192
"301",71.959999,71.980003,69.75,69.900002,5157400,63.307976
"302",69.809998,70.339996,68.940002,68.989998,3789300,62.483799
"303",69.010002,70.129997,68.639999,69.730003,5474600,63.153999
"304",69.57,69.760002,68.300003,68.529999,3300500,62.067177
"305",68.309998,70.220001,68.309998,70.040001,3979400,63.434776
"306",69.519997,69.809998,68.410004,68.440002,3523100,62.386497
"307",67.889999,68.370003,66.980003,67.25,3187400,61.30175
"308",67.43,68.559998,66.650002,66.68,3324800,60.782169
"309",67.900002,69.949997,67.760002,69.510002,3501500,63.361851
"310",69.660004,69.669998,67.389999,67.739998,3098500,61.748402
"311",68.089996,69.660004,67.839996,68.559998,3794400,62.49588
"312",68.989998,70.650002,68.989998,69.989998,3783800,63.7994
"313",69.870003,70.43,67.989998,68.919998,2978600,62.824039
"314",69.25,70.68,69.230003,70.339996,2612800,64.118423
"315",69.339996,73.169998,69.139999,72.860001,3825200,66.415565
"316",73.059998,73.150002,71.93,72.120003,2934800,65.740982
"317",71.699997,72.610001,70.099998,70.489998,3203100,64.25518
"318",70.940002,71.5,69.809998,69.82,3002300,63.644436
"319",70.779999,72.160004,70.419998,71.720001,2166400,65.376381
"320",71.169998,72.099998,70.760002,70.910004,1589300,64.638039
"321",71.330002,71.919998,71.150002,71.300003,2537100,64.99353
"322",71.989998,73.300003,70.830002,71.129997,2775000,64.838554
"323",71.940002,72.610001,71.330002,71.910004,2514400,65.549583
"324",72.849998,73.339996,72.029999,72.75,2096500,66.315277
"325",74.5,75.800003,74.370003,75.400002,4496700,68.730881
"326",74.839996,75.330002,72.919998,73.339996,3347900,66.853073
"327",73.900002,74.199997,71.949997,72.300003,3407900,65.90509
"328",72.489998,73.720001,72.480003,73.5,1947200,66.998947
"329",73.629997,74.25,72.470001,73.169998,2897700,66.69812
"330",72.889999,74.620003,72.839996,74.379997,2646900,67.801102
"331",74.709999,76.019997,74.349998,75.620003,2615600,68.931435
"332",75.919998,77.25,75.739998,77.040001,2450800,70.225822
"333",77.5,78.220001,76.360001,76.529999,3078100,69.760941
"334",76.209999,76.410004,74.199997,75.379997,3648200,68.712662
"335",75.529999,76.32,74.910004,75.870003,2247900,69.159309
"336",75.559998,75.559998,73.940002,75.010002,2754300,68.375389
"337",74.849998,76.68,74.68,76.220001,2176800,69.478363
"338",76.379997,76.690002,74.879997,75.5,1850100,68.822037
"339",75.370003,75.879997,75,75.629997,2094200,68.940529
"340",75.720001,76.519997,75.07,76.220001,2073400,69.478363
"341",76.669998,76.970001,75.93,76.830002,2558600,70.034416
"342",76.519997,78.290001,76.209999,77.779999,2085900,70.900383
"343",77.900002,78.760002,77.779999,78.25,2363900,71.328819
"344",77.900002,79.080002,77.419998,78.599998,2209300,71.647835
"345",78.949997,79.900002,78.349998,78.510002,2976100,71.565811
"346",78.879997,79.589996,78.629997,78.779999,2506500,71.811928
"347",78.550003,79.309998,77.870003,78.25,2755300,71.328819
"348",78.889999,79.389999,78.139999,78.300003,3567200,71.374382
"349",78.93,78.980003,75.150002,75.470001,4844100,68.794701
"350",75.080002,76.559998,74.650002,75.949997,4737500,69.232231
"351",70.889999,72.860001,69.709999,70.900002,16433300,64.628899
"352",71,71.040001,68.32,68.449997,8746200,62.395611
"353",68.110001,69.279999,67.769997,68.18,4732000,62.149487
"354",68.470001,69.889999,67.550003,69.599998,4777300,63.443897
"355",69.449997,69.529999,68.199997,68.25,5613400,62.213295
"356",68.5,69.43,67.910004,68.849998,3602200,62.76022
"357",68.940002,70.059998,68.639999,69.860001,3260900,63.680904
"358",69.470001,71.860001,69.32,71.760002,4834300,65.412842
"359",71.75,72.080002,70.75,71.559998,3071500,65.230522
"360",71.870003,72.669998,71.349998,71.660004,3425100,65.321678
"361",71.260002,72.540001,70.910004,72.309998,2816400,65.914177
"362",72.449997,74.230003,72.339996,73.639999,3999800,67.126549
"363",74.050003,74.25,72.919998,74.050003,3238900,67.50029
"364",73.699997,73.739998,72.800003,73.260002,3644200,67.188469
"365",73.209999,74.029999,73.040001,73.32,3295300,67.243484
"366",72.879997,74.980003,71.93,74.809998,6386900,68.610016
"367",74.099998,77.120003,73.970001,77.059998,4096200,70.673531
"368",76,76.800003,75.120003,76.410004,4189100,70.077408
"369",76.379997,76.629997,75.18,75.860001,3307100,69.57299
"370",75.849998,77.739998,75.760002,77.230003,2931500,70.829453
"371",77.690002,77.970001,76.050003,76.260002,3604000,69.93985
"372",75.919998,76.709999,74.580002,75.110001,3348300,68.885139
"373",75.470001,77.230003,75.230003,76.519997,2853900,70.178299
"374",76.540001,76.93,74.050003,74.080002,3002900,67.940521
"375",73.93,75.279999,73.160004,74.989998,3235700,68.775085
"376",75.389999,76.120003,74.580002,74.580002,3004500,68.399071
"377",74.330002,74.449997,72.839996,74.349998,2745600,68.188118
"378",74.330002,74.900002,73.550003,73.629997,1185700,67.527794
"379",73.980003,74.309998,73.260002,73.739998,2141200,67.6287
"380",73.830002,74.389999,73.199997,74.279999,1442500,68.12394
"381",74.57,75.419998,74.400002,75.209999,2397500,68.976852
"382",75.690002,75.760002,74.900002,75.709999,2094500,69.43541
"383",74.540001,74.75,73.029999,74.279999,3230700,68.12394
"384",74.650002,75.080002,74.209999,74.690002,1257400,68.499969
"385",74.779999,76.779999,74.779999,75.879997,3106100,69.591339
"386",75.75,76.220001,75.220001,75.480003,1586500,69.22451
"387",75.779999,76.830002,75.489998,76.559998,1910100,70.214973
"388",76.599998,76.879997,75.970001,76.349998,1910300,70.022377
"389",76.349998,78.790001,76.199997,77.980003,3399600,71.517303
"390",77.510002,77.739998,76.040001,76.110001,2779600,69.802292
"391",75.970001,76.919998,75.75,76.400002,1532400,70.06823
"392",77.099998,77.620003,74.860001,75.25,2418100,69.013542
"393",75.199997,75.440002,74.400002,75.32,2267600,69.077744
"394",75.620003,76.879997,75.5,76.010002,2129200,69.710564
"395",75.900002,76.5,74.360001,74.68,2450100,68.490791
"396",74.559998,74.860001,73.779999,74.440002,3126600,68.270676
"397",74.57,75.489998,74.400002,75.029999,2195200,68.811768
"398",75.190002,76.459999,74.720001,74.879997,2306900,68.67421
"399",74.379997,76.059998,74.309998,75.919998,1523900,69.628021
"400",76.110001,77.220001,75.690002,76.080002,1426100,69.77475
"401",76.029999,76.629997,75.879997,76.419998,1385800,70.086578
"402",76.620003,77.639999,76.529999,77.290001,1660700,70.884483
"403",76.879997,77.519997,76.629997,77.290001,1529200,70.884483
"404",78.059998,79.050003,77.779999,78.68,2240300,72.159271
"405",78.239998,79.25,78,78.709999,1740000,72.186783
"406",78.949997,79.230003,77.019997,77.07,2098600,70.682709
"407",77.449997,79.010002,77.300003,78.529999,2982000,72.021706
"408",78.260002,78.260002,75.739998,76.379997,3631800,70.049889
"409",78.129997,78.370003,76.480003,76.910004,3702800,70.535973
"410",76.919998,78.699997,76.690002,78.480003,1824200,71.975861
"411",78.540001,79.720001,78.279999,79.379997,2472800,72.801262
"412",79.400002,81.82,79.169998,81.43,4696300,74.681374
"413",81.900002,84.370003,80.629997,80.949997,4080500,74.24115
"414",80.989998,82.730003,80.989998,82.599998,3394500,75.754379
"415",83.050003,83.099998,80.919998,82.080002,4144800,75.277496
"416",83.040001,83.199997,81.419998,81.660004,5293300,74.892319
"417",77.5,79.25,74.760002,77.57,18462100,71.141273
"418",77.790001,77.989998,76.620003,77.629997,5435900,71.196297
"419",77.599998,78.5,77.190002,78.010002,3228200,71.544807
"420",77.949997,79.639999,77.620003,79.559998,5222200,72.966331
"421",79.510002,80.980003,79.160004,80.68,3640300,73.993523
"422",80.440002,81.239998,78.730003,79.07,3617800,72.51696
"423",79.5,79.970001,78.970001,79.230003,3218800,72.663712
"424",78.949997,79.57,77.860001,78.190002,3026100,71.709885
"425",78.639999,78.739998,76.919998,77.309998,3211300,70.902809
"426",77.169998,77.949997,76.68,77.57,2582900,71.141273
"427",77.559998,78.32,77.050003,78.25,2847500,71.764931
"428",78.260002,79.190002,77.870003,78.559998,2702200,72.049225
"429",78.610001,79.059998,77.629997,78.389999,3041700,71.893311
"430",78.25,78.900002,76.910004,77.040001,2830500,71.063141
"431",76.529999,77.910004,76.440002,77.699997,3301700,71.671913
"432",77.790001,78.18,77.120003,77.739998,2311900,71.708824
"433",77.889999,79.699997,77.699997,79.559998,3429200,73.387627
"434",79.800003,81.529999,79.790001,80.639999,5208100,74.383842
"435",80.970001,81.660004,79.279999,79.419998,3651800,73.258492
"436",79.32,79.989998,77.239998,77.860001,2633400,71.819527
"437",78.410004,80.419998,78.199997,79.629997,2497500,73.452187
"438",79.529999,79.809998,78.07,78.260002,2726500,72.188484
"439",77.959999,80.139999,77.959999,79.360001,3341600,73.203148
"440",79.57,79.82,78.279999,79.010002,2130400,72.88031
"441",79,79.07,75.080002,75.199997,3946200,69.365898
"442",75.389999,75.730003,74.370003,75.010002,3263800,69.19062
"443",75.010002,75.209999,73.010002,73.150002,3675400,67.474937
"444",72.580002,74.599998,71.669998,72.550003,3022400,66.921486
"445",72.190002,72.650002,70.169998,71.379997,3795700,65.842247
"446",70.900002,72.940002,70.769997,71.339996,4040600,65.805351
"447",71.790001,72.279999,70.620003,70.779999,3459700,65.288795
"448",70.75,72.519997,70.190002,70.75,3611200,65.261108
"449",71.949997,72.959999,71.260002,72.449997,3576800,66.829216
"450",72.730003,73.769997,72.540001,72.989998,3213900,67.327339
"451",73.230003,74.980003,72.809998,74.809998,2301100,69.006157
"452",74.690002,75.07,72.550003,73.830002,2565600,68.102165
"453",73.470001,73.849998,71.860001,72.650002,2451000,67.013733
"454",72.879997,72.93,70.470001,70.790001,2934000,65.298004
"455",71.199997,72.519997,70.599998,72.190002,2149700,66.589409
"456",70.910004,71.989998,69.57,71.669998,2838800,66.109741
"457",71.660004,72.870003,68.769997,68.949997,3973100,63.600773
"458",69.260002,70.449997,68.879997,69.169998,2665000,63.803696
"459",68.440002,69.330002,66.080002,68.449997,3884700,63.139553
"460",68.970001,70.029999,67,67.980003,3286700,62.706032
"461",68.059998,70.889999,67.68,70.510002,3156800,65.039749
"462",71.260002,71.709999,70.129997,70.160004,2509400,64.716904
"463",70.07,73.139999,69.199997,73.080002,2977900,67.410362
"464",73.889999,75.110001,70.459999,71.889999,4078300,66.312683
"465",71.839996,72.059998,69.519997,71.099998,3085200,65.583961
"466",71.040001,71.910004,70.089996,71.68,2393400,66.118958
"467",71.940002,72.860001,70.559998,72.809998,2308900,67.161308
"468",72.449997,73.589996,72.010002,73.230003,2946900,67.548729
"469",73.150002,73.290001,67.709999,67.790001,6359000,62.530762
"470",67.599998,68.379997,66.550003,67.150002,4200700,61.940414
"471",64.949997,67.699997,64.849998,67.050003,5587900,61.848167
"472",67.629997,69.099998,66.089996,66.550003,4390100,61.386974
"473",65.93,68.279999,64.809998,67.779999,5487000,62.521534
"474",67.440002,67.559998,65.519997,66.43,5276100,61.276272
"475",66.099998,67.290001,62.18,62.200001,7457300,57.374443
"476",61,65.540001,60.07,63.529999,11885200,58.601257
"477",64.419998,65,60.84,62.09,9104500,57.27298
"478",61.990002,62.970001,61.880001,62.549999,3849900,57.697292
"479",63.619999,64.849998,63.459999,64.339996,5711700,59.348415
"480",64,64.980003,63.32,64.68,4055000,59.662041
"481",64.980003,65.809998,64.040001,65.589996,3956600,60.501438
"482",65.019997,65.089996,63.900002,64.07,4235200,59.099373
"483",63.869999,65,63.34,64.589996,3992300,59.579018
"484",66.089996,67.559998,65.769997,66.989998,6536200,61.79282
"485",66.709999,67.059998,62.029999,62.259998,7036000,57.429787
"486",61.259998,62.360001,60.34,62.279999,5245100,57.448235
"487",62.220001,63.639999,60.360001,60.580002,3641200,55.880127
"488",60.369999,60.369999,58.07,58.66,3777300,54.514019
"489",59.43,59.990002,57.57,58.09,3557900,53.984299
"490",58.740002,59.849998,58.41,58.98,4712700,54.811401
"491",58.73,58.82,55.560001,55.93,5613700,51.976974
"492",55.25,57.400002,55.060001,55.369999,5234700,51.456551
"493",52.360001,54.369999,51.560001,52.23,10194200,48.538479
"494",52.790001,53.5,51.560001,51.970001,5956400,48.296856
"495",52.990002,53.529999,50.740002,50.959999,4896600,47.358242
"496",50.810001,51.970001,49.650002,50.41,6123000,46.847115
"497",50.77,51.599998,48.610001,48.860001,6188500,45.40667
"498",48.529999,51.009998,47.720001,48.240002,1778000,44.830486
"499",48.599998,51.619999,48.459999,51.57,4419300,47.925121
"500",50.720001,51.98,50,51.959999,3494800,48.287563
"501",52.200001,52.470001,50.810001,51.34,2823700,47.71138
"502",51.720001,52.959999,51.720001,52.959999,3330900,49.216885
"503",52.189999,54.040001,52,53.599998,3335700,49.811649
"504",52.700001,53.990002,50.939999,52.5,6208400,48.789398
"505",53.110001,53.68,52.549999,52.75,4910700,49.021729
"506",52.939999,56.220001,52.939999,55.759998,4251000,51.818981
"507",56.360001,57.52,55.150002,57.400002,4039800,53.343079
"508",57.18,58.279999,56.130001,57.830002,5282600,53.74268
"509",56.389999,56.93,55.119999,56.869999,3645900,52.850533
"510",56.419998,57.549999,56,56.509998,3413400,52.515976
"511",56.110001,57.98,55.84,57.279999,2627300,53.231556
"512",57.25,57.419998,56.09,56.669998,3795600,52.664661
"513",56.619999,56.860001,55.970001,56.330002,2652200,52.348698
"514",56.380001,58.099998,56.029999,57.82,3293600,53.733395
"515",58.25,59.48,58.23,58.709999,2807000,54.560486
"516",58.279999,58.68,57.209999,57.77,2520300,53.686924
"517",57.98,58.080002,56.389999,57.310001,2346300,53.259441
"518",57.459999,57.700001,56.720001,57.599998,1757800,53.528942
"519",58.139999,59.450001,58.139999,59.34,2821400,55.145954
"520",58.740002,59.540001,58.07,59.5,2746700,55.294643
"521",59.439999,59.450001,58.330002,58.779999,2094500,54.625534
"522",58.869999,59.27,58.360001,58.98,2477200,54.811401
"523",58.98,59.470001,58.82,59.240002,3653300,55.053032
"524",59.240002,59.240002,57.779999,58.470001,3784800,54.337448
"525",58.599998,59.389999,58.23,59.209999,1859500,55.025139
"526",59.299999,59.599998,58.900002,59.52,3132200,55.313236
"527",59.599998,59.880001,58.810001,59.459999,1900600,55.257477
"528",59.169998,59.360001,58.07,58.860001,1845900,54.699886
"529",58.209999,59.02,58.150002,58.950001,1701500,54.783527
"530",59.009998,59.09,58.220001,58.450001,2227100,54.318859
"531",58.75,60.52,58.75,59.860001,2970300,55.629211
"532",60.110001,60.369999,59.23,59.490002,3001600,55.285362
"533",59.049999,60.099998,58.66,59.57,2908400,55.359703
"534",60.060001,60.43,59.630001,60.18,1951200,55.92659
"535",60.25,60.52,59.509998,60.34,2869700,56.075279
"536",60.5,60.77,60.139999,60.32,2878600,56.056694
"537",60.450001,60.779999,59.439999,59.77,2442200,55.54557
"538",59.849998,60.610001,59.349998,60.439999,2307400,56.168205
"539",61.150002,61.400002,60.389999,60.549999,3805200,56.270435
"540",60.5,60.689999,59.59,60.310001,4177900,56.047401
"541",68.269997,70.730003,67.989998,68.82,17901700,63.955929
"542",69.489998,70.129997,68.139999,68.839996,6834800,63.974503
"543",69.639999,69.849998,67.620003,67.809998,5413400,63.017307
"544",68,68.589996,66.639999,67.059998,4253700,62.320316
"545",67.550003,67.809998,66.43,66.809998,3314500,62.087978
"546",67.290001,67.989998,66.610001,67.290001,3855900,62.534069
"547",66.830002,67.82,66.599998,67.639999,3694300,62.859333
"548",66.879997,67.43,66.360001,67.370003,3123600,62.608418
"549",67.599998,69.199997,67.599998,68.720001,3978400,63.863003
"550",68.989998,69.18,67.959999,68.830002,2622100,63.965221
"551",69,69.160004,68.349998,68.349998,3510400,63.51915
"552",68.239998,69.330002,68,68.849998,4257300,63.983803
"553",68.879997,69.669998,68.309998,69.629997,6814000,64.708687
"554",69.660004,70.279999,69.379997,70.239998,3534800,65.275566
"555",70.260002,70.620003,69.720001,69.889999,3504100,65.415962
"556",69.650002,69.919998,68.169998,69.110001,3377000,64.685898
"557",69.07,70.720001,68.82,70.559998,2693200,66.043076
"558",72.129997,73.339996,70.099998,70.110001,4006500,65.62188
"559",69.82,71.32,69.769997,70.889999,2242000,66.351959
"560",71.440002,71.860001,70.260002,70.5,2804200,65.986923
"561",70.379997,71.190002,70.019997,70.5,4090300,65.986923
"562",70.849998,71.68,70.389999,71.099998,3805100,66.548508
"563",71.279999,71.529999,70.809998,71.059998,2788300,66.511063
"564",71.360001,72.260002,71.089996,72.089996,2787100,67.475128
"565",72.029999,72.029999,71.120003,71.449997,1997700,66.876091
"566",71.839996,72.779999,71.75,72.540001,2347700,67.896324
"567",72.480003,74.589996,72.290001,74.57,2465500,69.796387
"568",74.949997,75.150002,74.330002,74.769997,3171600,69.983566
"569",74.620003,75.290001,74.379997,74.82,2236000,70.030365
"570",74.5,75.209999,74.389999,74.75,1772400,69.964851
"571",74.779999,75.529999,74.209999,74.489998,2360600,69.721504
"572",74.529999,74.540001,73.599998,73.980003,1771100,69.244141
"573",74.120003,74.32,73.440002,73.57,1711800,68.86039
"574",72.940002,73.519997,72.699997,73.239998,2295800,68.551506
"575",73.389999,73.75,72.989998,73.160004,2111000,68.476631
"576",73.629997,74.410004,73.169998,73.400002,1702000,68.701271
"577",73.370003,74.080002,72.980003,73.639999,2377400,68.925903
"578",73.209999,73.629997,72.57,72.599998,2439500,67.952484
"579",72.910004,73.900002,72.209999,73.620003,2075500,68.907188
"580",75.489998,75.910004,74.470001,74.690002,2126400,69.908691
"581",74.480003,74.480003,73.080002,73.790001,2083800,69.066299
"582",72.410004,73.330002,71.400002,72.800003,3032900,68.139679
"583",72.879997,74.019997,72.800003,73.389999,2231800,68.691902
"584",73.139999,74.540001,73.139999,74.410004,2552800,69.646614
"585",74.410004,74.980003,73.760002,73.830002,1752600,69.103745
"586",74,75.18,73.849998,75.18,2288200,70.36734
"587",75.279999,75.529999,74.580002,75.029999,2031100,70.226913
"588",73.75,75.07,72.889999,74.959999,2804300,70.161407
"589",74.279999,75.169998,72.75,73.290001,3156900,68.59832
"590",73.129997,74.690002,72.459999,73.480003,2746600,68.776154
"591",72.809998,72.949997,70.75,72.290001,3433300,67.662323
"592",72.07,72.199997,68.540001,71.32,3965800,66.75441
"593",70.300003,70.330002,66,67.099998,5408500,62.804565
"594",67.25,68.529999,66.529999,67.620003,3780600,63.291279
"595",67.150002,68.150002,67.019997,67.860001,2370000,63.515907
"596",68.440002,69.639999,68.059998,68.739998,3272400,64.339584
"597",68.010002,69.82,68,68.93,2439200,64.517418
"598",68.480003,69.290001,68.300003,68.839996,2794500,64.433167
"599",68.93,70.239998,68.5,69.949997,2616200,65.472122
"600",69.739998,70.75,69.169998,69.169998,4517400,64.742058
"601",69.059998,70,64.410004,65.82,7999700,61.606503
"602",65.43,66.209999,63.34,65.940002,6090000,61.718834
"603",65.68,66.709999,65.370003,65.400002,3484000,61.213394
"604",64.660004,65.639999,63.400002,64.540001,3671100,60.408443
"605",65.239998,65.489998,64.410004,65.010002,3604900,60.848362
"606",63.810001,64.010002,62.369999,62.669998,3542900,58.658157
"607",62.389999,63.759998,62.220001,63.220001,3851500,59.172943
"608",64.010002,64.800003,63.830002,63.939999,2819800,59.846851
"609",64.160004,64.860001,62.919998,63.220001,2481100,59.172943
"610",63.040001,63.41,61.580002,62.299999,2605500,58.311836
"611",62.630001,64.129997,62.540001,63.720001,2655100,59.640942
"612",64.580002,66.050003,63.939999,65.190002,3210400,61.016838
"613",65.489998,66.040001,64.82,65.519997,2212100,61.32571
"614",65.07,65.379997,64.360001,64.449997,1555000,60.78809
"615",64.809998,65.860001,64.809998,65.839996,1619700,62.09911
"616",65.980003,66.290001,64.949997,66.029999,2148000,62.278324
"617",65.800003,66.910004,65.629997,66.629997,1968600,62.844231
"618",66.940002,69.709999,66.720001,68.650002,3482500,64.749458
"619",68.690002,69,67.309998,67.620003,2750100,63.777992
"620",68.260002,68.510002,67.330002,68.389999,1741300,64.504234
"621",68.360001,68.5,67.209999,67.540001,2868300,63.70253
"622",67.510002,67.709999,66.82,67.470001,1472400,63.636501
"623",67.529999,68,66.260002,66.389999,1963700,62.617867
"624",67.139999,68.699997,66.730003,68.139999,2453200,64.268448
"625",68.400002,68.589996,68.010002,68.470001,1679900,64.579689
"626",68.160004,69.82,68.160004,69.730003,3051900,65.768105
"627",71.239998,73.650002,70.910004,72.43,3998800,68.31469
"628",72.43,72.510002,70.980003,71.639999,2116900,67.569565
"629",71.900002,72.279999,71.779999,71.970001,1338800,67.880829
"630",71.730003,72.139999,71.269997,71.889999,1422900,67.805382
"631",72.129997,73.150002,71.510002,72,2527500,67.909126
"632",71.669998,72.32,71.5,71.860001,3624500,67.777084
"633",72.050003,72.230003,71.309998,71.93,2687600,67.843102
"634",71.970001,73.760002,71.709999,73.75,2415700,69.559692
"635",73.949997,75.220001,73.949997,74.769997,2262600,70.521729
"636",74.75,75.639999,74.43,75.5,2030900,71.210266
"637",75.290001,75.470001,74.199997,74.779999,2301900,70.531166
"638",74.720001,75.010002,74.050003,74.230003,1671900,70.012405
"639",73.940002,74.419998,73.419998,73.839996,1665800,69.644577
"640",74.050003,75.07,73.980003,74.709999,1787800,70.465141
"641",74.989998,75.919998,74.730003,75.699997,2947800,71.398888
"642",75.839996,76.800003,75.510002,76.510002,1954400,72.162888
"643",76.480003,78.129997,76.410004,77.860001,1772300,73.436165
"644",76.800003,78.529999,76.800003,77.07,1873300,72.691055
"645",77.669998,78.080002,76.209999,77.75,1662500,73.332413
"646",77.730003,77.870003,77.050003,77.599998,1199600,73.190933
"647",77.339996,77.860001,76.730003,77,2016400,72.625038
"648",76.830002,77.620003,75.559998,76.529999,1848100,72.181747
"649",76.709999,77.230003,67.870003,68.269997,7551400,64.391045
"650",68.260002,68.970001,67.019997,68.529999,3954400,64.636299
"651",66.800003,66.800003,64.860001,66.139999,3758600,62.382076
"652",66.550003,67.870003,65.879997,67.699997,2590600,63.853439
"653",67.019997,67.970001,65.760002,67.709999,2670600,63.862873
"654",68.489998,69.150002,68.059998,68.910004,1819600,64.99469
"655",68.849998,69.129997,67.080002,67.360001,1628500,63.532757
"656",66.730003,67.110001,66.400002,66.959999,1193700,63.155487
"657",66.739998,74.489998,65.849998,71.290001,5658400,67.239471
"658",68.5,68.650002,66.389999,66.970001,3271700,63.164913
"659",67.660004,67.660004,62.959999,63.93,3727400,60.297642
"660",64.580002,65.910004,64.519997,65.480003,1897300,61.759579
"661",66.559998,67.220001,65.919998,66.260002,1431000,62.495262
"662",66,67.25,65.720001,66.040001,1299100,62.287758
"663",67.709999,68.610001,67.459999,67.860001,1793100,64.004341
"664",68,69.5,67.529999,68.800003,2433100,64.890938
"665",68.010002,68.209999,65.239998,66.209999,4726800,62.448101
"666",67.190002,67.75,65.93,67.650002,2685500,63.806274
"667",68.650002,69.129997,67.639999,67.82,3432200,63.966621
"668",67.620003,69.480003,67.540001,69,3405100,65.079582
"669",65.279999,65.889999,62.040001,63.490002,13762500,59.882648
"670",62.889999,64.389999,62.880001,63.650002,4712800,60.033554
"671",63.029999,64.839996,62.48,63.209999,4072500,59.618546
"672",63.700001,64.470001,63.509998,63.93,2731900,60.297642
"673",65.050003,66.199997,64.639999,65.760002,2745100,62.023663
"674",66.050003,67,66.040001,66.349998,2626200,62.580151
"675",67.019997,69.300003,67.010002,69.220001,2620400,65.287086
"676",68.839996,69.900002,68.260002,69.019997,3092600,65.098442
"677",68.75,69.489998,67.449997,67.839996,2451600,63.985477
"678",67.879997,69.279999,66.809998,67.860001,2720100,64.004341
"679",68.349998,68.849998,67.18,67.540001,2579700,63.70253
"680",67.279999,69.019997,66.919998,68.910004,2335900,64.99469
"681",68.68,68.870003,67.57,68.419998,2514800,64.532532
"682",67.860001,68.580002,66.470001,67.150002,1710100,63.80093
"683",67.599998,68,67.43,67.589996,1377800,64.218987
"684",68,68.370003,66.510002,66.769997,2265800,63.439884
"685",66.599998,67.809998,66.349998,67.410004,1550500,64.047974
"686",67.669998,68.610001,66.800003,67.709999,2175900,64.333008
"687",68.18,68.220001,66.669998,67.43,2206500,64.066971
"688",67.459999,67.68,66.25,66.959999,1806800,63.620407
"689",67.220001,68.529999,67.220001,68.269997,1789200,64.865074
"690",68.480003,69.309998,68.349998,68.989998,1849100,65.549164
"691",69.199997,69.93,67.800003,68.010002,2319500,64.618042
"692",67.190002,67.459999,64.379997,65.019997,2439400,61.777164
"693",64.699997,65.690002,63.52,65.660004,2098200,62.385254
"694",65.82,66.93,65.82,66.889999,1630000,63.553905
"695",66.650002,67.589996,66.57,66.82,1718600,63.487396
"696",66.029999,66.339996,64.889999,65.279999,1659400,62.0242
"697",65.889999,66.279999,65.489998,65.699997,1693500,62.423252
"698",65.839996,67.160004,65.839996,66.730003,1830600,63.401882
"699",67.839996,70.18,67.839996,69.529999,2683200,66.062248
"700",68.959999,68.959999,68.050003,68.720001,1322900,65.292641
"701",68.779999,69.050003,67.940002,67.940002,1998700,64.551544
"702",67.730003,69.040001,67.5,68.410004,2191100,64.998108
"703",68.900002,70.089996,68.669998,69.879997,1801800,66.394775
"704",69.480003,70.959999,69.239998,70.519997,2305800,67.002853
"705",71.129997,72.080002,71.059998,71.470001,1529700,67.905472
"706",71.699997,72.760002,71.290001,72.400002,1506600,68.789108
"707",72.400002,72.75,71.849998,72.07,1702400,68.475555
"708",72.610001,72.959999,70.800003,72.120003,1578400,68.523048
"709",71.849998,73.940002,71.480003,73.150002,1440700,69.501694
"710",74.290001,75.400002,74.040001,74.370003,1980900,70.660851
"711",74.129997,74.760002,73.809998,73.900002,2100300,70.214294
"712",73.830002,73.919998,71.199997,72.699997,1834900,69.074127
"713",72.32,72.699997,71.120003,71.830002,1949300,68.24752
"714",72.400002,73.5,72.120003,72.919998,2353600,69.283157
"715",73.650002,74.949997,73.599998,74.809998,1484500,71.078896
"716",75,76,74.550003,74.839996,2867600,71.107399
"717",74.970001,75.279999,73.610001,75.050003,2501300,71.306923
"718",75.970001,76.889999,75.800003,76.010002,1818500,72.219048
"719",75.68,76.860001,75.410004,76.849998,1984200,73.017151
"720",76.5,76.949997,75.650002,76.25,2602300,72.447067
"721",76.190002,76.190002,74.980003,75.190002,2184200,71.439949
"722",74.730003,75.419998,74.190002,75.019997,1591200,71.278412
"723",74.919998,75.989998,74.870003,75.599998,1803100,71.829491
"724",75.93,77.110001,75.910004,77.089996,2206700,73.245178
"725",76.660004,77.690002,76.300003,77.290001,2561900,73.435196
"726",76.419998,76.610001,74.800003,75.360001,2322800,71.601463
"727",74.919998,75.339996,73.800003,74.150002,2188500,70.451813
"728",74.32,74.5,72.029999,72.209999,3390300,68.608582
"729",72.290001,72.800003,71.889999,72.639999,2405200,69.01712
"730",73.25,74.489998,72.139999,74.25,4212800,70.546829
"731",77.199997,83.629997,77.040001,81.57,13915500,77.50174
"732",82.290001,82.480003,80.110001,80.739998,6039500,76.71315
"733",80.269997,81.440002,79.510002,80.639999,2962500,76.618126
"734",81,81,78.360001,79.199997,4329800,75.249947
"735",77.5,78.18,77.050003,78.110001,4215500,74.21431
"736",78.650002,79.599998,78.300003,79.18,3112700,75.230949
"737",78.910004,80.370003,78.889999,80.32,3006400,76.314079
"738",81.230003,82.489998,81.220001,82.050003,3699000,77.957817
"739",81.730003,83.650002,81.470001,82.57,2790500,78.451874
"740",82.550003,83.370003,82.290001,82.879997,2102500,78.746414
"741",82.580002,84.059998,82.019997,83.830002,2319700,79.649033
"742",83.910004,85.550003,83.5,85.349998,2904900,81.093216
"743",85.5,85.610001,83.959999,84.790001,2645500,80.561165
"744",85.080002,86.860001,85.010002,85.790001,3643200,81.994797
"745",85.75,86.480003,84.550003,86.360001,1967000,82.539581
"746",86.68,87.760002,86.510002,87.010002,3172700,83.160835
"747",87.620003,88.839996,87.050003,88.639999,3244900,84.718712
"748",89.209999,89.5,87.550003,87.730003,3650200,83.848969
"749",88.169998,88.32,87.25,87.639999,1822200,83.762955
"750",88.010002,88.510002,87.43,87.93,741800,84.040115
"751",87.989998,88.199997,87.32,87.849998,1342700,83.963654
"752",88,88.129997,86.949997,87.010002,1309600,83.160835
"753",87.089996,87.959999,86.510002,87.57,1520500,83.696045
"754",87.25,88.18,86.949997,87.800003,1735200,83.915894
"755",88.389999,88.440002,86.959999,87.309998,2447500,83.447556
"756",86.07,87.639999,85.910004,87.18,1713600,83.323311
"757",86.470001,87.919998,86.25,87.910004,2270100,84.021004
"758",87.790001,89.209999,87.459999,88.410004,2040900,84.498901
"759",88.209999,89.370003,87.860001,88.650002,2047000,84.728264
"760",89.43,89.489998,88.43,89.370003,2225700,85.41642
"761",89.580002,90.739998,89.339996,90.650002,2452200,86.639809
"762",90.639999,91.279999,90.360001,91.260002,2138000,87.222816
"763",90.980003,91.830002,90.260002,90.470001,1994300,86.467766
"764",87.599998,89.870003,87.290001,88.919998,3783400,84.98632
"765",89.529999,89.809998,88.550003,88.949997,2007000,85.014984
"766",89.449997,90.330002,88.349998,89.940002,3406600,85.961205
"767",89.449997,91.699997,89.410004,90.239998,3611200,86.247932
"768",90.93,91.169998,88.959999,89.269997,2003300,85.320839
"769",88.860001,90.309998,88.360001,89.82,1620000,85.846512
"770",90.269997,90.269997,88.769997,89.440002,1209600,85.48333
"771",87.790001,88.830002,87.349998,87.800003,1718300,83.915894
"772",88.400002,89.300003,87.82,88.889999,1458100,84.957649
"773",89.379997,90.099998,88.099998,88.120003,2623500,84.221725
"774",87.050003,87.589996,85.910004,87.099998,2048900,83.246841
"775",86.690002,86.959999,84.529999,84.690002,2841700,80.943459
"776",85.389999,86.370003,84.910004,85.260002,2170400,81.488243
"777",86.529999,87.239998,86.440002,86.690002,1795600,82.85498
"778",87.68,89.879997,87.360001,89.5,2315800,85.540672
"779",90.029999,90.580002,88.540001,88.639999,2018200,84.718712
"780",88.25,88.769997,86.480003,87.019997,1987100,83.170387
"781",86.889999,88.730003,86.870003,88.699997,2311500,84.77607
"782",89.379997,90.07,88.720001,89.889999,1799500,85.913422
"783",90.279999,91.199997,90.010002,90.93,1578000,86.907402
"784",90.480003,91.309998,90.199997,90.400002,1725400,86.400856
"785",91,91.150002,89.860001,90.209999,1221200,86.219269
"786",89.510002,90.760002,89.199997,90.160004,1544500,86.171471
"787",90.529999,91.230003,90.199997,90.940002,1422900,86.916969
"788",91.080002,91.989998,90.57,91.93,2212200,87.863167
"789",91.339996,91.620003,89.620003,90.260002,1877800,86.267052
"790",86.169998,88,85.050003,85.5,2880900,81.717628
"791",86.650002,86.760002,81.669998,81.889999,2900900,78.267326
"792",82.830002,84.830002,82.150002,82.18,3465900,78.544495
"793",79.5,82.470001,78,78.309998,5770800,74.845688
"794",76.059998,77.980003,73.339996,75.650002,4756400,72.303368
"795",76.25,79.620003,74.309998,79.610001,3898300,76.088188
"796",79.199997,81.43,75.82,76.550003,2731400,73.163559
"797",78.5,80.480003,77.089996,80.410004,3110300,76.852798
"798",77.830002,79.370003,77.010002,77.870003,2771400,74.425171
"799",75.349998,76.690002,72.059998,73.82,3047400,70.554321
"800",67.739998,69.730003,66.059998,66.870003,3959200,63.911797
"801",69.389999,70.610001,66.419998,70.120003,2767700,67.018013
"802",67.839996,68.040001,63.84,65.370003,3652400,62.478142
"803",59.990002,60.240002,55.200001,55.400002,3948400,52.949196
"804",59,61.48,54.389999,61.060001,4209700,58.35881
"805",54,57.389999,49.009998,57.299999,5346600,54.765148
"806",58.32,61.23,55.32,60.32,7026600,57.651543
"807",55.200001,57.950001,49.900002,54,5066800,52.086052
"808",52.509998,59.209999,48.110001,54.75,4186700,52.809475
"809",55.610001,58,51.59,51.650002,3851900,49.819347
"810",50.48,53,49.009998,50.689999,4753100,48.893368
"811",54.16,60.860001,53.27,59.200001,3909400,57.101746
"812",59.759998,64.980003,56.529999,60.560001,3706300,58.413548
"813",61.75,64.360001,60.509998,62.880001,2567500,60.651314
"814",60.490002,64.779999,59.650002,62.470001,2589100,60.255848
"815",61.779999,62.23,58.41,59.75,4584200,57.632256
"816",59.73,60.73,56.400002,57,4804200,54.979721
"817",54.700001,56.240002,53.02,53.900002,3620800,51.989601
"818",53.130001,55.060001,51.709999,52.759998,3455400,50.890003
"819",52.349998,54.18,51.810001,53.48,2390200,51.584484
"820",56.950001,60.689999,55.900002,60.150002,2634200,58.018074
"821",64.699997,65.309998,61.610001,61.75,2623600,59.561363
"822",63.130001,65.339996,62.540001,64.449997,3348600,62.165672
"823",65.940002,68.089996,64.75,65.989998,2729200,63.651085
"824",65.599998,68.730003,64.720001,68.339996,3104900,65.917786
"825",69.489998,70,68.029999,69.849998,2723000,67.374268
"826",66.720001,67.919998,64.300003,64.760002,2800300,62.46468
"827",64.580002,65.730003,63.59,64.980003,1697500,62.676888
"828",67.349998,70.989998,67.25,70.400002,3422100,67.904785
"829",69.360001,71.610001,68.660004,69.790001,2290000,67.316406
"830",68.050003,69.059998,67.050003,67.800003,1913400,65.396927
"831",69.400002,69.900002,67.93,68.980003,1255300,66.53511
"832",68.739998,70.580002,68.089996,69.599998,1679000,67.133118
"833",70.389999,72.300003,69.730003,71.879997,1589600,69.332329
"834",72.230003,75.18,72.209999,74.57,2434400,71.926987
"835",76.949997,79.18,76.699997,77.589996,3080800,74.839928
"836",79.230003,80.889999,78.790001,80.050003,2673500,77.212746
"837",78.940002,78.989998,75.800003,76.730003,3898300,74.010429
"838",74.839996,75.629997,71.839996,72.260002,2507300,69.698853
"839",71.099998,74.580002,70.709999,74.360001,2615100,71.724426
"840",76.18,77.040001,74.639999,74.75,2021900,72.100601
"841",75.239998,76.209999,73.739998,73.989998,1914800,71.367523
"842",75.339996,77.089996,75.199997,76.25,1732100,73.547447
"843",76.75,78.870003,76.730003,78.629997,1440000,75.843071
"844",77.779999,79.309998,77.050003,78.019997,1666700,75.254692
"845",78.900002,79.589996,76.970001,77.050003,1526900,74.319084
"846",76.370003,77.389999,74.18,75.029999,1767400,72.370674
"847",74.269997,77.720001,73.589996,77.190002,2504500,74.454117
"848",76.129997,79.82,75.849998,78.610001,5137000,75.823792
"849",82.379997,87.690002,82.32,87.160004,4949900,84.070755
"850",86.279999,86.57,83.349998,83.480003,3190900,80.521187
"851",85.730003,85.830002,80.75,81.540001,4161800,78.649933
"852",79.5,81.910004,76.879997,77.980003,6370300,75.216118
"853",78.989998,78.989998,75.82,76.919998,4687600,74.193687
"854",79.760002,81.160004,79.300003,79.470001,2953200,76.653305
"855",81.339996,81.339996,78.339996,79.080002,2894300,76.27713
"856",80.190002,80.190002,76.190002,76.43,3152400,73.721054
"857",76.309998,78.709999,75.529999,78.089996,4220300,75.322212
"858",77.019997,77.989998,76.07,77.5,2250300,74.753128
"859",77.470001,80.550003,77.379997,80.529999,2777700,77.675743
"860",81.599998,82.440002,81.019997,82.220001,2300200,79.305847
"861",81.660004,82.309998,79.18,79.919998,2566100,77.087364
"862",82.82,83.599998,81.900002,82.529999,2906300,79.604851
"863",83.800003,84.860001,82.989998,83.68,1944600,80.714088
"864",82.269997,82.529999,80.919998,81.620003,2054700,78.727119
"865",82.18,82.32,80.050003,81.699997,2862800,79.33889
"866",79.449997,79.449997,76.57,77.25,2583200,75.017502
"867",79.400002,79.68,75.669998,77.760002,2538100,75.512772
"868",75.529999,80.980003,75.269997,80.010002,2430700,77.697739
"869",82.559998,84.129997,80.419998,83.470001,3789700,81.057747
"870",83.470001,84.330002,82.160004,83.239998,2275300,80.834389
"871",82.470001,83.849998,81.449997,82.300003,2285600,79.921562
"872",83.839996,83.860001,80.529999,81.199997,4938800,78.853348
"873",80.779999,84.980003,80.370003,84.779999,3111400,82.329887
"874",85.879997,86.610001,84.580002,85.839996,2661800,83.359245
"875",85,86.599998,83.389999,83.82,4005700,81.397621
"876",83.349998,84.849998,82.839996,84.709999,2157300,82.261909
"877",84.860001,87.029999,84.68,84.800003,5378100,82.349319
"878",85.589996,86.779999,84.779999,86.330002,2961600,83.835083
"879",86,88.220001,85.629997,87.269997,3124000,84.747925
"880",87.419998,88.120003,86.339996,87.349998,2278900,84.825615
"881",88.949997,89.260002,87.239998,87.449997,2489900,84.922729
"882",89,89.730003,87.07,87.699997,2050000,85.165497
"883",86.970001,87.529999,85.389999,85.589996,2253100,83.116478
"884",85.57,87.220001,85.480003,87.18,2058400,84.660522
"885",87.150002,87.150002,84.07,84.949997,2034200,82.494965
"886",85.040001,85.720001,84.480003,84.900002,1688400,82.446419
"887",85.709999,88.330002,85.400002,85.599998,1873400,83.126183
"888",85.599998,87.080002,84.419998,86.889999,1869400,84.378906
"889",88.949997,88.980003,87.029999,88.419998,2010100,85.864685
"890",88.230003,89.709999,87.849998,88.349998,1464900,85.796707
"891",88.830002,88.830002,87.43,87.959999,1290300,85.417984
"892",87.690002,88.980003,86.480003,88.379997,2200900,85.825844
"893",88.839996,91.129997,88.610001,90.279999,2166000,87.670929
"894",95.470001,99.419998,95.330002,97.360001,7995600,94.546326
"895",97.120003,98.529999,95.980003,96.080002,2862400,93.303322
"896",95.82,97.75,95.550003,96.989998,2134200,94.187012
"897",96.870003,98.309998,96.339996,97.919998,2280300,95.090141
"898",97.839996,98.790001,97.059998,97.190002,1475000,94.381241
"899",97.610001,98.879997,97.260002,98.099998,1395600,95.264946
"900",97.139999,100.68,96.800003,100.029999,2231800,97.13916
"901",100.25,100.470001,98.290001,99.589996,1888000,96.711876
"902",100.07,101.989998,99.75,100.889999,1596900,97.974319
"903",100.589996,101.580002,99.849998,100.510002,1267700,97.605293
"904",101.419998,102.040001,99.93,101.910004,1866700,98.964836
"905",101.889999,102.790001,100.620003,102.75,2479600,99.780563
"906",102.879997,103.720001,101.910004,102.900002,1781500,99.926231
"907",103.760002,105.43,102.900002,104.220001,1981700,101.208069
"908",105,105.589996,103.720001,104.120003,1489500,101.11097
"909",104.559998,105.540001,104.099998,104.980003,1217300,101.946114
"910",105.580002,108.440002,105.5,107.900002,2281100,104.781731
"911",108.339996,110.32,108,109.489998,2552100,106.325775
"912",110.989998,111.389999,109.879997,110.790001,2260900,107.588211
"913",111.889999,112.150002,110.330002,110.519997,2216000,107.326004
"914",110.660004,113.669998,110.660004,111.959999,3060500,108.724396
"915",111.419998,112.07,110.440002,111.699997,2109600,108.471893
"916",112,114.449997,111.949997,114,3811400,110.705437
"917",118.300003,119.480003,114.800003,117.370003,5434600,113.978043
"918",113.5,113.860001,108.599998,112.639999,10462400,109.384743
"919",113.410004,114.190002,111.580002,112.309998,4124400,109.06427
"920",112.550003,112.550003,110.230003,111.220001,2760500,108.005783
"921",111.68,111.699997,110.110001,111.230003,2366200,108.015495
"922",111.489998,112.169998,109.849998,110.910004,2509200,107.70475
"923",110.989998,114.43,110.730003,113.5,2364400,110.219887
"924",113.940002,114.199997,111.68,114.019997,2508300,110.724854
"925",114,114,107.849998,108.699997,2452000,105.558594
"926",109.489998,110.440002,104.32,106.309998,2543700,103.237671
"927",104.300003,106.82,102.830002,105.260002,2911300,102.218025
"928",106.279999,109.269997,105.18,108.849998,2245400,105.704269
"929",109.110001,110,107.099998,107.379997,2177600,104.276749
"930",108.57,109.07,106.169998,107.110001,1353800,104.014565
"931",108.349998,109.129997,106.699997,107.699997,2573200,105.127319
"932",108.540001,109.389999,107.419998,107.959999,1550900,105.381111
"933",108.989998,109.129997,106.800003,107.080002,1727900,104.522141
"934",106,107.019997,104.559998,105.629997,1729700,103.106766
"935",105.419998,107.379997,104.639999,105.580002,2262700,103.057968
"936",104.040001,105.970001,103.489998,105.970001,2130900,103.438652
"937",106.410004,108.25,105.910004,107.629997,1678300,105.05899
"938",108.07,109.779999,106.389999,106.489998,1920300,103.946228
"939",106.120003,106.860001,104.110001,104.769997,2526700,102.267303
"940",105.099998,106.639999,104.25,105.970001,1917000,103.438652
"941",107.25,108.57,106.650002,108.440002,1508200,105.849655
"942",109.940002,111.220001,108.839996,110.080002,2377900,107.450462
"943",109.5,112.410004,109.5,111.290001,2187000,108.631569
"944",112.690002,114.720001,111.860001,114.089996,3631200,111.364685
"945",111.040001,113.459999,111.010002,112.419998,1930300,109.734573
"946",112.57,116.739998,112.57,116.07,2006000,113.297379
"947",115.980003,116.43,112.25,112.449997,2395400,109.763855
"948",114,115.440002,113.760002,114.489998,1552500,111.755119
"949",115.129997,115.650002,113.910004,114.919998,1523300,112.17485
"950",115.370003,118.25,115.110001,116.589996,2824100,113.804955
"951",117.870003,118.699997,116.860001,118.330002,1333700,115.503403
"952",118.120003,119.150002,117.209999,118.209999,1231400,115.386261
"953",118.93,119.900002,117.389999,118.440002,1640800,115.610779
"954",117.43,120.739998,116.900002,120.559998,1624200,117.680122
"955",120.889999,121.099998,119.309998,119.349998,1855300,116.499031
"956",120.120003,123.220001,119.709999,120.830002,2259700,117.94368
"957",121.290001,123.669998,120.779999,120.889999,1725500,118.002251
"958",121.449997,121.779999,118.550003,118.690002,1772000,115.854805
"959",118.980003,119.620003,115.769997,117.459999,1977700,114.654175
"960",115.5,118.25,115.209999,118.209999,1858600,115.386261
"961",117.139999,117.18,112.879997,114.360001,1377000,111.628235
"962",115.010002,116.120003,113.300003,113.580002,2143700,110.866867
"963",111.5,114.300003,110.349998,111.110001,2264000,108.455872
"964",112.279999,113.949997,111.5,112.279999,2107000,109.597923
"965",111.559998,112.650002,109.599998,111.550003,1897000,108.885361
"966",112.970001,115.800003,112.760002,115.720001,2838700,112.95575
"967",117,119.730003,116.169998,118.82,2033400,115.981682
"968",119.690002,121.400002,118.559998,119.860001,1916000,116.996857
"969",122.199997,124.889999,121.75,123.059998,2489500,120.120415
"970",123,123.75,121.610001,123.059998,1670000,120.120415
"971",120.309998,123.209999,110.919998,111,4896100,108.348495
"972",111.599998,113.709999,110.989998,112.629997,3906700,109.939552
"973",113.830002,114.809998,112.099998,114.559998,2058300,111.823448
"974",114.449997,115.5,112.339996,114,2279000,111.276833
"975",114.639999,115.839996,113.5,114.300003,1831700,111.569672
"976",115,118.849998,113.620003,118.650002,3306600,115.815758
"977",118.120003,120.870003,117.360001,119.019997,2740600,116.17691
"978",119.099998,120.160004,117.739998,117.769997,2962700,114.956772
"979",118.419998,120.5,117.769997,118.830002,1728400,115.991447
"980",119.879997,120.739998,118.970001,119.139999,1857900,116.294044
"981",120.209999,124.309998,119.900002,122.040001,4443800,119.124779
"982",115.790001,117.050003,113.199997,113.540001,11676000,110.82782
"983",114.059998,116.440002,113.080002,113.900002,5503000,111.17923
"984",115,115.089996,112.080002,112.629997,3242400,109.939552
"985",112.68,112.68,108.57,108.800003,6493700,106.20105
"986",108.779999,109.489998,107.150002,108.860001,5330700,106.259613
"987",108.029999,109.470001,107.199997,107.470001,3393800,104.902817
"988",106.940002,107.43,105.709999,106.540001,4567000,103.995033
"989",106.559998,106.620003,104.849998,105.57,3657500,103.04821
"990",105.160004,105.449997,101.449997,102.730003,5506900,100.276047
"991",102.199997,103.510002,102.019997,102.989998,2974800,100.529831
"992",103.07,105.150002,102.599998,104.760002,4784400,102.257553
"993",101.75,103.410004,99.599998,103.029999,4406600,100.568871
"994",102.800003,103.029999,100.199997,100.599998,4044300,98.196922
"995",101.019997,101.790001,99.650002,101.279999,3926200,99.404137
"996",101.599998,103,101.199997,102.989998,3308700,101.082466
"997",103.510002,104.150002,102.589996,103.5,3136900,101.583023
"998",104.300003,104.459999,102.230003,102.339996,3067100,100.444504
"999",102.050003,102.720001,101.519997,101.949997,4913100,100.061722
"1000",100.730003,103.330002,100.510002,103.300003,2991900,101.386726
"1001",103.540001,105.279999,103.129997,104.129997,3579700,102.201347
"1002",104.43,105.290001,102.309998,102.339996,2313700,100.444504
"1003",102.220001,103.440002,101.830002,102.550003,996700,100.65062
"1004",103,103.540001,101.18,102.580002,2601600,100.680061
"1005",103.040001,103.540001,100.440002,100.760002,2201100,98.893776
"1006",100.959999,101.910004,100.959999,101.379997,1639300,99.502281
"1007",101.470001,101.470001,99.25,99.790001,2232100,97.941734
