"","BRO.Open","BRO.High","BRO.Low","BRO.Close","BRO.Volume","BRO.Adjusted"
"1",22.52,22.655001,22.254999,22.41,1223600,21.343771
"2",22.5,22.885,22.5,22.780001,1936200,21.696173
"3",22.715,22.795,22.530001,22.530001,1358600,21.458063
"4",22.514999,22.610001,22.434999,22.455,1606400,21.386637
"5",22.455,22.5,22.290001,22.33,1191200,21.267582
"6",22.33,22.49,22.215,22.305,1110200,21.243773
"7",22.334999,22.355,22.059999,22.139999,1800000,21.086622
"8",22.030001,22.17,21.805,21.975,1519400,20.929472
"9",22.049999,22.264999,22.049999,22.129999,1139000,21.077097
"10",22.07,22.190001,21.865,21.99,1178000,20.943756
"11",22.065001,22.07,21.84,22.02,1436200,20.972332
"12",22.075001,22.24,21.82,21.940001,1022000,20.896135
"13",22.004999,22.09,21.885,21.915001,1337000,20.872328
"14",21.9,21.995001,21.67,21.715,2020800,20.681841
"15",21.625,21.855,21.08,21.629999,2966000,20.600885
"16",21.695,21.825001,21.485001,21.6,1831400,20.572321
"17",21.594999,21.799999,21.58,21.74,1033200,20.705658
"18",21.780001,21.82,21.575001,21.629999,1827400,20.600885
"19",21.57,21.58,21.094999,21.195,2592200,20.186584
"20",21.200001,21.33,21,21.065001,3461800,20.062769
"21",21.049999,21.17,20.870001,20.975,1565800,20.041271
"22",20.950001,21.17,20.91,21.129999,1884800,20.189369
"23",21.280001,21.280001,21.120001,21.264999,1000400,20.318361
"24",21.18,21.25,21.040001,21.105,1043800,20.165482
"25",21.129999,21.219999,21,21.004999,1237200,20.069933
"26",20.985001,20.995001,20.84,20.945,1183200,20.012609
"27",20.945,21.190001,20.879999,21.07,1846000,20.13204
"28",21.155001,21.525,21.08,21.49,1769000,20.533342
"29",21.504999,21.59,21.365,21.57,1292000,20.609783
"30",21.475,21.639999,21.365,21.549999,1237400,20.59067
"31",21.51,21.74,21.5,21.74,1364400,20.772217
"32",21.735001,21.889999,21.684999,21.879999,787200,20.905975
"33",21.705,21.940001,21.615,21.934999,1015800,20.958532
"34",21.889999,21.92,21.645,21.665001,911400,20.70055
"35",21.58,21.73,21.49,21.58,1180800,20.619339
"36",21.555,21.655001,21.485001,21.575001,1003200,20.614561
"37",21.475,21.715,21.424999,21.709999,1116400,20.743549
"38",21.674999,21.805,21.65,21.76,1036400,20.791327
"39",21.594999,21.780001,21.545,21.549999,1483600,20.59067
"40",21.764999,21.98,21.665001,21.934999,1969000,20.958532
"41",21.92,21.92,21.565001,21.575001,945400,20.614561
"42",21.540001,21.805,21.540001,21.799999,1134200,20.829542
"43",21.655001,21.74,21.58,21.620001,820400,20.657553
"44",21.610001,21.66,21.469999,21.57,1130400,20.609783
"45",21.635,21.695,21.434999,21.450001,890600,20.495127
"46",21.450001,21.540001,21.42,21.504999,868000,20.547672
"47",21.605,21.665001,21.495001,21.605,817000,20.643227
"48",21.555,21.700001,21.555,21.635,617400,20.67189
"49",21.559999,21.639999,21.540001,21.6,719000,20.638453
"50",21.610001,21.795,21.575001,21.76,1027800,20.791327
"51",21.780001,21.865,21.705,21.745001,411000,20.776995
"52",21.76,21.934999,21.625,21.879999,2169800,20.905975
"53",21.844999,21.875,21.620001,21.635,741200,20.67189
"54",21.725,21.725,21.254999,21.27,1105200,20.323137
"55",21.25,21.344999,21.08,21.275,1095400,20.327915
"56",21.26,21.434999,21.23,21.245001,729600,20.299248
"57",21.299999,21.375,21.18,21.305,705200,20.356581
"58",21.045,21.285,20.98,21.25,842800,20.304029
"59",21.190001,21.325001,21.129999,21.285,1157800,20.337471
"60",21.280001,21.295,21.155001,21.174999,940800,20.232365
"61",21.129999,21.15,21.004999,21.025,1131600,20.089045
"62",21.040001,21.040001,20.84,20.860001,1637800,19.931389
"63",20.9,20.975,20.684999,20.690001,1484800,19.768955
"64",20.645,20.870001,20.549999,20.809999,1373800,19.883615
"65",20.924999,21.030001,20.754999,20.77,1672200,19.845398
"66",20.775,20.98,20.639999,20.915001,961800,19.98394
"67",20.809999,20.955,20.775,20.905001,1818600,19.974386
"68",20.9,21.055,20.889999,20.975,1286800,20.041271
"69",20.92,21.08,20.790001,21.075001,1412800,20.136822
"70",21.02,21.135,20.77,20.82,1124200,19.893169
"71",20.799999,20.870001,20.655001,20.66,1058600,19.740292
"72",20.66,20.965,20.66,20.965,1001000,20.031712
"73",21.424999,21.735001,21.059999,21.165001,2139000,20.222809
"74",21.195,21.25,20.91,20.969999,1685400,20.036499
"75",21.065001,21.48,20.985001,21.395,1178000,20.442577
"76",21.334999,21.334999,21.105,21.25,1236200,20.304029
"77",21.555,21.639999,21.41,21.549999,1061600,20.59067
"78",21.66,21.725,21.525,21.540001,880200,20.581116
"79",21.545,21.775,21.52,21.665001,885400,20.70055
"80",21.709999,21.83,21.65,21.735001,666800,20.767437
"81",21.67,21.67,21.41,21.450001,1279400,20.495127
"82",21.535,21.57,21.309999,21.514999,830600,20.55723
"83",21.455,21.559999,21.355,21.415001,834600,20.461679
"84",21.360001,21.455,21.33,21.41,731400,20.456907
"85",21.370001,21.530001,21.360001,21.504999,1041200,20.612659
"86",21.575001,21.625,21.465,21.540001,874000,20.646212
"87",21.540001,21.65,21.475,21.525,795200,20.631832
"88",21.535,21.584999,21.26,21.315001,807200,20.430544
"89",21.295,21.389999,21.219999,21.379999,1064000,20.492847
"90",21.285,21.34,21.08,21.290001,1032800,20.40658
"91",21.195,21.33,21.135,21.145,1389200,20.267601
"92",21.16,21.360001,21.16,21.209999,1406000,20.329901
"93",21.305,21.35,21.174999,21.245001,778800,20.363451
"94",21.245001,21.245001,20.855,20.924999,1173200,20.056726
"95",20.885,21.195,20.844999,21.049999,2208600,20.17654
"96",21.084999,21.190001,21,21.035,1072800,20.162169
"97",21.084999,21.295,21.084999,21.225,814600,20.344284
"98",21.24,21.334999,21.135,21.235001,652400,20.353867
"99",21.25,21.334999,21.195,21.23,825800,20.34907
"100",21.264999,21.514999,21.225,21.48,1269000,20.588697
"101",21.434999,21.5,21.360001,21.434999,664200,20.545567
"102",21.34,21.514999,21.16,21.5,1655200,20.607872
"103",21.52,21.719999,21.42,21.715,1877200,20.81395
"104",21.73,22.08,21.715,22.055,1804200,21.139841
"105",22.040001,22.129999,21.905001,21.905001,915600,20.996065
"106",21.905001,21.934999,21.684999,21.74,1197600,20.837914
"107",21.625,21.67,21.48,21.535,859800,20.641418
"108",21.555,21.605,21.48,21.52,853600,20.627039
"109",21.504999,21.735001,21.495001,21.709999,791600,20.809153
"110",21.75,21.940001,21.690001,21.924999,1027200,21.01523
"111",21.92,22.049999,21.9,22.004999,966000,21.091913
"112",22.035,22.135,21.985001,22.049999,790200,21.13505
"113",22.045,22.135,21.924999,22.025,1097800,21.111086
"114",21.92,22.15,21.860001,22.15,995800,21.230896
"115",22.045,22.285,22.030001,22.165001,2094000,21.24527
"116",22.25,22.25,21.91,22,1573000,21.087122
"117",21.99,22.040001,21.834999,21.875,1169000,20.967308
"118",21.924999,21.950001,21.709999,21.76,510400,20.85708
"119",21.74,21.74,21.555,21.584999,548400,20.689339
"120",21.59,21.684999,21.450001,21.465,1424600,20.574322
"121",21.465,21.629999,21.309999,21.575001,558000,20.679758
"122",21.575001,21.6,21.5,21.525,617800,20.631832
"123",21.665001,21.879999,21.665001,21.77,626400,20.866669
"124",21.93,21.950001,21.549999,21.785,1040600,20.881041
"125",21.895,21.934999,21.535,21.535,924000,20.641418
"126",21.700001,21.924999,21.65,21.76,452200,20.85708
"127",21.775,21.860001,21.450001,21.584999,994800,20.689339
"128",21.49,21.594999,21.405001,21.43,1160800,20.540775
"129",21.455,21.629999,21.434999,21.58,851000,20.684551
"130",21.525,21.615,21.42,21.43,1011400,20.540775
"131",21.434999,21.514999,21.32,21.355,808800,20.468885
"132",21.385,21.58,21.25,21.540001,926800,20.646212
"133",21.559999,21.635,21.405001,21.540001,529200,20.646212
"134",21.445,21.75,21.360001,21.65,821600,20.75164
"135",21.655001,21.725,21.504999,21.504999,1335800,20.612659
"136",21.35,21.75,21.15,21.514999,2324000,20.622246
"137",21.6,21.885,21.549999,21.885,1085400,20.976896
"138",21.895,22.035,21.82,21.940001,900200,21.02961
"139",21.945,22.059999,21.92,22.035,713400,21.12067
"140",22.025,22.17,22,22.125,651200,21.206932
"141",22.290001,22.42,22.219999,22.325001,1416400,21.398642
"142",22.309999,22.32,22.184999,22.235001,1236200,21.312374
"143",22.225,22.24,21.9,22.004999,743800,21.091913
"144",22,22.305,21.955,22.290001,644600,21.365089
"145",22.315001,22.43,22.25,22.299999,1574800,21.374678
"146",22.385,22.424999,22.25,22.295,1197000,21.369879
"147",22.27,22.344999,22.075001,22.205,1333200,21.283615
"148",22.225,22.225,21.959999,21.975,789800,21.063158
"149",22.035,22.139999,21.934999,22.030001,823400,21.115881
"150",21.945,22.030001,21.889999,21.945,796200,21.099051
"151",21.9,22.02,21.815001,21.860001,9e+05,21.01733
"152",21.785,21.934999,21.76,21.905001,695200,21.060595
"153",21.815001,21.92,21.73,21.74,1008400,20.901955
"154",21.635,21.83,21.58,21.77,1024400,20.930798
"155",21.870001,21.995001,21.809999,21.955,493800,21.108664
"156",22.045,22.280001,22.035,22.075001,998600,21.224043
"157",22.115,22.18,21.995001,22.02,908000,21.171165
"158",21.969999,22.035,21.68,21.684999,652400,20.849075
"159",21.66,21.895,21.620001,21.815001,1283800,20.974064
"160",21.790001,21.945,21.705,21.91,434800,21.065403
"161",21.950001,22.055,21.93,22.049999,473400,21.200005
"162",21.915001,21.985001,21.799999,21.85,773800,21.007713
"163",21.91,21.93,21.764999,21.905001,1040200,21.060595
"164",22.01,22.264999,21.985001,22.145,1539600,21.291344
"165",22.225,22.674999,22.225,22.58,2283400,21.709578
"166",22.440001,22.51,22.25,22.379999,1404200,21.517282
"167",22.360001,22.514999,22.35,22.455,666000,21.589392
"168",22.52,22.584999,22.41,22.48,703400,21.61343
"169",22.530001,22.615,22.440001,22.525,773400,21.656693
"170",22.5,22.875,22.455,22.74,2043000,21.863407
"171",22.764999,22.985001,22.67,22.940001,1037200,22.055696
"172",22.924999,23.059999,22.860001,23.014999,1707400,22.127802
"173",22.985001,24.155001,22.959999,24.065001,4144400,23.137327
"174",24,24.16,23.174999,23.450001,4034600,22.546038
"175",23.584999,23.594999,23.290001,23.415001,1856000,22.512388
"176",23.415001,23.415001,23.195,23.295,1554600,22.397011
"177",23.365,23.375,23.09,23.17,927600,22.276829
"178",23.16,23.355,23.105,23.209999,2176800,22.315289
"179",23.245001,23.459999,23.235001,23.455,1095800,22.55084
"180",23.485001,23.709999,22.655001,23.48,1035200,22.574879
"181",23.469999,23.709999,23.469999,23.665001,1318000,22.75275
"182",23.639999,23.725,23.485001,23.535,589600,22.627754
"183",23.504999,23.725,23.5,23.709999,883000,22.796015
"184",23.68,23.879999,23.65,23.84,781600,22.921
"185",23.834999,24.184999,23.790001,24.115,1147000,23.1854
"186",24.25,24.485001,24.105,24.434999,1212200,23.493061
"187",24.355,24.459999,24.129999,24.15,885400,23.219049
"188",24.125,24.18,24.059999,24.094999,1064600,23.166172
"189",24.15,24.195,24.035,24.190001,1028600,23.257507
"190",24.16,24.375,24.1,24.375,1054600,23.435377
"191",24.344999,24.48,24.205,24.379999,843000,23.440186
"192",24.43,24.485001,24.264999,24.434999,791800,23.493061
"193",24.465,24.559999,24.334999,24.365,1154000,23.425762
"194",24.375,24.52,24.370001,24.424999,660000,23.483448
"195",24.43,24.565001,24.379999,24.469999,632400,23.526716
"196",24.530001,24.559999,24.285,24.445,837200,23.502684
"197",24.469999,24.719999,24.469999,24.59,753400,23.642088
"198",24.75,24.809999,24.639999,24.695,964800,23.74304
"199",24.76,24.764999,24.4,24.485001,1480200,23.54114
"200",24.695,25.120001,24.34,24.504999,1891000,23.560362
"201",24.504999,24.610001,24.415001,24.469999,1047600,23.526716
"202",24.405001,24.51,24.34,24.5,710600,23.555559
"203",24.615,24.875,24.59,24.66,1516600,23.709391
"204",24.73,24.84,24.620001,24.825001,815400,23.868034
"205",24.82,24.885,24.674999,24.725,1137000,23.771891
"206",24.73,24.809999,24.495001,24.605,878600,23.656511
"207",24.6,24.77,24.43,24.690001,1142800,23.810816
"208",24.684999,24.889999,24.530001,24.84,1351400,23.955471
"209",24.84,24.92,24.690001,24.745001,868400,23.863853
"210",24.690001,24.959999,24.690001,24.92,1706600,24.032623
"211",25.030001,25.219999,24.945,25.045,1639400,24.153179
"212",25.129999,25.405001,24.959999,25.200001,1443000,24.302654
"213",25.200001,25.245001,25.084999,25.195,888000,24.297834
"214",25.15,25.379999,25.105,25.27,603400,24.370161
"215",25.235001,25.355,24.99,25.115,930400,24.220686
"216",24.655001,25.059999,24.280001,24.85,1357200,23.965115
"217",24.67,24.844999,24.565001,24.684999,903400,23.80599
"218",24.605,24.790001,24.469999,24.74,1451800,23.859037
"219",24.584999,24.745001,24.43,24.700001,1171800,23.820463
"220",24.825001,25.059999,24.735001,25,1565000,24.109777
"221",24.885,25.075001,24.785,24.975,941800,24.085667
"222",25.040001,25.110001,24.924999,24.965,715800,24.076023
"223",24.889999,24.99,24.805,24.940001,976800,24.05191
"224",24.950001,25.18,24.950001,25.135,739600,24.239967
"225",25.195,25.295,25.155001,25.254999,1402200,24.355696
"226",25.295,25.389999,25.139999,25.18,681200,24.283365
"227",25.174999,25.215,24.950001,25.025,288000,24.133886
"228",25.059999,25.299999,25,25.15,891400,24.254436
"229",25.205,25.41,25.120001,25.389999,1489400,24.485891
"230",25.440001,25.684999,25.405001,25.445,1309600,24.538927
"231",25.565001,25.695,25.385,25.625,1387600,24.712521
"232",25.67,25.895,25.280001,25.875,1090000,24.953617
"233",26.094999,26.209999,25.719999,25.764999,1228800,24.847536
"234",25.815001,25.875,25.445,25.475,1145000,24.567863
"235",25.799999,26.16,25.799999,25.834999,1268200,24.915043
"236",25.75,25.875,25.605,25.82,948600,24.900572
"237",25.93,26.049999,25.785,25.965,820600,25.040413
"238",25.879999,25.92,25.700001,25.799999,830600,24.88129
"239",25.85,25.93,25.700001,25.83,851000,24.910221
"240",25.825001,25.860001,25.6,25.625,847800,24.712521
"241",25.639999,25.975,25.445,25.525,989000,24.616081
"242",25.525,25.9,25.525,25.59,3006000,24.678766
"243",25.625,25.895,25.615,25.735001,847600,24.818607
"244",25.825001,25.92,25.73,25.75,894600,24.833065
"245",25.815001,25.98,25.684999,25.695,790600,24.780027
"246",25.74,25.809999,25.565001,25.674999,840600,24.760736
"247",25.75,25.75,25.48,25.555,512800,24.645014
"248",25.635,25.83,25.584999,25.719999,425200,24.804138
"249",25.74,25.934999,25.68,25.780001,642000,24.862003
"250",25.785,25.91,25.715,25.889999,766200,24.968081
"251",25.879999,25.995001,25.725,25.73,579200,24.81378
"252",25.825001,25.889999,25.455,25.540001,1385200,24.630548
"253",25.690001,25.91,25.594999,25.83,637000,24.910221
"254",25.959999,26.15,25.895,25.9,1043800,24.97773
"255",26.01,26.209999,25.92,26.145,725000,25.214006
"256",26.184999,26.209999,26.049999,26.065001,692200,25.136854
"257",26.110001,26.43,26.110001,26.275,1013400,25.339376
"258",26.299999,26.34,26.075001,26.110001,814200,25.180256
"259",26.105,26.23,26.025,26.1,749800,25.170607
"260",26.205,26.254999,26.055,26.209999,542800,25.27669
"261",26.285,26.41,26.139999,26.184999,595200,25.252579
"262",26.245001,26.405001,26.209999,26.290001,903800,25.353846
"263",26.290001,26.355,26.059999,26.18,1613200,25.247759
"264",26.285,26.395,26.075001,26.25,1450600,25.315268
"265",26.254999,26.41,26.004999,26.125,3395400,25.194717
"266",26.77,26.860001,25.875,26.025,5738200,25.098276
"267",26.115,26.695,26.049999,26.445,3297000,25.503325
"268",26.424999,26.620001,26.299999,26.485001,2152000,25.541897
"269",26.514999,26.885,26.459999,26.885,927200,25.927656
"270",26.809999,26.875,26.555,26.575001,928600,25.628693
"271",26.49,26.764999,26.385,26.434999,1021000,25.493677
"272",26.385,26.415001,26.165001,26.24,1765800,25.305622
"273",26.16,26.645,26.120001,26.594999,1235000,25.721498
"274",26.504999,26.735001,26.424999,26.49,1072800,25.619946
"275",26.275,26.565001,25.73,25.74,1757600,24.894583
"276",25.385,25.889999,25.155001,25.83,2187400,24.981625
"277",25.799999,26.08,25.575001,25.885,1426200,25.034817
"278",25.879999,26.065001,25.049999,25.055,1504000,24.23208
"279",25.280001,25.370001,24.709999,25.245001,1880200,24.41584
"280",25.385,25.790001,25.285,25.559999,2374600,24.720488
"281",25.445,25.885,25.389999,25.780001,1611200,24.933268
"282",25.66,26.225,25.6,26.219999,1042400,25.358818
"283",26.360001,26.530001,26.215,26.32,1179200,25.45553
"284",26.219999,26.465,26.219999,26.35,897600,25.484547
"285",26.309999,26.540001,26.190001,26.305,779600,25.441019
"286",26.299999,26.674999,26.245001,26.25,790200,25.387831
"287",26.325001,26.43,26.045,26.125,896000,25.266933
"288",26.17,26.465,26.1,26.440001,459200,25.57159
"289",26.535,26.695,26.360001,26.690001,570400,25.813375
"290",26.67,26.905001,26.535,26.615,1236200,25.740841
"291",26.68,26.934999,26.305,26.32,1224000,25.45553
"292",26.375,26.434999,25.809999,25.969999,1036400,25.117025
"293",25.855,26.195,25.67,26.135,728800,25.276608
"294",26.02,26.51,25.83,26.42,1128800,25.552244
"295",26.475,26.535,26.165001,26.504999,1893000,25.634451
"296",26.334999,26.450001,26.205,26.275,2333800,25.412006
"297",26.365,26.389999,26.09,26.285,1773600,25.421679
"298",26.360001,26.85,26.360001,26.815001,1480000,25.934271
"299",26.775,26.91,26.555,26.665001,854800,25.789202
"300",26.73,26.73,26.32,26.4,1038600,25.532904
"301",26.455,26.495001,26.16,26.27,988400,25.407171
"302",26.290001,26.415001,26.184999,26.27,1243600,25.407171
"303",26.32,26.469999,26.16,26.375,2349400,25.508726
"304",26.344999,26.495001,26.17,26.309999,859200,25.445856
"305",26.344999,26.58,26.344999,26.43,1490400,25.561916
"306",26.370001,26.440001,26.129999,26.285,1306600,25.421679
"307",26.125,26.275,25.455,25.465,1169200,24.628614
"308",25.469999,25.625,24.950001,24.969999,1511200,24.149872
"309",25.264999,25.58,25.040001,25.52,849200,24.681807
"310",25.66,25.715,25.18,25.280001,982600,24.44969
"311",25.219999,25.745001,25.055,25.51,1426600,24.672134
"312",25.389999,25.65,25.16,25.440001,1504000,24.604433
"313",25.440001,25.440001,24.34,24.84,1775800,24.024141
"314",24.870001,25.34,24.82,25.139999,1621300,24.314285
"315",24.950001,25.35,24.879999,25.309999,1213800,24.478704
"316",25.450001,25.610001,25.34,25.459999,1136700,24.623775
"317",25.209999,25.33,24.879999,25.09,1261700,24.26593
"318",25.15,25.530001,25.02,25.26,1696800,24.430344
"319",25.59,25.639999,25.42,25.49,996900,24.652788
"320",25.33,25.57,25.24,25.5,796900,24.66246
"321",25.6,25.85,25.459999,25.75,1499600,24.904253
"322",25.879999,25.950001,25.620001,25.719999,939100,24.875238
"323",25.879999,26.18,25.75,26.059999,1044400,25.204069
"324",26.17,26.360001,26.15,26.309999,1031300,25.445856
"325",26.389999,26.459999,26.219999,26.25,528900,25.387831
"326",26.23,26.379999,26.049999,26.15,782100,25.291113
"327",26.030001,26.25,25.889999,25.950001,1142300,25.097683
"328",25.99,26.57,25.950001,26.559999,1905400,25.687647
"329",26.68,26.68,25.84,26.389999,2686600,25.523233
"330",26.48,26.93,26.25,26.83,1989800,25.948782
"331",26.92,27.469999,26.620001,27.42,1297000,26.519403
"332",27.42,27.790001,27.35,27.73,1034400,26.819221
"333",27.780001,27.9,27.209999,27.23,1848000,26.335642
"334",27.17,27.26,26.709999,27.219999,1485500,26.325972
"335",27.26,27.26,26.74,26.91,1373300,26.026154
"336",26.780001,27.129999,26.639999,27.08,981800,26.190567
"337",26.959999,27.719999,26.950001,27.51,898600,26.606445
"338",27.540001,27.639999,27.379999,27.530001,856300,26.625792
"339",27.469999,27.559999,27.23,27.4,857600,26.572451
"340",27.469999,27.540001,27.209999,27.42,692300,26.591846
"341",27.459999,27.58,27.35,27.49,645700,26.659729
"342",27.530001,27.65,27.360001,27.450001,656000,26.620937
"343",27.52,27.57,27.209999,27.24,1522900,26.417282
"344",27.129999,27.370001,27.110001,27.23,763900,26.407581
"345",27.26,27.41,27.25,27.299999,524600,26.475473
"346",27.32,27.6,27.219999,27.52,490100,26.688828
"347",27.530001,27.76,27.42,27.610001,1195300,26.776108
"348",27.709999,28,27.709999,27.860001,720300,27.018559
"349",27.860001,28.02,27.719999,27.780001,591800,26.940971
"350",27.74,27.91,27.68,27.889999,462900,27.047646
"351",27.82,27.99,27.75,27.969999,398100,27.125231
"352",27.9,28.030001,27.690001,27.809999,573700,26.970064
"353",27.57,27.639999,27.190001,27.33,940700,26.504562
"354",27.540001,27.969999,27.540001,27.83,992600,26.989464
"355",27.84,27.92,27.59,27.780001,997700,26.940971
"356",28.030001,28.120001,27.940001,28.040001,955700,27.193121
"357",28.18,28.26,28.01,28.1,587300,27.251307
"358",28.01,28.17,27.91,28.15,438400,27.299793
"359",28.25,28.370001,28.01,28.1,611200,27.251307
"360",28.110001,28.24,28.02,28.120001,520900,27.270702
"361",28.120001,28.52,28.120001,28.48,661700,27.619829
"362",28.52,28.629999,28.450001,28.59,943500,27.726507
"363",28.59,28.639999,28.309999,28.440001,876400,27.581041
"364",28.459999,28.52,28.25,28.290001,451300,27.435572
"365",28.43,28.43,28.16,28.33,656500,27.474361
"366",28.290001,28.34,28.07,28.26,1689500,27.406475
"367",28.040001,28.49,27.870001,28.42,756200,27.561642
"368",28.290001,28.540001,28.139999,28.51,940300,27.648926
"369",28.629999,28.629999,28.139999,28.16,1268200,27.309496
"370",28.15,28.190001,28,28.07,550200,27.222214
"371",28.23,28.33,27.889999,28.219999,1322700,27.367683
"372",28.139999,28.27,27.84,28.01,799400,27.164028
"373",27.98,28.030001,27.84,27.9,598900,27.057346
"374",27.860001,28.120001,27.49,27.49,991400,26.659729
"375",27.469999,27.700001,27.450001,27.57,645500,26.737312
"376",27.65,27.92,27.559999,27.73,674000,26.892481
"377",27.559999,27.77,27.530001,27.709999,546300,26.873085
"378",27.790001,28.139999,27.67,27.9,444400,27.057346
"379",28.08,28.120001,27.790001,28.120001,769100,27.270702
"380",28.049999,28.51,28.01,28.299999,722200,27.445267
"381",28.41,28.799999,28.370001,28.77,870500,27.901072
"382",28.77,28.83,28.49,28.66,812100,27.794397
"383",28.559999,28.66,28.43,28.559999,592600,27.697412
"384",28.68,28.75,28.5,28.73,880400,27.862278
"385",28.73,28.84,28.639999,28.75,487900,27.881674
"386",28.75,29.02,28.67,29.01,524300,28.133823
"387",29.01,29.26,28.950001,29.15,823200,28.26959
"388",29.17,29.620001,29.17,29.59,875700,28.696308
"389",29.5,29.620001,29.34,29.459999,1079600,28.570227
"390",29.469999,29.780001,29.42,29.67,1257500,28.773891
"391",29.620001,29.75,29.280001,29.6,1390900,28.706007
"392",28.459999,29.07,28.01,28.959999,2717100,28.085331
"393",28.889999,29.26,28.85,29.129999,1486200,28.250198
"394",29.23,29.459999,29.049999,29.43,1063100,28.541138
"395",29.360001,29.49,29.07,29.280001,1251200,28.395668
"396",29.35,29.540001,29.290001,29.41,884000,28.52174
"397",29.42,29.52,29.139999,29.26,1544400,28.376274
"398",29.26,29.4,28.969999,28.98,1204100,28.104729
"399",28.82,29.26,28.66,29.190001,1012800,28.308388
"400",28.82,29.309999,28.82,29.290001,398400,28.405369
"401",29.34,29.450001,29.280001,29.440001,799100,28.550837
"402",29.42,29.65,29.32,29.57,677800,28.750153
"403",29.540001,29.84,29.379999,29.780001,843000,28.95433
"404",29.83,29.99,29.709999,29.719999,778000,28.895992
"405",29.58,29.790001,29.58,29.65,509700,28.827932
"406",29.700001,29.85,29.5,29.59,1693400,28.769598
"407",29.700001,29.809999,29.540001,29.74,787100,28.915438
"408",29.629999,29.76,29.52,29.73,692600,28.905718
"409",29.870001,30.040001,29.77,29.83,657700,29.002943
"410",29.77,29.879999,29.74,29.82,660900,28.993223
"411",29.83,30.030001,29.790001,29.889999,752100,29.061277
"412",29.9,30.360001,29.860001,30.299999,987400,29.459911
"413",30.24,30.389999,30.139999,30.219999,541900,29.38213
"414",30.25,30.299999,30.139999,30.280001,566600,29.440468
"415",30.379999,30.450001,30.23,30.379999,908800,29.537697
"416",30.52,30.639999,30.25,30.280001,876000,29.440468
"417",30.299999,30.360001,29.99,30.120001,748500,29.284903
"418",30.16,30.26,30.030001,30.219999,515700,29.38213
"419",30.190001,30.23,30.030001,30.139999,508200,29.304348
"420",30.059999,30.51,30.059999,30.48,666600,29.634922
"421",30.48,30.639999,30.34,30.459999,1209400,29.615475
"422",30.5,30.77,30.48,30.67,867900,29.819653
"423",30.68,31.059999,30.68,30.77,1528400,29.916882
"424",30.73,30.860001,30.549999,30.82,916800,29.965494
"425",30.93,31.07,30.76,31,1027100,30.140505
"426",30.92,31.290001,30.92,31.17,922000,30.305788
"427",31.139999,31.26,31.01,31.190001,796300,30.325239
"428",31.280001,31.49,31.23,31.34,910800,30.471079
"429",31.389999,31.549999,30.92,31.07,1636300,30.208563
"430",31.16,31.200001,30.610001,30.629999,1201600,29.780764
"431",30.6,30.73,30.07,30.08,1831600,29.246012
"432",30.08,30.540001,30.02,30.4,1296800,29.557142
"433",30.49,30.540001,30.219999,30.4,1008800,29.557142
"434",30.41,30.51,30.209999,30.27,2020200,29.430748
"435",30.209999,30.219999,29.879999,30.01,740900,29.177952
"436",29.959999,30.07,29.67,29.690001,688200,28.866825
"437",29.700001,29.77,29.5,29.530001,1039800,28.711262
"438",29.6,29.870001,29.530001,29.58,1068500,28.759876
"439",29.52,29.719999,29.48,29.57,921700,28.750153
"440",29.709999,29.83,29.440001,29.5,768000,28.682093
"441",29.5,29.57,29.360001,29.42,797100,28.604311
"442",29.51,29.58,29.389999,29.48,810700,28.662651
"443",29.440001,29.690001,29.440001,29.629999,728600,28.808487
"444",29.620001,29.790001,29.299999,29.32,706000,28.507084
"445",29.25,29.57,29.190001,29.49,1383200,28.672371
"446",29.52,29.540001,29.27,29.309999,815600,28.497358
"447",29.23,29.290001,28.620001,28.65,1393800,27.855661
"448",28.620001,28.709999,28.02,28.110001,1305400,27.330633
"449",28.35,28.35,27.48,27.91,1128900,27.136179
"450",27.84,28,27.73,27.82,938100,27.048672
"451",27.92,28.4,27.790001,28.389999,886000,27.602871
"452",28.379999,28.58,28.059999,28.48,1366400,27.690371
"453",28.440001,28.68,28.16,28.200001,1543200,27.418139
"454",28.209999,28.92,28.15,28.85,1314700,28.050116
"455",28.91,29.5,28.83,29.129999,2725400,28.32235
"456",28.690001,28.690001,27.629999,28,2243200,27.22368
"457",28.030001,28.32,27.59,27.610001,2451400,26.844496
"458",27.73,28.290001,27.57,28.08,2153700,27.380795
"459",27.9,28.190001,27.610001,27.940001,1358400,27.244284
"460",28.24,28.52,27.629999,27.92,1530200,27.224783
"461",28.030001,28.09,27.68,28.059999,962600,27.361296
"462",28.25,28.58,28.110001,28.18,1939500,27.478306
"463",28.219999,28.35,27.870001,28.23,918500,27.527063
"464",28.41,28.540001,27.9,28.18,1168700,27.478306
"465",28.25,28.549999,28.09,28.42,821500,27.712336
"466",28.35,28.85,28.33,28.83,938500,28.112123
"467",28.92,29.040001,28.65,29.030001,884900,28.307148
"468",28.969999,29.25,28.889999,29.24,869500,28.511913
"469",29.139999,29.370001,29.08,29.290001,913900,28.560671
"470",29.33,29.42,28.74,28.790001,829700,28.073124
"471",28.84,29.200001,28.790001,28.889999,681900,28.17063
"472",29.059999,29.059999,28.280001,28.540001,973500,27.829346
"473",28.34,28.83,28.299999,28.82,1016200,28.102377
"474",28.690001,29.02,28.58,28.870001,635200,28.151127
"475",28.870001,29.07,28.73,28.92,649500,28.199886
"476",28.75,28.879999,28.379999,28.43,757200,27.722084
"477",28.450001,28.690001,28.219999,28.280001,617600,27.575821
"478",28.120001,28.629999,28.02,28.459999,284200,27.751339
"479",28.719999,28.83,28.450001,28.59,896800,27.878101
"480",28.540001,28.690001,28.23,28.280001,701800,27.575821
"481",28.25,28.85,28.25,28.85,942300,28.131628
"482",28.68,29.07,28.65,29.040001,1030100,28.316896
"483",29.040001,29.23,28.84,29.02,1184400,28.297394
"484",29.139999,29.290001,28.52,29.08,1103900,28.355904
"485",28.969999,29.18,28.459999,28.59,1029700,27.878101
"486",28.190001,28.32,27.43,27.92,1364200,27.224783
"487",27.809999,28.139999,27.459999,27.59,1390200,26.902996
"488",27.700001,27.700001,26.98,27.530001,930400,26.844494
"489",27.809999,27.889999,27.25,27.35,910600,26.668978
"490",27.709999,27.77,27.370001,27.49,773400,26.805489
"491",27.6,27.74,27.299999,27.700001,1624100,27.010265
"492",27.52,27.91,27.469999,27.620001,1626100,26.932251
"493",27.639999,27.719999,27.110001,27.200001,1376200,26.522713
"494",27.41,27.559999,27.18,27.32,1172600,26.639725
"495",27.35,27.74,26.969999,27.059999,1650300,26.386194
"496",26.99,27.209999,26.74,27.02,1523300,26.347193
"497",26.969999,27.52,26.530001,26.530001,3769100,25.869396
"498",26.48,26.549999,26.040001,26.07,801200,25.420849
"499",26.08,26.860001,25.719999,26.860001,1093500,26.191179
"500",26.459999,26.99,26.129999,26.98,1603400,26.308187
"501",27.059999,27.389999,26.92,27.18,1156600,26.50321
"502",27.190001,27.559999,27.190001,27.559999,1078600,26.873747
"503",27.190001,27.4,26.940001,27.07,1181300,26.395947
"504",27.049999,27.33,26.690001,26.73,1132800,26.064415
"505",27.02,27.440001,26.950001,27.389999,832100,26.707977
"506",27.34,27.639999,27.200001,27.370001,1057900,26.688478
"507",27.66,27.73,27.209999,27.73,940300,27.039509
"508",27.73,27.950001,27.469999,27.790001,1074200,27.098021
"509",27.709999,27.99,27.58,27.99,725100,27.293037
"510",27.83,27.870001,27.59,27.780001,703000,27.088268
"511",27.610001,27.889999,27.52,27.860001,824700,27.166275
"512",27.77,28,27.629999,27.92,674300,27.224783
"513",28.110001,28.35,27.98,28.32,653100,27.614826
"514",28.200001,28.42,28.030001,28.18,1222500,27.478306
"515",28.35,28.68,28.26,28.639999,785300,27.926855
"516",28.49,28.709999,28.17,28.32,950500,27.614826
"517",28.34,28.440001,28.129999,28.43,822600,27.722084
"518",28.34,28.459999,28.129999,28.309999,1494400,27.605074
"519",28.530001,28.6,28.139999,28.200001,1246700,27.497812
"520",28.1,28.200001,27.780001,27.959999,1332600,27.263788
"521",27.24,27.25,26.23,26.75,4456100,26.083916
"522",26.73,26.879999,26.469999,26.76,2822700,26.093668
"523",26.6,27.200001,26.58,27.16,2035100,26.483707
"524",27.309999,27.870001,27.219999,27.870001,1753600,27.176031
"525",27.83,27.92,27.690001,27.879999,1082200,27.185778
"526",27.9,28.08,27.76,28.049999,1325200,27.430252
"527",27.969999,28.030001,27.809999,27.940001,937900,27.322685
"528",27.879999,27.879999,27.43,27.809999,1408700,27.195557
"529",27.709999,27.969999,27.66,27.83,1256500,27.215117
"530",27.91,28.16,27.799999,28.129999,1114400,27.508488
"531",28.26,28.549999,28.209999,28.469999,1432300,27.840977
"532",28.530001,28.68,28.370001,28.450001,1095400,27.821419
"533",28.299999,28.629999,28.190001,28.48,1135700,27.850754
"534",28.68,29.059999,28.620001,29.059999,1236900,28.417936
"535",28.98,29.27,28.91,29.120001,1381900,28.476618
"536",29.16,29.459999,29.08,29.440001,956900,28.789545
"537",29.440001,29.610001,29.360001,29.440001,561600,28.789545
"538",29.459999,29.620001,29.4,29.51,525800,28.857998
"539",29.58,29.77,29.43,29.51,592900,28.857998
"540",29.43,29.51,29.18,29.200001,756500,28.554848
"541",29.01,29.450001,29.01,29.34,718000,28.691755
"542",29.379999,29.700001,29.200001,29.620001,1142600,28.965569
"543",29.76,29.959999,29.6,29.870001,937900,29.210043
"544",29.82,29.940001,29.59,29.870001,1068300,29.210043
"545",29.940001,30.129999,29.41,29.440001,1322300,28.789545
"546",29.41,29.530001,29.25,29.290001,965000,28.64286
"547",29.200001,29.33,28.950001,29.07,802800,28.427719
"548",28.889999,28.99,28.690001,28.870001,636600,28.232138
"549",28.99,29.209999,28.950001,29.17,767300,28.525511
"550",29.24,29.33,29.07,29.129999,735500,28.486393
"551",29.190001,29.290001,29.07,29.17,1039200,28.525511
"552",29.200001,29.370001,29.1,29.16,718500,28.515728
"553",29.16,29.549999,29.15,29.459999,1402400,28.809101
"554",29.52,29.65,29.379999,29.469999,532000,28.818884
"555",29.58,29.65,29.030001,29.08,838400,28.437502
"556",29.01,29.1,28.700001,28.709999,797300,28.075674
"557",28.639999,29.129999,28.610001,29.110001,713300,28.466839
"558",28.91,29.08,28.84,28.879999,711700,28.241919
"559",28.91,29.110001,28.809999,29.01,813100,28.369047
"560",29.24,29.379999,29.08,29.209999,835700,28.564625
"561",29.200001,29.389999,29.15,29.290001,757500,28.64286
"562",29.309999,29.450001,29.059999,29.41,805300,28.760208
"563",29.610001,29.66,29.360001,29.51,825200,28.857998
"564",29.690001,29.85,29.58,29.799999,634300,29.14159
"565",29.780001,29.83,29.610001,29.66,715300,29.004683
"566",29.809999,29.809999,29.559999,29.75,807600,29.092695
"567",29.809999,29.950001,29.690001,29.940001,784800,29.278498
"568",29.99,30.030001,29.83,29.93,608900,29.268721
"569",29.889999,29.969999,29.77,29.9,709600,29.239384
"570",29.889999,29.889999,29.620001,29.700001,872900,29.0438
"571",29.76,30.09,29.73,29.969999,755100,29.307835
"572",30.07,30.309999,29.98,30.27,937900,29.601212
"573",30.450001,30.57,30.33,30.51,728000,29.835903
"574",30.52,30.799999,30.52,30.68,886200,30.002146
"575",30.83,30.889999,30.6,30.73,879900,30.051044
"576",30.83,30.84,30.24,30.41,964600,29.738113
"577",30.389999,30.610001,30.379999,30.57,905200,29.894579
"578",30.440001,30.58,30.209999,30.51,1058600,29.835903
"579",31.809999,32.169998,31.01,31.57,2925900,30.872484
"580",31.59,31.82,31.440001,31.459999,1090900,30.764914
"581",31.290001,31.57,31.08,31.5,931500,30.804028
"582",31.459999,31.700001,31.18,31.68,794800,30.980053
"583",31.700001,31.809999,31.49,31.549999,987700,30.852924
"584",31.51,31.790001,31.4,31.75,920400,31.048504
"585",31.860001,31.940001,31.280001,31.33,1113100,30.637783
"586",31.43,31.809999,31.1,31.809999,920500,31.10718
"587",31.860001,32.380001,31.82,32.34,766700,31.625469
"588",32.009998,32.540001,31.98,32.459999,1034800,31.742817
"589",32.209999,32.389999,31.85,32.040001,785700,31.409512
"590",31.959999,32.290001,31.91,31.950001,913500,31.321281
"591",31.690001,31.959999,31.52,31.67,2026000,31.046793
"592",31.620001,32.259998,31.48,32.189999,1161200,31.556557
"593",31.75,31.809999,31.360001,31.4,957500,30.782106
"594",31.469999,31.629999,31.26,31.360001,2335400,30.742891
"595",31.200001,31.799999,31.120001,31.719999,904100,31.095806
"596",31.83,32.169998,31.76,32,644600,31.370298
"597",31.799999,31.969999,31.68,31.690001,779500,31.066399
"598",31.5,31.77,31.4,31.49,733000,30.870333
"599",31.58,31.91,31.58,31.91,813300,31.282068
"600",31.879999,32.07,31.67,32.029999,528000,31.399706
"601",31.75,31.83,31.540001,31.809999,799100,31.184034
"602",31.92,31.969999,31.65,31.85,1041800,31.223249
"603",31.82,32.029999,31.59,31.59,689100,30.968367
"604",31.450001,31.690001,31.370001,31.65,620900,31.027184
"605",31.709999,31.889999,31.559999,31.66,658600,31.036985
"606",31.4,31.620001,31.190001,31.57,1227900,30.948761
"607",31.48,31.959999,31.34,31.940001,1349700,31.311478
"608",32.080002,32.189999,31.5,32.060001,967600,31.429119
"609",32.040001,32.610001,32.040001,32.580002,1071900,31.938887
"610",32.66,32.66,32.369999,32.52,658400,31.880066
"611",32.599998,32.950001,32.52,32.869999,699500,32.223179
"612",32.939999,33.139999,32.580002,32.689999,1010100,32.046715
"613",32.82,32.98,32.57,32.59,996400,31.948689
"614",32.599998,32.869999,32.439999,32.849998,916900,32.203568
"615",32.970001,32.98,32.470001,32.689999,604500,32.046715
"616",32.700001,32.91,32.639999,32.82,654400,32.17416
"617",32.900002,32.950001,32.639999,32.68,803900,32.036919
"618",32.689999,33,32.610001,32.740002,930500,32.095737
"619",32.73,33.23,32.73,33.16,854900,32.507469
"620",33.34,33.459999,32.990002,33.400002,771700,32.742748
"621",33.27,33.34,32.900002,32.900002,1323200,32.252594
"622",32.950001,33.32,32.919998,33.220001,1083700,32.566296
"623",33.27,33.369999,33.150002,33.169998,713300,32.517273
"624",33.16,33.220001,32.540001,32.540001,558700,31.89967
"625",32.59,33.189999,32.59,33.150002,588700,32.497673
"626",33.25,33.52,33.150002,33.5,1505400,32.840782
"627",33.68,34.040001,33.509998,34.02,785500,33.350555
"628",34.099998,34.34,33.959999,34.330002,1104900,33.654453
"629",34.419998,34.759998,34.369999,34.73,812900,34.046577
"630",34.650002,34.77,34.360001,34.759998,578200,34.075981
"631",34.689999,34.799999,34.509998,34.529999,995300,33.850513
"632",34.400002,34.779999,34.389999,34.759998,796800,34.075981
"633",34.880001,35.07,34.720001,34.779999,828300,34.095592
"634",34.759998,34.860001,34.57,34.860001,547100,34.174023
"635",34.98,35.060001,34.740002,34.990002,799800,34.301456
"636",35,35.23,34.830002,34.919998,584800,34.232834
"637",35.02,35.27,34.939999,35.02,844700,34.330872
"638",34.889999,35.139999,34.849998,34.919998,793100,34.232834
"639",34.93,35.130001,34.869999,35.130001,960300,34.438709
"640",35.200001,35.220001,34.700001,34.700001,943000,34.01717
"641",34.68,34.849998,34.490002,34.650002,1296900,33.968155
"642",35,35.779999,34.860001,35.57,1662900,34.870045
"643",35.689999,36.16,35.459999,36.150002,1313600,35.438641
"644",36.200001,36.330002,35.84,36,1566100,35.291588
"645",35.990002,36.48,35.860001,36.389999,962600,35.673908
"646",36.599998,36.709999,36.189999,36.32,1103200,35.605289
"647",36.18,36.5,36.049999,36.41,973000,35.69352
"648",36.419998,36.529999,35.740002,35.93,2155200,35.222961
"649",36,36.470001,35.77,35.889999,1119900,35.183754
"650",35.919998,36.07,35.59,35.849998,926700,35.144535
"651",35.419998,35.580002,34.709999,35.279999,2058600,34.585747
"652",35.310001,36.029999,35.169998,35.990002,954300,35.361969
"653",35.509998,36.290001,35.310001,36.139999,1059600,35.509354
"654",36.43,36.91,36.32,36.810001,2145500,36.167664
"655",36.82,36.880001,36.389999,36.740002,836900,36.098881
"656",36.560001,36.790001,36.119999,36.200001,678800,35.568306
"657",36.200001,36.66,36.060001,36.5,849500,35.863068
"658",35.98,36.369999,35.349998,35.419998,1116600,34.801907
"659",35.720001,35.860001,35.48,35.66,995500,35.037727
"660",35.84,36.169998,35.48,36.080002,1453000,35.450401
"661",36.419998,36.549999,36.290001,36.389999,621600,35.75499
"662",36.279999,36.349998,35.799999,35.830002,780300,35.204762
"663",36.080002,36.18,35.950001,36.040001,782900,35.411091
"664",36.139999,36.369999,35.880001,36.220001,780800,35.587959
"665",36.09,36.369999,35.290001,35.419998,952700,34.801907
"666",35.720001,35.759998,35.27,35.700001,941800,35.077026
"667",35.84,35.950001,35.360001,35.459999,769100,34.841217
"668",35.380001,35.68,35.209999,35.639999,901300,35.018074
"669",36,36.389999,35.900002,36.220001,704700,35.587959
"670",36.450001,37.02,36.200001,36.889999,1975800,36.246265
"671",36.509998,36.759998,36.330002,36.529999,1122600,35.892548
"672",36.860001,36.860001,36.450001,36.700001,937600,36.059574
"673",37.02,37.200001,36.720001,36.84,735200,36.19714
"674",36.84,37.119999,36.73,36.810001,959000,36.167664
"675",36.990002,37,36.16,36.5,991300,35.863068
"676",36.549999,36.549999,34.810001,34.869999,2632400,34.261513
"677",34.950001,35.580002,34.830002,35.580002,2176000,34.959122
"678",35.799999,36.080002,35.5,35.959999,1007700,35.332489
"679",36.02,36.16,35.599998,35.98,936100,35.352146
"680",35.73,36.099998,35.580002,35.830002,824200,35.204762
"681",35.849998,36.639999,35.849998,36.400002,1127500,35.764812
"682",36.389999,36.490002,36.060001,36.360001,604800,35.725513
"683",36.389999,36.740002,36.389999,36.509998,874200,35.872898
"684",36.66,36.709999,35.970001,36.23,3124500,35.597782
"685",36.049999,36.459999,36.029999,36.279999,1303300,35.646904
"686",36.32,36.59,35.799999,35.959999,1928500,35.332489
"687",35.82,36.34,35.82,36.130001,1811900,35.499527
"688",36.16,36.27,35.82,36.09,796500,35.460228
"689",36.369999,36.380001,35.59,35.790001,1039200,35.165459
"690",35.779999,36.099998,35.740002,36.060001,769900,35.430752
"691",36.23,36.43,35.400002,35.419998,1074700,34.801907
"692",35.299999,35.52,34.98,35.119999,1502400,34.507145
"693",35.07,35.669998,35.049999,35.619999,1602600,34.998425
"694",35.799999,36.419998,35.790001,36.41,1116300,35.774639
"695",36.32,36.389999,35.990002,36.18,1202200,35.548656
"696",35.950001,36,35.299999,35.310001,1723100,34.69384
"697",35.77,35.77,35.34,35.59,1484500,34.968948
"698",35.549999,36.119999,35.490002,35.939999,1265000,35.31284
"699",36.34,36.459999,36.040001,36.040001,918200,35.411091
"700",36.009998,36.360001,35.959999,36.099998,703600,35.470043
"701",36.189999,36.34,35.990002,36.029999,789600,35.401268
"702",35.93,36.169998,35.709999,36.080002,1389300,35.450401
"703",36.16,36.419998,36.060001,36.299999,1030700,35.666553
"704",36.18,36.470001,36.119999,36.32,985100,35.686207
"705",36.540001,36.709999,36.380001,36.619999,892400,35.980968
"706",36.549999,36.790001,36.299999,36.380001,1202000,35.745167
"707",36.32,36.5,35.990002,36.32,1344100,35.686207
"708",36.400002,36.91,36.34,36.84,1349000,36.19714
"709",36.889999,36.889999,35.759998,35.959999,1451400,35.332489
"710",36.099998,36.459999,35.810001,35.860001,1958500,35.234241
"711",35.75,37.630001,35.75,37.310001,2742500,36.658939
"712",37.299999,37.779999,36.91,37.689999,1930300,37.032303
"713",37.48,37.919998,37.34,37.68,2081200,37.022472
"714",37.880001,37.970001,37.529999,37.630001,1740900,36.973351
"715",37.82,37.91,37.009998,37.169998,1396700,36.521374
"716",37.259998,37.349998,36.759998,37.09,1524600,36.442772
"717",37.119999,37.82,37.119999,37.75,1694000,37.091259
"718",37.82,37.990002,37.52,37.639999,1158400,37.066643
"719",37.599998,37.84,37.5,37.75,1549000,37.174961
"720",37.630001,38.029999,37.509998,37.880001,988700,37.302979
"721",38,38.130001,37.810001,37.84,1230400,37.263592
"722",37.709999,38.18,37.560001,38.060001,1599000,37.48024
"723",38.02,38.049999,37.779999,37.889999,1922400,37.312828
"724",38.049999,38.080002,37.709999,37.869999,1947100,37.293137
"725",37.73,37.970001,37.610001,37.810001,1452800,37.234051
"726",37.959999,38.18,37.889999,37.970001,1676800,37.391613
"727",37.919998,38.34,37.77,38.09,1833300,37.509789
"728",38.080002,38.16,37.66,37.73,1242000,37.15527
"729",37.75,37.950001,37.599998,37.849998,1339100,37.273441
"730",37.939999,38.299999,37.799999,37.959999,1981400,37.381763
"731",38.029999,38.369999,37.77,37.889999,18629300,37.312828
"732",37.93,38.040001,37.299999,37.959999,1974700,37.381763
"733",37.91,38.23,37.709999,37.740002,789500,37.165115
"734",37.919998,38.139999,37.580002,37.630001,2484100,37.056789
"735",37.369999,37.650002,37.279999,37.599998,2052500,37.027245
"736",37.599998,37.91,37.529999,37.639999,1417300,37.066643
"737",38.080002,38.200001,37.82,38.139999,1277100,37.559017
"738",38.34,38.470001,38.099998,38.369999,1957100,37.785515
"739",38.330002,38.360001,38.130001,38.220001,970100,37.637806
"740",38.290001,38.290001,37.869999,37.959999,1349000,37.381763
"741",37.98,38.27,37.82,38.25,2300800,37.667351
"742",38.27,38.630001,38.150002,38.630001,2303100,38.041557
"743",38.470001,38.860001,38.360001,38.860001,1357600,38.268055
"744",39.02,39.32,38.860001,38.98,1091100,38.386223
"745",38.889999,39.549999,38.84,39.540001,1315800,38.937698
"746",39.689999,39.689999,39.150002,39.380001,2535100,38.780136
"747",39.380001,39.549999,39.139999,39.52,1672600,38.917999
"748",39.830002,40.349998,39.669998,40.25,3104600,39.636883
"749",40.349998,40.400002,39.27,39.330002,1349300,38.730896
"750",39.32,39.400002,39.169998,39.169998,372300,38.57333
"751",39.240002,39.41,39.16,39.369999,714300,38.770287
"752",39.389999,39.560001,39.220001,39.299999,587600,38.701355
"753",39.279999,39.48,39.110001,39.360001,727000,38.760441
"754",39.349998,39.57,39.330002,39.48,967900,38.878605
"755",39.619999,39.669998,39.200001,39.610001,1354300,39.00663
"756",39.200001,39.720001,39.169998,39.650002,910800,39.046021
"757",39.43,39.700001,39.259998,39.619999,1476300,39.016476
"758",39.66,39.82,39.5,39.5,782400,38.8983
"759",39.580002,40.049999,39.529999,39.790001,1767500,39.183887
"760",40,40.439999,39.84,40.330002,1731300,39.71566
"761",40.349998,40.669998,40.18,40.400002,3513800,39.784599
"762",40.43,40.689999,40.23,40.380001,1559100,39.764904
"763",40.279999,40.369999,40.110001,40.209999,872700,39.597488
"764",40.23,40.669998,40.220001,40.59,1283000,39.971703
"765",40.73,41.130001,40.639999,41.119999,878800,40.493629
"766",41.27,41.43,41.139999,41.41,1320200,40.779213
"767",41.299999,41.5,41.189999,41.200001,1166200,40.572411
"768",41.279999,41.540001,41.25,41.5,896000,40.86784
"769",41.279999,41.880001,41.169998,41.790001,1303700,41.153423
"770",41.900002,42.029999,41.619999,41.830002,1179300,41.192814
"771",41.34,41.959999,41.27,41.66,2111800,41.025402
"772",42.880001,44.939999,42.279999,44.650002,3825200,43.96986
"773",44.919998,45.32,44.470001,45.009998,2089300,44.324371
"774",44.720001,45.439999,44.650002,45.360001,1807800,44.669044
"775",45.169998,45.439999,44.740002,44.900002,2763000,44.216053
"776",45.209999,45.860001,45.16,45.610001,2709800,44.915237
"777",45.919998,46.41,45.869999,46.169998,1487100,45.551594
"778",46.5,46.610001,46.18,46.450001,1443800,45.827847
"779",46.32,46.77,46.310001,46.740002,1288800,46.11396
"780",46.68,46.950001,46.540001,46.75,1798700,46.123821
"781",46.720001,47.450001,46.68,47.380001,1126400,46.745384
"782",47.549999,47.700001,47.240002,47.299999,1663700,46.666458
"783",47.200001,47.23,46.450001,46.82,2005500,46.192883
"784",46.77,47.560001,46.720001,47.490002,1132300,46.853909
"785",47.5,47.98,47.389999,47.849998,1325900,47.209091
"786",47.860001,48.299999,47.68,48.110001,984600,47.465611
"787",48.330002,48.639999,48.169998,48.459999,1251100,47.810925
"788",48.27,48.610001,47.75,48.509998,1330900,47.860245
"789",48.400002,48.689999,48.02,48.360001,1402100,47.712261
"790",47.48,48.23,47.110001,47.310001,1121800,46.676327
"791",47.540001,47.779999,46.009998,46.16,2139900,45.541725
"792",46.419998,47.02,46.09,46.23,1595700,45.61079
"793",45.610001,45.880001,44,44.009998,1599900,43.420517
"794",42.830002,43.360001,41.59,43.009998,2983900,42.433918
"795",43.59,45.57,43.349998,45.439999,3366800,44.831367
"796",45.380001,45.759998,43.900002,44.52,2329600,43.923695
"797",45.27,47.099998,45.029999,47.049999,1558200,46.419807
"798",45.970001,46.669998,45.16,45.91,1854100,45.295071
"799",44.439999,45.27,43.5,45.16,1928700,44.555119
"800",44,44,40.98,42.189999,2946400,41.624905
"801",43.189999,43.91,41.619999,43.650002,2622000,43.06535
"802",42.52,42.860001,40.869999,41.599998,2219600,41.042801
"803",38.59,39.84,37.009998,37.59,2800200,37.086514
"804",39.279999,39.869999,36.419998,39.84,2855000,39.306377
"805",35.860001,38.700001,35,37.009998,2717400,36.514282
"806",37.919998,40.16,37,39.919998,3223000,39.385303
"807",37.669998,38.549999,34.919998,36.790001,3060600,36.297226
"808",36.549999,36.599998,33.009998,34.720001,2787000,34.254955
"809",34.630001,35.279999,33.18,33.619999,2711100,33.169689
"810",33.310001,33.310001,30.700001,31.66,1871400,31.235941
"811",33.310001,35.689999,32.93,35.540001,2863300,35.063976
"812",35.450001,36.189999,34.02,34.130001,2292800,33.672859
"813",34.630001,35.98,33.959999,35.900002,1747500,35.419147
"814",34.41,37,34.27,35.93,1163600,35.44875
"815",36.209999,37.380001,35.490002,37.299999,1389400,36.8004
"816",36.830002,37.299999,35.66,36.220001,2008500,35.734867
"817",34.84,35.459999,33.939999,34.439999,2277500,33.978706
"818",34,35.610001,33.700001,34.860001,1656200,34.393082
"819",34.380001,35.32,33.240002,33.41,1154900,32.962502
"820",34.959999,36.139999,34.34,35.970001,1465000,35.488216
"821",37.560001,37.75,35.93,35.959999,1240000,35.478344
"822",36.380001,37.41,35.580002,37.200001,1540700,36.70174
"823",37.689999,39.189999,37.560001,39.029999,1430800,38.507225
"824",38.709999,38.740002,37.580002,38.169998,1470000,37.658745
"825",38.939999,39.779999,38.869999,39.630001,1590500,39.099197
"826",38.82,39.23,37.830002,37.919998,1424400,37.412086
"827",38.299999,38.380001,37.09,37.450001,1260200,36.948391
"828",38.549999,38.740002,37.900002,38.099998,1439700,37.589684
"829",37.779999,38.02,36.869999,37.32,1938700,36.820126
"830",36.330002,36.549999,35.43,35.5,1460800,35.024506
"831",36.200001,36.240002,35.549999,35.700001,1314800,35.221828
"832",35.77,35.900002,34.529999,34.59,1256700,34.126698
"833",34.740002,34.970001,34.060001,34.759998,1709600,34.294411
"834",34.900002,36,34.900002,35.740002,1867900,35.261295
"835",36.009998,36.959999,34.860001,35.599998,2773800,35.123173
"836",36.52,36.990002,35.650002,36.639999,1343600,36.149239
"837",35.869999,36.310001,35.580002,35.91,3004500,35.42902
"838",35.240002,35.59,34.669998,35.060001,1402700,34.590401
"839",34.830002,35.740002,34.709999,35.57,1166500,35.093571
"840",35.77,36.889999,35.75,36.560001,1705400,36.070313
"841",37,37.099998,35.619999,35.639999,1467000,35.162632
"842",36.07,37.220001,36.07,37.130001,1182400,36.632679
"843",37.630001,37.84,37.32,37.599998,1226500,37.181496
"844",37.200001,38.279999,37.200001,37.950001,1847000,37.527607
"845",37.98,38.150002,37.5,37.509998,1165900,37.092499
"846",37.150002,37.369999,36.220001,36.73,1575500,36.321182
"847",36.240002,36.959999,35.790001,36.91,1446000,36.499176
"848",36.610001,37.16,36.220001,37,1984800,36.588177
"849",38,38.830002,37.900002,38.560001,1108600,38.130817
"850",38.330002,38.959999,38.200001,38.389999,1187800,37.962708
"851",38.709999,39.139999,38.330002,38.349998,1345000,37.923149
"852",38.209999,38.919998,38.130001,38.73,1111300,38.29892
"853",38.709999,38.740002,38.07,38.419998,917800,37.992371
"854",39.310001,39.439999,38.889999,39.040001,1055200,38.605469
"855",39.75,40.060001,39.389999,39.959999,1334900,39.515224
"856",40.299999,40.560001,39.98,40.25,880000,39.802002
"857",40.07,40.439999,39.740002,40.200001,1753000,39.752563
"858",40.349998,40.419998,39.650002,40.240002,1129400,39.792114
"859",40.310001,40.939999,40.009998,40.900002,1019100,40.444771
"860",41.240002,42.470001,41.110001,42.299999,1228300,41.829185
"861",42.049999,42.330002,41.68,42.040001,1006200,41.572079
"862",43.290001,43.73,42.57,42.73,1189200,42.254395
"863",42.52,43.049999,42.400002,43.040001,1500800,42.560947
"864",42.66,43.439999,42.529999,43.049999,1126900,42.570835
"865",42.869999,43.459999,42.700001,42.849998,1496200,42.373066
"866",41.93,41.990002,40.630001,40.639999,1636000,40.18766
"867",41.84,41.919998,39.93,40.669998,1974700,40.217327
"868",39.66,41.59,39.490002,41.34,1394100,40.879875
"869",42.549999,42.599998,41.389999,41.549999,1412700,41.087532
"870",41.619999,42.419998,41.57,41.98,1336600,41.512745
"871",41.830002,42.5,41.650002,41.860001,1052900,41.394085
"872",42.259998,42.380001,41.110001,41.130001,2047600,40.672211
"873",41.09,41.860001,40.689999,41.43,1319900,40.968868
"874",42.029999,42.049999,41.209999,41.220001,983900,40.761204
"875",41,41,39.98,40.049999,1620000,39.604233
"876",40.139999,41.040001,39.490002,41,1051400,40.543655
"877",40.669998,40.93,39.950001,40.080002,1648100,39.633896
"878",40.48,40.48,39.720001,39.970001,1011600,39.525124
"879",39.950001,40.880001,39.93,40.759998,1215100,40.306324
"880",40.709999,41.279999,40.59,41.09,1266200,40.632652
"881",41.349998,41.549999,40.790001,40.849998,1544400,40.395325
"882",41.560001,41.59,40.5,40.639999,1548100,40.18766
"883",40.470001,41.23,40.330002,40.75,1055800,40.296436
"884",40.860001,41.41,40.709999,41.07,1054000,40.612877
"885",41.060001,41.209999,40.27,40.900002,830900,40.444771
"886",41.040001,41.43,40.740002,41.419998,628900,40.958981
"887",41.77,41.869999,40.869999,40.950001,889200,40.494213
"888",40.959999,41.950001,40.959999,41.950001,1202900,41.483082
"889",42.419998,42.650002,42.189999,42.310001,962000,41.839077
"890",42.32,43.470001,42.220001,43.43,1553200,42.946609
"891",43.5,43.970001,43.080002,43.700001,868300,43.213604
"892",43.509998,43.93,43.459999,43.759998,730900,43.272934
"893",43.919998,44.669998,43.860001,44.290001,1259900,43.797035
"894",44.009998,44.990002,44.009998,44.959999,1275100,44.459579
"895",45,45.84,44.98,45.110001,1555000,44.60791
"896",45.150002,45.639999,44.939999,45.400002,1323700,44.894684
"897",45.450001,45.880001,45.299999,45.490002,929900,44.983681
"898",46.209999,46.48,43.5,44.48,1554700,43.984917
"899",44.57,45.189999,44.48,44.959999,995800,44.459579
"900",44.459999,44.889999,44.16,44.759998,1004200,44.261799
"901",44.900002,45.48,44.41,45.470001,1761400,44.963905
"902",45.5,46.09,45.34,45.529999,930500,45.023232
"903",45.139999,45.459999,44.91,45.459999,875400,45.03809
"904",45.610001,45.790001,45.470001,45.630001,707100,45.206516
"905",45.57,45.860001,45.389999,45.619999,714000,45.196606
"906",45.549999,46.080002,45.450001,46.060001,628900,45.632526
"907",46.099998,46.34,45.779999,45.93,727600,45.503731
"908",46.25,46.43,45.610001,45.66,971700,45.236237
"909",46.16,46.310001,45.740002,45.799999,732400,45.374935
"910",45.529999,46.009998,45.52,45.82,516900,45.394749
"911",45.720001,46.220001,45.650002,45.82,433300,45.394749
"912",45.91,46.130001,45.700001,46,650400,45.573082
"913",45.84,46.290001,45.759998,46.09,628500,45.662247
"914",46.09,46.34,45.950001,45.959999,391100,45.533455
"915",45.75,46.16,45.66,45.790001,544200,45.365036
"916",45.68,45.68,45.209999,45.52,1019700,45.097538
"917",45.880001,45.880001,45.419998,45.720001,604400,45.295685
"918",45.990002,46.279999,45.759998,46.009998,723300,45.582985
"919",46,46,45.470001,45.66,1105600,45.236237
"920",45.860001,46.360001,45.810001,46.060001,739900,45.632526
"921",46.360001,46.380001,45.799999,46.209999,710900,45.781136
"922",46.07,46.689999,45.950001,46.400002,882200,45.969368
"923",46.400002,46.790001,46.130001,46.689999,725600,46.256676
"924",46.650002,47.290001,46.5,47.18,826300,46.74213
"925",47.389999,47.41,45.639999,45.880001,771300,45.454197
"926",46.189999,46.389999,44.470001,45.25,959800,44.83004
"927",44.950001,45,43.470001,44.189999,1754300,43.779881
"928",44.610001,45.970001,44.439999,45.400002,1451400,44.978649
"929",45.360001,45.66,44.84,44.860001,763900,44.443661
"930",45.009998,45.220001,44.48,44.639999,1022000,44.225708
"931",45.110001,45.509998,44.970001,45.169998,947200,44.750782
"932",45.360001,45.799999,45.09,45.16,674900,44.740875
"933",45.439999,45.900002,45.130001,45.18,1081500,44.760693
"934",44.700001,45.07,44.299999,44.759998,979000,44.344585
"935",45.099998,45.52,44.709999,44.799999,2466500,44.384216
"936",44.02,44.419998,43.450001,44.02,1663600,43.611458
"937",43.939999,44.630001,43.91,44.509998,864700,44.096909
"938",44.48,44.75,43.310001,43.34,919900,42.937771
"939",43.369999,44.32,43.16,43.560001,1016100,43.155727
"940",43.400002,44,43.060001,43.939999,675800,43.5322
"941",44.279999,44.990002,44.049999,44.869999,783300,44.453568
"942",44.830002,45.419998,44.73,45.169998,1067100,44.750782
"943",45.330002,45.650002,44.939999,45.27,922700,44.849857
"944",45.509998,45.709999,44.75,44.939999,995200,44.522923
"945",44.540001,45.900002,44.450001,45.360001,1003600,44.939026
"946",45.810001,46,45.369999,45.73,1004600,45.305588
"947",45.93,46.470001,45.599998,45.73,1044900,45.305588
"948",45.959999,46.41,45.860001,46.27,764300,45.840572
"949",46.57,46.849998,46.32,46.709999,612300,46.276493
"950",47,47.5,46.84,47.220001,727900,46.781761
"951",47.509998,48.369999,47.310001,48.310001,590800,47.861645
"952",48.099998,48.450001,47.27,47.369999,682900,46.93037
"953",47.48,47.950001,46.959999,46.98,661500,46.543983
"954",46.59,47.650002,46.349998,47.32,696900,46.880829
"955",47.5,47.900002,47.299999,47.450001,430700,47.009624
"956",47.459999,47.709999,46.389999,46.459999,534300,46.028805
"957",46.560001,47.009998,46.290001,46.41,577100,45.979279
"958",46.610001,47,46.419998,46.549999,576500,46.117973
"959",46.599998,46.950001,46.34,46.639999,737400,46.207142
"960",46.799999,46.810001,46.23,46.720001,791700,46.2864
"961",46.360001,46.73,45.849998,46.59,1240900,46.157608
"962",47.25,47.330002,44.759998,45.220001,1199400,44.800323
"963",44.540001,44.75,43.939999,44.169998,1168400,43.760063
"964",43.939999,44.23,43.07,43.459999,1091800,43.056656
"965",43.380001,44.32,43.040001,43.509998,1457300,43.10619
"966",44.060001,44.810001,43.889999,44.5,943600,44.087002
"967",44.939999,44.939999,44.18,44.32,1211100,44.000626
"968",44.130001,46.459999,44.080002,45.889999,871000,45.559315
"969",46.130001,46.400002,45.450001,45.5,746400,45.172127
"970",45.75,45.93,45.5,45.73,576500,45.400467
"971",48,48.610001,45.77,45.919998,1854000,45.589096
"972",46.099998,47.25,45.91,47.189999,795500,46.849945
"973",47.560001,47.57,46.639999,46.970001,640800,46.631538
"974",46.66,47,46.060001,46.349998,630900,46.015995
"975",46.630001,47.189999,46.599998,47.16,428800,46.820164
"976",47.52,47.700001,47.16,47.66,643100,47.316563
"977",47.279999,47.52,46.93,47.389999,611300,47.048508
"978",47.369999,47.529999,46.970001,46.990002,702400,46.65139
"979",47.049999,47.720001,46.5,47.439999,839000,47.098145
"980",47.490002,47.84,46.970001,47.18,1508700,46.840019
"981",47.369999,47.450001,46.349998,46.509998,1079900,46.174847
"982",46.759998,47.41,46.290001,46.450001,1090400,46.11528
"983",46.32,46.529999,45.529999,45.860001,1069700,45.52953
"984",45.66,45.959999,45.360001,45.619999,711100,45.29126
"985",45.34,45.450001,44.869999,45.029999,1712600,44.705513
"986",45.48,45.619999,44.900002,45.610001,1690700,45.281334
"987",45.709999,45.889999,44.619999,45.07,1040000,44.745224
"988",44.990002,45.349998,44.509998,44.610001,1273200,44.288544
"989",44.599998,45.130001,44.5,44.810001,1091300,44.487103
"990",44.73,45.259998,44.450001,44.610001,1359700,44.288544
"991",44.34,45.509998,44.310001,45.330002,963500,45.003349
"992",45.43,45.619999,45.169998,45.23,1025400,44.904076
"993",45.02,45.389999,44.869999,44.880001,869400,44.556595
"994",44.59,45.599998,44.59,45.009998,1125500,44.685658
"995",45.369999,46.139999,45.259998,45.450001,1069200,45.12249
"996",45.740002,46.709999,45.52,46.630001,936500,46.293983
"997",46.91,46.939999,45.880001,45.970001,853300,45.638741
"998",46.040001,46.709999,46.009998,46.689999,763400,46.35355
"999",47.130001,47.16,45.810001,45.970001,2601400,45.638741
"1000",45.68,46.029999,45.009998,46,788100,45.668522
"1001",45.779999,45.970001,45.540001,45.689999,891900,45.360752
"1002",46,46.25,45.540001,45.689999,852900,45.360752
"1003",45.84,46.330002,45.740002,46.310001,262600,45.976288
"1004",46.560001,46.779999,45.849998,45.880001,367300,45.549393
"1005",46.080002,46.25,45.740002,46.029999,648000,45.698307
"1006",46.279999,46.709999,46,46.25,712000,45.916721
"1007",46.529999,47.540001,46.169998,47.41,9e+05,47.068359
