"","CMG.Open","CMG.High","CMG.Low","CMG.Close","CMG.Volume","CMG.Adjusted"
"1",379.109985,380.380005,374.079987,374.769989,868900,374.769989
"2",374.910004,383.899994,372.869995,381.859985,984500,381.859985
"3",382.619995,392.670013,379.049988,391.890015,1316700,391.890015
"4",391.5,399.799988,390.359985,398.440002,1149600,398.440002
"5",398.700012,399.25,392.109985,395.059998,793400,395.059998
"6",412.640015,420.230011,408.200012,414.480011,3214100,414.480011
"7",412.850006,418.320007,410.350006,413.929993,1273900,413.929993
"8",411.630005,414,407.799988,409.350006,850300,409.350006
"9",409.929993,413.950012,409.01001,410.75,572700,410.75
"10",406.410004,411.869995,404.410004,405.869995,833800,405.869995
"11",407.350006,411,399.029999,409.73999,823800,409.73999
"12",409.700012,410.950012,406,408.869995,503000,408.869995
"13",408.910004,409.980011,404.809998,405.200012,581300,405.200012
"14",405.709991,409.26001,402.01001,407.720001,632400,407.720001
"15",407.720001,419.570007,405.779999,417.880005,687900,417.880005
"16",419,425.609985,418.570007,419.540009,732100,419.540009
"17",421,425.100006,417.5,418.730011,470500,418.730011
"18",419.059998,419.5,412.170013,416.600006,553500,416.600006
"19",416.209991,421.700012,414.73999,417.950012,587700,417.950012
"20",416.730011,422.25,415.480011,421.440002,737900,421.440002
"21",420.309998,422.579987,417.609985,420.230011,750600,420.230011
"22",420,427.670013,413.670013,423.299988,1316200,423.299988
"23",430.950012,434.589996,402.890015,404.079987,3573900,404.079987
"24",398.809998,402,395.079987,395.589996,1498800,395.589996
"25",396.25,401.5,395.720001,398.640015,1270300,398.640015
"26",400.5,408.230011,398.690002,402.940002,1075700,402.940002
"27",404.350006,417.51001,403.630005,415.309998,1292900,415.309998
"28",416.26001,420.76001,412.769989,413.359985,880000,413.359985
"29",415.720001,419.470001,413.549988,414.140015,585800,414.140015
"30",414.149994,420.980011,413.51001,419.540009,639400,419.540009
"31",420.049988,425.589996,419.01001,423.339996,822300,423.339996
"32",423.359985,426.540009,421.329987,424.76001,560400,424.76001
"33",424.459991,428.519989,423.190002,427.609985,543100,427.609985
"34",429,434.690002,428.730011,432.359985,911500,432.359985
"35",432,434.369995,426.98999,427.609985,665400,427.609985
"36",427.140015,429.869995,420.709991,422.380005,573500,422.380005
"37",419.470001,421.440002,411.619995,420.899994,941800,420.899994
"38",421.709991,424.230011,419.309998,421.670013,544500,421.670013
"39",419.529999,425.589996,417.670013,418.73999,496700,418.73999
"40",422.51001,424,416.25,419.149994,715600,419.149994
"41",419.26001,420.209991,415.369995,416.290009,474600,416.290009
"42",415.380005,417.25,412.410004,416.089996,515600,416.089996
"43",411.100006,417.570007,410.01001,411.679993,699700,411.679993
"44",410.51001,412.570007,402.160004,404.899994,933100,404.899994
"45",404.01001,407,402.850006,406.5,507200,406.5
"46",407.079987,412.679993,406.25,410.480011,542900,410.480011
"47",411.350006,412.980011,404.410004,407.75,615100,407.75
"48",408,409.76001,403.570007,405.869995,641500,405.869995
"49",404.850006,404.850006,397.809998,403.100006,733300,403.100006
"50",403.109985,405.390015,399.040009,400.959991,834700,400.959991
"51",400.959991,402.48999,399.630005,400.950012,578800,400.950012
"52",400.899994,403.470001,400.029999,402.579987,555900,402.579987
"53",402.549988,402.899994,394.190002,396.369995,773700,396.369995
"54",403.339996,408.600006,400.5,407.519989,1160500,407.519989
"55",405.98999,417.76001,405.149994,416.309998,975200,416.309998
"56",417,418.670013,413.380005,414.880005,590600,414.880005
"57",414.820007,417.779999,412.670013,414.019989,463100,414.019989
"58",409.869995,415.440002,409.48999,414.959991,584000,414.959991
"59",415.709991,428.309998,415.109985,426.230011,941700,426.230011
"60",426.579987,439.880005,426.350006,434.339996,1439400,434.339996
"61",436.769989,450,435.950012,443.920013,1714700,443.920013
"62",447.130005,453.079987,444.149994,445.519989,914400,445.519989
"63",449.200012,459.450012,447.75,452.75,1356500,452.75
"64",455.25,459.359985,448.399994,449.410004,976600,449.410004
"65",454.690002,458.829987,447.070007,452.440002,793600,452.440002
"66",452.850006,455.179993,448.790009,450.290009,485500,450.290009
"67",449.75,450.670013,446.76001,447.339996,531700,447.339996
"68",447.23999,456.890015,445.399994,454.279999,692200,454.279999
"69",454.98999,459.929993,445.25,453,824300,453
"70",451.890015,459.23999,450.470001,458.350006,831600,458.350006
"71",457.029999,466.769989,455.51001,463.619995,974200,463.619995
"72",465,471.5,461.700012,469.890015,735700,469.890015
"73",471,471.570007,464.140015,468.51001,486900,468.51001
"74",474.049988,481.769989,473,476.959991,1101900,476.959991
"75",477.480011,483.5,475.48999,478.390015,629100,478.390015
"76",479,481.98999,476.420013,479.089996,798700,479.089996
"77",482.75,482.820007,465.200012,468.790009,1145100,468.790009
"78",471.100006,474.269989,468.269989,471.76001,2025400,471.76001
"79",474.660004,497.480011,474.600006,482.98999,3910000,482.98999
"80",485.230011,488,481.049988,482,981800,482
"81",481.869995,481.869995,473.450012,474.470001,937700,474.470001
"82",473.01001,482.970001,465.98999,477.579987,982700,477.579987
"83",480.48999,490.670013,480.390015,486.859985,1043200,486.859985
"84",487.230011,490.450012,479.339996,479.970001,945000,479.970001
"85",480.480011,481.950012,470.850006,472.399994,782400,472.399994
"86",472.589996,475.799988,466.480011,475.299988,963700,475.299988
"87",475.660004,476.160004,468.070007,471.149994,568900,471.149994
"88",472.290009,480.640015,471.970001,479.130005,812900,479.130005
"89",479.839996,488.059998,477.809998,486.420013,778700,486.420013
"90",485.899994,491.600006,481.350006,488.519989,681600,488.519989
"91",490.459991,495.970001,488.470001,489.329987,731600,489.329987
"92",488.75,495.950012,485.459991,495.309998,719700,495.309998
"93",496.579987,499,491,496.140015,915100,496.140015
"94",496.140015,496.140015,478.970001,479.829987,800100,479.829987
"95",479.149994,486.320007,476.040009,484.73999,631600,484.73999
"96",487.850006,489.660004,483.619995,484.98999,590700,484.98999
"97",485.170013,485.779999,476.589996,482.790009,617500,482.790009
"98",484.559998,484.559998,474,475,546000,475
"99",476.429993,480,474.290009,478.799988,419000,478.799988
"100",483.450012,484.859985,480,481.390015,654500,481.390015
"101",483.01001,483.25,478.940002,480.149994,477700,480.149994
"102",475.279999,477.850006,472.420013,475.700012,607300,475.700012
"103",476.920013,478,471.529999,477.350006,651700,477.350006
"104",479.809998,484.690002,477.359985,483.600006,585700,483.600006
"105",484.880005,487.519989,477.01001,478.070007,607900,478.070007
"106",478.25,478.779999,471.049988,472.600006,703800,472.600006
"107",471,474.450012,469,470.480011,745400,470.480011
"108",470.040009,471.429993,459.570007,462.230011,1123500,462.230011
"109",462.230011,464.48999,457.019989,459.690002,739800,459.690002
"110",461.369995,466.049988,459.529999,460.850006,736300,460.850006
"111",459.790009,464.339996,452.200012,461.549988,776200,461.549988
"112",461.779999,468.040009,461.380005,464.220001,543600,464.220001
"113",463.790009,468,459.200012,459.690002,417200,459.690002
"114",456.549988,459.660004,452.399994,455.670013,600500,455.670013
"115",455.670013,457.549988,450.100006,451.089996,903600,451.089996
"116",452.970001,459.320007,448.679993,458.910004,1147400,458.910004
"117",444.600006,444.600006,424.76001,425.600006,3317100,425.600006
"118",425.149994,427.980011,414.299988,417.600006,1537500,417.600006
"119",417,425.160004,417,420.920013,1154100,420.920013
"120",422.149994,422.929993,415,415.279999,1104500,415.279999
"121",416.019989,418,410.980011,413.98999,999400,413.98999
"122",414.25,420.799988,413.799988,413.980011,1135800,413.980011
"123",414.390015,419.940002,414.390015,416.869995,671000,416.869995
"124",416.450012,422.700012,415.559998,419.179993,778200,419.179993
"125",420.76001,423.75,415.829987,416.100006,740100,416.100006
"126",415.809998,418.709991,414.410004,417.329987,422800,417.329987
"127",418.200012,419.730011,411.339996,413.25,969500,413.25
"128",411.76001,413.26001,406.329987,412.76001,1126000,412.76001
"129",413.670013,417.410004,413.23999,413.890015,618600,413.890015
"130",413,413.950012,407,407.549988,811600,407.549988
"131",407,407.070007,394.75,396.079987,1427600,396.079987
"132",396,399.149994,390.549988,396.950012,1092800,396.950012
"133",398.01001,401.200012,393,400.040009,926100,400.040009
"134",398.799988,401.899994,395.140015,395.829987,1105100,395.829987
"135",395.700012,397.75,391.01001,392,829500,392
"136",395.25,395.25,362.399994,374.980011,7624900,374.980011
"137",369.799988,380,362.619995,372.829987,3233500,372.829987
"138",372.829987,373.959991,355.709991,356.049988,4454800,356.049988
"139",355.549988,358.579987,344.209991,345.339996,3198300,345.339996
"140",344.75,346.369995,336.519989,339.980011,2557100,339.980011
"141",340,350.890015,339,348.619995,3527100,348.619995
"142",354.350006,355.549988,340.049988,340.600006,3621400,340.600006
"143",339.619995,351.459991,337.5,349.839996,1701100,349.839996
"144",349.75,357.98999,349.23999,350.5,1741100,350.5
"145",351,353.140015,342.109985,343.769989,1234200,343.769989
"146",344.079987,347.73999,340.630005,347.23999,897500,347.23999
"147",348,352.420013,346.130005,351.059998,995900,351.059998
"148",351.839996,355.480011,345.149994,345.359985,922600,345.359985
"149",344.429993,345.380005,339.209991,344.559998,829800,344.559998
"150",345.320007,345.730011,336.910004,339.450012,961200,339.450012
"151",338,338.950012,332.339996,333.640015,1078100,333.640015
"152",331.25,336.359985,328.880005,334.609985,666800,334.609985
"153",331.549988,332.940002,322.299988,322.649994,1236500,322.649994
"154",321.940002,328.76001,320.01001,326.410004,968200,326.410004
"155",329.209991,329.450012,322.380005,322.399994,817500,322.399994
"156",322.390015,334.910004,317.410004,322.779999,2235000,322.779999
"157",322.899994,327.269989,319.01001,320.130005,1020200,320.130005
"158",319.980011,325.940002,317.410004,317.920013,1099700,317.920013
"159",317.339996,317.950012,311.01001,311.23999,1216300,311.23999
"160",311.25,312.269989,304.5,308.589996,1310200,308.589996
"161",305,310,304.100006,305.51001,1070400,305.51001
"162",303.160004,305.5,296,297.089996,1758900,297.089996
"163",301.570007,307.549988,298.600006,301.920013,2025300,301.920013
"164",301.970001,312.920013,300.850006,308.790009,1654100,308.790009
"165",309.380005,314.269989,305.329987,312.019989,1760300,312.019989
"166",310.059998,315.690002,309,310.369995,1202100,310.369995
"167",310.369995,316.040009,308.369995,315.130005,1122200,315.130005
"168",316.51001,317.820007,313.209991,316.709991,899500,316.709991
"169",316.940002,321.579987,315.619995,319.950012,1006100,319.950012
"170",319.299988,319.890015,305.549988,308.320007,2069200,308.320007
"171",309.98999,318.25,309.329987,317.880005,1250600,317.880005
"172",318.450012,319.399994,314.160004,317.25,975000,317.25
"173",308.440002,309.700012,299,300.029999,2091100,300.029999
"174",302,308.200012,301.75,305.140015,1339100,305.140015
"175",305.350006,309.890015,304.209991,308.829987,836000,308.829987
"176",309,317.470001,306.209991,311.600006,1286100,311.600006
"177",311,311.559998,308.040009,310.589996,696000,310.589996
"178",310,314.670013,308.609985,313.089996,1377800,313.089996
"179",313.910004,313.910004,301.01001,301.869995,1497500,301.869995
"180",302.660004,304.769989,295.109985,303.410004,1733500,303.410004
"181",303.160004,312.660004,302.230011,312.390015,1680700,312.390015
"182",312.399994,314.290009,310.890015,313.220001,850500,313.220001
"183",313,317.339996,312.089996,314.309998,931300,314.309998
"184",313.100006,323.880005,313.100006,320.829987,1239600,320.829987
"185",320.910004,326.450012,318.399994,319.209991,807900,319.209991
"186",320.399994,322.720001,311.070007,313.850006,1293000,313.850006
"187",315,317.079987,312.109985,316.529999,612000,316.529999
"188",315.850006,316.48999,307.089996,307.829987,1195800,307.829987
"189",307.910004,307.910004,298.200012,301.809998,1691400,301.809998
"190",301.5,303.75,300,302.98999,833600,302.98999
"191",304.200012,310.25,303.619995,306.809998,938800,306.809998
"192",308.279999,312.040009,306.350006,310.350006,868900,310.350006
"193",308.859985,309.73999,303.200012,307.640015,1051500,307.640015
"194",308.269989,309.26001,303.709991,303.920013,681500,303.920013
"195",304.209991,314.5,304.01001,310.880005,1152400,310.880005
"196",307.730011,312.589996,304.529999,311.48999,995100,311.48999
"197",310,314.309998,308.179993,314.170013,774400,314.170013
"198",311.820007,328.619995,311.75,326.450012,2119000,326.450012
"199",327.619995,331.98999,319.5,320.390015,1758300,320.390015
"200",320.570007,329.709991,320.470001,329.299988,1055700,329.299988
"201",319.970001,325.279999,317.829987,318.23999,1523500,318.23999
"202",315.850006,326,315.519989,325.269989,919000,325.269989
"203",325.170013,325.809998,319.25,324.76001,973400,324.76001
"204",325.130005,327.910004,319.829987,320.450012,842400,320.450012
"205",322.339996,326.529999,318.25,324.299988,2978600,324.299988
"206",283.040009,283.98999,273.779999,277.01001,9991100,277.01001
"207",275.350006,282.660004,270,281.519989,3333700,281.519989
"208",280.660004,282.399994,275.309998,276.119995,1637400,276.119995
"209",275,275.130005,268.179993,268.700012,1769000,268.700012
"210",268.140015,272.779999,264.899994,271.899994,1310500,271.899994
"211",271.899994,275.480011,269.75,270.200012,1035500,270.200012
"212",270.01001,280.829987,268.579987,279.459991,1952500,279.459991
"213",277.390015,278.630005,271.5,273.529999,1188900,273.529999
"214",273.369995,276.410004,270.589996,275.769989,835400,275.769989
"215",276.339996,276.339996,272.829987,274.5,765400,274.5
"216",274.450012,275.920013,272.529999,273.899994,598900,273.899994
"217",273.01001,276.880005,270.119995,275,821500,275
"218",275,281,273.51001,279.450012,1060800,279.450012
"219",272.720001,279.25,263,277.5,1822000,277.5
"220",277.730011,284.26001,277.480011,280.899994,984400,280.899994
"221",279.600006,287.25,277.820007,285.450012,1059900,285.450012
"222",285.890015,289.25,283.160004,283.700012,796700,283.700012
"223",283.559998,291.51001,283.559998,289.839996,1277900,289.839996
"224",289.839996,289.839996,282.170013,283.25,760900,283.25
"225",284.040009,284.040009,277.850006,279.51001,768500,279.51001
"226",279.869995,282.700012,278.779999,281.269989,598600,281.269989
"227",281.190002,282.5,278.559998,279.309998,335200,279.309998
"228",278.859985,279.970001,271.649994,274.519989,966200,274.519989
"229",274.899994,286.059998,272.230011,285.859985,1333200,285.859985
"230",297,304.470001,292.269989,301.98999,3293800,301.98999
"231",302,308.179993,301.140015,304.390015,1486100,304.390015
"232",302.399994,311.290009,300.23999,307.589996,1178300,307.589996
"233",311.059998,333.329987,309.790009,315.600006,2691000,315.600006
"234",318.01001,321.670013,312.01001,315.559998,1165000,315.559998
"235",310.670013,316.820007,310.51001,310.670013,817400,310.670013
"236",309.429993,314.589996,305.200012,313.649994,987100,313.649994
"237",313.429993,319.600006,311.5,315.899994,1870300,315.899994
"238",315.01001,316.660004,311.600006,313.390015,688700,313.390015
"239",313.540009,318.670013,311.149994,318.380005,699000,318.380005
"240",322,325.709991,317.450012,319.700012,962000,319.700012
"241",320.029999,321.640015,313.540009,314.019989,713000,314.019989
"242",312.799988,318.170013,311.869995,312.119995,1117200,312.119995
"243",313,315.98999,312.149994,313.420013,814200,313.420013
"244",314,315.459991,308.209991,313.170013,793800,313.170013
"245",314,315.809998,297.799988,298.670013,2019200,298.670013
"246",299.059998,299.769989,291.549988,292.399994,1527200,292.399994
"247",292,296.049988,290.329987,295.230011,1197600,295.230011
"248",295.519989,297.48999,292.950012,295.519989,545900,295.519989
"249",296,298.690002,294.390015,295.420013,864000,295.420013
"250",295,297.26001,293.049988,294.820007,516500,294.820007
"251",294.25,296.170013,286.399994,289.029999,1111400,289.029999
"252",290.899994,293.140015,289,292.950012,1463600,292.950012
"253",294,313.200012,293.26001,309,1957400,309
"254",309.029999,310.380005,304.390015,307.109985,703300,307.109985
"255",310.23999,314.279999,307.589996,313.790009,997800,313.790009
"256",314.100006,320.100006,312.329987,318.470001,1087700,318.470001
"257",319.670013,322.179993,318.140015,319.369995,681900,319.369995
"258",318.940002,328.25,318,321.799988,1154600,321.799988
"259",322.609985,328.190002,320.5,325.5,812900,325.5
"260",326.839996,328.619995,323.070007,327.339996,675900,327.339996
"261",329.329987,330.940002,324.899994,327.369995,706200,327.369995
"262",328,339.600006,325,334.630005,979100,334.630005
"263",334.51001,341.5,332.619995,337.529999,889000,337.529999
"264",339.25,345.880005,338.369995,343.869995,1153000,343.869995
"265",340,340.26001,329.309998,330,1438700,330
"266",330,334.390015,327.98999,328.709991,1225200,328.709991
"267",329.920013,331.940002,324.269989,329.529999,786800,329.529999
"268",330.339996,335.179993,329.600006,333.970001,573900,333.970001
"269",332.559998,332.559998,326.769989,330.230011,665600,330.230011
"270",327,336.23999,325,332.329987,764800,332.329987
"271",329.690002,331.190002,313.01001,322.079987,1929300,322.079987
"272",322.869995,330,321.679993,324.76001,737200,324.76001
"273",314.059998,315.200012,306.200012,314.720001,1646300,314.720001
"274",313.809998,317.5,310.850006,311.640015,952000,311.640015
"275",310.880005,314.359985,299.170013,300.299988,1349300,300.299988
"276",296.799988,305.459991,293.549988,304.329987,2092200,304.329987
"277",273.640015,279.700012,268.040009,272.209991,4780600,272.209991
"278",270.170013,271.109985,265,266.01001,1891100,266.01001
"279",266.790009,267.339996,247.520004,255.460007,3064600,255.460007
"280",257,259.160004,249.309998,254.449997,1953500,254.449997
"281",254.130005,257.959991,250.630005,251.330002,1520300,251.330002
"282",281.5,292.059998,281,289.910004,5384600,289.910004
"283",291.98999,292.600006,286.160004,286.649994,1209000,286.649994
"284",287,306,286.76001,305.630005,2742400,305.630005
"285",304.470001,322.25,300,317.570007,2740600,317.570007
"286",318,324.440002,316.01001,320.959991,1902900,320.959991
"287",320.040009,324.470001,311.670013,313.910004,1287400,313.910004
"288",316.549988,317.440002,309.170013,315.820007,955300,315.820007
"289",316.48999,318.73999,311.309998,311.890015,911000,311.890015
"290",318.859985,330.140015,317.309998,319.149994,1749900,319.149994
"291",320.200012,325.690002,318.269989,318.410004,912600,318.410004
"292",318.26001,320.880005,309.070007,313.26001,1095800,313.26001
"293",310.339996,320.850006,309.029999,319.98999,843300,319.98999
"294",320,324.820007,318.399994,320.160004,790300,320.160004
"295",322.25,322.73999,315.160004,318.040009,535300,318.040009
"296",315.859985,320.089996,314.880005,319.950012,384700,319.950012
"297",321,324.779999,315.950012,321.859985,537300,321.859985
"298",323.26001,323.410004,319.5,322.160004,567200,322.160004
"299",323,328.450012,321.73999,323.76001,628500,323.76001
"300",324.26001,328.910004,323.369995,326.799988,663300,326.799988
"301",327.390015,327.51001,318,319.660004,764500,319.660004
"302",319.679993,327,317.790009,318.910004,786600,318.910004
"303",319.100006,325.119995,318.950012,320.200012,726800,320.200012
"304",319.779999,321.880005,314.049988,316.799988,551200,316.799988
"305",316.75,322.720001,315,320.170013,548000,320.170013
"306",320.940002,339.200012,320.320007,334.519989,1378500,334.519989
"307",330.279999,344.339996,329,336.709991,1541300,336.709991
"308",337.230011,339.399994,321.26001,322.299988,1050600,322.299988
"309",327.390015,329,321.059998,327.859985,690400,327.859985
"310",329.899994,333.209991,321.029999,322.959991,598700,322.959991
"311",322,323.920013,316.220001,319.51001,516000,319.51001
"312",319.950012,327.390015,319.950012,323.109985,532700,323.109985
"313",322.23999,323.549988,307.700012,311.160004,819400,311.160004
"314",311.549988,317.809998,311,316.660004,598600,316.660004
"315",313.950012,328.029999,312.51001,325.839996,690300,325.839996
"316",326.100006,334.059998,325.190002,327.709991,599800,327.709991
"317",325.089996,328.070007,315.679993,318.070007,633600,318.070007
"318",320.089996,321.709991,316.880005,317.100006,514500,317.100006
"319",319.890015,323.799988,315.769989,321.769989,595200,321.769989
"320",321.450012,331.910004,320.579987,321.75,667800,321.75
"321",323.649994,327.690002,319.700012,325.079987,618200,325.079987
"322",328.399994,328.399994,315.950012,318.359985,625500,318.359985
"323",318.589996,330,318.109985,326.600006,783000,326.600006
"324",330,340.76001,329.579987,334.609985,894500,334.609985
"325",336,351.170013,335.720001,339.359985,1597100,339.359985
"326",339,342.579987,334.01001,338.459991,709800,338.459991
"327",336.059998,339.75,330.570007,331.950012,802800,331.950012
"328",333.649994,336.299988,326,330.709991,981400,330.709991
"329",332.950012,339.040009,329.660004,333.100006,849800,333.100006
"330",333.220001,342.01001,330.369995,339.519989,1360200,339.519989
"331",388.329987,425.649994,386.109985,422.5,7034600,422.5
"332",420.279999,433,416.809998,427.350006,3145900,427.350006
"333",427.600006,432.5,419.809998,423.329987,1681600,423.329987
"334",423.290009,431,420.01001,426.01001,969900,426.01001
"335",424.730011,425.100006,417.579987,421.220001,1048300,421.220001
"336",420.890015,423.01001,416.660004,419.420013,801100,419.420013
"337",418.899994,424.100006,417.540009,420.410004,704100,420.410004
"338",421.609985,421.690002,415.23999,419.619995,581100,419.619995
"339",418.679993,428.279999,418.01001,424.420013,674500,424.420013
"340",428.920013,429.929993,422.660004,424.690002,571600,424.690002
"341",423.820007,426.5,420.519989,422.670013,465200,422.670013
"342",422.149994,428.339996,421.720001,424.899994,546000,424.899994
"343",427.299988,432.829987,423.519989,425.059998,824000,425.059998
"344",424.73999,431.230011,422.670013,426.559998,730900,426.559998
"345",429.320007,447.709991,429.320007,444.670013,1860700,444.670013
"346",444.51001,444.910004,436.089996,438.579987,1140900,438.579987
"347",438.269989,439.690002,431.049988,431.950012,710000,431.950012
"348",433.269989,435.75,430.200012,433.859985,412500,433.859985
"349",435.769989,435.769989,430.600006,433.440002,410700,433.440002
"350",432,436.25,430.640015,435.51001,369800,435.51001
"351",435,435.589996,430.630005,433.429993,297800,433.429993
"352",433.910004,436.609985,427.559998,428.959991,454500,428.959991
"353",428.910004,434.850006,427,433.01001,528000,433.01001
"354",433.940002,437.339996,432.540009,436.609985,385300,436.609985
"355",437.079987,441.5,429.149994,430.179993,665900,430.179993
"356",431.589996,439.950012,430.959991,438.619995,640700,438.619995
"357",441.660004,444.5,438.079987,443.829987,570800,443.829987
"358",444.690002,456,442.470001,453.339996,719400,453.339996
"359",453.959991,458.690002,452.130005,453.820007,724600,453.820007
"360",454.910004,457.75,446.579987,448.279999,509600,448.279999
"361",448.98999,459.649994,446.910004,453.380005,1388200,453.380005
"362",452.820007,470,452.820007,466.640015,1128500,466.640015
"363",466.440002,469.420013,462.440002,466.299988,715200,466.299988
"364",466.910004,469.420013,456.950012,457.299988,549600,457.299988
"365",459.320007,461.399994,454.399994,460.440002,493800,460.440002
"366",459.880005,465.450012,457.070007,462.01001,544700,462.01001
"367",459.019989,472.309998,458.589996,468.459991,550800,468.459991
"368",464.299988,471.200012,464,469.220001,554100,469.220001
"369",469.299988,470.76001,462.160004,465.5,372800,465.5
"370",468.600006,473.959991,462.73999,463.160004,507100,463.160004
"371",469.190002,474.459991,464.079987,469.940002,662000,469.940002
"372",467,467.649994,450.589996,454.170013,794100,454.170013
"373",455.459991,465.149994,455,461.700012,907700,461.700012
"374",460,467.51001,455.200012,457.23999,628600,457.23999
"375",434.549988,440.440002,415.059998,428.359985,2254100,428.359985
"376",433,437.600006,429.279999,431.369995,1022000,431.369995
"377",427.980011,442.98999,424.359985,442.820007,701300,442.820007
"378",443.5,450.470001,441.019989,448.950012,457000,448.950012
"379",450,450,444.630005,448.019989,472500,448.019989
"380",449.850006,451.820007,445.619995,451.040009,573500,451.040009
"381",454.380005,464.570007,452.76001,463.890015,729900,463.890015
"382",455.720001,461.140015,452.559998,454.209991,671300,454.209991
"383",452.73999,459.790009,452.170013,457.179993,580600,457.179993
"384",459.890015,464.390015,458.399994,459.049988,405100,459.049988
"385",458.600006,461,456.670013,457.209991,349400,457.209991
"386",455.160004,458.220001,448.950012,452.059998,531900,452.059998
"387",451.290009,459.779999,448.529999,452.540009,531500,452.540009
"388",453.769989,454.73999,448.200012,453.579987,308300,453.579987
"389",453,458.309998,452,454.829987,291500,454.829987
"390",453.279999,454.570007,449.01001,451.190002,429500,451.190002
"391",451.130005,457.059998,448.790009,456.589996,443900,456.589996
"392",456.950012,456.950012,447.209991,449.480011,577500,449.480011
"393",446.01001,457.200012,446.01001,451.630005,440800,451.630005
"394",449.26001,451.540009,446,446.76001,875400,446.76001
"395",473.839996,483.290009,465.559998,472.299988,2182100,472.299988
"396",470.149994,472.98999,464.549988,465.470001,745400,465.470001
"397",448,452.75,425.880005,433.660004,4542100,433.660004
"398",435,444.98999,429.01001,442.630005,1131400,442.630005
"399",440.079987,461.100006,439.429993,460.380005,1239700,460.380005
"400",460.25,468.440002,459,463.269989,1083300,463.269989
"401",464.779999,480.230011,461.809998,475.25,1130000,475.25
"402",476.5,482,471.019989,478.019989,548500,478.019989
"403",478.779999,488.23999,477.940002,487.570007,804200,487.570007
"404",488.429993,493,486.720001,487.679993,592300,487.679993
"405",484.940002,490.850006,482.440002,485.470001,597400,485.470001
"406",486.380005,489.959991,481.25,484.660004,383000,484.660004
"407",486.820007,495.040009,485.01001,493.320007,876300,493.320007
"408",504.790009,526.409973,504.73999,525.890015,1918600,525.890015
"409",526.51001,530.679993,499.440002,502.700012,2211500,502.700012
"410",505.040009,513.52002,500.48999,510.440002,725100,510.440002
"411",510.339996,516.76001,504.190002,515.75,598500,515.75
"412",515.75,522.22998,512.119995,518.900024,450900,518.900024
"413",519.099976,527,518.02002,523.580017,459300,523.580017
"414",514.380005,522.690002,511.119995,518.039978,705700,518.039978
"415",520.539978,522.789978,519.309998,520.710022,451400,520.710022
"416",511.75,513.01001,493.459991,495.600006,1373600,495.600006
"417",496.48999,503,493.420013,494.089996,515800,494.089996
"418",497.600006,497.600006,485.579987,487.649994,771200,487.649994
"419",486.380005,490.420013,482.179993,483.98999,561200,483.98999
"420",480,481.529999,472,475.179993,803300,475.179993
"421",476.190002,479.450012,471.25,477.48999,593100,477.48999
"422",479.100006,481.519989,473.290009,477.880005,710500,477.880005
"423",479.519989,482.429993,476.26001,481.049988,796600,481.049988
"424",474.76001,483.290009,468.170013,482.029999,780000,482.029999
"425",482.779999,490.470001,477.829987,489.119995,781200,489.119995
"426",489.119995,493.559998,487.339996,488.230011,406400,488.230011
"427",488.130005,495.850006,484.529999,494.769989,513200,494.769989
"428",494.799988,497.869995,491.880005,495.940002,439100,495.940002
"429",497.23999,497.23999,488.51001,491.559998,506400,491.559998
"430",491.619995,491.619995,481.98999,488.320007,633400,488.320007
"431",487.630005,493.809998,487.630005,491.48999,438800,491.48999
"432",491.109985,492.970001,488.839996,490.600006,386300,490.600006
"433",492.299988,496.890015,477.299988,480.100006,654000,480.100006
"434",480.480011,480.880005,465.220001,467.369995,994700,467.369995
"435",465.109985,467.350006,458.079987,465.890015,620300,465.890015
"436",468.089996,468.899994,463.589996,465.619995,354300,465.619995
"437",467.299988,471.5,462.970001,467.910004,547900,467.910004
"438",469.040009,473.980011,464.350006,465.399994,440700,465.399994
"439",461.799988,462.309998,453.670013,454.519989,932600,454.519989
"440",446.970001,458.859985,446,446.970001,958100,446.970001
"441",448,450.709991,435.76001,436.369995,916600,436.369995
"442",436.059998,439.98999,431.440002,436.440002,707100,436.440002
"443",440,447.829987,439,447.769989,860500,447.769989
"444",446.910004,454.799988,444.160004,449.359985,958800,449.359985
"445",448.649994,455,444.220001,448.559998,839300,448.559998
"446",448.950012,455.76001,446.040009,447.089996,492600,447.089996
"447",445.940002,446.700012,433.299988,434.209991,638400,434.209991
"448",432,442.429993,430.309998,433.929993,659800,433.929993
"449",439.549988,444.640015,425.140015,435.709991,819200,435.709991
"450",434.440002,436.279999,428.779999,431.73999,502100,431.73999
"451",432.230011,435.339996,424.070007,433.950012,941600,433.950012
"452",433.290009,434.609985,421.540009,429.850006,734400,429.850006
"453",424,432.329987,420.859985,431.730011,747300,431.730011
"454",433,436.51001,427.26001,428.540009,511100,428.540009
"455",436.049988,437,426.720001,431.190002,572700,431.190002
"456",430.380005,435.410004,428.359985,434.290009,572900,434.290009
"457",432.660004,434.380005,411.549988,413,840100,413
"458",417.26001,427.910004,413.170013,423.880005,1272400,423.880005
"459",433.100006,441.779999,420.579987,438.380005,1632100,438.380005
"460",443.480011,453.899994,436.309998,440.869995,881300,440.869995
"461",438.679993,462.450012,438.119995,461.769989,992900,461.769989
"462",465.640015,470.779999,455.420013,460.329987,1210600,460.329987
"463",462,478.420013,457.299988,472.619995,788000,472.619995
"464",475.910004,482,471.149994,476.390015,694100,476.390015
"465",477,480.940002,468.01001,469.649994,705300,469.649994
"466",469.679993,475.630005,466.600006,474.149994,700400,474.149994
"467",476.100006,479.799988,474.269989,477.48999,479700,477.48999
"468",477,483.660004,475.98999,478.299988,427100,478.299988
"469",476.98999,491.929993,476.179993,490.76001,891900,490.76001
"470",490.290009,500.980011,488.459991,489.670013,849000,489.670013
"471",491.079987,494.140015,483.589996,484.820007,502800,484.820007
"472",483.660004,488.850006,475.630005,479.320007,732700,479.320007
"473",477.910004,477.910004,466.570007,472.299988,658300,472.299988
"474",472,475.859985,468.359985,472.76001,808500,472.76001
"475",472.350006,474.399994,459,465.869995,674800,465.869995
"476",455.76001,470.700012,454.369995,461.630005,706200,461.630005
"477",462,475.790009,462,471.26001,431800,471.26001
"478",469,476.029999,467,471.420013,216500,471.420013
"479",474.350006,474.529999,461.160004,466.019989,487000,466.019989
"480",463.339996,474.290009,463.339996,473.450012,360800,473.450012
"481",475.950012,493.910004,475.019989,490.519989,665400,490.519989
"482",489.950012,493.980011,482.140015,482.559998,426700,482.559998
"483",480.570007,482.549988,463,473.209991,956200,473.209991
"484",477.519989,478.869995,468,475.380005,476200,475.380005
"485",474,483.079987,464.890015,468.350006,553200,468.350006
"486",467.290009,470.309998,453.380005,469.940002,645800,469.940002
"487",470.5,479.869995,462.820007,467.429993,709400,467.429993
"488",469.040009,477.869995,462.480011,475.149994,645900,475.149994
"489",477,479.910004,467.109985,472.350006,396000,472.350006
"490",472.350006,475.670013,464.170013,471.309998,403200,471.309998
"491",473.709991,475.790009,466.019989,472.730011,338500,472.730011
"492",467.839996,472.200012,455.299988,457.829987,697000,457.829987
"493",457.100006,459.809998,442.01001,443.5,822000,443.5
"494",447.880005,450.730011,438.799988,443.799988,655400,443.799988
"495",441.859985,447.380005,424.109985,427.049988,943000,427.049988
"496",422.410004,424.630005,391.670013,400.769989,1363500,400.769989
"497",401.5,407.100006,390.700012,394.420013,949400,394.420013
"498",390,392.559998,383.200012,385.839996,425200,385.839996
"499",387.040009,406.160004,383.660004,405.720001,633300,405.720001
"500",404.420013,414.570007,400.209991,414.549988,573700,414.549988
"501",415.079987,430,415.079987,424.190002,713700,424.190002
"502",425.390015,433.48999,425.390015,431.790009,501800,431.790009
"503",427.829987,447.459991,423.980011,443.359985,706300,443.359985
"504",441.929993,450,438.079987,439.450012,674600,439.450012
"505",444.01001,457.339996,441.279999,455,899300,455
"506",454.609985,485.910004,453.920013,485.149994,1038300,485.149994
"507",493.190002,499.670013,485.329987,497.369995,883200,497.369995
"508",497.190002,505.519989,491.25,498.480011,792700,498.480011
"509",495.790009,509.829987,495.670013,509.619995,833200,509.619995
"510",507.390015,513.299988,504,506.950012,788200,506.950012
"511",502.850006,510.98999,499.76001,501.98999,839900,501.98999
"512",503,517,500.119995,514.48999,715100,514.48999
"513",515.52002,518.919983,512.609985,514.820007,524100,514.820007
"514",511.910004,521.440002,509.01001,517.659973,753400,517.659973
"515",521.330017,523.789978,509.630005,513.23999,880300,513.23999
"516",512.200012,525.48999,511,520.080017,968100,520.080017
"517",523.530029,532.409973,519.080017,521.369995,1040300,521.369995
"518",521.5,536.049988,518.659973,533.390015,783100,533.390015
"519",539,543.900024,535.349976,543.369995,675200,543.369995
"520",540.599976,542.630005,531.780029,532,578200,532
"521",533,534,519.340027,530.059998,559200,530.059998
"522",534.940002,538.630005,527.030029,532.97998,397100,532.97998
"523",532.799988,534.97998,527.460022,529.609985,348800,529.609985
"524",529.47998,530.969971,522.76001,527.200012,643700,527.200012
"525",528.26001,536.919983,525.460022,527.919983,549900,527.919983
"526",531.299988,531.799988,523.429993,526.650024,388100,526.650024
"527",527.280029,530.72998,519.090027,526.059998,1259000,526.059998
"528",568.419983,606,566.679993,585.780029,4368400,585.780029
"529",582.409973,592.210022,578.609985,582.77002,919500,582.77002
"530",584.150024,608.549988,584.150024,603.359985,1505500,603.359985
"531",608,612.599976,592.549988,593.659973,941200,593.659973
"532",593.570007,603.289978,593.570007,599.619995,506700,599.619995
"533",597.02002,606.900024,593.799988,604.429993,489600,604.429993
"534",606.51001,609.289978,601.179993,605.890015,585800,605.890015
"535",606.140015,609.23999,599.02002,599.460022,489500,599.460022
"536",598.409973,600.52002,594.210022,597.73999,387100,597.73999
"537",597.72998,606.630005,592.72998,601.190002,467800,601.190002
"538",600.590027,602.200012,595.76001,600.219971,280000,600.219971
"539",601,604.369995,594.150024,596.659973,481500,596.659973
"540",595,601.75,594.659973,599.5,414400,599.5
"541",597.400024,602,595.429993,599.280029,373700,599.280029
"542",599.590027,609.599976,598.25,607.530029,721900,607.530029
"543",610.099976,613.700012,604.789978,611.630005,501900,611.630005
"544",612.400024,622.48999,612.22998,618.849976,727500,618.849976
"545",618.47998,622,613.47998,616.01001,341300,616.01001
"546",616.01001,619.210022,611.080017,613.409973,272800,613.409973
"547",614.419983,614.869995,607.130005,609.530029,434400,609.530029
"548",607.909973,616.809998,604.640015,616.440002,600200,616.440002
"549",615.820007,618.51001,613.23999,616.880005,570800,616.880005
"550",618.340027,635.599976,618.340027,630.98999,817000,630.98999
"551",633.5,641.640015,633.01001,637.070007,462300,637.070007
"552",637.070007,642.929993,635.400024,642.390015,433800,642.390015
"553",643.570007,646.539978,637.469971,639,593600,639
"554",643.359985,656.590027,641.059998,655.799988,837300,655.799988
"555",657,671.98999,653.030029,665.859985,869800,665.859985
"556",664.659973,670.809998,661.929993,665.789978,338900,665.789978
"557",668.090027,680,667.809998,670.450012,606000,670.450012
"558",675.400024,679.23999,666.849976,671.460022,609100,671.460022
"559",669.98999,679,657.559998,676.77002,682300,676.77002
"560",679.98999,692.75,678.580017,688.820007,719400,688.820007
"561",689.950012,701.98999,689.950012,697.869995,693800,697.869995
"562",697.320007,703.159973,694.01001,702.51001,488300,702.51001
"563",704.820007,711.48999,701.200012,710.309998,756200,710.309998
"564",712.150024,715.619995,696.960022,705.73999,697900,705.73999
"565",703,707.76001,698.030029,704.799988,565200,704.799988
"566",704.590027,707.659973,701.320007,705.640015,420100,705.640015
"567",704.98999,708.859985,695.369995,703.380005,541200,703.380005
"568",703.450012,709.679993,701.080017,708.369995,791100,708.369995
"569",708,716.48999,707.849976,714.679993,557600,714.679993
"570",713.080017,721.210022,709.890015,710.669983,507400,710.669983
"571",711,719.440002,711,718.849976,460500,718.849976
"572",711.840027,713.02002,705.179993,707.530029,781800,707.530029
"573",707.5,715.25,707.5,712.440002,417200,712.440002
"574",712.190002,714.48999,708.349976,712.27002,271800,712.27002
"575",716.650024,716.650024,704.76001,706.47998,444300,706.47998
"576",699.409973,699.940002,686.5,688.210022,865900,688.210022
"577",695,700,687,700,644000,700
"578",699,702.840027,692,701.669983,463300,701.669983
"579",701.900024,704.640015,696,702.460022,526100,702.460022
"580",705.960022,714.289978,698.789978,709.75,1184600,709.75
"581",711.01001,713.549988,658.5,678.070007,2336400,678.070007
"582",682,689.309998,674.580017,676.789978,766000,676.789978
"583",680.349976,680.5,669.119995,677.900024,634800,677.900024
"584",677.909973,689.359985,670,688.039978,591500,688.039978
"585",688.859985,697.330017,685.400024,688.559998,410600,688.559998
"586",687.400024,708.859985,686.150024,707.869995,623400,707.869995
"587",707.570007,710.929993,703.419983,709.52002,436300,709.52002
"588",703.22998,720,702.900024,716.669983,518000,716.669983
"589",716.630005,721.419983,702.099976,706.52002,463100,706.52002
"590",706.380005,713.859985,701.549988,709.570007,475300,709.570007
"591",706,708.26001,697.409973,705.130005,322200,705.130005
"592",702.799988,708.650024,693.48999,705.440002,520800,705.440002
"593",697.599976,698.619995,680.690002,687.27002,469800,687.27002
"594",690.51001,708.849976,687,703.179993,504900,703.179993
"595",700.01001,710.669983,698.52002,705.890015,307800,705.890015
"596",708.070007,719.140015,705.119995,708.929993,422400,708.929993
"597",705,718.960022,705,715.909973,538400,715.909973
"598",717,727,715.02002,718,473700,718
"599",721.559998,723,714.98999,715,441500,715
"600",715,718.26001,704.619995,706.039978,677400,706.039978
"601",682,687,656.140015,667.119995,1491000,667.119995
"602",670,671.969971,658.72998,662.559998,605500,662.559998
"603",662.900024,681.640015,662.380005,680.070007,644800,680.070007
"604",676.400024,676.400024,660.030029,667.969971,570800,667.969971
"605",667.97998,678.840027,665.01001,678,338800,678
"606",662.950012,669,657.710022,659.969971,634500,659.969971
"607",657.630005,667.909973,636.72998,641.659973,624600,641.659973
"608",649.070007,665.390015,647.950012,662.179993,842600,662.179993
"609",663.5,679.47998,663.320007,679.47998,678500,679.47998
"610",683.150024,694,677.429993,692.179993,592000,692.179993
"611",698,714.419983,697.849976,709.869995,595900,709.869995
"612",716.700012,730,714.849976,720.52002,540800,720.52002
"613",720.51001,730.409973,718.01001,729.23999,476700,729.23999
"614",733.77002,743.429993,732.219971,737.73999,450900,737.73999
"615",741.840027,749.25,728.659973,732.289978,417700,732.289978
"616",733.880005,742.27002,730.609985,740.590027,380900,740.590027
"617",743,749.22998,730.01001,731.650024,358300,731.650024
"618",733.75,740,724.299988,732.539978,384800,732.539978
"619",732.190002,737.159973,723.059998,736.349976,314300,736.349976
"620",742,742.640015,732.72998,738.799988,366600,738.799988
"621",739.659973,739.659973,726.849976,726.849976,362900,726.849976
"622",726.77002,731,720.320007,724.130005,378300,724.130005
"623",733.940002,739.960022,727.73999,733.219971,461000,733.219971
"624",735.099976,737.830017,723.530029,727.48999,288200,727.48999
"625",730.299988,730.299988,720.700012,724.119995,409000,724.119995
"626",723.169983,732.880005,720.570007,732.880005,487300,732.880005
"627",738.429993,740.530029,723.549988,725.390015,391500,725.390015
"628",726.150024,729.669983,717.23999,723.080017,303500,723.080017
"629",722.030029,734.25,721.369995,730.97998,227800,730.97998
"630",729.950012,739.809998,728.330017,739.539978,328700,739.539978
"631",737.630005,752.789978,735.76001,748.799988,534000,748.799988
"632",748.809998,754.539978,742.159973,745.48999,315600,745.48999
"633",745.51001,751.97998,737.460022,743.01001,297300,743.01001
"634",744.5,746.440002,736.309998,740.059998,240000,740.059998
"635",744.099976,753.47998,741.5,750.849976,576700,750.849976
"636",754,760.590027,747.01001,759.869995,464100,759.869995
"637",758.700012,765.049988,757.76001,761.849976,405900,761.849976
"638",760.369995,762.049988,751.690002,752.559998,292200,752.559998
"639",753.23999,765.98999,750.840027,764.039978,471300,764.039978
"640",764.099976,765.359985,743.530029,746.52002,540100,746.52002
"641",746.51001,752.090027,738.030029,742.51001,451900,742.51001
"642",746,747.179993,728.059998,739.599976,931300,739.599976
"643",760.5,789.5,753.77002,777.960022,1572700,777.960022
"644",778.77002,781.859985,770,777.530029,587200,777.530029
"645",782.849976,785.5,775.630005,779.859985,521700,779.859985
"646",791.059998,811.950012,785.01001,809.030029,971800,809.030029
"647",803.200012,807.940002,801.51001,805.25,446400,805.25
"648",804.849976,805,786.650024,795.530029,534900,795.530029
"649",794.72998,802.630005,784.840027,790.429993,511100,790.429993
"650",790.549988,801.119995,777.5,792.210022,402400,792.210022
"651",784.23999,786.099976,770.530029,780.210022,558300,780.210022
"652",785.919983,793.950012,775,790.609985,482900,790.609985
"653",783.75,796.400024,780.109985,795.049988,328400,795.049988
"654",799.969971,814.049988,799.710022,814.049988,578600,814.049988
"655",812.820007,822.880005,806,817.900024,472800,817.900024
"656",817.710022,822.27002,806.320007,812.820007,351200,812.820007
"657",807.799988,821.280029,806.809998,816.960022,356600,816.960022
"658",807.809998,811.890015,794.330017,796.570007,438700,796.570007
"659",800,811.280029,797,809.890015,466500,809.890015
"660",813.099976,818.650024,805.349976,817.200012,331100,817.200012
"661",824.440002,825,797,820.309998,312600,820.309998
"662",823,823.630005,816.890015,820.140015,201600,820.140015
"663",822.349976,828.799988,820.27002,827.51001,251900,827.51001
"664",830,831.590027,817.700012,819.150024,275300,819.150024
"665",815.119995,824.179993,802.210022,805.440002,416800,805.440002
"666",812.77002,827.429993,812.77002,826.799988,391000,826.799988
"667",833.679993,847.48999,833.179993,842.109985,490700,842.109985
"668",839.890015,841,833,839.340027,233200,839.340027
"669",845,847.950012,836.799988,843.640015,248100,843.640015
"670",847.359985,848.840027,833.780029,838.419983,288600,838.419983
"671",833,836.099976,823.429993,827.869995,389600,827.869995
"672",832,840.320007,828,838.280029,326700,838.280029
"673",842,843.830017,831.830017,838.109985,328900,838.109985
"674",837.890015,842.140015,833.359985,836.320007,275000,836.320007
"675",847.369995,857.900024,839.080017,839.650024,583100,839.650024
"676",839.309998,839.309998,779.780029,787.97998,1176900,787.97998
"677",793,802.640015,785.369995,799.210022,619300,799.210022
"678",802.799988,810.289978,801.51001,805.450012,371000,805.450012
"679",805.700012,805.700012,780.840027,787.859985,466100,787.859985
"680",783,802.76001,783,799.869995,683500,799.869995
"681",802.890015,831.75,802.890015,825.75,626900,825.75
"682",825,840.22998,822.109985,834.969971,599100,834.969971
"683",834.950012,838.400024,825.880005,832.090027,279000,832.090027
"684",835.530029,840.820007,831.030029,834.659973,562300,834.659973
"685",834.650024,849.789978,831.969971,843.289978,592100,843.289978
"686",846.25,851.799988,821.47998,824.48999,527400,824.48999
"687",824,829.23999,802.400024,819.219971,441700,819.219971
"688",820.559998,822.75,808.359985,817.570007,328200,817.570007
"689",819.840027,825,808.619995,818.830017,444300,818.830017
"690",822,843.900024,822,840.469971,465700,840.469971
"691",845.080017,847.950012,828.150024,828.840027,501500,828.840027
"692",826.679993,826.679993,805.48999,809.97998,638500,809.97998
"693",809,821.030029,805.140015,815.289978,515400,815.289978
"694",819,825.099976,817.01001,823.929993,283600,823.929993
"695",822.109985,822.440002,806.700012,814.159973,318100,814.159973
"696",806.900024,813.359985,800.150024,805.880005,382400,805.880005
"697",815.01001,829.799988,810.77002,827.289978,439500,827.289978
"698",829.969971,831.700012,816.72998,827.75,400700,827.75
"699",832.289978,845,828.619995,830.349976,448200,830.349976
"700",830,830,821.98999,828.130005,293600,828.130005
"701",830.349976,836.909973,823.049988,826.73999,292900,826.73999
"702",827,827.630005,815.609985,823.25,306300,823.25
"703",830,834.73999,824.530029,829.070007,337100,829.070007
"704",828.210022,849.599976,827.080017,841.47998,818100,841.47998
"705",847.640015,852,842.109985,851.539978,526800,851.539978
"706",856.75,856.75,823.150024,831.070007,1154200,831.070007
"707",814.419983,814.419983,782.400024,788.190002,1779800,788.190002
"708",792,809.77002,788.309998,798.340027,771700,798.340027
"709",796.799988,800.119995,785.580017,787.869995,489900,787.869995
"710",790.75,792.640015,767.22998,782.609985,919900,782.609985
"711",784.849976,784.849976,761.02002,763.820007,492300,763.820007
"712",763.859985,775.72998,758.880005,775.52002,471800,775.52002
"713",779.169983,782.599976,773.419983,778.159973,292900,778.159973
"714",778.26001,781.909973,767.619995,768.630005,392800,768.630005
"715",768,771.159973,747.51001,751.77002,755000,751.77002
"716",750,751.609985,733.52002,740.76001,802600,740.76001
"717",742.330017,750.73999,740.799988,744.309998,380800,744.309998
"718",745,746.580017,734.109985,737.340027,478800,737.340027
"719",736,744.659973,730.5,731.619995,529300,731.619995
"720",728.690002,745.869995,728,743.369995,581400,743.369995
"721",757.98999,764.789978,755.059998,757.27002,664900,757.27002
"722",754.119995,757.51001,747.210022,753.299988,457000,753.299988
"723",755,755.840027,743.609985,749.200012,423600,749.200012
"724",749.299988,754.849976,746.72998,754.659973,313700,754.659973
"725",756.5,774.869995,755.289978,771.309998,393300,771.309998
"726",771.049988,775.159973,763.929993,766.780029,347500,766.780029
"727",767.130005,778.650024,767.130005,775.940002,347400,775.940002
"728",776.840027,781.719971,770.26001,773.460022,308000,773.460022
"729",773.119995,777.859985,770.400024,772.609985,215000,772.609985
"730",774.809998,787.719971,774.809998,786.51001,337800,786.51001
"731",799.049988,816.429993,799,815.840027,672400,815.840027
"732",817.130005,821.97998,810.72998,816.75,347900,816.75
"733",821.429993,825.599976,812.73999,813.919983,271300,813.919983
"734",813.109985,814.809998,798.02002,813.780029,443700,813.780029
"735",800,815.580017,799.25,814.909973,403800,814.909973
"736",820,822,805.679993,809.400024,476000,809.400024
"737",809,822.799988,806.619995,819.72998,409200,819.72998
"738",823.619995,827.909973,820.5,822.47998,388900,822.47998
"739",823.890015,828.450012,821.119995,827.030029,370500,827.030029
"740",824.359985,827.289978,814.22998,817.72998,344100,817.72998
"741",821.830017,823.450012,816.880005,822.73999,207100,822.73999
"742",824.869995,825.950012,809,811.200012,375400,811.200012
"743",809.590027,818.950012,806.390015,815.320007,299100,815.320007
"744",820.599976,828.289978,815.5,822.789978,267800,822.789978
"745",822.099976,833.119995,817.030029,832.049988,427300,832.049988
"746",832.27002,839.130005,825.859985,826.880005,423200,826.880005
"747",825,836.030029,825,833.919983,316000,833.919983
"748",838,838.820007,831.77002,834.530029,363000,834.530029
"749",837.830017,838.25,827.929993,828.289978,294400,828.289978
"750",827.099976,829.409973,823.159973,828.890015,91900,828.890015
"751",829.409973,839.280029,828.23999,838.599976,255400,838.599976
"752",839.969971,840,835,836.789978,201900,836.789978
"753",838.169983,838.75,829.01001,836.070007,211400,836.070007
"754",837.23999,842.27002,833.359985,837.109985,282200,837.109985
"755",839.969971,859.190002,837.530029,858.190002,487300,858.190002
"756",853.23999,870.940002,853.23999,865.130005,422700,865.130005
"757",862,862.799988,854,858.02002,405200,858.02002
"758",863,863,854.390015,860.080017,243300,860.080017
"759",856.150024,867,856.150024,856.72998,262500,856.72998
"760",866.859985,877,859.469971,862.669983,457300,862.669983
"761",866,866.570007,853.090027,857.77002,301900,857.77002
"762",856.130005,869.77002,851.409973,863,304600,863
"763",861.849976,863.619995,853.719971,859.219971,239300,859.219971
"764",860.059998,869.460022,858.900024,865.090027,278000,865.090027
"765",868.780029,870.830017,865.97998,870.23999,240300,870.23999
"766",874.650024,879,867.070007,878.150024,361200,878.150024
"767",878.700012,887.599976,869.109985,870.72998,298800,870.72998
"768",877.950012,882.969971,873.200012,879.179993,259500,879.179993
"769",873.890015,884,873.200012,879.840027,242100,879.840027
"770",885,885,861.580017,869.710022,323000,869.710022
"771",861.5,868,855.809998,865.030029,259200,865.030029
"772",867.219971,882.219971,867.219971,877.820007,350600,877.820007
"773",878.330017,884.25,875.51001,879.299988,182600,879.299988
"774",878.48999,888.580017,873.559998,879.950012,251100,879.950012
"775",879.51001,885.039978,865,866.76001,385800,866.76001
"776",868,880,866.679993,867.330017,457000,867.330017
"777",876.01001,890.169983,873.640015,884.820007,982200,884.820007
"778",892,893.02002,851.359985,854.01001,1034700,854.01001
"779",858.179993,863.530029,846.919983,857,689500,857
"780",858.460022,865.880005,850,864.219971,573700,864.219971
"781",861.309998,891.440002,859.599976,890.51001,512100,890.51001
"782",893,899,890.119995,890.75,334800,890.75
"783",890.640015,901.48999,887.289978,900.369995,397700,900.369995
"784",898.299988,914.97998,898.01001,912.950012,422900,912.950012
"785",912.940002,923.5,908.580017,921.940002,366800,921.940002
"786",924.090027,934,922.320007,927.559998,369100,927.559998
"787",934.02002,938.880005,931.090027,933.840027,318200,933.840027
"788",926.049988,940.280029,916.75,927.590027,362800,927.590027
"789",926.349976,929.76001,915.859985,920.140015,302200,920.140015
"790",897.419983,900.049988,883.929993,885,662300,885
"791",890,891.909973,851.440002,856.01001,736100,856.01001
"792",855.380005,868.789978,842.52002,847.289978,570900,847.289978
"793",811.390015,815.72998,750.72998,755.549988,1351500,755.549988
"794",734.5,774.840027,702.950012,773.580017,1505100,773.580017
"795",779.52002,781.570007,739.900024,768.809998,869200,768.809998
"796",768.02002,781.780029,723.26001,736.070007,779100,736.070007
"797",764.429993,772.73999,740.690002,769.76001,772600,769.76001
"798",750.01001,755.5,713.75,727.549988,843800,727.549988
"799",703.210022,729.599976,685.299988,723.080017,840800,723.080017
"800",667,689.97998,650.929993,657.859985,1026400,657.859985
"801",689,704.98999,661.650024,701.210022,909700,701.210022
"802",681,691,626.190002,646.390015,995300,646.390015
"803",587.02002,613.859985,565.01001,603,2080400,603
"804",650.340027,655.549988,600.919983,630.359985,1088800,630.359985
"805",570,580.099976,520,571.51001,1209600,571.51001
"806",573.280029,579.419983,500.269989,524.409973,1511800,524.409973
"807",492.01001,500,415,465.209991,1510100,465.209991
"808",455.859985,553,450.529999,536.150024,1414600,536.150024
"809",573.869995,596.98999,552.22998,566,1751900,566
"810",561.309998,602.26001,551.210022,588.710022,1286900,588.710022
"811",639,690.359985,630.119995,664.049988,1160100,664.049988
"812",684.98999,694.409973,600,649.47998,943100,649.47998
"813",661.799988,672.5,636,661.099976,793900,661.099976
"814",624.320007,643.710022,613.809998,635.030029,857400,635.030029
"815",622.210022,647.880005,620,639.969971,533100,639.969971
"816",634.659973,674.97998,625,654.400024,846400,654.400024
"817",630.02002,645.25,604.22998,619.359985,820100,619.359985
"818",607.419983,634.690002,601.01001,630.159973,633900,630.159973
"819",631.01001,645.080017,599.780029,611.01001,859800,611.01001
"820",632.299988,707.700012,630.070007,689.98999,984100,689.98999
"821",750,756.27002,674.549988,704.299988,995800,704.299988
"822",709.210022,735,700,725.119995,613200,725.119995
"823",745,788.969971,732,771,1026600,771
"824",768.77002,771,728,744.080017,682500,744.080017
"825",772.25,794.119995,765,785.330017,837800,785.330017
"826",757.719971,778,752.23999,770.099976,571600,770.099976
"827",773,790,758.599976,786.75,562900,786.75
"828",810.75,824.349976,803.059998,820.27002,658400,820.27002
"829",807.200012,822,804.039978,808.72998,588000,808.72998
"830",799,809.23999,772.01001,786.690002,977200,786.690002
"831",848.98999,905,834.179993,882.26001,2354500,882.26001
"832",895,909.880005,859,867.02002,1320500,867.02002
"833",873.429993,887.929993,860.950012,882.469971,530200,882.469971
"834",891,900,880.789978,883.070007,518500,883.070007
"835",899,899,864.030029,868.359985,516700,868.359985
"836",880.219971,894.22998,863.099976,882.340027,517500,882.340027
"837",880,897.969971,877,878.549988,449400,878.549988
"838",858.77002,883.48999,856.890015,874.919983,434600,874.919983
"839",862.330017,876.030029,856.5,875,281200,875
"840",881.919983,886.690002,865.630005,870.22998,318700,870.22998
"841",875.340027,883.820007,867,867.039978,291300,867.039978
"842",881.51001,900.01001,875.950012,897.51001,491000,897.51001
"843",900,927.609985,893.419983,925.830017,736100,925.830017
"844",920,942.830017,916.619995,933.929993,570700,933.929993
"845",943.659973,966,929.23999,929.849976,686000,929.849976
"846",929.840027,937.200012,888.619995,902.590027,717300,902.590027
"847",901,935.109985,897.039978,932.179993,578700,932.179993
"848",926,974.5,926,971.75,852000,971.75
"849",997.450012,1017.869995,992.150024,998.580017,778600,998.580017
"850",1000,1020.72998,998,1009.080017,461200,1009.080017
"851",1022,1032.069946,1014.280029,1029.959961,414800,1029.959961
"852",1035,1038.130005,1012.880005,1026.709961,455000,1026.709961
"853",1026.780029,1057.689941,1018.090027,1055.699951,451000,1055.699951
"854",1086.300049,1087,1010.030029,1017,776000,1017
"855",1021.72998,1023.809998,987.01001,990,815600,990
"856",1001.179993,1006.76001,986.340027,995.090027,631400,995.090027
"857",1001,1006.890015,989.969971,1003.909973,671700,1003.909973
"858",1012.809998,1056.410034,1010,1047.880005,713200,1047.880005
"859",1050,1063.48999,1035.060059,1058.890015,429500,1058.890015
"860",1061.680054,1069.949951,1045.199951,1049.709961,516600,1049.709961
"861",1044.310059,1059.810059,1035,1041.560059,359400,1041.560059
"862",1050,1069.099976,1045.089966,1053.459961,370900,1053.459961
"863",1052.829956,1065,1033.219971,1049.22998,316100,1049.22998
"864",1036.910034,1052.98999,1035,1039.469971,275900,1039.469971
"865",1042.619995,1042.939941,1023.48999,1028.959961,322100,1028.959961
"866",1002.390015,1027.719971,996,1000.73999,468300,1000.73999
"867",1025.650024,1025.650024,964.5,991.830017,508500,991.830017
"868",974.02002,1025.050049,971,1023.25,363400,1023.25
"869",1037.550049,1037.550049,1002.599976,1031.800049,313300,1031.800049
"870",1031.099976,1042.880005,1020.599976,1022.880005,241100,1022.880005
"871",1026.699951,1038.829956,1020,1030,230500,1030
"872",1040,1042.099976,1010.830017,1010.830017,428500,1010.830017
"873",1026.699951,1071.310059,1025,1070.25,590800,1070.25
"874",1074,1074,1034.589966,1039.160034,429400,1039.160034
"875",1036.189941,1053.319946,1018.380005,1047.949951,382900,1047.949951
"876",1047.400024,1051.97998,1033,1048.900024,217800,1048.900024
"877",1048.839966,1049.099976,1029.380005,1033.150024,499500,1033.150024
"878",1034.819946,1057.51001,1021,1045.949951,296900,1045.949951
"879",1049,1056.290039,1034.540039,1052.359985,397900,1052.359985
"880",1053.849976,1073.660034,1048.040039,1068.359985,283700,1068.359985
"881",1081,1084.72998,1053,1056.449951,264400,1056.449951
"882",1066.599976,1129.380005,1061.25,1125.920044,666500,1125.920044
"883",1119.599976,1145.630005,1105,1109.099976,429200,1109.099976
"884",1118.900024,1132.920044,1107.199951,1114.430054,318500,1114.430054
"885",1130,1133.189941,1105.459961,1115.579956,287800,1115.579956
"886",1110.579956,1118.72998,1101,1118.040039,218900,1118.040039
"887",1131.930054,1140.48999,1087.099976,1088.920044,364200,1088.920044
"888",1089.01001,1104.839966,1067.589966,1103.02002,267300,1103.02002
"889",1126.199951,1135.660034,1104.72998,1133.650024,332100,1133.650024
"890",1124.130005,1132.939941,1112.5,1129.51001,241700,1129.51001
"891",1136.660034,1139.030029,1122.579956,1136.219971,275200,1136.219971
"892",1150,1169.530029,1147.619995,1163.719971,420300,1163.719971
"893",1176.640015,1176.640015,1151.050049,1163.099976,281100,1163.099976
"894",1161.02002,1187,1161.02002,1185.27002,749400,1185.27002
"895",1169,1186,1116.930054,1121.030029,960900,1121.030029
"896",1112.72998,1131.47998,1094.930054,1130.26001,421400,1130.26001
"897",1139.339966,1151.900024,1127.52002,1142.930054,342900,1142.930054
"898",1140.660034,1142.530029,1110.300049,1112.22998,315900,1112.22998
"899",1120.079956,1154.920044,1118.150024,1153.069946,297500,1153.069946
"900",1139.359985,1160.619995,1138.26001,1148.400024,244300,1148.400024
"901",1153.359985,1155.170044,1127.939941,1155.160034,302800,1155.160034
"902",1153.280029,1156.550049,1136.420044,1146.709961,236800,1146.709961
"903",1149.02002,1165.98999,1146.109985,1164.569946,222100,1164.569946
"904",1170,1174.800049,1157.050049,1170.23999,207400,1170.23999
"905",1165.25,1189.790039,1165.25,1186.800049,248100,1186.800049
"906",1181.969971,1193.25,1159.069946,1180.619995,232000,1180.619995
"907",1180.609985,1188.530029,1132.969971,1161,304700,1161
"908",1164.76001,1172,1141.219971,1147.160034,223500,1147.160034
"909",1158,1168.75,1152.839966,1160.920044,156600,1160.920044
"910",1171,1197.689941,1167.300049,1194.930054,262700,1194.930054
"911",1189.410034,1203.319946,1180.910034,1186.530029,161400,1186.530029
"912",1200,1219.959961,1190.819946,1216.219971,193200,1216.219971
"913",1221.280029,1239.380005,1209.800049,1236.930054,255300,1236.930054
"914",1237.689941,1245,1216.859985,1219.369995,191600,1219.369995
"915",1212.630005,1244.630005,1212.630005,1239.890015,225500,1239.890015
"916",1240,1259.380005,1238.959961,1253.23999,234400,1253.23999
"917",1268,1271.359985,1241.02002,1241.75,238500,1241.75
"918",1247.52002,1273.579956,1246.339966,1269.650024,253100,1269.650024
"919",1274.72998,1284.22998,1263.400024,1277.280029,196300,1277.280029
"920",1277.800049,1290.51001,1270.050049,1279.630005,210400,1279.630005
"921",1284.98999,1302.859985,1282.910034,1301.51001,251100,1301.51001
"922",1306.079956,1325,1304.910034,1310.280029,290600,1310.280029
"923",1325,1373.5,1319.97998,1372.219971,334600,1372.219971
"924",1375,1384.459961,1355.599976,1379.030029,332000,1379.030029
"925",1355.47998,1374.219971,1310.23999,1328.72998,464500,1328.72998
"926",1332.890015,1342.469971,1258.530029,1313.72998,405400,1313.72998
"927",1288.280029,1335.069946,1275.01001,1299.75,318600,1299.75
"928",1322,1337.839966,1306.109985,1321.030029,305200,1321.030029
"929",1327.390015,1359.719971,1305,1308.48999,329800,1308.48999
"930",1325.27002,1326,1272.109985,1297.469971,310900,1297.469971
"931",1311.619995,1318,1254.530029,1267.189941,437800,1267.189941
"932",1283.599976,1291.390015,1269.099976,1277.359985,329800,1277.359985
"933",1286.459961,1286.839966,1264.130005,1265.869995,304700,1265.869995
"934",1240.73999,1251.390015,1209.030029,1225.369995,452200,1225.369995
"935",1231,1247.359985,1200.939941,1215.47998,783300,1215.47998
"936",1194.23999,1207.810059,1180,1206.52002,308600,1206.52002
"937",1223.829956,1242.640015,1215.369995,1234.579956,302400,1234.579956
"938",1250.329956,1290.930054,1240.439941,1248.390015,531800,1248.390015
"939",1239.48999,1245.930054,1215.52002,1229.280029,240500,1229.280029
"940",1223.859985,1253.47998,1217.390015,1244.5,234400,1244.5
"941",1263.160034,1274.939941,1243.5,1263.349976,196100,1263.349976
"942",1263.26001,1266.699951,1245.130005,1261.609985,178800,1261.609985
"943",1261.800049,1272,1234.369995,1243.709961,286900,1243.709961
"944",1255.569946,1265,1231,1238.02002,349000,1238.02002
"945",1214.300049,1265.709961,1214,1254.800049,281600,1254.800049
"946",1258.069946,1264,1242,1253.01001,200200,1253.01001
"947",1252.47998,1291.97998,1248.030029,1256.410034,469500,1256.410034
"948",1272.599976,1295.349976,1266.060059,1278.680054,241700,1278.680054
"949",1287.920044,1288,1260,1281.75,241500,1281.75
"950",1287.47998,1292,1276.900024,1281.98999,243800,1281.98999
"951",1291.189941,1292.119995,1275.47998,1278.930054,204800,1278.930054
"952",1282.290039,1330,1272.069946,1325.219971,400400,1325.219971
"953",1330.170044,1341.98999,1314.800049,1321.369995,284600,1321.369995
"954",1306.150024,1344.900024,1305,1343.25,261800,1343.25
"955",1348.880005,1356.75,1335.530029,1339.680054,297500,1339.680054
"956",1345,1357.300049,1328,1335.589966,320200,1335.589966
"957",1345,1364.359985,1337.930054,1348.469971,330600,1348.469971
"958",1344.079956,1366.660034,1338,1366.660034,792300,1366.660034
"959",1292.209961,1313.97998,1253.890015,1300.290039,1296500,1300.290039
"960",1299.859985,1348.5,1296,1339.079956,762700,1339.079956
"961",1323.130005,1326.339966,1285,1311.97998,544100,1311.97998
"962",1310.72998,1314.140015,1296.439941,1310.150024,298100,1310.150024
"963",1292.050049,1295.660034,1251.150024,1253.540039,479400,1253.540039
"964",1253.02002,1264.390015,1239.069946,1242.800049,284300,1242.800049
"965",1237.699951,1245.170044,1191.310059,1201.47998,491300,1201.47998
"966",1210,1210,1172.290039,1188.540039,368700,1188.540039
"967",1198.420044,1216.640015,1188.23999,1209.550049,322300,1209.550049
"968",1238,1299,1234.900024,1277.369995,561400,1277.369995
"969",1309.719971,1312.359985,1283.849976,1310.319946,298900,1310.319946
"970",1305,1331.48999,1299.459961,1326.170044,269000,1326.170044
"971",1325.160034,1346,1274.030029,1278.130005,502800,1278.130005
"972",1271.949951,1280.400024,1220.199951,1243.050049,552600,1243.050049
"973",1260.73999,1319.98999,1258,1303.930054,350700,1303.930054
"974",1300,1312.890015,1256.52002,1259.27002,322700,1259.27002
"975",1268.849976,1278,1246.5,1251.430054,246000,1251.430054
"976",1257.859985,1269.449951,1241.380005,1260.670044,242900,1260.670044
"977",1268.430054,1272.420044,1257.099976,1268.47998,160300,1268.47998
"978",1265.619995,1301.27002,1262.880005,1296,302800,1296
"979",1288.810059,1315,1285,1310.459961,241800,1310.459961
"980",1307.319946,1308.51001,1288.050049,1292.569946,202500,1292.569946
"981",1295.939941,1295.939941,1271.920044,1281,261700,1281
"982",1285.72998,1290.25,1261.22998,1262.819946,349300,1262.819946
"983",1269.199951,1280.800049,1265.26001,1276.680054,189500,1276.680054
"984",1277,1299.5,1271.449951,1297.77002,154600,1297.77002
"985",1297.680054,1297.680054,1264.959961,1289.430054,268000,1289.430054
"986",1290,1323.97998,1275.209961,1321.060059,335400,1321.060059
"987",1314.449951,1316.849976,1287.060059,1297,220500,1297
"988",1301.189941,1322.650024,1301,1308.76001,209600,1308.76001
"989",1311.150024,1337.72998,1307.5,1334.619995,215500,1334.619995
"990",1333.569946,1352.160034,1327,1347.099976,248300,1347.099976
"991",1339.439941,1348.859985,1322,1346,258100,1346
"992",1350,1358.709961,1307.410034,1313.97998,231100,1313.97998
"993",1303.969971,1325.849976,1300.160034,1317.22998,165500,1317.22998
"994",1317.22998,1320.609985,1299.569946,1300,182200,1300
"995",1308.650024,1313.030029,1296.849976,1309.52002,237400,1309.52002
"996",1320.180054,1354.47998,1318.449951,1346.459961,391600,1346.459961
"997",1380,1422.219971,1375.430054,1400.619995,698100,1400.619995
"998",1407.609985,1421.449951,1385.790039,1409.680054,376700,1409.680054
"999",1418,1425,1410.959961,1418.569946,438400,1418.569946
"1000",1400,1423.97998,1390.849976,1417.98999,299700,1417.98999
"1001",1418,1429.869995,1397.5,1426.300049,327100,1426.300049
"1002",1434.550049,1435.52002,1406.050049,1410.98999,199900,1410.98999
"1003",1410.910034,1418.540039,1406.869995,1412.550049,101300,1412.550049
"1004",1423,1423,1400.800049,1401.48999,174400,1401.48999
"1005",1402.380005,1408.089966,1377.339966,1392.209961,182300,1392.209961
"1006",1395,1398.099976,1373.619995,1374.170044,184400,1374.170044
"1007",1372,1393.140015,1363,1386.709961,217700,1386.709961
