"","DOV.Open","DOV.High","DOV.Low","DOV.Close","DOV.Volume","DOV.Adjusted"
"1",61.639744,62.625202,60.920841,61.728596,1637998,56.32021
"2",61.882069,62.075928,61.445881,62.019386,1165948,56.585522
"3",61.793217,62.431339,61.074314,61.817448,1155178,56.401272
"4",62.46365,63.780293,62.390953,62.778675,3123350,57.278286
"5",62.705978,62.924072,61.744751,61.970921,1271055,56.541298
"6",62.302101,62.79483,61.777061,62.213245,1811689,56.762394
"7",62.269791,63.998383,62.140549,63.941841,1800176,58.339539
"8",63.869144,63.957996,62.374798,63.303715,1144283,57.75732
"9",64.458801,65.831985,63.739902,64.337639,2165386,58.700661
"10",63.974152,64.184166,62.980614,63.150242,1620542,57.617298
"11",63.045235,63.747982,63.045235,63.32795,1197394,57.77943
"12",63.602585,63.990307,62.754444,63.206783,1460469,57.668884
"13",63.497578,64.030693,63.31987,63.828754,1213364,58.236362
"14",63.554119,63.925686,62.770599,63.384491,1065051,57.83102
"15",63.537964,65.218094,63.384491,65.03231,1391264,59.334473
"16",65.411957,65.977386,64.709206,65.799675,2221096,60.034595
"17",64.99192,66.494347,63.554119,64.886917,2627160,59.201805
"18",65.153473,65.153473,64.103394,64.450729,1597763,58.803844
"19",64.305328,64.305328,62.552505,63.35218,1470249,57.801544
"20",63.206783,63.28756,62.116318,62.80291,3571630,57.300392
"21",63.255249,63.683361,62.447495,63.182552,1532520,57.646774
"22",62.924072,63.158321,62.455574,62.843296,1074460,57.337238
"23",63.021004,63.91761,62.980614,63.683361,1004266,58.103706
"24",63.400646,63.594505,62.754444,63.012924,777959,57.492012
"25",63.247173,63.675282,62.399033,62.722134,1320698,57.226688
"26",62.552505,62.915993,61.970921,62.810986,1373066,57.307755
"27",63.06139,63.772213,62.689823,63.691437,1189347,58.111069
"28",63.852989,64.240707,63.699516,64.038773,803338,58.427979
"29",64.273018,64.983849,64.208405,64.297256,959698,58.663815
"30",63.651051,64.418419,63.651051,64.418419,867962,58.774361
"31",64.224556,64.781906,64.071083,64.741516,824137,59.069141
"32",64.854607,64.854607,64.022614,64.604202,988172,58.943867
"33",64.240707,64.571892,63.764137,64.571892,1238743,58.914391
"34",64.547661,65.56543,64.450729,65.331177,1231686,59.60714
"35",64.491112,66.12278,64.491112,65.363487,2367551,59.636627
"36",65.759293,65.985458,64.563812,64.854607,1807232,59.172329
"37",63.861065,64.668823,63.077545,64.668823,982724,59.327946
"38",64.51535,65.072701,64.281097,64.838448,1159882,59.483566
"39",64.604202,65.274635,64.39418,64.701134,1446851,59.357594
"40",65.630051,66.68821,65.630051,66.090469,1367742,60.632172
"41",65.831985,65.977386,64.975769,65.04039,766446,59.668823
"42",65.04039,65.452339,64.547661,64.935379,722125,59.572487
"43",63.925686,65.088852,63.901455,64.975769,1041653,59.609547
"44",65.048462,65.048462,64.079163,64.127625,1092164,58.831444
"45",64.127625,64.636513,62.358643,62.399033,3024310,57.245613
"46",62.23748,62.455574,60.993538,61.663975,3120874,56.571262
"47",62.326332,62.552505,61.276253,62.043617,2326450,56.919548
"48",61.9063,62.738289,61.9063,62.705978,1382722,57.52721
"49",61.882069,62.310177,61.365105,62.245556,1199127,57.104816
"50",62.705978,64.248787,62.479805,64.079163,1806613,58.786983
"51",64.159935,64.450729,63.432957,64.087234,1755979,58.794395
"52",64.40226,64.579971,63.974152,64.378029,2012617,59.061169
"53",64.168015,64.846527,63.691437,64.47496,1277740,59.150097
"54",64.943459,65.113083,63.174477,63.239094,1591944,58.016296
"55",62.940228,63.408726,62.600967,62.980614,1424938,57.77916
"56",63.029079,63.87722,62.722134,63.150242,791825,57.934784
"57",63.513733,64.168015,62.705978,63.117931,1362048,57.905136
"58",62.294022,63.117931,61.575123,62.932148,830450,57.734703
"59",62.835217,64.337639,62.609047,64.079163,974554,58.786983
"60",64.095314,64.862679,63.91761,64.588043,1238867,59.253845
"61",64.531502,65.064621,64.39418,64.676895,704670,59.335354
"62",64.337639,65.290794,64.337639,64.903069,1198013,59.542847
"63",65.533119,66.405495,64.903069,65.718903,2051861,60.291309
"64",65.718903,65.840065,65.218094,65.60582,996095,60.187553
"65",66.050079,66.211632,64.604202,64.773827,1791386,59.424286
"66",64.773827,65.702744,64.47496,65.161552,1174367,59.779968
"67",65.080772,65.339256,64.620354,64.725365,1092783,59.379818
"68",64.903069,65.759293,64.765755,65.274635,1431623,59.88372
"69",65.177704,65.670433,64.741516,65.51696,1138589,60.106037
"70",65.355415,65.444267,63.990307,64.079163,1048957,58.786983
"71",63.998383,64.44265,63.336025,63.424877,944594,58.186737
"72",63.836834,64.604202,63.481422,64.507271,1683061,59.179741
"73",64.103394,64.951538,63.91761,64.701134,1416520,59.357594
"74",64.975769,65.468498,63.909531,64.022614,2342296,58.7351
"75",66.63974,66.63974,64.079163,64.386108,3518148,59.068588
"76",64.579971,64.709206,63.045235,64.071083,2625674,58.779572
"77",65.088852,65.589661,64.588043,65.153473,2564888,59.772572
"78",65.52504,66.130859,65.064621,65.646202,1866533,60.224609
"79",65.403877,65.961227,65.161552,65.436188,2029701,60.031933
"80",65.347336,65.347336,64.087234,64.329567,2238428,59.016708
"81",64.40226,64.40226,63.675282,63.715672,2155853,58.453526
"82",63.982227,64.014542,63.029079,63.457188,1339640,58.216373
"83",63.764137,64.297256,62.600967,62.867527,1708811,57.675407
"84",62.697899,62.730209,61.841679,62.544426,1715868,57.379005
"85",62.600967,62.641357,61.768982,62.245556,1594420,57.104816
"86",62.366722,63.61874,62.20517,63.61874,1550719,58.364586
"87",63.546043,64.087234,63.247173,63.675282,1606181,58.416458
"88",63.634895,64.386108,63.295639,64.159935,2161796,58.861092
"89",64.289177,65.476578,64.103394,64.660744,2197945,59.320541
"90",64.44265,64.612282,63.578354,64.531502,1266845,59.201977
"91",64.329567,64.798058,64.168015,64.297256,2026235,58.987068
"92",65.105011,66.268173,65.105011,65.686592,2765197,60.261658
"93",65.662361,65.936996,65.056541,65.581581,1951459,60.165321
"94",65.581581,65.581581,64.499191,64.870758,1749665,59.513199
"95",64.555733,65.912766,63.836834,65.290794,1671671,59.89854
"96",65.726982,67.520195,65.662361,67.156708,3119636,61.610359
"97",67.439415,68.174477,66.978996,67.16478,1456755,61.617771
"98",67.334412,67.810982,66.801292,67.447495,1784329,61.877136
"99",67.415184,67.673668,67.027466,67.23748,1553319,61.684456
"100",67.318253,67.883682,66.179321,66.470116,2649815,60.980465
"101",66.033928,66.68013,65.920837,66.63974,1487828,61.464729
"102",66.437805,67.471725,66.058159,67.358643,1219182,62.127815
"103",67.035538,67.148628,65.945076,66.68013,2088506,61.501999
"104",67.116318,67.996773,66.67205,67.487885,1314013,62.247028
"105",67.431343,67.633278,66.922455,67.16478,2086525,61.948997
"106",67.092087,67.714058,67.011307,67.390953,1667338,62.157612
"107",67.011307,67.689819,66.752831,67.617126,1749789,62.366226
"108",67.72213,67.80291,65.460419,65.928917,2705154,60.809113
"109",65.928917,67.423264,65.928917,66.542809,2258236,61.375332
"110",66.591278,67.399033,66.583199,67.059776,1618066,61.852165
"111",67.334412,67.770599,66.421646,66.922455,1540320,61.725494
"112",67.059776,67.479805,66.63974,67.423264,1328498,62.187412
"113",67.439415,67.439415,65.791595,66.07431,2091849,60.943218
"114",65.589661,66.696281,65.589661,66.542809,1837192,61.375332
"115",66.381264,67.003227,66.090469,66.995155,1935984,61.792549
"116",67.310181,67.447495,66.534737,67.084007,1619552,61.874504
"117",66.373184,66.437805,65.088852,65.387718,1778387,60.30994
"118",65.129242,65.129242,62.447495,62.722134,3549717,57.851353
"119",62.819061,63.206783,62.084007,62.79483,2822269,57.918407
"120",62.770599,63.489498,62.568661,63.416801,2784262,58.492081
"121",63.58643,64.054924,63.198708,63.570274,2310356,58.63364
"122",63.562199,63.893375,63.021004,63.117931,1157530,58.216419
"123",63.683361,64.232635,63.546043,64.054924,1228715,59.080654
"124",64.240707,64.410339,63.344105,63.634895,1036330,58.693233
"125",64.071083,65.371567,64.022614,64.798058,2216763,59.766079
"126",65.250404,66.429726,64.789986,66.235863,985324,61.092224
"127",66.227783,66.518578,65.403877,65.928917,2833906,60.809113
"128",65.904686,67.399033,65.904686,66.405495,2612551,61.248676
"129",66.252022,67.261711,66.211632,67.180939,1875075,61.963905
"130",67.189018,67.770599,67.092087,67.310181,1821469,62.083107
"131",67.294022,67.649437,66.785133,67.213249,1567803,61.99371
"132",67.79483,68.384491,67.600967,68.174477,1092535,62.880291
"133",68.344101,68.36834,67.560585,67.633278,1462821,62.381123
"134",67.76252,68.400642,67.584816,68.109856,1834840,62.820683
"135",68.222939,68.610664,67.972534,68.231018,1090802,62.932446
"136",68.142166,68.303719,67.746368,68.222939,1347315,62.924976
"137",68.36026,68.909531,67.786751,68.820679,3002398,63.476318
"138",68.659126,68.820679,67.043617,67.180939,2926508,61.963905
"139",66.793213,67.20517,66.163162,66.938614,1468268,61.740414
"140",66.890144,68.053314,66.760902,67.810982,1836697,62.545025
"141",68.521812,68.610664,67.568657,68.077545,2010017,62.790874
"142",68.182556,68.222939,67.075928,67.334412,1285663,62.105469
"143",67.399033,67.79483,67.132469,67.738289,1943041,62.477982
"144",67.592896,68.061386,67.229401,67.819061,743295,62.552475
"145",68.021004,68.303719,67.657509,67.851372,794796,62.582268
"146",67.867531,68.182556,67.075928,67.544426,1102934,62.299175
"147",67.24556,68.39257,67.189018,68.093697,1198136,62.805782
"148",68.077545,70.646202,67.79483,69.838448,2877483,64.415047
"149",69.95961,70.460419,69.709206,69.903069,2978999,64.474663
"150",69.911148,70.783524,69.749596,70.476578,1354867,65.003616
"151",70.315025,70.59774,69.943459,70.169624,1143293,64.720497
"152",70.088852,70.48465,69.95961,70.137321,960564,64.690697
"153",69.781906,69.894989,69.038773,69.071083,1128189,63.707268
"154",69.071083,69.281097,68.610664,68.699516,1069013,63.364567
"155",69.240707,69.369949,68.990311,69.127625,1291729,63.759418
"156",68.990311,69.361877,68.747978,68.764137,944842,63.424156
"157",69.143784,69.499191,68.812599,68.949921,1076070,63.595524
"158",68.683357,69.232635,67.80291,67.883682,697861,62.612057
"159",67.528275,68.336029,67.043617,67.738289,768179,62.477982
"160",67.72213,67.932152,67.24556,67.609047,1133760,62.358772
"161",67.899841,68.570274,67.819061,68.489502,748990,63.170849
"162",68.037155,68.546043,68.004845,68.247169,764094,62.94735
"163",68.424881,68.578354,67.972534,68.012924,751837,62.731285
"164",68.408722,69.063004,68.247169,68.87722,1487952,63.528469
"165",69.192245,69.192245,68.166397,68.239098,851249,62.939899
"166",67.544426,68.158318,67.19709,67.730209,1101820,62.820034
"167",67.75444,68.473343,67.552505,68.449112,591516,63.486809
"168",68.739906,68.84491,68.126007,68.562195,872914,63.591705
"169",68.8853,69.248787,68.772217,68.974152,1156044,63.973789
"170",69.014542,69.305328,68.537964,68.659126,1121009,63.681587
"171",69.127625,69.830376,68.901451,69.43457,1106772,64.400826
"172",69.466881,69.943459,69.135704,69.709206,908940,64.65554
"173",69.48304,70.710823,69.450729,70.51696,770655,65.404755
"174",71.08239,71.357025,70.52504,71.033928,1379999,65.884216
"175",71.534737,72.261711,70.630051,71.1147,2116485,65.95916
"176",71.08239,71.744751,70.767365,71.550888,1239114,66.363731
"177",71.534737,72.819061,71.19548,72.730209,1248894,67.45755
"178",72.657509,72.980614,72.399033,72.544426,1383341,67.285233
"179",72.609047,72.770599,72.455574,72.738289,1234162,67.465027
"180",72.810982,73.739906,72.778671,73.473343,1227725,68.146797
"181",74.48304,74.911148,74.071083,74.539581,1592687,69.135735
"182",74.539581,74.894989,74.313408,74.345718,634475,68.955917
"183",74.232635,74.757675,74.095314,74.660744,608229,69.248093
"184",74.684975,74.798058,74.151855,74.507271,844687,69.105774
"185",74.555733,74.717285,74.054924,74.208405,713831,68.828568
"186",74.588043,74.588043,73.707596,73.861069,1307452,68.506424
"187",73.764137,73.966072,73.28756,73.91761,1027292,68.558861
"188",73.852989,74.248787,73.586433,73.820679,1375170,68.468941
"189",74.216476,74.830376,73.909531,74.709206,2438489,69.293068
"190",74.903069,75.153473,74.684975,75.153473,833669,69.705132
"191",75.169624,75.864296,75.121162,75.678513,840850,70.192108
"192",75.678513,75.896606,75.411957,75.735054,1536853,70.244545
"193",75.460419,76.001617,75.379646,75.985458,890370,70.476791
"194",76.203552,76.332794,75.638123,75.791595,882818,70.296989
"195",76.171242,76.227783,75.492729,75.613892,778454,70.132172
"196",75.799675,75.985458,75.508888,75.783524,1592935,70.289497
"197",75.56543,76.009689,75.52504,75.985458,740448,70.476791
"198",76.486267,76.849754,76.211632,76.316643,668272,70.783966
"199",76.655899,76.704361,76.405495,76.550888,840107,71.001221
"200",76.429726,76.736671,75.848145,75.969307,980001,70.461823
"201",76.033928,76.033928,74.943459,75.581581,1889188,70.102203
"202",71.098549,72.907913,70.985458,72.294022,3584134,67.052971
"203",73.667206,76.890144,73.497574,76.696281,3629073,71.136086
"204",76.67205,77.536346,76.373184,77.172859,2953001,71.57811
"205",77.528275,78.424881,77.003227,77.455574,1859352,71.840317
"206",76.987076,77.520195,75.339256,76.736671,1921624,71.173561
"207",76.930534,78.045235,76.801292,77.924072,1463440,72.274872
"208",77.560585,77.996773,76.938614,77.544426,1522616,71.922737
"209",77.24556,77.730209,76.954765,77.423264,1239981,71.810364
"210",77.326332,77.689819,76.954765,77.132469,1269693,71.540665
"211",77.79483,77.867531,76.340874,76.365105,1240971,70.828918
"212",76.429726,76.793213,76.017769,76.768982,1344839,71.203537
"213",77.075928,77.568657,76.68821,77.479805,1289872,71.862801
"214",76.938614,77.705978,76.332794,77.641357,1593801,72.012634
"215",77.625198,77.899841,77.172859,77.673668,912035,72.042618
"216",77.334412,77.75444,77.189018,77.584816,975173,71.960213
"217",76.930534,76.930534,75.468498,75.936996,861772,70.431854
"218",75.678513,76.08239,75.355415,75.759293,1106401,70.267029
"219",75.347336,75.848145,75.080772,75.759293,872171,70.267029
"220",75.630051,75.880455,75.266556,75.613892,1175729,70.132172
"221",75.016151,75.258484,74.184166,74.878838,1094887,69.450401
"222",75.080772,75.936996,74.911148,75.936996,1184766,70.431854
"223",75.533119,76.316643,75.177704,76.106621,1171396,70.58918
"224",76.260094,76.809372,76.243942,76.445877,1221163,70.903831
"225",76.663971,76.841682,76.429726,76.567047,625561,71.016228
"226",76.60743,76.809372,76.413567,76.502426,794548,70.956291
"227",76.809372,76.882065,76.316643,76.373184,175053,70.836433
"228",76.316643,76.623589,76.08239,76.252022,436395,70.72403
"229",76.534737,78.222939,76.413567,77.964462,1037815,72.31234
"230",77.819061,77.948303,77.382874,77.431343,913520,72.169281
"231",77.948303,79.159935,77.867531,78.92569,1588230,73.562073
"232",78.958,79.127625,76.63974,78.255249,1637626,72.937195
"233",78.739906,79.644585,78.667206,78.788368,1180309,73.434082
"234",79.119545,79.143784,77.366722,77.504036,1445860,72.23703
"235",77.431343,77.875603,77.172859,77.770599,792320,72.485481
"236",77.746368,78.626816,77.592896,78.117935,1073717,72.809204
"237",79.216476,80.088852,77.439415,79.644585,2282624,74.232117
"238",79.321487,79.466881,77.964462,78.174477,1323174,72.861931
"239",78.093697,78.586433,77.374802,78.505653,1028778,73.170593
"240",78.384491,78.570274,77.625198,77.689819,1035339,72.410194
"241",77.948303,78.239098,77.20517,77.342491,880961,72.086472
"242",77.891762,79.111473,77.786751,78.739906,2239913,73.388924
"243",79.159935,80.420029,79.046852,80.185783,1417634,74.736542
"244",80.298866,80.888527,79.40226,80.403877,1613114,74.939812
"245",80.767365,81.268173,80.347336,80.379646,1072479,74.917213
"246",80.56543,81.72052,80.306946,81.470116,1108010,75.933586
"247",81.623589,81.623589,80.831985,81.147011,749114,75.632446
"248",81.300484,82.092087,81.066238,81.68013,676319,76.129326
"249",81.558968,82.067848,81.308563,81.696281,690556,76.144379
"250",82.003227,82.269791,81.397415,81.938614,620981,76.370255
"251",82.24556,82.439415,81.567047,81.575119,643760,76.031456
"252",81.946686,82.269791,81.348953,82.140549,1044624,76.558456
"253",82.132469,82.996773,81.591278,82.80291,1058119,77.175812
"254",83.198708,83.820679,82.786751,83.27948,1217449,77.619987
"255",83.659126,83.707596,82.342491,82.697899,1448831,77.077942
"256",82.673668,83.077545,82.463654,82.746368,1169786,77.1231
"257",82.980614,84.168015,82.948303,84.046852,1111105,78.33522
"258",83.869141,83.869141,82.827141,82.956383,846421,77.318855
"259",83.344101,83.788368,82.851372,83.610664,943480,77.928673
"260",84.006462,84.458801,83.586433,84.119545,585450,78.402977
"261",84.741516,84.741516,82.988693,83.489502,997952,77.815742
"262",83.909531,84.684975,83.400642,84.281097,1029149,78.553551
"263",84.410339,84.410339,83.481422,83.998383,681890,78.290039
"264",84.273018,84.773827,84.071083,84.337639,1521997,78.606255
"265",84.466881,84.814217,83.651047,84.684975,961431,78.929977
"266",84.305328,85.581581,84.305328,85.266556,1259665,79.472038
"267",85.621971,85.953148,84.038773,84.636513,969354,78.884804
"268",84.975769,85.193863,83.80452,84.353798,1758703,78.621292
"269",84.693054,84.878838,83.933762,84.846527,1304604,79.080559
"270",84.588043,85.201942,83.586433,83.747978,2135179,78.056664
"271",82.972534,86.785133,81.64782,86.470116,4414089,80.593811
"272",86.550888,88.093697,85.379646,85.791595,3140311,79.961403
"273",85.379646,86.429726,84.47496,85.088852,2605495,79.306412
"274",84.854607,84.943459,83.101776,83.376411,1924719,77.710365
"275",83.069466,84.458801,79.579971,79.620354,1850439,74.209534
"276",79.192245,81.171242,77.285942,80.638123,2621960,75.158134
"277",80.420029,81.946686,80.129242,80.710823,1829021,75.225891
"278",80.807755,80.807755,77.641357,77.705978,1949974,72.425255
"279",78.772217,79.555733,76.19548,78.634895,2198564,73.291039
"280",79.378029,80.250404,78.594505,79.378029,1303366,73.983681
"281",78.982231,79.676895,78.618736,79.256866,1052300,73.87075
"282",77.72213,80.807755,77.72213,80.52504,1455145,75.052742
"283",81.63974,82.100159,80.670433,82.059776,1260408,76.483192
"284",81.954765,82.867531,81.63166,81.752831,961678,76.197098
"285",81.413567,81.873993,80.613892,80.945076,903740,75.444237
"286",80.953148,82.617126,80.735054,80.759293,900893,75.271065
"287",81.373184,83.206787,81.179321,82.439415,1991447,76.837013
"288",83.045235,83.045235,81.550888,82.980614,941499,77.341431
"289",83.578354,84.491112,83.077545,84.321487,1427909,78.591194
"290",84.224556,84.531502,82.285942,82.342491,1495875,77.093773
"291",82.681747,82.770599,80.848145,80.856216,1157282,75.702248
"292",80.743134,81.017769,78.675285,79.079163,1524473,74.03846
"293",78.513733,79.418419,78.166397,79.135704,1257189,74.091408
"294",78.683357,79.903069,78.384491,79.620354,1292596,74.545158
"295",80.113083,80.904686,79.911148,80.783524,1356848,75.634193
"296",80.03231,80.694672,79.248787,80.379646,1027664,75.25605
"297",80.60582,80.977386,79.733444,80.928917,890865,75.770325
"298",81.445877,83.166397,81.348953,82.948303,1300024,77.660988
"299",82.867531,82.867531,81.486267,81.987076,1175110,76.761017
"300",82.584816,83.053314,80.928917,81.276253,1060347,76.095512
"301",81.841682,81.841682,79.701134,79.96769,1296310,74.870354
"302",80.234245,80.59774,79.531502,80.064621,919339,74.961121
"303",80.129242,81.106621,79.620354,80.840065,2067584,75.687134
"304",80.630051,80.831985,79.773827,80.694672,1385322,75.551003
"305",81.163162,84.604202,80.856216,83.933762,6225035,78.583633
"306",84.184166,84.184166,82.657509,83.255249,3725513,77.948357
"307",82.390953,82.390953,79.822296,79.951538,3915423,74.85524
"308",80.242325,81.042,79.321487,79.44265,5064534,74.378792
"309",79.426491,80.848145,78.295639,80.621971,2353686,75.482918
"310",80.969307,80.969307,78.699516,79.248787,2545328,74.197273
"311",79.378029,79.418419,77.350563,77.714058,2024873,72.760384
"312",78.239098,79.911148,77.79483,79.337639,1953316,74.280472
"313",79.103394,79.361877,76.292404,77.439415,1402035,72.503235
"314",77.730209,78.085625,76.890144,77.940224,2290919,72.972137
"315",76.63166,78.578354,76.284332,78.457191,1778016,73.456146
"316",78.92569,79.668823,78.231018,78.909531,1379380,73.879646
"317",78.117935,78.336029,74.539581,75.274635,2222581,70.476463
"318",75.630051,76.502426,75.048462,75.121162,1685661,70.332756
"319",76.316643,77.116318,75.928917,76.365105,1752265,71.497406
"320",75.718903,76.373184,75.339256,75.56543,1093030,70.748726
"321",75.928917,76.332794,75.218094,75.678513,1767616,70.854584
"322",76.68013,76.704361,75.573509,75.815834,1495504,70.983162
"323",76.526657,76.655899,76.106621,76.171242,1303490,71.315903
"324",76.534737,76.938614,75.880455,75.928917,1641588,71.089035
"325",76.68821,77.988693,76.276253,77.536346,1992190,72.594002
"326",77.399033,78.691437,77.132469,77.544426,1783710,72.601547
"327",77.560585,77.915993,76.882065,77.560585,1631065,72.616692
"328",77.512115,77.520195,76.462036,76.833603,1732333,71.93605
"329",77.439415,78.117935,74.281097,74.709206,3198125,69.94706
"330",74.862679,77.019386,74.337639,76.68821,3606913,71.799911
"331",76.567047,76.728592,75.298866,76.033928,3721428,71.187347
"332",71.163162,78.384491,70.105011,77.011307,4488493,72.102417
"333",76.71244,77.23748,74.571892,74.878838,3977075,70.105888
"334",74.531502,74.814217,73.045235,74.192245,2095934,69.463051
"335",74.038773,74.636513,72.390953,72.512115,2507321,67.889999
"336",72.253632,72.673668,71.050079,72.310181,2270987,67.700951
"337",71.995155,74.44265,71.728592,73.91761,1889683,69.205933
"338",74.176086,75.290794,74.014542,74.765755,1524968,70.000008
"339",74.894989,75.840065,74.321487,75.718903,3137835,70.892395
"340",76,77.370003,75.739998,76.889999,4450700,71.988853
"341",76.889999,77.339996,76.32,76.68,1883500,71.792236
"342",76.339996,77.230003,76,77.129997,1730300,72.213554
"343",77.269997,78.82,77.269997,77.760002,2396400,72.803406
"344",77.370003,77.370003,76.599998,76.949997,1539900,72.045029
"345",77.400002,78.080002,77.019997,77.599998,1445900,72.653587
"346",77.599998,78.339996,77.029999,77.760002,1165900,72.803406
"347",77.68,79.559998,77.620003,79.019997,1775300,73.983086
"348",79.57,80.75,79.57,80.389999,1466500,75.265762
"349",80.57,80.660004,79.089996,79.110001,853400,74.067352
"350",78.68,79.989998,78.589996,79.75,1985300,74.666542
"351",79.360001,80.5,79.129997,80.230003,1359500,75.115944
"352",79.779999,80.190002,79,79.139999,1691000,74.095428
"353",78.410004,78.970001,77.379997,77.870003,1871700,72.90638
"354",78.279999,78.989998,77.779999,78.760002,1294300,74.187424
"355",78.720001,78.720001,76.669998,77.209999,1771100,72.727417
"356",78,78.43,77.540001,77.959999,1206000,73.433868
"357",78.440002,78.809998,77.620003,78.300003,1580900,73.754135
"358",78.32,78.769997,78,78.349998,1227100,73.801224
"359",78.580002,78.769997,78.230003,78.769997,1339800,74.196831
"360",78.970001,79.739998,78.540001,78.93,1577400,74.347557
"361",79,79.169998,78.470001,78.919998,923800,74.338135
"362",78.879997,79.480003,78.790001,79,718200,74.41349
"363",78.919998,79.110001,78.519997,78.629997,1066100,74.064972
"364",78.610001,78.730003,77.690002,77.790001,1184200,73.273735
"365",77.940002,78.290001,75.589996,76.059998,2985800,71.644173
"366",76.019997,76.879997,75.080002,76.82,2742600,72.360046
"367",75.989998,76.82,75.620003,76.489998,2003500,72.049217
"368",75.650002,75.690002,74.160004,74.43,1631800,70.10881
"369",74.629997,74.739998,73.080002,73.559998,1647900,69.28933
"370",73.379997,73.440002,71.919998,72.470001,1522400,68.262596
"371",73.440002,73.970001,72.889999,72.940002,2001900,68.705315
"372",72.57,73.400002,72.029999,73.080002,1537600,68.837189
"373",73.339996,73.419998,72.559998,72.760002,1367400,68.535767
"374",73.010002,74.150002,72.43,72.449997,1417400,68.243759
"375",72.550003,73.230003,71.709999,72.769997,1474100,68.545181
"376",73.269997,74.099998,73.089996,73.199997,1342100,68.950203
"377",72.330002,72.989998,71.839996,72.919998,1096500,68.686478
"378",73.300003,73.68,72.699997,73.230003,946200,68.978477
"379",73.580002,73.599998,72.190002,72.989998,1214600,68.752403
"380",72.849998,73.220001,72.349998,72.900002,912800,68.667633
"381",73.209999,74.599998,73.110001,74.470001,988500,70.146492
"382",74.620003,75.25,74.099998,74.660004,818700,70.325462
"383",73.589996,74.019997,73.190002,73.339996,799000,69.082092
"384",73.730003,74.269997,73.470001,73.889999,1139500,69.600151
"385",73.730003,75.059998,73.730003,74.910004,998600,70.560944
"386",74.910004,75.18,73.910004,74.099998,1459100,69.797974
"387",74,74.669998,73.610001,74.529999,1085900,70.203003
"388",74.669998,74.800003,73.730003,74.190002,2426500,69.882744
"389",77.690002,78.599998,75.540001,78.120003,4095600,73.584587
"390",77.739998,81.489998,77.589996,80.239998,4170500,75.581497
"391",79.610001,79.980003,77.809998,78.699997,3211800,74.130905
"392",79.110001,79.779999,78.739998,79.199997,2222200,74.601883
"393",79.019997,81.019997,78.839996,80.860001,1798100,76.165497
"394",81.120003,82.389999,81.120003,81.25,2332800,76.532852
"395",81.349998,81.690002,80.239998,80.860001,1760000,76.165497
"396",81.099998,82.110001,80.879997,81.010002,1725600,76.306801
"397",81.629997,83.169998,81.419998,82.980003,2858900,78.162437
"398",82.68,82.980003,81.120003,81.419998,1112700,76.693008
"399",80.599998,82.089996,80.300003,81.779999,1230400,77.032089
"400",82.120003,82.389999,81.489998,82.239998,862900,77.465378
"401",82.419998,82.889999,82.110001,82.660004,928100,77.861015
"402",83,83.769997,82.370003,83.089996,1259600,78.266037
"403",83.029999,83.519997,82.669998,83.080002,1011800,78.256622
"404",82.900002,83.389999,82.379997,82.419998,1203800,77.634926
"405",82.169998,82.32,81.190002,81.550003,837800,76.815453
"406",81.730003,82.279999,80.910004,81.5,1091200,76.768341
"407",81.730003,82.389999,81.669998,81.779999,932600,77.032089
"408",80.650002,82.510002,80.650002,82.349998,1537300,77.568993
"409",82.5,83.599998,82.489998,82.940002,1402300,78.124748
"410",82.980003,84.260002,82.589996,83.949997,1286400,79.076096
"411",84.209999,85.309998,84.209999,84.389999,1802200,79.490562
"412",84.379997,84.949997,84.110001,84.669998,1883400,79.754295
"413",84.419998,84.5,83.639999,83.919998,1922400,79.047852
"414",83.800003,84.290001,83.43,84,976800,79.123192
"415",84.129997,84.480003,83.959999,84.260002,636000,79.368118
"416",84.599998,85.519997,84.489998,85.089996,965600,80.149925
"417",85.410004,85.709999,84.910004,85.190002,1130000,80.24411
"418",85.400002,87.169998,85.169998,86.769997,1527600,81.732391
"419",85.639999,86.410004,85.120003,85.519997,1894300,81.003052
"420",85.669998,86.239998,85.150002,85.870003,1394100,81.334572
"421",85.599998,86.309998,85.309998,86.080002,1660800,81.53347
"422",85.959999,87.099998,85.870003,86.900002,1132100,82.310173
"423",86.900002,87.330002,86.010002,86.339996,1719500,81.779739
"424",84.989998,85.970001,84.260002,84.739998,1763500,80.264229
"425",85.5,86.279999,85.419998,85.529999,1290600,81.01252
"426",86.220001,88.599998,86.220001,87.25,2259000,82.64167
"427",87.5,88.18,86.82,87.760002,2029000,83.124748
"428",88.209999,88.709999,87.580002,88,2016400,83.352074
"429",87.970001,88.669998,87.589996,88.480003,1314300,83.806725
"430",88.690002,88.830002,88.230003,88.529999,920600,83.854073
"431",88.849998,89.629997,88.190002,88.790001,1600400,84.100349
"432",88.830002,89.620003,88.309998,88.410004,1455900,83.740425
"433",89.080002,89.959999,88.959999,89.360001,1575600,84.640228
"434",89.599998,90.260002,89.169998,89.300003,2867100,84.583405
"435",89.209999,89.239998,88.199997,88.510002,1273200,83.835121
"436",88.730003,89.449997,88.510002,88.809998,1757100,84.11927
"437",89.080002,89.980003,88.779999,88.839996,1788700,84.14769
"438",89.209999,89.480003,88.900002,88.980003,2057900,84.280304
"439",89.029999,89.660004,88.349998,88.529999,1517500,83.854073
"440",89.389999,89.610001,87.57,88.150002,1805300,83.494133
"441",88.080002,88.589996,87.959999,88.150002,1240500,83.494133
"442",88.400002,88.800003,87.889999,88.099998,1194000,83.446793
"443",88.07,88.330002,87.449997,88.160004,1083600,83.503632
"444",88.199997,88.669998,86.790001,87.43,1291100,82.812172
"445",86.989998,87.470001,86.440002,87.379997,869000,82.764824
"446",87.139999,87.139999,85.620003,85.660004,1475500,81.135658
"447",85.489998,85.489998,82.669998,82.760002,2214100,78.388824
"448",82.5,83.379997,81.129997,81.339996,2474300,77.043823
"449",82.889999,82.889999,80.970001,82.18,1998600,77.839462
"450",82.169998,82.830002,82.019997,82.029999,1209200,77.697395
"451",82.419998,83.330002,81.870003,83.239998,1769700,78.843475
"452",83.139999,83.139999,81.5,82.230003,1928000,77.886803
"453",81,84.980003,80.900002,83.489998,3268300,79.080269
"454",83.650002,83.709999,81.459999,82.410004,2154300,78.05732
"455",82.690002,83.169998,81.540001,82.760002,1601600,78.388824
"456",81.199997,83.18,80.720001,82.610001,1670500,78.246742
"457",82.779999,83.25,80.739998,80.860001,1402400,76.58918
"458",81.849998,82.309998,81.089996,81.720001,1190900,77.403778
"459",80.910004,82.790001,80.550003,82.059998,2155800,77.725807
"460",83.360001,83.629997,80.589996,81.599998,1889500,77.290092
"461",81.779999,83.25,81.599998,83.029999,1925300,78.644562
"462",83.919998,84.32,82.690002,82.839996,2425100,78.4646
"463",83.190002,83.949997,82.709999,83.400002,1695700,78.995033
"464",84.110001,84.980003,83.860001,84.57,1560800,80.103233
"465",84.739998,85.57,84.080002,84.760002,1104800,80.283203
"466",84.720001,85.980003,84.300003,85.82,1083400,81.287209
"467",86.419998,86.980003,85.580002,86.849998,1179300,82.26281
"468",86.779999,87.519997,86.5,86.769997,818800,82.187019
"469",86.540001,87.080002,85.449997,86.419998,1370900,81.855522
"470",86.43,86.440002,85.139999,85.290001,1309000,80.78521
"471",85.660004,86.519997,85.010002,85.32,1305100,80.813622
"472",85.889999,86.269997,84.25,84.75,1695900,80.273727
"473",84.269997,86.519997,83.599998,86.190002,1309100,81.63765
"474",86.160004,87.800003,85.93,87.620003,1458800,82.992149
"475",87.550003,88.040001,86.309998,86.540001,1096700,81.969185
"476",85.809998,86.120003,84.779999,84.790001,1420100,80.311607
"477",85.110001,85.690002,84.839996,85.019997,1258000,80.529465
"478",84.25,84.970001,83.330002,84.559998,322500,80.093765
"479",84.980003,85.629997,83.82,83.959999,1625200,79.525444
"480",83.739998,83.830002,82.849998,83.370003,1709100,78.966614
"481",83.669998,84.68,83.25,84.400002,1796100,79.942215
"482",84.050003,84.440002,83.209999,84.040001,1112900,80.056534
"483",84.199997,84.989998,83.949997,84.889999,1732700,80.866241
"484",86.099998,87.029999,85.440002,86.160004,2740000,82.076042
"485",86.059998,86.059998,83.419998,83.489998,1905400,79.532585
"486",82.5,82.5,79.099998,81.839996,2574700,77.960793
"487",82.32,82.720001,79.139999,79.5,1534700,75.731712
"488",79.379997,79.410004,76.830002,78.199997,1219000,74.493332
"489",79.419998,79.849998,77.730003,78.370003,1669600,74.655281
"490",79.620003,80.080002,78.279999,78.339996,1408100,74.626686
"491",78.510002,78.900002,77.610001,78.129997,1429300,74.426636
"492",77.410004,78.169998,76.059998,76.32,974300,72.702454
"493",75.959999,76.209999,73.93,74.330002,1274200,70.80677
"494",74.410004,75.419998,73.239998,73.949997,1390100,70.444771
"495",73.790001,74.879997,71.300003,71.699997,1419800,68.301422
"496",71.459999,71.540001,69.269997,70.059998,2267300,66.739166
"497",70.080002,71.830002,68.889999,68.989998,2880100,65.719872
"498",68.599998,68.970001,66.410004,66.529999,668700,63.376499
"499",67.269997,68.639999,65.830002,68.610001,1656500,65.357895
"500",67.580002,70.120003,67.120003,70.110001,1693100,66.786797
"501",70.290001,70.779999,69.43,69.800003,1243900,66.491501
"502",70.059998,71.220001,69.949997,70.949997,1678400,67.586967
"503",69.779999,71.57,69.089996,71.25,1486900,67.872765
"504",71.010002,71.050003,69.139999,69.790001,1171200,66.481972
"505",70.870003,73,70.610001,72.959999,1316100,69.501701
"506",73.239998,74.589996,72.330002,73.93,1446000,70.425735
"507",74.529999,75.629997,74.239998,75.559998,1125500,71.978462
"508",75.959999,76.849998,75.860001,76.349998,868100,72.73101
"509",76.75,77.580002,75.910004,77.480003,1130100,73.807465
"510",77.190002,78.080002,76.940002,77.860001,1291000,74.169456
"511",77.379997,78.419998,77.160004,78.059998,1091700,74.35997
"512",78.129997,78.5,77.650002,78.099998,579800,74.398071
"513",78.389999,78.730003,77.660004,77.730003,824200,74.045601
"514",77.410004,79.400002,77.410004,79.059998,878800,75.312561
"515",79.720001,81,79.300003,80.690002,1011200,76.865326
"516",79.879997,79.970001,78.639999,79.290001,809100,75.531677
"517",79.639999,80.150002,78.309998,78.82,911500,75.083931
"518",78.870003,79.419998,78.300003,79.18,1140100,75.42688
"519",80.150002,80.309998,79.43,79.480003,930400,75.712669
"520",78.559998,79.239998,77.949997,79.239998,1515300,75.484039
"521",85.470001,86.510002,82.519997,86.160004,2569200,82.076042
"522",87.110001,89.769997,86.25,88.82,2173100,84.60994
"523",88.839996,90.099998,87.580002,87.830002,2643900,83.66687
"524",88.150002,88.800003,87.400002,87.610001,1087200,83.457291
"525",87.160004,87.639999,86.919998,87.290001,1447200,83.152466
"526",87.129997,88.190002,87.129997,88.190002,1307800,84.009804
"527",88.059998,88.290001,87.720001,87.93,1037300,83.762138
"528",87.540001,87.830002,86.410004,86.919998,1570300,82.799988
"529",86.68,86.980003,86.129997,86.82,840400,82.70475
"530",86.940002,87.459999,86.57,87.389999,1840000,83.247734
"531",88.139999,90.459999,88.050003,90.010002,1570300,85.743561
"532",90.150002,90.779999,89.849998,90.099998,1742100,85.829277
"533",89.709999,90.629997,89.379997,90.07,1152400,85.800705
"534",90.790001,91.260002,90.550003,91.199997,1083000,86.877121
"535",90.769997,91.949997,90.559998,91.419998,1022300,87.0867
"536",91.639999,92.099998,91.040001,92.080002,1035300,87.715431
"537",91.660004,91.779999,91.040001,91.57,850600,87.229607
"538",91.970001,92.449997,91.440002,92.330002,814700,87.953575
"539",92.910004,93.199997,92.349998,92.459999,651600,88.077408
"540",92.040001,92.300003,91.169998,91.220001,866200,86.896194
"541",90.5,90.970001,89.959999,90.720001,926500,86.877029
"542",90.510002,90.809998,89.879997,90.529999,1000500,86.695084
"543",91.25,91.389999,90.379997,90.980003,784200,87.126022
"544",91.43,91.769997,90.389999,91.199997,931800,87.336708
"545",91.169998,91.529999,90.669998,90.720001,664600,86.877029
"546",90.839996,91.139999,90.57,90.959999,845300,87.106873
"547",91.050003,91.050003,89.599998,90.18,1017500,86.359909
"548",89.5,89.669998,88.709999,89.269997,1283000,85.488449
"549",89.220001,90.540001,89.089996,90.540001,700700,86.704666
"550",90.690002,90.720001,90.110001,90.440002,1074100,86.608879
"551",90.25,91.629997,90.059998,91.400002,947800,87.528229
"552",91.389999,91.389999,90.470001,90.720001,1203700,86.877029
"553",90.720001,91.220001,90.279999,90.690002,1211200,86.848312
"554",90.919998,92.610001,90.629997,92.529999,835400,88.610359
"555",93.050003,93.620003,91.93,92.449997,1098600,88.53376
"556",92.25,92.510002,91.129997,91.339996,1007600,87.470772
"557",91.279999,92.769997,91.209999,92.459999,563900,88.543327
"558",92.099998,92.139999,90.269997,90.300003,688800,86.474838
"559",90.480003,91.379997,90.370003,91.139999,920200,87.279259
"560",91.970001,92.589996,91.510002,92.089996,992900,88.189003
"561",92.209999,92.43,91.230003,92.25,1064400,88.342224
"562",92.540001,93.540001,92.360001,93.510002,742800,89.548859
"563",94.110001,94.57,93.360001,93.800003,888100,89.826561
"564",94.93,95.980003,94.559998,95.959999,936800,91.895073
"565",96.050003,96.290001,95.360001,95.870003,640900,91.808876
"566",96.339996,96.75,95.830002,96.010002,869900,91.942955
"567",96.150002,96.980003,96,96.879997,525500,92.776093
"568",97.029999,97.650002,96.199997,96.540001,1004400,92.450485
"569",96.040001,96.730003,95.699997,96.68,695800,92.584572
"570",96.400002,96.400002,94.669998,94.879997,800500,90.860809
"571",94.830002,95.199997,94.349998,95.18,835300,91.148109
"572",95.080002,96.019997,94.919998,95.809998,944200,91.751411
"573",96.480003,97.129997,96.059998,97.129997,711400,93.015511
"574",96.809998,96.989998,96.290001,96.790001,706900,92.689919
"575",96.970001,97.559998,96.580002,97.489998,779500,93.360252
"576",97.919998,98.019997,96.589996,96.800003,944900,92.699486
"577",97.400002,98.800003,94.739998,97.779999,1615000,93.637962
"578",96.339996,97.07,95.779999,96.349998,1071200,92.268539
"579",96.82,97.82,96.18,97.589996,1568800,93.456009
"580",97.769997,97.790001,97.160004,97.260002,832500,93.139992
"581",96.610001,97.050003,95.540001,96.220001,1367900,92.144058
"582",96.339996,97.209999,96.269997,97.029999,755600,92.919746
"583",97.879997,98.480003,97.239998,97.75,930000,93.609238
"584",97.900002,98.480003,97.050003,98.040001,2291800,93.886955
"585",98.150002,98.550003,96.989998,97.330002,812700,93.207039
"586",97.089996,98.019997,96.449997,97.879997,914600,93.733727
"587",98.599998,99.459999,98.339996,99.370003,974300,95.160614
"588",97.629997,98.190002,96.959999,97.919998,1018900,93.772026
"589",96.82,97.470001,95.889999,97.239998,1358400,93.12085
"590",97.120003,98.110001,96.43,96.839996,1206300,92.737785
"591",95.919998,96.480003,94.849998,96.239998,753900,92.163208
"592",95.75,97.300003,94.650002,96.809998,1081700,92.709061
"593",94.959999,95.449997,93.709999,94.480003,1094300,90.47776
"594",94.599998,96.269997,94.599998,96.089996,1087700,92.019562
"595",95.239998,96.779999,94.650002,96.220001,1030400,92.144058
"596",96.699997,96.839996,96.18,96.43,670500,92.345154
"597",95.239998,96.110001,94.419998,94.449997,722800,90.449028
"598",94.050003,94.650002,93.540001,94.349998,670100,90.353264
"599",94.809998,95.480003,94.599998,95.190002,733600,91.157692
"600",94.720001,94.720001,92.800003,93.040001,1102300,89.098763
"601",91.900002,91.970001,90.440002,91.07,838600,87.212219
"602",91.839996,91.839996,90.519997,90.900002,571600,87.049416
"603",91.110001,91.110001,89.910004,89.989998,844300,86.177963
"604",89.370003,90.449997,88.75,90.360001,1241600,86.532288
"605",90.050003,90.910004,89.879997,90.330002,554000,86.965523
"606",89.260002,90.629997,89.169998,89.410004,1260900,86.079788
"607",89.650002,91.949997,89.589996,91.25,1497900,87.851257
"608",92.209999,94.139999,92.150002,94.120003,967800,90.614365
"609",94.449997,95.529999,94,95.419998,763400,91.865936
"610",95.32,95.650002,94.43,94.709999,906600,91.182381
"611",95.349998,96.32,94.970001,96.050003,513400,92.472473
"612",96.779999,97.120003,96.459999,96.589996,545100,92.992371
"613",97.669998,98.440002,96.25,96.370003,756900,92.780563
"614",96.379997,96.75,95.870003,96.540001,433500,92.944214
"615",96.980003,97.269997,96.139999,96.779999,874600,93.175262
"616",96.440002,96.989998,95.32,96.07,432700,92.49173
"617",96.010002,96.330002,95.379997,95.410004,429900,91.856316
"618",96.010002,97.029999,95.849998,96.360001,642700,92.770935
"619",96.529999,97.32,95.709999,96.940002,609200,93.329338
"620",98,98.489998,96.959999,98.050003,954700,94.39798
"621",98.129997,98.260002,97.089996,97.220001,1344000,93.598892
"622",97.5,98.290001,96.870003,97.949997,656000,94.301704
"623",97.970001,98.669998,97.519997,98.610001,709200,94.937126
"624",98.650002,99.120003,98.089996,98.349998,596300,94.686806
"625",98.550003,98.620003,97.690002,98.540001,788200,94.869728
"626",98.800003,100.43,98.589996,100.199997,1917000,96.467896
"627",101.300003,102.690002,100.599998,102.339996,1569900,98.528206
"628",102.489998,103.190002,101.830002,102.190002,1508200,98.383781
"629",102.339996,103.470001,102.230003,103.389999,643500,99.53907
"630",102.57,103.089996,101.5,102.739998,1019100,98.9133
"631",102.5,102.5,100.75,101.260002,731600,97.488419
"632",100.440002,100.779999,100.040001,100.389999,1003300,96.650826
"633",101.080002,101.169998,98.5,98.540001,993300,94.869728
"634",98.589996,98.940002,96.720001,97.629997,1140400,93.993622
"635",98.019997,100.089996,97.970001,100.059998,854900,96.333122
"636",99.970001,100.099998,99,99.339996,644300,95.639938
"637",99.019997,99.809998,98.629997,99.32,651700,95.620682
"638",99.080002,99.080002,95.269997,95.459999,1346000,91.904442
"639",94.980003,98.480003,93.760002,97.220001,1961900,93.598892
"640",97.879997,99.129997,97.730003,98.120003,1184400,94.46537
"641",98.129997,98.669998,96.809998,97.199997,1277800,93.579643
"642",97.839996,98.220001,96.540001,98.110001,1318500,94.45575
"643",97.099998,98.029999,96.290001,97.709999,1047600,94.070641
"644",97.809998,98.93,96.75,98.779999,1179800,95.1008
"645",98.379997,98.970001,98,98.209999,631600,94.552017
"646",98.349998,98.349998,96.699997,96.769997,557300,93.165665
"647",95.07,97.889999,95.07,97.889999,624500,94.243935
"648",97.690002,97.970001,95.940002,96.849998,913500,93.242676
"649",96.660004,96.989998,94.129997,94.389999,1113800,90.874298
"650",94.540001,95.080002,92.580002,92.75,879700,89.295387
"651",91.330002,91.389999,89.25,89.900002,1108500,86.551552
"652",90.459999,91.339996,89.760002,91,789300,87.61058
"653",89.720001,90.739998,88.910004,90.489998,926600,87.119568
"654",91.209999,92.900002,90.870003,92.419998,958000,88.977684
"655",92.370003,93.010002,91.660004,92.190002,834700,88.756256
"656",91.739998,91.860001,90.010002,90.160004,562600,86.801865
"657",89.669998,92.959999,89.459999,91.279999,556100,87.880135
"658",89.730003,90.269997,88.160004,88.290001,967400,85.001495
"659",88.370003,89.099998,87.889999,89,653800,85.685066
"660",89.519997,91.260002,89.389999,90.720001,595000,87.340996
"661",91.849998,91.849998,90.989998,91.239998,884900,87.841637
"662",90.970001,91.639999,90.260002,91.300003,629200,87.899399
"663",92.449997,92.769997,91.239998,91.68,697100,88.265244
"664",92.080002,92.43,90.5,90.93,736700,87.543182
"665",90.43,90.620003,87.709999,88.099998,727500,84.818588
"666",89.110001,89.489998,87.07,88.639999,603000,85.33847
"667",89.419998,89.589996,88.279999,88.93,871600,85.617676
"668",88.540001,90.839996,88.410004,90.779999,653500,87.398758
"669",91.410004,92.589996,91.360001,92.25,970200,89.296005
"670",93.120003,93.959999,92.82,93.739998,1058900,90.738297
"671",92.730003,93.080002,91.449997,92.510002,974300,89.547691
"672",93.400002,93.709999,92.790001,93.25,820400,90.263985
"673",94.209999,96.389999,94.209999,96.129997,880500,93.051765
"674",96.300003,96.75,94.860001,95.139999,1106000,92.093452
"675",95.879997,95.879997,94.739998,95.529999,1114800,92.47097
"676",95.459999,97.07,94.75,97.050003,952100,93.942291
"677",97.800003,99.239998,96.75,99.209999,904600,96.033134
"678",99.260002,99.839996,98.489998,99.669998,767000,96.478394
"679",100.150002,101.379997,99.620003,99.669998,812400,96.478394
"680",99.050003,99.93,99,99.25,378700,96.071854
"681",98.860001,98.980003,97.93,98.720001,678900,95.55883
"682",98.190002,99.370003,97.900002,99.309998,749000,96.129936
"683",99.209999,100,98.970001,98.970001,584000,95.800812
"684",99.5,99.720001,98.559998,98.910004,960500,95.742744
"685",98.040001,99.239998,97.800003,98.650002,531900,95.491058
"686",98.980003,99.830002,98.220001,98.5,945100,95.345871
"687",98.440002,99.720001,98.440002,99.470001,528400,96.284813
"688",99.339996,99.870003,98.970001,99.519997,499000,96.333206
"689",100.099998,100.480003,99.059998,100.129997,578100,96.92366
"690",100.290001,100.610001,99.300003,99.559998,685200,96.371918
"691",100.029999,100.339996,95.919998,96.269997,681500,93.187286
"692",95.190002,95.419998,93.449997,94.089996,989600,91.077087
"693",94.010002,94.699997,92.370003,94.57,675500,91.54171
"694",94.779999,95.099998,93.730003,95,889400,91.957939
"695",94.559998,95.599998,93.919998,94.639999,551700,91.609467
"696",93.550003,93.550003,91.989998,91.989998,609400,89.044327
"697",93.190002,94.040001,92.43,93.379997,771900,90.389816
"698",93.459999,95.480003,93.459999,94.919998,721500,91.880501
"699",95.980003,98.599998,95.980003,97.360001,805600,94.242386
"700",96.779999,97.040001,95.449997,95.910004,781500,92.838806
"701",94.860001,96.43,94.290001,95.980003,1394200,92.906563
"702",95.970001,96.620003,95.5,95.82,1060600,92.751678
"703",102.989998,104.440002,99.059998,101.379997,2302100,98.133636
"704",101.510002,103.190002,101.059998,102.220001,1849500,98.946747
"705",102.690002,103.940002,102.57,103.489998,1327100,100.176079
"706",103.730003,104.57,103.120003,104.120003,879500,100.785912
"707",103.830002,104.040001,102.669998,103.290001,832900,99.982483
"708",103.529999,103.910004,102.550003,103.110001,536200,99.808258
"709",103.18,104.760002,102.870003,103.650002,732300,100.330956
"710",104.199997,104.949997,103.480003,104.209999,835900,100.873016
"711",103.599998,105.330002,103.599998,105.040001,995400,101.676453
"712",104.769997,104.769997,103.129997,103.940002,865800,100.611679
"713",103.769997,103.900002,102.769997,103.889999,1134300,100.563263
"714",104.879997,106.660004,104.339996,106.629997,909500,103.215523
"715",107.639999,109.459999,107.269997,109.360001,1183900,105.858109
"716",109.029999,110.129997,109.029999,109.5,1063000,105.993629
"717",109.459999,109.610001,108.470001,109.459999,759200,105.954926
"718",110,110.809998,109,109.129997,1031300,105.635475
"719",108.949997,109.470001,108.330002,109.349998,596200,105.848434
"720",109,110,108.5,109.949997,611900,106.429207
"721",109.849998,110.510002,109.480003,110.010002,991600,106.487297
"722",108.889999,109.720001,108.510002,109.139999,915000,105.645157
"723",108.879997,109.489998,108.699997,108.709999,769200,105.228928
"724",109.610001,109.849998,109.050003,109.470001,525600,105.964584
"725",108.839996,109.389999,108.839996,109.080002,526300,105.587082
"726",109.230003,109.550003,108.709999,109.099998,992600,105.606445
"727",108.980003,109.150002,107.949997,108.57,628600,105.093399
"728",108.529999,109.5,108.019997,109.099998,737200,105.606445
"729",109.620003,109.970001,108.889999,109.480003,571500,105.974266
"730",110,112.199997,109.68,111.949997,1113100,108.365173
"731",112.309998,112.519997,110.989998,112.480003,1481100,108.878204
"732",111.989998,112.440002,111.230003,112.099998,1608000,108.985146
"733",111.879997,111.959999,111.080002,111.480003,571700,108.382385
"734",111.650002,112.18,110.139999,110.309998,909500,107.244881
"735",108.910004,109.410004,107.970001,109.029999,728800,106.00045
"736",110.269997,111.099998,109.959999,110.419998,1136000,107.351822
"737",110.519997,111.5,110.32,111.330002,632400,108.236542
"738",112.279999,113.440002,112.279999,112.589996,811300,109.461533
"739",112.400002,112.949997,111.949997,112.5,595700,109.374031
"740",112.25,113.510002,111.669998,112.860001,820100,109.72403
"741",113.330002,113.57,112.730003,113.169998,757600,110.025421
"742",113.57,115.129997,113.150002,114.480003,1071700,111.299026
"743",114.059998,114.980003,113.339996,113.650002,776200,110.492081
"744",114.620003,115.260002,113.019997,113.129997,689400,109.986519
"745",113.330002,114.349998,113.309998,114.260002,585900,111.085136
"746",114.440002,114.510002,113.150002,113.599998,941300,110.443466
"747",113.709999,114.150002,113.129997,113.470001,701500,110.317078
"748",114.330002,115.059998,113.739998,114.989998,1172000,111.794846
"749",115.160004,116,114.339996,115.849998,761100,112.630943
"750",115.919998,115.93,114.599998,115.260002,193900,112.057343
"751",115.419998,115.82,114.809998,115.800003,251800,112.582336
"752",116.010002,116.110001,115.230003,115.470001,363000,112.261505
"753",115.669998,115.919998,115,115.239998,311900,112.037888
"754",115.019997,115.769997,114.629997,115.260002,479500,112.057343
"755",116.150002,116.870003,115.610001,116.870003,937500,113.622612
"756",115.120003,115.919998,114.629997,115.779999,587400,112.562897
"757",114.699997,115.849998,114.510002,115.790001,754200,112.572617
"758",114.93,116.419998,114.580002,116.110001,810700,112.883736
"759",115.919998,116.589996,115.32,116.379997,848400,113.146217
"760",116.790001,117.129997,115.940002,117.120003,643700,113.865662
"761",117.269997,117.269997,115.379997,115.769997,623700,112.553169
"762",116.029999,117.239998,115.910004,117.129997,672800,113.875381
"763",117.269997,117.809998,116.650002,117.120003,790000,113.865662
"764",116.769997,118.330002,116.769997,117.610001,807700,114.342049
"765",118.379997,119.620003,117.580002,119.599998,650200,116.276749
"766",119.949997,120.040001,119.110001,119.529999,634300,116.208702
"767",118.75,119.080002,117.32,117.959999,584900,114.68232
"768",118.339996,118.900002,117.660004,117.870003,526800,114.594833
"769",117.349998,118.809998,116.769997,118.650002,729500,115.353157
"770",118.860001,118.860001,116.699997,117.110001,626800,113.855934
"771",114.75,116.459999,113.720001,115.43,909500,112.222618
"772",116,117.010002,115.389999,116.449997,1024300,113.214272
"773",117.029999,117.419998,116.230003,116.379997,980200,113.146217
"774",116.690002,120.199997,116.5,118.919998,1212800,115.615646
"775",117.93,118.150002,113.449997,113.849998,2545100,110.686523
"776",114.610001,115.699997,113.32,113.68,1516200,110.52124
"777",115.290001,117.650002,115.290001,116.459999,1002700,113.224014
"778",117.839996,119.290001,117.529999,119.209999,826000,115.897583
"779",119.449997,119.470001,117.809998,118.230003,747900,114.944824
"780",117.339996,118.269997,116.910004,117.309998,1050500,114.050392
"781",116.940002,118.400002,116.809998,118.220001,689000,114.935097
"782",119,119.860001,118.449997,118.989998,818500,115.683693
"783",119.849998,120.07,118.68,119.849998,544200,116.519798
"784",119,119.879997,118.360001,119.559998,581700,116.237854
"785",119.709999,120.120003,118.709999,119.860001,643300,116.529526
"786",119.169998,120.260002,118.919998,119.919998,691600,116.587852
"787",120.160004,120.260002,117.150002,117.25,1021300,113.99205
"788",116.919998,119.5,116.330002,119.019997,684200,115.71286
"789",118.239998,119.510002,117.709999,119.440002,661900,116.121193
"790",115.550003,116.620003,114.199997,114.949997,820400,111.755951
"791",115.449997,115.449997,109.949997,110.059998,1234700,107.001831
"792",111.169998,111.790001,108.260002,108.300003,1468400,105.290749
"793",106.169998,109.959999,105.029999,105.239998,1439900,102.780777
"794",101.440002,103.339996,99.599998,102.739998,1877500,100.339211
"795",103.379997,107.769997,102.080002,107.400002,1418200,104.890327
"796",107.43,110.900002,104.529999,105.720001,1231200,103.249573
"797",107.529999,111,106.440002,110.699997,936700,108.113197
"798",107.07,109.360001,105.139999,105.779999,1056700,103.308167
"799",102.239998,104.730003,99.410004,101.489998,1806000,99.118416
"800",93.910004,95.309998,92.260002,93.75,2094900,91.559296
"801",96.879997,100.559998,94.160004,100.529999,1166300,98.180847
"802",97.300003,99.230003,94.760002,95.550003,1460000,93.317223
"803",88.870003,91.279999,84.379997,85.580002,2255200,83.5802
"804",90.910004,91,84.82,90.75,1438500,88.629379
"805",80,80.809998,72.150002,75.949997,2415500,74.175224
"806",77.779999,82.360001,73.879997,81.129997,1866500,79.234184
"807",75.559998,77.080002,67.360001,69.860001,1710000,68.227547
"808",69.010002,73.589996,66.260002,70.800003,1329700,69.145576
"809",71.790001,75.230003,65.900002,66.129997,2333900,64.584694
"810",65.739998,67.519997,62.950001,65.370003,1788800,63.842461
"811",69.550003,74.830002,68.830002,74.739998,1849300,72.9935
"812",75.43,84.830002,74.849998,80.589996,2582400,78.706802
"813",82.360001,84.610001,78.279999,84.610001,1427200,82.632866
"814",84.660004,84.660004,78.580002,81.949997,1123300,80.035027
"815",81.25,86.120003,81.010002,85.639999,1240800,83.638794
"816",84.489998,88.080002,83.040001,83.940002,2057600,81.978523
"817",79.57,80.519997,77.080002,79.980003,1218900,78.111061
"818",79.690002,82.239998,78.010002,80.599998,1407800,78.71656
"819",79.949997,81.230003,76.830002,77.360001,1206700,75.552284
"820",81.75,85.699997,81.419998,84.730003,1351500,82.750061
"821",88.959999,89.940002,85.07,85.510002,1488500,83.511833
"822",86.379997,90.050003,85.290001,89.599998,863000,87.506264
"823",90.440002,93.099998,88.480003,89.410004,1335500,87.320702
"824",90.300003,90.5,84.830002,86.370003,1062300,84.351746
"825",88.43,89.029999,86.459999,87.709999,1305200,85.660431
"826",85.050003,85.739998,81.510002,84.389999,924700,82.418007
"827",83.699997,84.550003,81.860001,84.150002,960300,82.183624
"828",86.290001,89.07,86.290001,88.489998,887400,86.422203
"829",84.650002,87.330002,83.900002,85.970001,1121600,83.961082
"830",86.599998,89.419998,83.730003,84.510002,1757600,82.53521
"831",86.809998,87.980003,85.410004,86.32,1396000,84.302917
"832",87.220001,89.260002,86.699997,88.010002,835200,85.953423
"833",88.849998,91.470001,87.239998,90.970001,1080000,88.844254
"834",91.400002,93.690002,91.300003,93.190002,892100,91.012375
"835",95,95.839996,93.860001,94.910004,818000,92.692184
"836",97.68,97.870003,95.900002,96.309998,859400,94.059464
"837",94.580002,94.580002,92.360001,93.650002,1662100,91.461624
"838",92.029999,92.57,90.349998,91.470001,879000,89.332558
"839",90.010002,91.110001,89.150002,90.639999,897900,88.521957
"840",91.980003,93.599998,91.629997,91.889999,1022400,89.742752
"841",91.879997,92.150002,90.220001,90.370003,519900,88.25827
"842",91.739998,92.529999,90.620003,91.07,605400,88.941917
"843",92.879997,93.5,91.32,92.230003,588200,90.074806
"844",90.779999,91.400002,89.639999,90.720001,730600,88.60009
"845",91.190002,91.730003,86.709999,86.739998,696700,84.713097
"846",86.449997,86.580002,82.669998,83.410004,778700,81.460907
"847",81.959999,85.790001,79.870003,85.489998,852900,83.492302
"848",84.82,85.760002,84.099998,84.940002,949800,82.955162
"849",88.93,91.360001,88.260002,90.519997,1247900,88.404747
"850",90.120003,91.379997,88.800003,89.559998,723100,87.467186
"851",91.190002,92.5,90.800003,91.040001,496300,88.912621
"852",90.620003,91.769997,90.540001,90.839996,538800,88.717278
"853",91.040001,91.040001,89.129997,89.769997,866200,87.672287
"854",92.830002,95.849998,92.300003,94.790001,969000,92.574974
"855",97.139999,97.879997,95.540001,97.269997,781800,94.997017
"856",98,98.07,95.889999,97.029999,1468900,95.242432
"857",96.239998,97.599998,95.440002,97.25,1203900,95.458382
"858",97.440002,98.559998,96.879997,97.75,738800,95.949165
"859",98.690002,99.709999,97.919998,99.25,850700,97.421532
"860",102.879997,104.309998,101.410004,103.470001,968000,101.563789
"861",101.690002,104.040001,101.43,103.519997,889000,101.612862
"862",107.82,109.529999,106.519997,107.599998,819900,105.617699
"863",107.690002,109.459999,107.550003,108.970001,825000,106.962456
"864",106.949997,107.839996,105.519997,106.669998,747400,104.704834
"865",106.400002,106.510002,102.870003,102.879997,703700,100.98465
"866",99.419998,99.860001,96.089996,96.199997,784700,94.427711
"867",100.099998,100.099998,94,96.610001,1077100,94.830177
"868",93.330002,97.889999,93.019997,97.360001,1059900,95.566338
"869",101.779999,101.790001,96.040001,98.43,987700,96.616646
"870",98.959999,99.18,97.410004,97.739998,889900,95.939339
"871",96.720001,98.519997,96.129997,97.349998,762100,95.556526
"872",99.150002,99.160004,94.870003,94.900002,1813400,93.151665
"873",94.75,95.839996,93.269997,95.199997,913200,93.446136
"874",96.730003,96.800003,94.519997,94.800003,781500,93.053513
"875",93.739998,93.769997,90.839996,91.889999,983500,90.197121
"876",91.43,92.43,90.029999,92.290001,828100,90.589752
"877",91.800003,92.879997,91.559998,92.639999,2090700,90.933304
"878",93.529999,95.089996,93.019997,94.57,601800,92.827759
"879",94.059998,97.290001,93.889999,96.559998,809300,94.78109
"880",96.870003,97.110001,94.769997,95.599998,628800,93.838776
"881",96.980003,99.080002,96.830002,97.419998,852600,95.625237
"882",99.230003,99.760002,97.809998,98.529999,525300,96.71479
"883",97.669998,98.150002,96.599998,96.830002,782800,95.046112
"884",96.970001,97.43,95.849998,96.910004,645800,95.124641
"885",97.029999,97.029999,94.199997,94.860001,538100,93.112404
"886",95.139999,95.669998,94.360001,95.150002,491700,93.397072
"887",96.459999,98.32,95.709999,96.510002,748400,94.73201
"888",96.519997,98.730003,95.879997,98.639999,1140800,96.822762
"889",100.449997,102.5,99.059998,102.18,999600,100.297554
"890",101.720001,103.470001,101.290001,102.370003,673800,100.484062
"891",103.919998,104.57,102.989998,103.580002,816600,101.671761
"892",102.790001,103.970001,101.910004,102.540001,650200,100.650917
"893",103.470001,104.470001,102.720001,103.489998,1012400,101.583412
"894",104.550003,107.989998,104.040001,105.190002,1480500,103.252098
"895",105.400002,106.839996,104.519997,105.75,712500,103.801781
"896",105.82,106.18,105.059998,105.510002,1064500,103.5662
"897",105.199997,106.43,104.82,106.25,642200,104.292572
"898",105.650002,106.099998,104.589996,104.769997,662900,102.839828
"899",105.379997,107.139999,105.190002,106.879997,634800,104.910965
"900",105.480003,105.5,103.720001,104.540001,521900,102.614075
"901",103.730003,104.059998,101.540001,102.93,1658300,101.033722
"902",103.339996,104.389999,102.709999,103.139999,755300,101.239868
"903",102.629997,103.650002,102.480003,103.330002,765700,101.426369
"904",104.139999,105.470001,103.970001,104.75,651100,102.820206
"905",104.559998,105.290001,104.050003,105.239998,459800,103.301163
"906",105.379997,108.099998,105.379997,108.029999,883400,106.03978
"907",108.360001,110.940002,108.360001,110.5,1042500,108.464272
"908",111,113.32,111,112.360001,984200,110.290009
"909",112.949997,113.220001,111.860001,112.57,652700,110.496147
"910",111.809998,112.540001,111.18,112.099998,556800,110.03479
"911",111.440002,112.610001,110.830002,111.519997,722700,109.465477
"912",111.699997,112.43,110.860001,111.889999,686700,109.828667
"913",111.919998,112.18,110.900002,111.050003,529800,109.004143
"914",111.550003,112,110.339996,110.720001,368900,108.680214
"915",109.370003,110.199997,108.980003,109.989998,652900,107.963669
"916",110.089996,110.830002,108.830002,109.940002,644900,107.914581
"917",110.330002,111.050003,109.879997,111.029999,617200,108.984497
"918",111.489998,111.889999,110.43,111.230003,537500,109.180817
"919",110.860001,111.959999,110.209999,111.480003,468900,109.426224
"920",112.169998,112.449997,111.040001,111.519997,454600,109.465477
"921",111.160004,111.669998,110.230003,111.379997,398500,109.815491
"922",111,111.169998,109.410004,109.839996,699500,108.297119
"923",109.330002,111.540001,108.860001,111.419998,493100,109.854927
"924",111.650002,113.949997,110.839996,113.400002,651600,111.807121
"925",113.089996,113.809998,108.57,109.75,575500,108.208382
"926",111.239998,111.290001,108.589996,109.620003,603400,108.080208
"927",108.790001,110.010002,107.550003,108.139999,740500,106.621002
"928",109.18,112.57,108.860001,111.510002,797100,109.943672
"929",111.519997,112.510002,110.809998,110.879997,1026300,109.32251
"930",111.110001,113.379997,111.07,112.800003,562000,111.215546
"931",113.800003,114.540001,112.910004,113.690002,716400,112.093048
"932",114,114.830002,113.220001,113.980003,668100,112.378983
"933",114.760002,116.370003,113.68,115.339996,558500,113.719864
"934",113.940002,115.839996,112.910004,115.379997,694200,113.7593
"935",115.360001,116.139999,112.099998,112.599998,1069500,111.018356
"936",110.57,110.75,105.940002,107.449997,744900,105.940697
"937",107.129997,107.760002,106.190002,107.559998,1008800,106.049149
"938",107.669998,109.230003,106.650002,106.949997,1803500,105.447708
"939",106.949997,108.900002,105.790001,107.139999,665100,105.635048
"940",106.349998,109.110001,106.059998,108.5,630700,106.975952
"941",110.419998,110.760002,108.639999,108.779999,762800,107.252007
"942",108.839996,109.099998,107.610001,108.239998,504200,106.719597
"943",108.860001,110.309998,107.260002,108.339996,894700,106.818192
"944",109,109.610001,106.300003,107.139999,623100,105.635048
"945",105.510002,111.120003,105.400002,110.050003,812100,108.504181
"946",111.290001,112.589996,110.699997,111.330002,522300,109.76619
"947",111.529999,112.669998,109.900002,110.089996,437500,108.54361
"948",111.470001,113.050003,110.879997,111.699997,522400,110.130989
"949",112.370003,112.970001,111.019997,112.93,444600,111.343719
"950",113.809998,114.290001,112.309998,113.080002,500200,111.491615
"951",113.889999,114.5,113.139999,113.970001,610000,112.36911
"952",113.75,114.529999,111.93,112.43,475400,110.850739
"953",112.949997,114.669998,112.949997,113.620003,564800,112.024025
"954",112.059998,114.209999,111.82,113.900002,404800,112.300095
"955",114.410004,115.419998,113.910004,114.07,650300,112.467705
"956",114.550003,115.989998,112.449997,112.769997,686100,111.185966
"957",113.080002,116.68,112.620003,114.239998,1043300,112.635323
"958",113.949997,115.379997,113.669998,113.730003,687900,112.132484
"959",114.410004,115.779999,114.059998,115.239998,528400,113.621269
"960",116.209999,116.529999,115.199997,116.269997,532500,114.636803
"961",114.889999,114.959999,112.339996,113.82,584900,112.221222
"962",113.980003,114.230003,111.5,111.550003,671400,109.983101
"963",109.230003,110.790001,108.5,109.290001,1303200,107.754852
"964",108.419998,111.080002,108,110.089996,794800,108.54361
"965",109.830002,111.169998,109.449997,110.709999,991300,109.154892
"966",112.610001,115.129997,112.410004,114.870003,654800,113.256477
"967",116.580002,118.160004,116.059998,117.160004,624600,115.514305
"968",116.239998,117.260002,113.089996,114.07,685700,112.467705
"969",115.68,119.029999,115.68,117.370003,539600,115.721352
"970",117.959999,118.199997,113.860001,116.419998,858300,114.784698
"971",121.389999,127.389999,119.599998,119.720001,1014100,118.038345
"972",120.309998,122.599998,119.580002,119.809998,1689000,118.127075
"973",120.559998,121.290001,118.139999,120.870003,804800,119.172188
"974",120.400002,121.089996,118.980003,120,581600,118.314407
"975",120.980003,122.919998,119.980003,122.279999,639600,120.562378
"976",124.559998,125.889999,122.309998,125.800003,944000,124.032944
"977",124.949997,125.870003,122.82,125.410004,600400,123.648422
"978",125.970001,126.860001,124.360001,124.360001,750100,122.613167
"979",123.739998,125,123.010002,124.68,473300,122.928665
"980",124.690002,125.18,122.910004,123.480003,537300,121.745537
"981",122.75,124.68,122.75,123.43,790800,121.69622
"982",124.269997,127.040001,124.120003,126.339996,797300,124.565353
"983",125.57,126.029999,123.199997,124.120003,1412900,122.376541
"984",124.029999,124.599998,123.480003,123.879997,256600,122.62896
"985",122.870003,123.300003,121.029999,122.029999,1025100,120.797646
"986",123.610001,124.900002,122.529999,122.639999,741800,121.401489
"987",122.160004,123.400002,121.559998,122.290001,981000,121.055016
"988",122.580002,123.379997,120.93,121.139999,691500,119.916634
"989",121.919998,123.650002,121.730003,123.540001,1520400,122.292397
"990",123.269997,123.300003,121.519997,122.239998,1062600,121.005524
"991",121.360001,122.830002,121.099998,121.93,875800,120.698654
"992",122.230003,123.540001,121.610001,123.239998,604400,121.995422
"993",123.059998,123.099998,120.120003,121.370003,658500,120.144318
"994",120.519997,121.919998,120.419998,121.370003,663800,120.144318
"995",122.699997,122.900002,119.989998,120.129997,525600,118.916824
"996",121.309998,122.300003,120.040001,121.839996,536300,120.609558
"997",122.379997,122.510002,120.730003,120.870003,503200,119.649361
"998",121.529999,123.93,120.5,123.760002,918500,122.510178
"999",123.739998,125.690002,122.5,123.860001,1690400,122.609169
"1000",121.099998,124.629997,121.040001,123.870003,609400,122.619072
"1001",123.980003,124.709999,123.089996,123.440002,654000,122.193413
"1002",124.260002,125.360001,123.629997,123.639999,1218800,122.391388
"1003",123.720001,124.07,122.690002,124.019997,178300,122.767548
"1004",125.870003,126.199997,124.209999,124.279999,485200,123.024918
"1005",124.669998,125.620003,122.449997,123.510002,626800,122.262695
"1006",123.550003,125.279999,123.550003,124.43,458100,123.173409
"1007",124.400002,126.440002,123.720001,126.25,556800,124.975037
