"","EL.Open","EL.High","EL.Low","EL.Close","EL.Volume","EL.Adjusted"
"1",77.260002,77.970001,76.93,77.330002,2075900,73.78833
"2",77.529999,78.989998,77.5,78.699997,1550500,75.095604
"3",78.190002,78.690002,77.559998,78.599998,1587500,75.000183
"4",78.639999,79.5,78.300003,79.160004,1634600,75.534515
"5",78.800003,79,78.110001,78.239998,1397200,74.656662
"6",78.400002,78.400002,77.230003,77.349998,2472400,73.807426
"7",76.629997,78.360001,76.339996,78.330002,2787800,74.742546
"8",78.739998,79.849998,78.099998,79.139999,3338600,75.515457
"9",78.980003,79.57,78.620003,78.790001,1933200,75.181465
"10",79.349998,80.339996,79.25,79.849998,2253300,76.192932
"11",79.989998,80.43,79.220001,79.269997,1615900,75.639481
"12",79.230003,79.32,78.360001,78.889999,1720300,75.276894
"13",78.989998,79.790001,78.709999,79.629997,1853200,75.983002
"14",79.529999,79.809998,79.120003,79.650002,1188600,76.002098
"15",79.779999,80.839996,79.699997,80.790001,1283400,77.089867
"16",81.050003,82.059998,80.900002,82.010002,1996500,78.254013
"17",82.209999,83.330002,81.639999,81.959999,2746600,78.206284
"18",81.580002,81.779999,80.690002,80.959999,1189100,77.252083
"19",81.110001,81.110001,80.110001,80.870003,1672500,77.166214
"20",80.919998,81.25,80.309998,81.209999,1891000,77.490639
"21",80.830002,81.290001,79.349998,79.919998,4869500,76.259727
"22",82.910004,83.309998,80.860001,82,5021800,78.244461
"23",82.059998,83.5,81.940002,83.019997,3395500,79.217743
"24",82.989998,83.199997,82.559998,82.82,2114500,79.026909
"25",83.18,83.75,82.32,83.400002,2402500,79.580345
"26",83.110001,83.480003,82.199997,82.489998,2263800,78.712006
"27",82.489998,82.900002,82.290001,82.660004,1535200,78.874229
"28",82.559998,82.739998,82.150002,82.589996,1684800,78.807426
"29",82.809998,82.970001,82.43,82.589996,1048900,78.807426
"30",82.349998,83.559998,82.199997,83.25,1666600,79.437218
"31",83.330002,83.940002,82.650002,83.540001,2035800,79.713921
"32",83.360001,83.699997,82.519997,83.269997,1530100,79.456291
"33",83.68,85.720001,83.589996,85,6467700,81.107063
"34",85.199997,85.709999,84.480003,84.639999,2411100,80.763542
"35",84.529999,84.989998,84.029999,84.199997,1600100,80.343681
"36",84.599998,84.830002,83.860001,84.019997,1501400,80.171959
"37",83.720001,83.849998,82.940002,83.75,1225200,80.238998
"38",83.419998,83.720001,82.5,82.970001,1264600,79.491714
"39",83,83.400002,82.739998,82.849998,1556200,79.376755
"40",83.18,84.230003,82.809998,84.050003,1622900,80.526413
"41",85,85.040001,82.800003,82.919998,3459500,79.443794
"42",82.790001,83.050003,81.690002,82.949997,1371800,79.472542
"43",82.529999,83.139999,82.43,82.709999,1184100,79.242607
"44",82.480003,82.940002,82.349998,82.769997,1274100,79.300102
"45",82.839996,83.25,82.709999,82.93,1126700,79.453384
"46",83.300003,83.339996,82.660004,82.879997,958600,79.405479
"47",84.209999,86.419998,84.150002,85.779999,3603700,82.183907
"48",85.440002,85.870003,85.169998,85.370003,1523600,81.791092
"49",84.959999,85.309998,84.459999,84.779999,1126000,81.22583
"50",84.75,85.75,84.75,85.330002,1412700,81.752762
"51",85.25,85.669998,85.099998,85.580002,915300,81.992294
"52",85.709999,86.660004,85.400002,85.959999,2237900,82.356354
"53",85.769997,86.550003,85.5,86.510002,2210900,82.883308
"54",86.980003,87.550003,86.389999,86.480003,2149500,82.854576
"55",86.379997,86.889999,86.089996,86.529999,1226600,82.902466
"56",86.410004,87.239998,86.360001,86.519997,1348100,82.892876
"57",86.559998,87.230003,85.309998,86.010002,1888200,82.404274
"58",85.489998,86.57,85.370003,85.82,1786100,82.222237
"59",85.529999,86.129997,84.889999,85.610001,1591100,82.021049
"60",85.660004,86.169998,85.330002,85.519997,1300600,81.934799
"61",85.419998,85.660004,85.220001,85.339996,1373600,81.762352
"62",85.260002,85.809998,84.709999,84.790001,2078600,81.235397
"63",84.730003,85.199997,83.339996,83.5,2666400,79.999489
"64",84.339996,85.269997,83.690002,85.059998,2691500,81.494087
"65",85.110001,86.410004,84.769997,85.239998,2665200,81.666557
"66",84.860001,85.599998,84.290001,84.370003,1809700,80.833023
"67",84.360001,84.449997,83.669998,84.150002,1096300,80.622238
"68",84.339996,84.989998,84.050003,84.720001,1074600,81.168343
"69",84.610001,85.019997,84.160004,84.849998,994600,81.292885
"70",84.370003,85.029999,84.330002,84.919998,934100,81.35997
"71",84.760002,85.309998,84.699997,84.940002,1043500,81.379128
"72",85.089996,85.400002,85.050003,85.360001,765000,81.781517
"73",85.169998,86.379997,84.839996,86.290001,2110100,82.672531
"74",86.339996,86.889999,85.459999,85.620003,1507300,82.030624
"75",85.75,86.43,85.339996,86.029999,1506600,82.423431
"76",85.959999,86.150002,85.010002,85.18,1501100,81.609055
"77",85.709999,86.330002,85.540001,85.989998,1312900,82.385094
"78",86.269997,87.720001,86.25,87.379997,1759800,83.716843
"79",87.410004,88.410004,87.269997,87.809998,2709600,84.128799
"80",87.720001,88.169998,87.349998,87.419998,1603700,83.755157
"81",87.209999,87.57,86.559998,87.139999,1717000,83.486893
"82",87.68,88.389999,87.099998,87.18,1562200,83.525215
"83",87.110001,87.809998,87.019997,87.480003,2660800,83.812653
"84",90.150002,91.910004,89.980003,91.300003,5116200,87.472488
"85",91.459999,92.209999,90.769997,91.860001,2483000,88.009033
"86",91.379997,92.949997,91.040001,92.860001,2086100,88.96711
"87",92.580002,92.949997,92.139999,92.610001,1586500,88.727577
"88",92.769997,93.010002,92.279999,92.980003,2162400,89.082062
"89",93.449997,94.470001,93.370003,94.080002,2572100,90.135956
"90",93.730003,93.849998,92.849998,92.900002,2338500,89.005417
"91",93.080002,93.080002,92.370003,92.93,1295200,89.034157
"92",92.980003,93.379997,92.480003,92.610001,1813700,88.727577
"93",92.790001,92.949997,91.760002,91.900002,1646500,88.047356
"94",91.900002,92.650002,91.089996,92.099998,2644700,88.23896
"95",91.959999,91.959999,90.970001,91.379997,1937800,87.549133
"96",91.529999,92.830002,90.809998,92.370003,3273100,88.497627
"97",92.110001,93.300003,92.110001,92.949997,1199600,89.053337
"98",93.220001,93.379997,91.879997,91.989998,1757100,88.133553
"99",92.339996,93.129997,92.129997,93.029999,1360000,89.129967
"100",93.25,93.720001,93.029999,93.589996,1220800,89.666481
"101",93.349998,94.190002,93.25,93.699997,852600,90.099205
"102",93.410004,94.050003,92.849998,93.989998,1023600,90.378059
"103",93.989998,94.629997,93.739998,94.139999,1260600,90.522293
"104",94.339996,94.57,93.900002,94.559998,1373800,90.926147
"105",95,96.230003,94.800003,96.129997,2331500,92.435806
"106",95.980003,96.379997,95.419998,96.300003,820900,92.599274
"107",96.300003,97,95.849998,96.230003,1419200,92.531967
"108",96.160004,96.589996,95.860001,96.510002,1205600,92.801216
"109",96.510002,96.510002,95.629997,96.050003,929500,92.358894
"110",95.989998,96.660004,95.650002,96.349998,1206700,92.647377
"111",96.330002,96.550003,94.620003,96.010002,1296500,92.320435
"112",96.019997,96.959999,95.68,96.639999,1005500,92.926216
"113",96.760002,97.699997,96.669998,97.160004,1085300,93.426231
"114",96.739998,97.779999,96.099998,97.550003,1096500,93.801247
"115",97.550003,97.769997,96.68,97.5,1920800,93.753174
"116",97.599998,98.220001,97.440002,98.190002,1257700,94.416656
"117",98.209999,98.400002,96.980003,97.050003,1335800,93.32045
"118",97.470001,97.470001,96.489998,97.330002,1358900,93.589706
"119",97.400002,97.910004,96.68,97.480003,1278700,93.733955
"120",97.339996,97.419998,96.459999,96.989998,1728100,93.262764
"121",97.43,97.43,96.449997,96.5,1783500,92.791595
"122",96.290001,97.129997,96.059998,96.410004,1505500,92.705063
"123",96.900002,97.709999,96.769997,96.809998,1141400,93.089684
"124",96.43,96.529999,94.690002,95.620003,2109200,91.945419
"125",95.959999,96.43,95.75,95.980003,1290300,92.29158
"126",96.07,96.279999,95.709999,95.809998,778000,92.128113
"127",95.779999,96.279999,95.43,95.720001,1441600,92.04158
"128",95.339996,95.599998,94.269997,94.839996,1575500,91.195389
"129",95.190002,95.25,94.050003,94.279999,1570500,90.656921
"130",94.309998,94.580002,93.57,94.269997,2577700,90.647301
"131",94.400002,94.43,93.449997,93.860001,1764500,90.253059
"132",94.480003,95.019997,94.18,94.519997,1553500,90.887688
"133",94.75,95.129997,94.400002,94.730003,965900,91.089622
"134",94.889999,95.639999,94.68,95.309998,952700,91.647339
"135",95.190002,96.870003,94.93,96.199997,1705100,92.503128
"136",96.25,96.480003,95.919998,96.290001,1138500,92.589661
"137",96.459999,97.169998,96.290001,96.940002,1065300,93.214691
"138",97.300003,97.839996,97.019997,97.110001,1111200,93.378151
"139",96.760002,98.010002,96.760002,97.949997,1163200,94.185883
"140",97.82,97.910004,97.080002,97.75,859000,93.993568
"141",98.120003,99.099998,97.970001,98.75,2067600,94.955132
"142",98.75,99.160004,98.190002,98.919998,2039600,95.118607
"143",99.239998,99.559998,98.339996,99.529999,1699400,95.705162
"144",99.300003,99.510002,98.57,99,1532100,95.195526
"145",99.260002,99.82,98.529999,98.989998,2250200,95.185928
"146",98.970001,99.239998,98.349998,98.610001,1592000,94.820511
"147",98.239998,98.800003,97.57,98.489998,1717400,94.705132
"148",98.43,98.779999,98.110001,98.169998,1046300,94.397423
"149",98.349998,98.82,98.010002,98.580002,1013900,94.791664
"150",98.440002,101.019997,98.330002,100.529999,2231700,96.666718
"151",100.339996,101.410004,100.059998,101.059998,2128900,97.176346
"152",100.849998,104.5,100.68,103.769997,7523500,99.782211
"153",103.019997,104.379997,101.220001,101.690002,4764900,97.78215
"154",101.900002,102.330002,99.010002,99.650002,3592400,95.820549
"155",100.089996,101.790001,100.010002,101.129997,2687700,97.243675
"156",101.480003,101.639999,100.519997,101.040001,1702400,97.15712
"157",100.870003,102,100.449997,101.07,2034100,97.185974
"158",101.150002,101.300003,98.160004,98.32,4479400,94.541656
"159",102.809998,106.449997,102,105.919998,8925800,101.849602
"160",105.389999,106.980003,105.050003,106.480003,3541900,102.388077
"161",107.089996,107.910004,104.889999,105.209999,4659500,101.166885
"162",105,105.449997,104.010002,104.449997,3201200,100.436096
"163",104.790001,106.160004,104.519997,106.010002,2511000,101.936142
"164",105.260002,107.150002,104.919998,106.5,3170200,102.407318
"165",105,106.809998,104.300003,105.959999,3841500,101.888054
"166",105.559998,106.5,105.199997,105.699997,1826500,101.965225
"167",105.650002,106.410004,105.160004,105.660004,1805000,101.926659
"168",106,107.099998,105.669998,106.989998,2085000,103.209641
"169",107,108.18,106.720001,107.93,2360600,104.116447
"170",107.459999,108.349998,107.389999,107.949997,1632600,104.135727
"171",108.309998,108.599998,106.860001,108.07,1520400,104.251495
"172",108.559998,108.739998,107.550003,108.230003,1467900,104.405853
"173",108.199997,108.849998,107.730003,108.809998,1387900,104.96534
"174",109.18,109.839996,108.639999,108.739998,2548000,104.897812
"175",108.540001,109.599998,108.540001,108.900002,2438400,105.05217
"176",109.300003,109.970001,109.18,109.660004,1302600,105.785316
"177",109.410004,110.029999,109.050003,110.010002,1227900,106.122963
"178",110.370003,110.989998,109.150002,109.690002,1896800,105.814255
"179",110.040001,110.309998,109.709999,110.269997,952300,106.373749
"180",110.269997,110.43,109.989998,110.349998,1061900,106.45092
"181",110.370003,110.870003,109.440002,110.230003,1438200,106.335167
"182",109.959999,110.110001,108.190002,108.25,1402700,104.425133
"183",108.629997,109.160004,107.300003,107.580002,2173300,103.778816
"184",107.790001,108.360001,107.620003,107.980003,2025000,104.164673
"185",108.010002,108.290001,107.199997,107.959999,2833200,104.145386
"186",108.099998,108.760002,107.43,108.519997,1231000,104.6856
"187",108.300003,108.540001,106,106.349998,2542200,102.59227
"188",106.760002,108.160004,106.300003,107.839996,2531100,104.029602
"189",108.260002,108.839996,107.790001,108.199997,1151800,104.376907
"190",108.269997,108.889999,108.269997,108.449997,1316900,104.618073
"191",109.050003,110.75,108.690002,109.940002,1864600,106.05542
"192",109.900002,110.550003,109.809998,110.019997,1082000,106.132584
"193",109.720001,110.199997,109.339996,109.739998,1212000,105.862488
"194",109.739998,110.059998,109.360001,109.629997,1228200,105.756371
"195",109.980003,110.260002,109.150002,109.589996,852100,105.717796
"196",109.839996,110.169998,109.529999,109.730003,1030600,105.852844
"197",109.580002,109.870003,109.190002,109.489998,1799900,105.621315
"198",109.860001,111.75,109.550003,111,1676300,107.077965
"199",111.75,111.790001,110.360001,111.279999,1243400,107.348061
"200",111.010002,111.279999,110.040001,110.510002,1238900,106.605278
"201",110.690002,110.830002,109.199997,109.980003,1447700,106.094017
"202",109.459999,109.769997,108.910004,109.699997,1822300,105.823883
"203",109.470001,109.760002,108.25,108.800003,1927100,104.955696
"204",108.980003,109.779999,108.580002,109.07,1260200,105.216171
"205",108.809998,110.269997,108.739998,110.239998,1351000,106.344818
"206",110.290001,111.209999,110.010002,111.120003,1948600,107.193726
"207",111.160004,112.489998,111.160004,111.790001,1639500,107.840065
"208",111.330002,111.910004,110.459999,111.870003,1644100,107.917221
"209",111.610001,111.830002,109.75,110.849998,1838300,106.933273
"210",111.150002,112.269997,110.519997,111.809998,2255900,107.859344
"211",120.150002,124.800003,117.139999,122.120003,7620700,117.805069
"212",121.669998,122.5,118.82,120.150002,4197600,115.904663
"213",120.43,122,119.809998,121.709999,2219300,117.409554
"214",121.419998,121.75,120.470001,121.120003,1331300,116.840393
"215",120.629997,122.290001,120.459999,122.220001,1299200,117.901527
"216",122.5,124,122.5,123.080002,2227900,118.731148
"217",122.669998,124.199997,122,123.779999,1855300,119.406395
"218",123.82,125.290001,123.730003,124.610001,1859200,120.207077
"219",124.809998,126.989998,124.57,126.32,2035000,121.856651
"220",125.75,126.309998,125.260002,126.019997,1431800,121.567253
"221",125.379997,126.120003,124.540001,124.610001,1392200,120.207077
"222",125.160004,126.449997,124.809998,125.639999,1444800,121.200676
"223",125.480003,126.160004,124.690002,124.690002,2215300,120.284264
"224",125.139999,126.480003,124.889999,125.18,1674000,120.756935
"225",124.800003,126.43,124.75,125.5,1889400,121.06562
"226",125.879997,126.709999,125.07,125.839996,1561000,121.393616
"227",126,126.599998,126,126.190002,870700,121.731247
"228",126.099998,126.459999,124.669998,125.150002,1593000,120.727997
"229",125.730003,125.830002,125.080002,125.309998,2022900,120.882339
"230",124.529999,124.989998,123.349998,123.93,2575000,119.914742
"231",123.870003,125.029999,123.339996,124.830002,2857500,120.785591
"232",124.730003,125.269997,123.419998,124.769997,1703300,120.727539
"233",125.349998,125.599998,123.989998,125.339996,1541900,121.279053
"234",123.919998,124.970001,123.5,124.5,2491700,120.466263
"235",124.279999,124.669998,123.010002,124.470001,1902800,120.437256
"236",124.529999,125.339996,124.25,125.18,1635700,121.124252
"237",125.160004,125.900002,124.57,125.629997,1788500,121.559669
"238",125.309998,125.849998,124.949997,125.470001,1322300,121.404846
"239",125.099998,125.32,124.720001,124.949997,1609200,120.901688
"240",124.949997,128.570007,124.900002,127.949997,2379600,123.804489
"241",127.660004,128.220001,127.339996,127.809998,1588900,123.669029
"242",128.589996,129.789993,128.440002,129.619995,2777800,125.420387
"243",129.869995,130.360001,129.089996,129.389999,1693900,125.19783
"244",129.240005,129.820007,127.410004,127.839996,1980300,123.698074
"245",128.039993,128.309998,127.269997,127.690002,1143000,123.552917
"246",128.149994,128.860001,127.5,127.580002,827800,123.446487
"247",128.089996,128.119995,127.239998,127.75,747000,123.61097
"248",127.779999,129.009995,127.57,128.850006,491500,124.675346
"249",128.639999,128.919998,127.629997,127.75,613800,123.61097
"250",127.620003,128.210007,127.379997,127.889999,794100,123.746429
"251",127.800003,128.130005,127.199997,127.239998,805100,123.1175
"252",127.639999,128.070007,126.800003,127.589996,1288900,123.456154
"253",127.550003,129.720001,127.190002,129.619995,2121200,125.420387
"254",130,131.589996,129.949997,130.229996,1904300,126.01062
"255",130.220001,130.630005,129.710007,129.990005,1572000,125.778412
"256",129.779999,131.25,129.589996,130.970001,967900,126.726662
"257",131.300003,132.490005,131,131.699997,1249300,127.432976
"258",131.300003,131.300003,128.270004,130.320007,1599100,126.097717
"259",130.589996,130.869995,128.75,129.089996,1250200,124.907562
"260",129.160004,129.490005,128.419998,128.529999,1466000,124.3657
"261",129.199997,130.389999,128.460007,128.660004,1618900,124.491493
"262",129.279999,132.589996,129.009995,132.059998,1613400,127.781357
"263",132.210007,132.449997,130.779999,130.979996,1147100,126.736336
"264",131.580002,134.460007,131.320007,134.449997,1380100,130.093872
"265",133.740005,135.690002,133.589996,134.869995,1388000,130.50032
"266",134.759995,137.160004,134.759995,136.720001,1317900,132.290359
"267",136.820007,137.600006,135.119995,136.25,1623200,131.835571
"268",136.960007,137.669998,136.259995,137.169998,1115400,132.725784
"269",136.869995,137.850006,135.839996,137.710007,1587900,133.248306
"270",137.759995,138.199997,136.130005,136.600006,1374600,132.174286
"271",136,137.199997,135.229996,136.630005,1318300,132.203293
"272",136.960007,137.770004,134.100006,134.960007,2024900,130.587387
"273",135.130005,136.419998,133.880005,134.559998,2098600,130.200317
"274",138.740005,138.740005,133.039993,134.389999,3279600,130.035858
"275",133.399994,137.039993,132.539993,134.300003,3610500,129.948761
"276",132.889999,137.740005,131.679993,137.220001,3546200,132.77417
"277",136.830002,137.5,133.990005,134.710007,2835700,130.34549
"278",135.130005,135.600006,131.240005,131.460007,3067500,127.200775
"279",132.179993,135.289993,131.179993,134.75,3029100,130.384171
"280",135.410004,137.979996,135.410004,137.029999,2273400,132.590317
"281",136.380005,137.729996,136.380005,137.5,1740800,133.045074
"282",137.169998,139.990005,136.479996,139.729996,1693300,135.202805
"283",140,140.529999,137.949997,139.630005,2262600,135.106079
"284",139.210007,141.669998,139.210007,141.039993,2087300,136.470367
"285",140.740005,141.050003,139.050003,139.350006,1399700,134.835144
"286",139.369995,142.210007,139.350006,139.820007,1965600,135.289917
"287",140.100006,141.289993,139.610001,140.149994,1191500,135.609222
"288",140.690002,142.449997,140.369995,142.389999,1065300,137.776657
"289",142.619995,143.630005,142.309998,143.289993,1119400,138.647491
"290",142.589996,143.259995,139.559998,139.779999,1861800,135.61084
"291",139.850006,140.800003,138.440002,138.440002,1616900,134.310806
"292",138.259995,139.270004,137.039993,138.539993,2361200,134.407822
"293",137.410004,140.740005,137.410004,140.649994,1680400,136.45488
"294",140.100006,141.809998,139.559998,141.639999,2085300,137.41539
"295",142.160004,143.119995,141.699997,142.679993,2033600,138.424332
"296",141.529999,143.860001,141.419998,143.550003,1627000,139.268417
"297",143.600006,144.419998,142.779999,144.389999,1944700,140.083344
"298",145.25,145.410004,144.529999,145.050003,1814100,140.723679
"299",145,145.970001,144.690002,145.369995,1259100,141.034119
"300",146,146.330002,144.809998,145.779999,1163800,141.43187
"301",145.779999,146.149994,143.929993,145.089996,1644600,140.762466
"302",145.380005,145.710007,143.589996,144.119995,2244900,139.821396
"303",144.139999,146.570007,144.139999,146.270004,1617500,141.907303
"304",146.300003,147.699997,145.050003,145.860001,1787000,141.509506
"305",146,148.369995,145.899994,148.199997,1613700,143.779709
"306",147.830002,148.080002,146.009995,146.130005,1237200,141.771469
"307",145.839996,146.919998,144.339996,144.5,1602600,140.190079
"308",144.600006,145.929993,143.5,143.800003,1672500,139.510941
"309",145.149994,148.410004,145.149994,148.210007,1720100,143.789413
"310",148.649994,148.919998,145.919998,146.690002,2150000,142.314774
"311",147.240005,148.600006,145.279999,146.029999,2171300,141.674438
"312",146.800003,150.399994,146.759995,149.720001,1666400,145.254395
"313",149.429993,150.460007,146.550003,147.669998,1707200,143.265518
"314",148.559998,149.899994,147.399994,149.380005,1816100,144.924545
"315",148.050003,151.429993,148,150.5,1880300,146.011108
"316",150.949997,152.020004,149.679993,151.479996,1378500,146.961899
"317",150.75,153.139999,148.649994,150.25,1722800,145.76857
"318",151.179993,151.889999,150.210007,150.330002,1683500,145.846176
"319",152,152.979996,151.279999,152.300003,1797800,147.757416
"320",151.880005,153.240005,151.520004,152.419998,948000,147.873825
"321",153.210007,153.589996,151.059998,151.490005,1864400,146.971588
"322",151.460007,151.800003,147.580002,148.809998,2318500,144.371521
"323",150.119995,152.190002,149.639999,150.820007,2030900,146.321594
"324",151.729996,153.600006,151.110001,153.110001,1268100,148.543259
"325",153.610001,153.880005,152.110001,152.5,1827700,147.951431
"326",151.759995,152.759995,151.130005,151.830002,1443600,147.301422
"327",151.589996,152.039993,147.940002,148.729996,2484200,144.293884
"328",149.350006,149.529999,147,147.949997,1666800,143.53714
"329",148.75,149.889999,145.449997,146.869995,2164700,142.489349
"330",146.570007,146.869995,144.809998,146.490005,2011600,142.120728
"331",147.210007,148.350006,146.949997,147.589996,1201100,143.187912
"332",147.699997,149.110001,147.059998,148.740005,1326800,144.303589
"333",149.339996,150.539993,147.699997,148.089996,3015100,143.672974
"334",147.619995,147.910004,144.929993,144.929993,3096200,140.607224
"335",140,140.889999,131.759995,132.589996,7249300,128.6353
"336",134.679993,135.520004,132.029999,134.119995,4397200,130.119675
"337",133.580002,136.820007,133.059998,135.740005,2293300,131.691376
"338",135.729996,135.960007,132.960007,133.789993,2285700,129.799484
"339",134.309998,137.270004,133.820007,136.199997,2376300,132.137604
"340",136.979996,137.839996,135.800003,137.809998,2734600,133.6996
"341",138.429993,139.520004,138.229996,138.5,1691000,134.369034
"342",138.5,140.300003,138.279999,140.190002,2059200,136.008606
"343",140.990005,141.130005,140.190002,140.630005,1621200,136.435486
"344",140.520004,142.199997,139.509995,142.160004,2355400,137.919846
"345",142.399994,145.169998,142.279999,144.699997,2500900,140.384109
"346",144.600006,145.589996,144.210007,144.899994,2476700,140.578125
"347",145.179993,145.970001,143.190002,145.490005,1795100,141.150574
"348",146.289993,147.869995,145.600006,147.789993,1448700,143.381927
"349",148,148.669998,147.630005,147.880005,1015400,143.469254
"350",148.119995,151.320007,148.110001,151.300003,1684800,146.787216
"351",151,151.490005,149.440002,150.529999,1407800,146.040237
"352",150,151.75,149.809998,150.820007,1243800,146.321594
"353",150.210007,151.309998,149.410004,150.130005,1542700,145.652161
"354",151.110001,151.710007,149.889999,151.190002,1988000,147.05275
"355",151.149994,151.5,148.679993,149.440002,2903100,145.350632
"356",150.199997,150.479996,146.289993,148.399994,1631200,144.339081
"357",149.199997,150.110001,148.839996,149.160004,1717500,145.078278
"358",149.25,149.679993,147.580002,148.699997,1629700,144.630844
"359",148.490005,148.570007,147.410004,148.210007,1467900,144.154266
"360",147.960007,151.979996,147.589996,151.509995,1594000,147.363968
"361",151.449997,153.229996,151.190002,153.050003,983000,148.861832
"362",153.149994,155.699997,153.110001,155.050003,1309600,150.807098
"363",155.050003,157.639999,154.460007,157.089996,1613800,152.79129
"364",157.490005,157.630005,155.119995,155.619995,1787100,151.361496
"365",155.330002,156.889999,155.289993,156.369995,1003800,152.090973
"366",157.350006,158.160004,155.990005,158.029999,1591600,153.705566
"367",158.029999,158.800003,156.470001,157.050003,1485800,152.75238
"368",155.669998,156.199997,154.300003,155,1463800,150.758484
"369",155.949997,155.970001,152.419998,153.070007,1941400,148.881317
"370",153.149994,153.149994,151.449997,151.869995,1218000,147.714127
"371",152.630005,153.619995,151.800003,152.929993,1305900,148.745102
"372",148.889999,149.529999,144.789993,145.619995,2880000,141.635162
"373",145.690002,147.389999,145.619995,146.740005,1662200,142.724518
"374",147.619995,149.630005,144.970001,144.990005,1465200,141.022415
"375",144.990005,144.990005,140.75,142.550003,3745000,138.649185
"376",144,144.570007,142.660004,142.690002,2230400,138.785324
"377",142.229996,142.910004,141.130005,142.740005,1440800,138.833954
"378",143.5,144.279999,141.410004,141.949997,904000,138.065582
"379",143.570007,143.979996,141.949997,143.550003,1848300,139.621811
"380",142.889999,142.889999,140.910004,142.419998,1721200,138.52272
"381",142.389999,143.089996,141.740005,142.639999,1377100,138.736694
"382",142.869995,144.820007,142.389999,144.600006,1768300,140.643066
"383",143.789993,144.070007,138.050003,139.470001,2648900,135.653442
"384",140.029999,140.449997,138.389999,138.839996,1913500,135.04068
"385",139.169998,141.380005,138.119995,140.490005,1414800,136.645538
"386",140.410004,141.550003,139.860001,140.949997,1158000,137.092957
"387",140.630005,142.759995,140.630005,142.199997,1723300,138.308777
"388",142.75,143.979996,139.809998,141.210007,1858900,137.345856
"389",140.470001,141.169998,139.910004,140.419998,1315500,136.577454
"390",140.5,142.240005,140.009995,141.080002,1106900,137.219421
"391",140.990005,141.619995,140.679993,141.389999,1008100,137.52092
"392",141.929993,143.160004,139.399994,139.589996,1782600,135.770172
"393",139.5,141.580002,139.5,141.509995,1388600,137.637604
"394",141.919998,142.899994,139.600006,139.720001,1986300,135.896622
"395",139.940002,140.679993,136.729996,136.789993,1981000,133.046768
"396",136.800003,136.990005,133.839996,134.059998,3831700,130.391495
"397",133.600006,135.830002,132.029999,134.940002,2730000,131.247437
"398",134.330002,134.929993,133.289993,134.429993,2198500,130.751373
"399",134.410004,137.110001,133.759995,136.740005,1658300,132.998138
"400",136.75,137.770004,133.869995,134.990005,1750800,131.296051
"401",135.380005,136.300003,134.020004,135.080002,1317000,131.383621
"402",135.830002,136.690002,134.919998,135.350006,1147500,131.646179
"403",134.949997,135.300003,133.089996,133.119995,1547600,129.477203
"404",132.550003,133.130005,130.470001,132.169998,3087400,128.553253
"405",131.220001,134.389999,128.809998,132.729996,1959300,129.09787
"406",133.380005,133.559998,131.229996,132.330002,1934100,128.708817
"407",132.770004,133.449997,131.350006,133.050003,1939100,129.409164
"408",132.389999,133.630005,131.350006,133.529999,1956300,129.876007
"409",134.330002,138.979996,132.839996,133.570007,3010800,129.914886
"410",134.399994,136.220001,133.630005,135.940002,4549000,132.220047
"411",141.110001,144.979996,139.179993,140.559998,6274500,136.713608
"412",141.470001,142.389999,134.889999,136.630005,5280900,132.89119
"413",136.509995,136.600006,133.770004,135.070007,2844700,131.373871
"414",134.220001,134.369995,132.100006,133.130005,3086000,129.486938
"415",133.369995,136.240005,133.289993,135.589996,1983900,131.879593
"416",136.220001,139.300003,136,138.25,1887500,134.466827
"417",142.919998,146,139.539993,140.089996,3226600,136.25647
"418",140.509995,142.119995,140.119995,140.369995,2532300,136.528854
"419",139.850006,140.529999,139.160004,139.5,1808800,136.050949
"420",139.339996,140.610001,138.800003,140.119995,2844300,136.655594
"421",138.880005,139.949997,137.899994,138.149994,2389200,134.734314
"422",137.380005,138.589996,136.179993,137.75,2126600,134.344208
"423",137.210007,139.660004,137.029999,138.679993,1670300,135.251205
"424",137.919998,139.190002,136.529999,138.770004,1687500,135.339005
"425",139.440002,140.389999,138.5,138.550003,1434000,135.124435
"426",137.850006,138.380005,136.479996,138.169998,2047100,134.75383
"427",138.710007,140.270004,138.039993,139.729996,1719500,136.275238
"428",139.889999,140.660004,139.080002,140.130005,1110800,136.665359
"429",140.589996,141.800003,139.940002,140.929993,1526500,137.445572
"430",140.910004,140.910004,139.020004,139.889999,1877600,136.43129
"431",140.399994,141.399994,139.350006,140.300003,1506600,136.831177
"432",140,140.690002,138.830002,139.660004,1201400,136.206985
"433",141.429993,142.830002,140.369995,142.589996,1647000,139.06456
"434",143.869995,145.550003,143,143.539993,2544600,139.991043
"435",142.820007,144.460007,142.460007,143.600006,1378900,140.049576
"436",144.509995,144.990005,141.970001,142.080002,1647300,138.567154
"437",142.270004,142.970001,140.529999,141.729996,1200800,138.225784
"438",142.100006,144.369995,142.039993,144.119995,1281700,140.556717
"439",143.729996,145.660004,143.729996,145.320007,1631700,141.727066
"440",145.779999,147.229996,145.25,145.779999,1772600,142.175644
"441",145.399994,146.229996,144.110001,144.309998,1670300,140.741974
"442",145.009995,146,143.210007,143.289993,1252500,139.747238
"443",140.820007,141.929993,135.949997,137.139999,3668900,133.749283
"444",136.5,139.210007,136.5,138.309998,2395200,134.890366
"445",137.910004,140.289993,137.330002,139.979996,1583700,136.519058
"446",139.619995,141.089996,139.440002,140.330002,1253100,136.860443
"447",136.259995,136.770004,129.889999,129.899994,5086200,126.688301
"448",129.619995,130.529999,127.650002,128.080002,3584700,124.9133
"449",129.279999,130.25,124.68,126.32,3715500,123.1968
"450",126.760002,127.230003,125.389999,125.860001,2070000,122.748192
"451",127.339996,129.080002,127.160004,128.479996,2275600,125.303398
"452",128.580002,129.460007,127.660004,128.820007,1947700,125.635002
"453",128.830002,128.970001,125.660004,126.769997,2347700,123.635666
"454",128.199997,129.860001,125.449997,125.449997,1935500,122.348312
"455",125.900002,127.080002,125.300003,126.190002,1819300,123.070023
"456",124.459999,126.290001,121.93,125.300003,2667300,122.202019
"457",125.68,127.879997,124.110001,124.269997,1905700,121.197487
"458",124.879997,127.480003,124.160004,126.410004,1582500,123.284576
"459",124.93,126.440002,122.940002,125.620003,1621200,122.514122
"460",126.25,128.759995,125.099998,126.459999,2715700,123.333344
"461",126.650002,131.690002,126.300003,131.220001,3522100,127.975655
"462",143.360001,146.330002,135.270004,137.440002,5467100,134.04184
"463",137.130005,142.190002,136.830002,141.940002,2738200,138.430603
"464",142.360001,145.649994,142.360001,143.110001,2951700,139.571671
"465",142.070007,142.279999,138.869995,141.809998,2896700,138.303802
"466",142.449997,143.399994,141.509995,142.399994,1427700,138.879227
"467",141.639999,142.820007,140.520004,142.339996,1234400,138.820709
"468",141.919998,142,140.110001,141.690002,1582000,138.186783
"469",138.860001,140.990005,138.389999,140.229996,1962800,136.762894
"470",140.080002,142.190002,138.320007,141.100006,2849100,137.611389
"471",142.289993,143.979996,141.389999,143.389999,2160700,139.844772
"472",143.860001,146.160004,143.470001,144.839996,2040400,141.258896
"473",144.470001,144.850006,142.669998,144.850006,1690500,141.268661
"474",144.149994,145.990005,142.550003,144.020004,2373700,140.459167
"475",143.899994,144.910004,141.910004,142.869995,1673100,139.337616
"476",141.889999,144.720001,141.580002,142.020004,1666600,138.508636
"477",142.330002,142.869995,140.520004,140.669998,1581400,137.192017
"478",139.710007,140.860001,138.809998,140.110001,971500,136.645844
"479",141.429993,142.309998,140.100006,140.929993,2162600,137.445572
"480",140.580002,140.759995,138.309998,139.990005,2628200,136.528839
"481",139.929993,141.320007,139.130005,140.199997,2767600,136.733627
"482",139.639999,142.410004,139.279999,141.5,2139900,138.426056
"483",141.520004,142.860001,140.869995,142.660004,4825200,139.560852
"484",144.220001,152.919998,144.220001,152.649994,5296600,149.333817
"485",152,152,144.059998,144.089996,3101800,140.959778
"486",142.529999,142.929993,138.679993,141.389999,3345700,138.318405
"487",141.050003,142.020004,135.809998,137.119995,2599800,134.141174
"488",136.479996,138.529999,135.369995,137.979996,1750000,134.982544
"489",139.080002,140.199997,137.770004,139.110001,1521900,136.087982
"490",140.639999,141.660004,138.589996,138.729996,1487400,135.716248
"491",139.100006,141.139999,138.970001,140.130005,1581900,137.0858
"492",139.240005,139.839996,134.940002,135.179993,2376300,132.243347
"493",134.699997,134.770004,129.669998,130.300003,2769600,127.469368
"494",130.600006,131.389999,129.740005,130.899994,1587000,128.056305
"495",130.899994,133.139999,127.669998,128.539993,1795500,125.747581
"496",127.989998,128.529999,123.489998,124.910004,2280400,122.196457
"497",124.18,129.009995,124.18,125.82,3562300,123.086693
"498",125.339996,125.360001,122.040001,122.459999,858800,119.799675
"499",123.080002,126.919998,121.639999,126.900002,1257400,124.143219
"500",125.540001,128.460007,123.68,128.389999,1277700,125.600853
"501",128.770004,130.339996,127.269997,128.559998,1372100,125.767151
"502",129.729996,130.949997,129.089996,130.100006,1233400,127.27372
"503",129.899994,132.460007,129.470001,131.940002,1640100,129.073746
"504",129.800003,130.880005,125.199997,125.68,3863900,122.949722
"505",127.480003,130.789993,127.029999,129.919998,2091400,127.097595
"506",129.419998,132.389999,128.509995,131.5,2312500,128.643311
"507",133.059998,133.809998,130.669998,132.729996,1989100,129.846573
"508",130.809998,131.410004,127.269997,127.830002,2727900,125.053024
"509",122.550003,125.940002,121.470001,125.300003,4445600,122.577995
"510",125.279999,126.620003,124.110001,125.940002,2895600,123.204086
"511",125.279999,126.150002,124.910004,124.910004,2412700,122.196457
"512",125.010002,126.019997,124.580002,125.080002,1579300,122.362762
"513",125.339996,126.419998,124.379997,125.169998,1921100,122.450806
"514",125.019997,126.669998,124.839996,125.43,1477700,122.70517
"515",126.260002,129.130005,126.099998,127.540001,2060600,124.769325
"516",127.610001,128.020004,124.690002,125.760002,2207300,123.027992
"517",127.209999,129.660004,125.839996,126.889999,2411600,124.133446
"518",126.580002,127.07,124.540001,125.230003,2104000,122.509514
"519",125.669998,128.520004,125.669998,128.070007,2393900,125.287811
"520",127.519997,132.139999,126.75,131.979996,3275300,129.112854
"521",132.669998,132.690002,130.289993,130.399994,2939200,127.567169
"522",131.699997,134.479996,130.630005,134.380005,3366100,131.460724
"523",134.570007,136.990005,133.880005,136.419998,3369700,133.456406
"524",137.270004,137.699997,135.850006,136.720001,2684300,133.749878
"525",136.880005,137.179993,135.389999,136.169998,2653400,133.211838
"526",149,157.009995,148.419998,152.020004,10521300,148.717529
"527",149.809998,152.190002,147,150.25,3705000,146.985962
"528",149,152.929993,147.619995,152.309998,2775700,149.00119
"529",152.309998,154.710007,151.509995,154.710007,2478200,151.349091
"530",154.380005,154.380005,152.75,153.690002,1757900,150.351242
"531",154.820007,154.949997,152.880005,152.919998,1752600,149.597961
"532",153,155.240005,151.660004,155.190002,1594900,151.818634
"533",154.100006,154.759995,153.110001,153.380005,1538600,150.047958
"534",154.520004,155.279999,153.690002,155.009995,1509100,151.642532
"535",154.320007,155.850006,152.369995,155.399994,1514500,152.024078
"536",156,157.350006,155.550003,156.669998,1740900,153.266464
"537",156.139999,157,155.619995,156.529999,1405600,153.129547
"538",156.529999,159.070007,155.479996,158.979996,1336500,155.526306
"539",159.369995,159.369995,157.050003,157.259995,1647100,153.843704
"540",156.860001,158.199997,155.839996,156.440002,1966600,153.041504
"541",155.490005,157.449997,154.369995,157.050003,1319400,154.061707
"542",157.089996,158.759995,156.089996,156.940002,1270200,153.953812
"543",158.220001,159.210007,156.089996,156.919998,1158100,153.934174
"544",157.830002,158.559998,154.380005,156.289993,2100000,153.316147
"545",156.860001,158.5,155.970001,155.979996,1480700,153.01207
"546",155.669998,155.990005,152.990005,153.880005,1971200,150.952057
"547",157.570007,157.75,154.160004,155.399994,2405200,152.443085
"548",155.220001,156.740005,154.289993,156.039993,1852500,153.070908
"549",156,158.020004,155.509995,157.509995,1852500,154.51297
"550",158.199997,160,157.820007,159.220001,2007200,156.190414
"551",160,160.830002,158.970001,159.440002,1172800,156.406219
"552",159.029999,160.080002,158.020004,159.990005,1108100,156.945786
"553",160.600006,163.380005,160.270004,162.740005,2133500,159.643448
"554",162.449997,163.369995,161.520004,163.100006,1055300,159.996582
"555",163.479996,163.789993,160.479996,160.699997,1406300,157.642242
"556",160.830002,161.039993,158.289993,159.690002,1715800,156.651459
"557",159.309998,162.009995,158.559998,161.789993,975200,158.711533
"558",161.389999,162.529999,159.460007,159.5,1033800,156.465073
"559",159.029999,160.279999,158.580002,159.979996,1160100,156.935944
"560",161.039993,162.860001,160.419998,161.809998,712100,158.731155
"561",161.850006,163.279999,161.490005,162.899994,1220300,159.8004
"562",163.270004,165.330002,163.270004,164.419998,944700,161.291473
"563",164.740005,165.759995,164.220001,165.550003,1062100,162.399963
"564",165.779999,166.919998,164.119995,164.770004,1080600,161.634827
"565",164.229996,164.699997,162.470001,163.220001,805400,160.114319
"566",163.449997,164.830002,163.009995,164.279999,897200,161.154144
"567",164.820007,165,162.600006,163.070007,852800,159.967178
"568",163.460007,163.979996,162.910004,163.5,733900,160.388992
"569",163.679993,164.929993,163.039993,164.820007,1091000,161.683868
"570",164.399994,164.770004,163.279999,163.850006,1062400,160.732346
"571",164.610001,166.830002,163.940002,166.520004,977000,163.351517
"572",167.679993,168.320007,166.729996,168.039993,1601200,164.842606
"573",168.550003,169.470001,167.179993,167.520004,1215600,164.332504
"574",167.309998,168.139999,166.139999,167.100006,1077300,163.920456
"575",168.009995,170,167.360001,169.839996,1332800,166.608337
"576",170.720001,170.800003,168.130005,169.529999,1425300,166.304245
"577",169.839996,171.389999,169.479996,170.330002,1131500,167.08902
"578",170.020004,170.720001,168.270004,169.919998,978800,166.686829
"579",169.770004,171.800003,169.630005,171.110001,1122000,167.854187
"580",170.839996,171.529999,169.550003,170.419998,730200,167.177307
"581",170.710007,170.929993,169.380005,170.389999,738600,167.147888
"582",170.990005,172.759995,170.460007,172.5,819900,169.217743
"583",172.330002,173.210007,171.25,172.460007,1301200,169.178513
"584",172.649994,172.960007,171.179993,171.809998,1797600,168.540863
"585",179.990005,180.199997,169.830002,170.300003,3354900,167.059586
"586",168.800003,170.460007,166.690002,170.25,2323900,167.010544
"587",171.029999,174.630005,169.75,174.429993,1314400,171.111008
"588",170.820007,172.619995,169,170.050003,2166200,166.814346
"589",168.809998,169.080002,165.470001,167.289993,2514000,164.106857
"590",167.119995,168.800003,166.240005,166.75,2149500,163.577118
"591",166,166,162.910004,165.330002,1896500,162.184158
"592",164.5,165.639999,161.479996,164.350006,2617700,161.222809
"593",161.5,165.25,160.830002,165.100006,2437600,161.958542
"594",165.550003,167.679993,165.259995,167,1850400,163.822403
"595",166.800003,170.169998,166.550003,169.970001,1353000,166.73587
"596",170,172.990005,168.190002,170.699997,1714500,167.451981
"597",168.830002,171.839996,167.580002,167.619995,1769800,164.430588
"598",167.089996,168.440002,165.630005,167.380005,1428500,164.19516
"599",168.539993,169.169998,167.259995,168.139999,1194400,164.940689
"600",168.429993,169,167.25,167.570007,1155100,164.381546
"601",166.160004,166.880005,163.279999,165.529999,1480400,162.380356
"602",166.679993,166.899994,164.339996,165.160004,1290300,162.01741
"603",164.940002,169.809998,164.940002,166.619995,1776200,163.449631
"604",166.149994,166.149994,161.570007,164.050003,1529500,160.928528
"605",164.410004,166.100006,164.039993,165.610001,1132900,162.885788
"606",164.990005,164.990005,160.929993,161.029999,1401100,158.381119
"607",161.410004,164.949997,161.199997,164.149994,1826300,161.449783
"608",165.690002,169.25,165.330002,169.240005,1588200,166.45607
"609",169.25,169.990005,167.679993,169.990005,1083200,167.193741
"610",170,174.360001,169.720001,173.929993,1582800,171.068924
"611",174.710007,177.350006,174.710007,176.860001,1083000,173.950745
"612",177.139999,178.580002,176.130005,178.020004,990700,175.091644
"613",178.509995,178.929993,176.75,177.490005,1191700,174.570358
"614",178.360001,179.100006,175.660004,177.169998,1237500,174.25563
"615",178.270004,178.639999,176.639999,177.949997,1293000,175.022797
"616",177.839996,178.029999,176.270004,176.880005,1300400,173.970383
"617",177.279999,178.380005,176.070007,177.619995,1039700,174.698212
"618",179.949997,179.970001,178.270004,179.139999,1541900,176.193207
"619",178.619995,180.419998,177.289993,179.820007,1266300,176.862045
"620",181.5,183.610001,180.779999,182.960007,1356300,179.950409
"621",182.940002,183.289993,180.919998,181.309998,1900200,178.327515
"622",182.559998,184.089996,181.850006,183.910004,1096500,180.884766
"623",183.910004,184.479996,182.360001,183.949997,1257800,180.924088
"624",183.679993,184.699997,181.740005,182.5,933600,179.497955
"625",183.5,183.990005,182.029999,182.050003,1386200,179.055359
"626",182.600006,183.440002,182.25,183.110001,1235800,180.097916
"627",184.880005,185.910004,180.929993,182.229996,2152500,179.232391
"628",182.509995,185.589996,182.449997,184,1228300,180.973267
"629",184.210007,186.880005,183.020004,186.029999,650000,182.969879
"630",185.899994,185.990005,183.270004,185.350006,819700,182.301056
"631",184.880005,185.630005,184.559998,185.25,671000,182.202698
"632",184.570007,184.690002,183.320007,183.899994,938800,180.874924
"633",184.369995,185.789993,183.610001,184.289993,922700,181.258514
"634",184.520004,187.050003,183.759995,186.080002,1283100,183.019058
"635",186.220001,188.589996,185.820007,186.809998,875500,183.737045
"636",187.399994,188.850006,186.800003,187.289993,938700,184.209167
"637",188.089996,189.839996,187.199997,189.110001,1269900,185.999207
"638",188.919998,191.139999,188.830002,189.729996,1013200,186.609009
"639",189.559998,190.839996,188.789993,190.240005,764800,187.110657
"640",192.570007,192.970001,190.320007,190.830002,1241000,187.690933
"641",191.25,191.779999,188.309998,188.639999,949800,185.536942
"642",189.399994,189.830002,188,189.479996,723500,186.363113
"643",189.009995,189.669998,188.059998,189.449997,1196600,186.333603
"644",188.369995,189.839996,187.460007,189.539993,785500,186.42215
"645",190.190002,190.929993,188.369995,190.869995,686100,187.730255
"646",191.270004,192.419998,190.100006,192.059998,918500,188.900696
"647",192.669998,194.740005,188.429993,188.979996,1487500,185.871353
"648",188.520004,188.740005,182.100006,184.190002,1925700,181.160141
"649",184.490005,187.139999,182.449997,182.759995,1740800,179.753647
"650",182,184.289993,181.130005,182.199997,1233100,179.202881
"651",179.860001,179.860001,173.220001,174.559998,1983800,171.688553
"652",175.990005,180.149994,175.809998,179.559998,2354700,176.606293
"653",178.210007,183.089996,176.960007,182.589996,1852000,179.586487
"654",183.229996,187.449997,182.740005,186.429993,1310600,183.363297
"655",186.350006,187.360001,181.940002,183.610001,1187200,180.589676
"656",181,181,175.029999,177.720001,1801300,174.796555
"657",176.630005,183.509995,175.300003,180.789993,1729300,177.816086
"658",176.360001,177.509995,174.649994,175.119995,2164000,172.239349
"659",176.259995,178.039993,174.690002,175.429993,2162000,172.544235
"660",176.580002,181.119995,175.990005,179.220001,2451500,176.271912
"661",195.199997,202.839996,191.309998,201.649994,5316300,198.332932
"662",199.389999,206,198.610001,202.199997,3406500,198.873901
"663",204.270004,205.139999,201.279999,203.720001,2360300,200.368896
"664",204.160004,205.320007,200.089996,202.559998,1410500,199.227966
"665",201.529999,203.210007,196.229996,197.149994,1816100,193.906937
"666",199.139999,201.960007,197.529999,200.160004,1674700,196.867432
"667",202.029999,202.740005,199.679993,200.550003,1238500,197.251022
"668",199.740005,202.570007,199.020004,202.550003,1679900,199.218155
"669",204.490005,205.559998,201.889999,203.610001,1608900,200.686752
"670",202.869995,203.429993,196.339996,197.990005,2365700,195.147446
"671",196.759995,199.610001,196.600006,199.490005,2012200,196.6259
"672",201.470001,203.970001,199.139999,202.720001,2422600,199.809525
"673",205.699997,206.789993,203.550003,204.979996,2111900,202.037064
"674",205.080002,207.5,204.990005,207.029999,1899900,204.057648
"675",207,207.160004,204.440002,205.399994,1823000,202.451035
"676",203.759995,204,198,199.460007,2317200,196.596329
"677",198.479996,199.990005,197.100006,197.270004,1334200,194.437775
"678",199.899994,200.979996,197.020004,197.220001,1439400,194.388489
"679",195.449997,197.75,193.580002,194.820007,1746600,192.022934
"680",193.529999,194.410004,190.339996,192.550003,1747700,189.785553
"681",193.399994,194.449997,191.119995,191.339996,1596500,188.592896
"682",191.449997,192.25,189.820007,192.020004,1270500,189.263138
"683",191.770004,194.320007,191.770004,192.919998,1263600,190.150208
"684",192.770004,194.789993,191.839996,191.910004,2212600,189.154739
"685",192.660004,194.690002,191.550003,193,979400,190.229095
"686",195.399994,198.580002,194.309998,195,1656000,192.200363
"687",195,195.830002,192.690002,193.380005,1123600,190.603622
"688",193.979996,196.240005,193.679993,195.339996,951200,192.535492
"689",197.220001,197.449997,194.550003,196.330002,998800,193.511276
"690",195.559998,199.509995,195.559998,198.949997,1321500,196.093658
"691",198.919998,201.419998,196.369995,197.25,1183800,194.418045
"692",195.399994,196,191.320007,192.029999,1456000,189.27298
"693",192.210007,194.580002,191.669998,193.699997,1352300,190.919022
"694",194.199997,198.460007,194.199997,198.139999,969500,195.295273
"695",197.899994,198.960007,195.050003,195.220001,1117900,192.417191
"696",193.259995,193.990005,188.669998,189.089996,1443200,186.375198
"697",190.570007,192.669998,189.720001,191.100006,1338600,188.356339
"698",191,191.789993,188.580002,189.690002,2292000,186.966599
"699",191.589996,195.75,190.639999,193.850006,1200900,191.066895
"700",194.199997,195.160004,191.020004,192.830002,860900,190.061523
"701",193.100006,194.460007,190.990005,191.089996,1241700,188.346497
"702",192.550003,192.770004,189.020004,192.740005,1166200,189.972809
"703",193.809998,195.589996,187.509995,187.699997,1914700,185.005173
"704",186.649994,186.940002,183.839996,185.529999,3567000,182.866318
"705",185,187.490005,184.839996,185.710007,2219700,183.043747
"706",187.570007,189.699997,184.460007,185.100006,1587200,182.442505
"707",185.149994,188.110001,184.940002,185.899994,1606300,183.230988
"708",187.160004,188.860001,186.300003,187.570007,1451200,184.877029
"709",187,190.380005,186.410004,188.630005,1490100,185.921814
"710",187.169998,187.990005,185.339996,185.710007,1689400,183.043747
"711",186.050003,193.440002,185.529999,190.460007,2569000,187.725555
"712",192.699997,194.639999,192.009995,193.270004,2993000,190.495209
"713",186.330002,187.919998,180.050003,186.270004,4410600,183.595688
"714",187.339996,188.639999,183.630005,186.580002,1709800,183.901245
"715",187.110001,187.309998,179.759995,181.75,2322100,179.140579
"716",182.639999,185.360001,181.679993,184,1687700,181.358292
"717",185.039993,187.539993,184.410004,187.059998,1363100,184.374359
"718",187.690002,189.080002,186.360001,187.139999,1476600,184.453217
"719",187.710007,188.869995,185.970001,187.270004,932900,184.581345
"720",187.350006,188,186.080002,187.259995,809800,184.571472
"721",187.809998,189.050003,187.190002,187.949997,1037500,185.251572
"722",187.960007,189.039993,186.300003,188.080002,1017600,185.379715
"723",188.880005,191.759995,188.460007,191.5,1501100,188.75061
"724",191.710007,192.300003,190.190002,190.990005,1365700,188.24794
"725",191.169998,193.440002,191.009995,192.889999,1678900,190.120651
"726",193.350006,196.139999,192.839996,196.100006,1270600,193.284592
"727",195.350006,196.509995,192.220001,195.270004,1725200,192.466492
"728",194.470001,195.830002,191.770004,192.740005,1610900,189.972809
"729",192.75,193.740005,192.050003,193.179993,864000,190.406494
"730",193.899994,195,192.389999,194.699997,1115200,191.904663
"731",195.429993,196.449997,193.899994,195.419998,1761600,192.614334
"732",195.369995,196.429993,194.490005,195.960007,1500200,193.622177
"733",194.820007,196.360001,194.119995,195.470001,631400,193.138016
"734",195.059998,195.820007,193.839996,195.589996,1178400,193.256561
"735",194.289993,194.660004,192.169998,193.830002,1459700,191.517563
"736",194.850006,198.270004,193.830002,197.869995,1688100,195.509369
"737",197.929993,198.5,195.149994,196.300003,2172900,193.958099
"738",198.559998,198.880005,196.880005,197.919998,784100,195.558777
"739",198.720001,199.710007,196.850006,198.699997,1140700,196.329468
"740",198.089996,198.270004,196.199997,197.919998,1755400,195.558777
"741",198.5,200.649994,197.990005,198.559998,1139300,196.191132
"742",198.550003,200.919998,198.270004,200.619995,1114200,198.226547
"743",201,203.759995,199.679993,203.210007,1017800,200.785675
"744",204.770004,205.729996,202.800003,204.029999,1273000,201.595871
"745",202.75,202.820007,198.470001,202.429993,1901000,200.014984
"746",203.169998,204.830002,202.929993,203.940002,1223100,201.506973
"747",204.710007,205.919998,203.589996,204.289993,1213600,201.852783
"748",204.580002,207.979996,204.580002,206.860001,3176800,204.392136
"749",207.470001,207.470001,205.360001,205.970001,1240200,203.512756
"750",205.880005,206.259995,205.25,205.449997,327800,202.998947
"751",206,207.559998,205.639999,207.240005,1092600,204.767593
"752",207.619995,208.259995,206.820007,207.949997,495000,205.469101
"753",207.929993,208.330002,205.960007,206.399994,680600,203.937607
"754",205.699997,207.110001,205.589996,206.539993,541500,204.075943
"755",206.539993,207.860001,205.809998,206.259995,1138700,203.799286
"756",204.529999,206.550003,203.729996,204.699997,1076200,202.257874
"757",203.809998,207.5,203.449997,207.360001,2428900,204.886139
"758",206.009995,207.210007,205.179993,206.050003,1180600,203.591797
"759",207.479996,209.389999,206,207.720001,1614300,205.241852
"760",209.039993,212.020004,207.110001,211.960007,1277100,209.43129
"761",212.130005,212.130005,210.240005,211.619995,1212800,209.095337
"762",211.619995,213.529999,210.449997,213.470001,1235500,210.923248
"763",213.75,216.580002,213.270004,215.699997,1434500,213.126648
"764",216,219.110001,216,218.490005,1696500,215.883377
"765",218.490005,219.289993,217.199997,217.940002,1623800,215.339935
"766",219.059998,220.419998,218.399994,219.880005,1147000,217.256805
"767",215.410004,217.929993,212.729996,217.729996,2104100,215.132431
"768",216.259995,217.619995,211.529999,212.639999,2528600,210.103165
"769",209.089996,211.580002,206.710007,208.869995,2781200,206.378143
"770",209,209.589996,204.330002,205.339996,2420800,202.890259
"771",192.009995,198.240005,191.070007,196.990005,4042600,194.639877
"772",197.960007,199.130005,195.100006,197.110001,2035600,194.758438
"773",198.660004,200.309998,197.949997,198.729996,1446100,196.359131
"774",197.679993,198.990005,195.130005,198.669998,1497600,196.299835
"775",197.600006,198.789993,194.669998,195.160004,1620600,192.831696
"776",195.679993,199.309998,195.039993,196.199997,2301600,193.859283
"777",199.399994,202.220001,198.460007,200.419998,2252200,198.028946
"778",203.600006,204.25,200.550003,201.320007,2293800,198.918228
"779",210.979996,213.449997,205.110001,211.529999,4056300,209.006409
"780",209.869995,210,204.639999,208.960007,3386200,206.467072
"781",207.570007,209.039993,205.940002,208.679993,1689900,206.190399
"782",210.419998,211.350006,209.039993,209.820007,1468700,207.316803
"783",211.360001,215.009995,211.160004,214.789993,2141100,212.227524
"784",213.740005,216.179993,212.970001,214.889999,1818700,212.326324
"785",215.470001,215.610001,213.820007,215.009995,1442800,212.44487
"786",214.839996,214.880005,211.179993,211.440002,2122600,208.917465
"787",212.5,213.479996,210.419998,213.119995,1768500,210.577438
"788",212.639999,213.860001,208.880005,211.320007,2379900,208.79892
"789",209.960007,210.630005,208.669998,209.270004,1709000,206.773361
"790",199.559998,203.899994,198.309998,198.779999,2494300,196.408524
"791",199.559998,201.220001,190.720001,191.429993,2767800,189.14621
"792",194,196.029999,189.149994,189.289993,2982500,187.031738
"793",185.080002,188.740005,182.240005,182.279999,4176000,180.563248
"794",176.770004,183.729996,176.440002,183.600006,4077000,181.870819
"795",185.020004,193.779999,182.619995,193.330002,3350100,191.509186
"796",192.630005,195.639999,186.830002,188.389999,3149900,186.615707
"797",192.279999,193.619995,186.820007,193.399994,2815600,191.578522
"798",189.169998,193.139999,187.449997,189.619995,2851600,187.834106
"799",184.449997,193.119995,183.279999,191.949997,2384600,190.142166
"800",179.399994,182.360001,174.929993,177.899994,3035900,176.224472
"801",182.869995,187.690002,177.509995,187.380005,2340300,185.615219
"802",182.509995,184.550003,169.559998,172.509995,3040400,170.885254
"803",159.800003,166.679993,152.470001,157.350006,3958500,155.868027
"804",165.289993,172.550003,157.110001,172.220001,2880600,170.597977
"805",150.5,156.490005,146.979996,148.979996,3512100,147.576874
"806",151.410004,159.449997,140.940002,153.740005,3612800,152.292053
"807",143.179993,157,137.009995,156.240005,4214500,154.768494
"808",150.529999,163.089996,139.839996,156.509995,4292300,155.035934
"809",158.550003,159.25,148.970001,151,3681100,149.577835
"810",149.779999,151.970001,140.320007,144.380005,2868200,143.020203
"811",151.080002,159.729996,147.270004,157.830002,2702900,156.343521
"812",158.889999,174.820007,156.649994,167.759995,2988000,166.179977
"813",169.600006,176.479996,166.169998,172.979996,2553700,171.35083
"814",167.479996,168.789993,159.070007,160.679993,1882100,159.166656
"815",160.380005,167.919998,160.130005,165.229996,1890000,163.673828
"816",163.550003,163.619995,158.490005,159.339996,2209200,157.839279
"817",153.029999,155.529999,151.059998,153.380005,1822200,151.935425
"818",151.809998,155.119995,147.339996,149.210007,1888700,147.804703
"819",148.570007,154.389999,147.160004,154.080002,1589400,152.62883
"820",158.320007,162,157.029999,160.5,1792900,158.988358
"821",165.339996,166.639999,162.339996,163.169998,1827100,161.633224
"822",163.550003,166.759995,162.130005,165.729996,1749000,164.169113
"823",167.979996,169.240005,163.789993,164.830002,2976800,163.277603
"824",164.130005,164.130005,159.720001,162.220001,1937100,160.692184
"825",166.080002,167.330002,162.630005,165,3991400,163.445984
"826",160,162.990005,156.740005,157.789993,2103800,156.303894
"827",158.410004,162.369995,156.309998,161.869995,3303800,160.345474
"828",167.149994,175.050003,166.320007,174.259995,4430900,172.618759
"829",171.940002,172.970001,166.619995,167.789993,1805600,166.209702
"830",165.009995,166.600006,160.860001,161.110001,1247600,159.592621
"831",163.889999,167.259995,163.529999,165.979996,1190500,164.416748
"832",164.970001,168.910004,162.529999,162.75,1976400,161.217163
"833",163.330002,168,162.410004,166.309998,1278600,164.743652
"834",167.729996,168.139999,163.479996,165.300003,2083900,163.743179
"835",168.710007,170.729996,167.809998,168.919998,1923100,167.329056
"836",171.380005,178.619995,171.110001,176.860001,2431100,175.19429
"837",176.660004,179.860001,174.600006,176.399994,2442200,174.738617
"838",170.580002,179.440002,170.580002,172.539993,2190300,170.914993
"839",171.529999,175.759995,170.339996,174.380005,1348500,172.737656
"840",176.169998,176.889999,169.710007,169.940002,1535600,168.339462
"841",170.5,173.389999,169.110001,169.520004,1315600,167.923416
"842",172.419998,173.270004,169.839996,171.940002,1399800,170.320618
"843",175.179993,176,172.520004,173.149994,1368200,171.519226
"844",172,172.820007,169.809998,169.949997,1345200,168.349365
"845",170.910004,172.889999,168.440002,168.550003,1242500,166.962555
"846",166.850006,168.449997,162.009995,162.759995,1742900,161.227081
"847",160,164.690002,158.25,164.190002,1712400,162.643616
"848",163.740005,170.779999,163.029999,169.410004,2507300,167.814453
"849",171.990005,179.169998,171.990005,178.25,1704300,176.571213
"850",178.270004,178.949997,174.479996,174.580002,1711100,172.93576
"851",176.5,179.830002,176.190002,179.75,3102000,178.057068
"852",179.789993,181,177.350006,177.880005,1269700,176.204697
"853",178.619995,178.899994,176.889999,178.199997,1031800,176.521667
"854",183.789993,186.789993,182.479996,186.429993,2354000,184.674149
"855",189.850006,193.860001,188.419998,193.559998,2088800,191.737015
"856",194.270004,199.050003,192.190002,192.479996,2096900,190.667175
"857",192.139999,198.800003,191.979996,197.470001,2937300,195.610168
"858",199.160004,201.720001,198.429993,200.429993,1452100,198.542282
"859",200.669998,203.259995,199.669998,202.679993,1582800,200.771103
"860",204.679993,205,201.729996,203.240005,1405400,201.325821
"861",203.169998,203.850006,200.139999,201.119995,1288000,199.225784
"862",203.300003,206.520004,201.509995,205.169998,1404900,203.237656
"863",203.5,205.389999,201.919998,204.839996,1211900,202.910767
"864",203.039993,203.679993,200.009995,200.720001,1058900,198.829559
"865",201.5,201.949997,199.470001,200.429993,788100,198.542282
"866",196.369995,196.669998,188.880005,189.199997,1241200,187.41806
"867",191.740005,193.720001,187.910004,191.380005,1865200,189.577545
"868",188.059998,191.580002,185.589996,191.440002,822100,189.636993
"869",196.729996,198.880005,193.5,196.199997,920600,194.352127
"870",195.860001,197.820007,194.600006,195.190002,1074400,193.351654
"871",194.369995,196.970001,193.720001,196.149994,910300,194.302612
"872",199.899994,199.899994,190.119995,190.300003,2418200,188.507721
"873",191.160004,193.449997,189.429993,192.259995,1478500,190.449234
"874",193.610001,195.279999,192.259995,194.309998,1267500,192.47995
"875",193.5,193.990005,187.220001,187.75,1832000,185.98172
"876",186.580002,187.850006,183.220001,186.949997,2111200,185.189255
"877",188.350006,189.600006,183.339996,184.139999,1488400,182.405731
"878",185.270004,185.800003,183.910004,185.649994,892700,183.901505
"879",185.580002,189.229996,185.100006,188.679993,1339500,186.902969
"880",189.759995,190.940002,188.509995,189.330002,828500,187.546829
"881",192.559998,193.369995,190.740005,191.610001,846600,189.805374
"882",194,194.710007,189.960007,192.020004,1507000,190.211517
"883",191.880005,191.880005,188.990005,189.119995,1670600,187.338821
"884",188.470001,189.460007,185.479996,188.610001,1474200,186.833633
"885",188.889999,191.210007,187.520004,187.809998,996400,186.041168
"886",188.25,190.240005,186.5,189.690002,804300,187.903458
"887",190.759995,193.240005,189.199997,189.740005,862100,187.952988
"888",189.020004,196.160004,188.669998,195.880005,1355800,194.035156
"889",198.889999,201.529999,197.979996,199.529999,1610800,197.650787
"890",198.619995,199.449997,197.389999,199.139999,938200,197.264435
"891",200.100006,200.229996,197.389999,198,1014100,196.135178
"892",196.979996,197.270004,195.199997,196.339996,648600,194.490814
"893",197.529999,197.910004,194.160004,194.470001,769900,192.638443
"894",194.339996,195.869995,193.259995,195.570007,624300,193.728088
"895",196.779999,197.649994,193.449997,194.100006,774600,192.271912
"896",192.679993,193.990005,190.289993,191.75,965300,189.944046
"897",192.339996,193.539993,191.050003,192.839996,855500,191.023788
"898",191.649994,193.210007,190.440002,192.600006,933100,190.786057
"899",192.600006,193.369995,190.320007,190.880005,1371300,189.08226
"900",189.589996,193.869995,187.75,193.029999,1640500,191.211975
"901",193.029999,197.789993,192.350006,197.539993,1557200,195.67952
"902",199.160004,199.679993,197.449997,198.169998,947100,196.303604
"903",198.229996,200,196.419998,199.419998,847500,197.541809
"904",200,202.399994,199.029999,201.240005,1226200,199.344681
"905",200.860001,200.860001,197.399994,199.240005,945000,197.363525
"906",198.869995,200.490005,198.229996,199.990005,1312000,198.10643
"907",199.550003,205,199.100006,204.490005,923800,202.564072
"908",206.070007,208.320007,205.639999,207.259995,1057300,205.307968
"909",208,212.800003,206.690002,211.5,1382400,209.508041
"910",214,217.320007,212.259995,213.369995,1192200,211.360428
"911",211.880005,212.75,211.380005,212.089996,851700,210.092484
"912",213.979996,214.520004,212.419998,213.970001,905700,211.954773
"913",213.149994,214.669998,212.610001,213.289993,964200,211.281158
"914",213.110001,214.350006,210.839996,212.5,1296400,210.498627
"915",197.860001,200,194.139999,198.270004,4320600,196.402649
"916",201.779999,207.929993,200.559998,207.009995,3228200,205.060333
"917",211.770004,215.690002,210.919998,212.570007,1727900,210.567978
"918",213.130005,215.559998,210.830002,215.429993,954200,213.401031
"919",215,217.850006,214.779999,216.679993,1469600,214.639236
"920",216.800003,217.979996,215.850006,216.410004,1018700,214.371811
"921",216.199997,223.539993,216.199997,222.929993,1372900,221.321274
"922",223.410004,224.229996,219.289993,221.720001,1917700,220.120026
"923",218.850006,222.619995,217.960007,220.990005,1710300,219.395279
"924",221.800003,223.149994,221.399994,221.960007,1539600,220.358276
"925",222.210007,223.279999,216.309998,218.059998,1523200,216.48642
"926",218.789993,218.789993,212.149994,216.220001,1567300,214.659698
"927",213.729996,216.940002,212.600006,216.020004,1531000,214.461166
"928",217.100006,220.220001,216.729996,218.509995,1387200,216.933167
"929",219.539993,220.559998,213.949997,214.600006,957400,213.051407
"930",216.190002,216.679993,213.279999,214.690002,851300,213.140732
"931",216.5,219.740005,216.080002,217.410004,683100,215.84111
"932",219.059998,220.279999,217.589996,217.759995,798500,216.188583
"933",218.279999,219.800003,217.179993,217.259995,693000,215.692169
"934",215.490005,218.089996,214.399994,215.710007,543900,214.153381
"935",213.979996,215.949997,211.389999,212.389999,1067000,210.85733
"936",209.5,211.360001,204.229996,207.830002,983000,206.330261
"937",209.029999,211.410004,207.729996,209.830002,767400,208.315811
"938",210.889999,211.720001,207.339996,207.630005,705800,206.131699
"939",206.779999,212.649994,205.380005,210.460007,1015600,208.941269
"940",209.199997,215.529999,208.860001,215.199997,1011400,213.647064
"941",217.110001,217.860001,214.970001,215.75,873900,214.193085
"942",217.869995,217.899994,212.729996,214.779999,957900,213.230103
"943",215.809998,219.970001,215.380005,218.25,1039800,216.675049
"944",219.690002,220.570007,217.330002,219.529999,897000,217.945831
"945",217.149994,220.759995,215.789993,218.759995,722900,217.181366
"946",221.660004,223.059998,220.139999,222.050003,819700,220.447632
"947",222,223.020004,216.839996,217.660004,892400,216.089294
"948",219.419998,222.139999,219.070007,221.479996,775500,219.881744
"949",222.240005,224.809998,221.300003,224.210007,778200,222.592056
"950",224.580002,226.270004,222.509995,224.600006,740200,222.979248
"951",226.429993,228.600006,224.600006,227.020004,817800,225.381775
"952",224.130005,225.220001,222.009995,223.020004,854200,221.410629
"953",225.820007,225.820007,221.470001,222.839996,855300,221.231918
"954",221.460007,223.649994,220.350006,221.880005,893800,220.27887
"955",223.460007,225.630005,222.589996,224.130005,936300,222.512634
"956",224.619995,226.300003,221.369995,222.339996,732200,220.735519
"957",223.949997,227.660004,222.710007,225.720001,587000,224.091156
"958",226.699997,233.820007,225.669998,232.649994,1220800,230.97113
"959",232.080002,234.759995,230.860001,232.619995,858200,230.94136
"960",234.020004,235.839996,232.460007,235.229996,685700,233.532516
"961",232.240005,233.020004,227.289993,232.169998,1183200,230.494614
"962",233.520004,233.520004,230.360001,231.050003,983100,229.382706
"963",226.809998,227.600006,220.399994,220.550003,1069400,218.958466
"964",220.550003,225.309998,219.119995,223.139999,1039900,221.52977
"965",221.5,224.899994,216.25,219.660004,1411700,218.07489
"966",233.539993,237.820007,220.419998,223.850006,2442300,222.234665
"967",226.059998,227.550003,221.460007,224.789993,1654800,223.167847
"968",226.830002,230.910004,225.470001,227.75,976500,226.106506
"969",231,237.630005,229.740005,236.860001,1397400,235.150772
"970",238.110001,239.860001,235.330002,238.639999,945500,236.917892
"971",248.970001,256.070007,246,246.210007,1912900,244.433304
"972",246.720001,250.229996,246.199997,247.350006,1478600,245.565079
"973",249.389999,251.080002,247.449997,248.229996,1251900,246.438705
"974",247.880005,250.779999,246.940002,249.490005,888300,247.689606
"975",250,255.600006,249.610001,255.110001,919500,253.269073
"976",258.75,259.769989,252.869995,258.339996,1291800,256.475769
"977",255.220001,259.470001,254.139999,256.950012,990500,255.095825
"978",257.420013,257.75,250.229996,250.320007,1160500,248.513626
"979",245.949997,246.869995,238.929993,241.919998,2594500,240.17424
"980",242.369995,244.369995,240.050003,240.559998,1327100,238.824066
"981",241.490005,241.940002,237.619995,239.699997,1677100,237.970261
"982",241.029999,246.710007,240.649994,245.809998,1424700,244.036194
"983",247.210007,248.830002,246.369995,246.850006,1074400,245.06868
"984",246.360001,247.050003,242.020004,245.940002,631300,244.690598
"985",243.830002,245.979996,240.25,245.320007,3488100,244.073746
"986",250.240005,250.850006,245.550003,247.169998,1523300,245.914352
"987",245.100006,247.350006,244.210007,245.320007,932300,244.073746
"988",244.380005,248.119995,244.119995,245.460007,1019200,244.213058
"989",245.929993,246.610001,241.559998,244.119995,1140000,242.879852
"990",242.889999,246.100006,242.009995,245.759995,1022900,244.51152
"991",244.779999,249.029999,244.220001,248.479996,1018600,247.217697
"992",248.089996,249.320007,245.330002,246.649994,1228400,245.397003
"993",246.919998,248.559998,245.339996,246.529999,1042600,245.277603
"994",245.759995,247.949997,243.990005,245.75,778900,244.501587
"995",248.399994,249.759995,246.869995,247.449997,1278500,246.192917
"996",250.059998,252.119995,247.5,250.399994,1260200,249.127945
"997",251.539993,259.170013,250.460007,258.679993,1659000,257.365875
"998",258.619995,265.549988,258.619995,263.829987,2341300,262.489716
"999",265.190002,267.040009,259.299988,261.309998,2868000,259.982513
"1000",256.720001,257.540009,250.789993,254.520004,1931100,253.22702
"1001",254.949997,258.959991,254.550003,257.459991,940700,256.152069
"1002",258.579987,261.809998,256.940002,259.630005,600500,258.311066
"1003",261.320007,261.630005,259.929993,260.950012,285500,259.62439
"1004",264.369995,264.850006,262.440002,263.820007,622500,262.479797
"1005",266.950012,267.200012,262.670013,262.75,732300,261.415222
"1006",263.410004,264.279999,261.850006,262.619995,555100,261.285858
"1007",262.920013,266.660004,262.01001,266.190002,700600,264.837738
