"","EXC.Open","EXC.High","EXC.Low","EXC.Close","EXC.Volume","EXC.Adjusted"
"1",35.669998,35.689999,34.91,35.189999,7296300,29.65296
"2",35.34,35.779999,35.259998,35.490002,6651800,29.905756
"3",35.5,35.650002,35.259998,35.5,5148900,29.914175
"4",35.389999,36.209999,35.32,36.080002,6322900,30.40292
"5",36.09,36.169998,35.25,35.27,4680800,29.720373
"6",35.419998,35.490002,35.009998,35.060001,5340500,29.543413
"7",35.200001,35.459999,35.119999,35.389999,7248200,29.821487
"8",35.419998,35.490002,35.220001,35.439999,3591700,29.863621
"9",35.389999,35.639999,35.240002,35.439999,5052900,29.863621
"10",35.549999,36.049999,35.52,35.880001,3931700,30.234385
"11",35.799999,35.990002,35.599998,35.709999,3016300,30.091133
"12",35.610001,36.049999,35.419998,35.740002,5024600,30.116421
"13",35.779999,35.889999,35.549999,35.799999,5318100,30.166969
"14",35.849998,35.880001,35.240002,35.299999,3636900,29.745646
"15",35.27,35.41,35.099998,35.130001,5209100,29.602398
"16",35.34,35.450001,35.18,35.349998,3905900,29.787781
"17",35.400002,35.669998,35.150002,35.290001,4521800,29.737225
"18",35.439999,35.529999,35.02,35.080002,3247200,29.560266
"19",35.139999,35.150002,34.799999,35.040001,6187300,29.526556
"20",35.040001,35.880001,34.990002,35.880001,8093700,30.234385
"21",35.66,35.810001,35.040001,35.450001,6460700,29.872044
"22",35.439999,35.900002,35.360001,35.82,3924700,30.18383
"23",35.779999,35.91,35.66,35.779999,4284500,30.150124
"24",35.889999,36,35.66,35.810001,4029900,30.1754
"25",35.84,36.07,35.759998,36.009998,3843900,30.343933
"26",35.25,36.299999,34.970001,35.23,9603300,29.686655
"27",35.23,35.23,34.470001,34.849998,7608800,29.366451
"28",34.75,35.07,34.700001,35.02,7374100,29.509708
"29",34.77,35.220001,34.77,35.099998,4848100,29.856752
"30",35.439999,35.509998,34.91,35.360001,5540600,30.077921
"31",35.049999,35.240002,34.849998,35.220001,4043700,29.958838
"32",35.220001,35.439999,35.130001,35.419998,3519100,30.128956
"33",35.459999,35.619999,35.09,35.580002,4963000,30.265062
"34",35.389999,36.02,35.25,35.919998,4476700,30.554264
"35",35.849998,35.919998,35.389999,35.689999,4302300,30.358625
"36",35.830002,36.18,35.73,35.98,5224900,30.605303
"37",36.150002,37.189999,35.950001,37.18,8184800,31.626049
"38",37.09,37.099998,36.400002,36.57,4554700,31.107172
"39",36.470001,36.869999,36.450001,36.709999,6048300,31.226259
"40",36.32,36.470001,36.009998,36.07,4748800,30.681862
"41",35.990002,36.630001,35.860001,36.419998,4467900,30.979572
"42",36.41,36.41,35.91,36.32,3186500,30.894522
"43",36.200001,36.299999,35.98,36.07,3668200,30.681862
"44",36.189999,36.360001,36.02,36.130001,4397800,30.732899
"45",35.810001,35.91,35.509998,35.720001,3954900,30.384148
"46",35.700001,35.98,35.650002,35.779999,3319200,30.435183
"47",35.950001,36.150002,35.720001,35.970001,3525900,30.596802
"48",35.970001,36.07,35.799999,35.939999,2899300,30.57128
"49",35.869999,35.869999,35.560001,35.639999,2926000,30.316097
"50",35.790001,36.529999,35.700001,36.279999,5205200,30.860489
"51",36.060001,36.23,35.889999,35.98,3584500,30.605303
"52",36.07,36.220001,35.93,36.009998,8375900,30.630825
"53",36.110001,36.110001,35.439999,35.57,3690300,30.256546
"54",35.490002,36.139999,35.380001,35.959999,5446100,30.588295
"55",36.099998,36.419998,36.099998,36.299999,5441700,30.877495
"56",36.200001,36.439999,35.919998,35.959999,6282700,30.588295
"57",35.880001,36.400002,35.869999,36.119999,3605600,30.724396
"58",36.259998,36.32,35.66,35.84,2349300,30.486214
"59",35.52,35.689999,35.369999,35.669998,5913200,30.341616
"60",35.700001,36.119999,35.299999,35.93,4624200,30.562775
"61",35.790001,35.91,35.490002,35.700001,4002100,30.367134
"62",35.75,36.43,35.650002,35.98,7149300,30.605303
"63",35.950001,35.98,35.529999,35.82,4660400,30.469208
"64",35.799999,36.380001,35.720001,36.139999,5037800,30.741405
"65",35.880001,36.16,35.759998,36.060001,4620900,30.673359
"66",36,36.34,35.740002,36.27,5709700,30.851986
"67",36.310001,36.470001,35.93,35.970001,6055200,30.596802
"68",36,36,35.689999,35.810001,5195900,30.460697
"69",35.75,36.310001,35.57,36.139999,5238500,30.741405
"70",35.970001,36.259998,35.759998,36.189999,4755700,30.783934
"71",36.139999,36.189999,35.82,35.970001,3607300,30.596802
"72",35.98,36.119999,35.84,35.900002,3149800,30.537258
"73",35.91,36.060001,35.720001,35.779999,4456700,30.435183
"74",35.790001,35.869999,35.360001,35.459999,4743700,30.162977
"75",35.459999,35.459999,34.830002,35.049999,4362000,29.814226
"76",35.049999,35.34,35.009998,35.029999,4469700,29.797211
"77",35.200001,35.619999,34.970001,35.5,4433500,30.197002
"78",35.34,35.52,34.84,35.080002,5341000,29.839748
"79",35.040001,35.43,34.900002,34.900002,4041000,29.686636
"80",34.919998,35.169998,34.799999,34.84,3901600,29.635597
"81",34.84,34.880001,34.529999,34.630001,4112300,29.456968
"82",34.650002,34.700001,34.209999,34.330002,4269100,29.201782
"83",34.389999,34.529999,34.119999,34.459999,5067800,29.312365
"84",34.59,34.59,33.68,33.98,6639900,28.904068
"85",33.950001,34.299999,33.880001,34.049999,7059300,28.963608
"86",34.18,34.540001,34.16,34.34,4030100,29.210291
"87",34.380001,34.48,34.169998,34.259998,4791600,29.142233
"88",34.189999,34.200001,33.57,33.59,5082700,28.572325
"89",33.669998,33.790001,33.450001,33.759998,6002500,28.71693
"90",33.459999,33.630001,33.299999,33.5,7576200,28.775339
"91",33.650002,34.25,33.5,34.130001,6341500,29.316484
"92",34.360001,34.830002,34.34,34.700001,7363400,29.806095
"93",34.610001,34.709999,34.279999,34.509998,6011500,29.642889
"94",34.509998,34.959999,34.43,34.849998,7043100,29.934937
"95",34.959999,35.330002,34.52,35.080002,7903100,30.132505
"96",35.16,35.16,34.779999,35.060001,6212900,30.115322
"97",34.91,35.639999,34.91,35.529999,5684400,30.519045
"98",35.52,35.59,35.290001,35.369999,10759800,30.381599
"99",35.450001,35.830002,35.34,35.810001,7702400,30.759546
"100",35.93,36.080002,35.700001,36.029999,4420700,30.948523
"101",36.009998,36.080002,35.73,35.82,5699900,30.768141
"102",35.720001,36.200001,35.66,36.060001,3836700,30.974293
"103",36.080002,36.450001,35.98,36.310001,6339300,31.189032
"104",36.25,36.740002,36.099998,36.73,4479500,31.549801
"105",36.799999,36.830002,36.419998,36.599998,3311700,31.438126
"106",36.560001,36.740002,36.380001,36.630001,4369800,31.4639
"107",36.75,36.860001,36.540001,36.689999,4482800,31.51543
"108",36.68,36.849998,36.549999,36.610001,3950000,31.446726
"109",36.610001,36.610001,36.240002,36.400002,4130900,31.266342
"110",36.400002,36.68,36.32,36.619999,4057600,31.455307
"111",36.66,36.869999,36.389999,36.48,5442000,31.33506
"112",36.48,36.599998,36.369999,36.549999,3980500,31.395176
"113",36.790001,36.900002,36.59,36.689999,3140800,31.51543
"114",36.669998,36.860001,36.509998,36.82,3228400,31.627104
"115",36.880001,37.119999,36.869999,37.080002,5540400,31.850443
"116",37.139999,37.150002,36.650002,36.84,3879400,31.644283
"117",36.810001,37.130001,36.689999,36.889999,3971000,31.687227
"118",36.950001,37.130001,36.5,36.669998,3445100,31.498253
"119",36.610001,37.080002,36.610001,36.66,4253500,31.489674
"120",36.66,36.790001,36.450001,36.5,4374700,31.352234
"121",36.66,37.439999,36.580002,37.209999,4873900,31.962097
"122",36.959999,37.119999,36.580002,36.759998,3978800,31.57556
"123",36.869999,36.919998,36.130001,36.189999,4919300,31.085953
"124",35.990002,36.23,35.799999,35.84,4829200,30.785311
"125",35.919998,36.279999,35.830002,36.07,4505800,30.98288
"126",36.200001,36.25,35.59,35.84,2314200,30.785311
"127",35.84,35.970001,35.380001,35.52,4003000,30.510443
"128",35.439999,35.73,35.369999,35.68,5980500,30.647881
"129",35.700001,35.900002,35.5,35.580002,4383500,30.561991
"130",35.59,36.009998,35.59,35.759998,4393200,30.716602
"131",35.82,35.849998,35.509998,35.720001,4269000,30.682245
"132",36.009998,36.209999,35.939999,36.07,3481500,30.98288
"133",35.970001,36.02,35.66,35.720001,3468400,30.682245
"134",35.959999,36.27,35.939999,36.060001,3073800,30.974293
"135",36.490002,37.060001,36.450001,37.029999,7359800,31.807484
"136",37.049999,37.189999,36.91,37.16,4828400,31.919151
"137",37.25,37.41,37.060001,37.389999,3318000,32.116711
"138",37.450001,37.689999,37.310001,37.599998,3379600,32.297092
"139",37.560001,37.759998,37.32,37.48,4373300,32.194019
"140",37.48,37.490002,37.110001,37.200001,4827900,31.953506
"141",37.27,37.349998,36.93,37.02,3904500,31.798893
"142",37.02,37.709999,36.950001,37.68,4667900,32.36581
"143",37.73,38.040001,37.540001,37.990002,5253700,32.632099
"144",37.970001,38.439999,37.880001,38.400002,5686800,32.984268
"145",38.389999,38.5,38.240002,38.34,8144600,32.932735
"146",38.48,38.779999,38.419998,38.549999,6353700,33.11311
"147",38.189999,38.619999,37.720001,38.419998,6033600,33.001446
"148",38.380001,38.470001,38.189999,38.439999,3869900,33.018623
"149",38.220001,38.369999,37.959999,38.169998,3888700,32.786705
"150",38.150002,38.27,38.049999,38.220001,2558600,32.829655
"151",38.130001,38.380001,38.029999,38.209999,3391500,32.82106
"152",38.419998,38.48,37.700001,37.700001,5622900,32.382999
"153",37.709999,37.919998,37.560001,37.740002,3928200,32.417343
"154",37.5,37.57,37.25,37.5,3653000,32.493607
"155",37.560001,37.630001,37.41,37.599998,2775300,32.580254
"156",37.400002,37.950001,37.400002,37.84,4521500,32.788212
"157",37.84,38.139999,37.779999,38.130001,4175300,33.039497
"158",38.060001,38.189999,37.59,37.599998,3654200,32.580254
"159",37.57,38.189999,37.48,37.990002,3853800,32.918186
"160",38.060001,38.139999,37.84,37.959999,3094600,32.8922
"161",37.990002,38.27,37.959999,38.23,1899500,33.126148
"162",38.200001,38.389999,38.07,38.32,2752400,33.204128
"163",38.310001,38.509998,38.130001,38.34,5958700,33.221462
"164",38.490002,38.59,38.290001,38.299999,3193200,33.18679
"165",38.369999,38.419998,37.98,38.27,3883200,33.160812
"166",38.290001,38.439999,38.16,38.220001,2429800,33.117481
"167",38.220001,38.220001,37.799999,37.84,4002300,32.788212
"168",38,38.139999,37.82,37.869999,6435500,32.814209
"169",37.950001,37.959999,37.419998,37.540001,5859200,32.528263
"170",37.59,37.68,37.439999,37.599998,6174800,32.580254
"171",37.759998,37.82,37.48,37.549999,5036500,32.53693
"172",37.650002,38.099998,37.580002,38.029999,4234700,32.952835
"173",37.970001,38.290001,37.900002,38.169998,4466700,33.074162
"174",38.139999,38.5,38.040001,38.470001,3289200,33.33411
"175",38.349998,38.450001,37.540001,37.880001,4713300,32.822868
"176",37.91,38.119999,37.779999,37.799999,5369100,32.753551
"177",37.689999,38.139999,37.59,38.099998,3907500,33.0135
"178",38.119999,38.400002,37.490002,37.610001,15250700,32.588921
"179",37.59,37.869999,37.080002,37.400002,6812000,32.406948
"180",37.400002,37.549999,37.029999,37.279999,5360600,32.302975
"181",37.380001,37.380001,36.630001,36.91,7924500,31.982367
"182",36.900002,37.41,36.860001,37.150002,3446800,32.190334
"183",37.25,37.32,36.93,37.119999,3383800,32.164337
"184",37.139999,37.66,37.02,37.599998,4546800,32.580254
"185",37.52,37.52,37.16,37.169998,3972000,32.207653
"186",37,37.279999,36.880001,37.150002,5833900,32.190334
"187",37,37.610001,36.830002,37.400002,4253400,32.406948
"188",37.48,37.959999,37.439999,37.669998,6891900,32.640907
"189",37.810001,38.389999,37.650002,38.139999,8714500,33.048153
"190",38.119999,38.139999,37.549999,37.84,5183200,32.788212
"191",37.849998,38.209999,37.689999,38.189999,4971900,33.091484
"192",38.200001,38.389999,37.990002,38.349998,5434500,33.230129
"193",38.119999,38.25,37.93,38.150002,4122000,33.056831
"194",38.16,38.32,37.98,38.040001,2484600,32.961506
"195",38.169998,38.41,38.009998,38.299999,2403400,33.18679
"196",37.93,38.5,37.93,38.459999,4909200,33.325443
"197",38.400002,38.950001,38.25,38.939999,4733800,33.741356
"198",39,39.43,38.919998,39.240002,6376700,34.001305
"199",39.150002,39.740002,38.98,39.669998,8555600,34.373901
"200",39.560001,39.720001,39.220001,39.599998,4238800,34.313244
"201",39.580002,39.68,39.349998,39.619999,2726500,34.330578
"202",39.599998,39.880001,39.439999,39.77,4810900,34.460545
"203",39.75,39.810001,39.34,39.580002,4235600,34.295918
"204",39.59,39.82,39.389999,39.740002,3653000,34.434559
"205",39.740002,40,39.599998,39.959999,3808600,34.625179
"206",39.869999,40.18,39.310001,40.07,5144100,34.720505
"207",40.25,40.34,39.869999,39.880001,3993800,34.555862
"208",39.810001,40.330002,39.740002,40.25,2783600,34.876469
"209",40.07,40.27,39.939999,40.240002,4885600,34.867805
"210",40.220001,40.380001,40.099998,40.209999,3692400,34.841808
"211",40.32,40.360001,39.98,40.150002,5210000,34.789822
"212",40.099998,40.810001,39.470001,40.720001,7794400,35.283722
"213",40.75,41.560001,40.560001,40.939999,5709300,35.474358
"214",40.970001,41.139999,40.619999,40.689999,3895600,35.257725
"215",40.73,41.490002,40.66,41.27,4183800,35.760292
"216",41.290001,41.470001,40.84,41.32,3815500,35.803616
"217",41.209999,41.540001,41.029999,41.139999,3580400,35.647655
"218",40.860001,41.43,40.860001,41.299999,3881600,35.786289
"219",41.380001,42.18,41.299999,42.09,5310200,36.470821
"220",41.75,42.459999,41.59,42.389999,5278000,37.019249
"221",42.459999,42.669998,41.68,41.77,5777200,36.47781
"222",41.599998,41.650002,41.110001,41.240002,6987100,36.014961
"223",41.189999,41.360001,41.060001,41.259998,4821300,36.032425
"224",41.32,41.639999,41.209999,41.349998,3799800,36.111019
"225",41.459999,41.669998,41.34,41.389999,3081800,36.145954
"226",41.439999,41.549999,41.209999,41.5,3058900,36.24202
"227",41.5,41.75,41.470001,41.630001,1432600,36.355545
"228",41.700001,41.82,41.459999,41.650002,4359200,36.373013
"229",41.779999,42.110001,41.740002,41.959999,3857300,36.643738
"230",41.830002,41.91,41.490002,41.689999,4487200,36.407944
"231",41.75,41.959999,41.43,41.709999,7346100,36.425411
"232",41.889999,42.09,41.259998,41.830002,5908700,36.530205
"233",41.889999,42,41.419998,41.560001,4939500,36.294418
"234",41.580002,41.709999,40.950001,41.25,6139700,36.023685
"235",41.48,41.650002,40.779999,41.119999,5383400,35.910168
"236",41.139999,41.169998,39.549999,40.810001,6814300,35.639435
"237",40.619999,41.07,40.369999,41.049999,7950200,35.849026
"238",41.09,41.950001,41.09,41.919998,8716500,36.608799
"239",41.779999,41.889999,40.959999,41.009998,7943500,35.814091
"240",41,41.490002,40.860001,41.130001,8641600,35.918896
"241",40.98,41.259998,40.610001,40.810001,4694100,35.639435
"242",40.860001,41.02,40.68,40.740002,9017400,35.578304
"243",40.889999,41.080002,40.389999,40.48,4976700,35.351242
"244",40.580002,40.740002,39.610001,39.619999,4474100,34.600212
"245",39.580002,39.720001,38.970001,39.040001,6077700,34.093704
"246",38.869999,39.360001,38.759998,39.07,4014700,34.119892
"247",39.189999,39.220001,38.970001,39.009998,3529800,34.067493
"248",39.119999,39.23,38.779999,38.810001,2040900,33.892838
"249",38.970001,39.02,38.77,38.990002,5023500,34.050034
"250",38.93,39.330002,38.93,39.299999,3744000,34.320747
"251",39.439999,39.5,39.25,39.41,3118300,34.416817
"252",39.540001,39.689999,39.259998,39.59,5153000,34.574013
"253",39.369999,39.880001,38.77,39.060001,4814800,34.111156
"254",38.970001,39.139999,38.490002,38.509998,4729400,33.630844
"255",38.720001,38.830002,38.07,38.189999,7142100,33.351391
"256",38.279999,38.869999,38.23,38.599998,10782400,33.709438
"257",38.549999,38.669998,37.740002,38.16,7664300,33.325184
"258",38.02,38.34,37.82,37.950001,4914800,33.141785
"259",38.220001,38.740002,38.049999,38.41,7431900,33.54351
"260",38.330002,38.59,38.009998,38.389999,5095200,33.526054
"261",38.470001,38.82,38.099998,38.470001,7737300,33.595913
"262",38.59,39.200001,38.549999,39.09,5931000,34.13736
"263",39,39.080002,38.169998,38.59,7048400,33.700706
"264",38.75,38.799999,37.900002,37.970001,8464700,33.159267
"265",38.220001,38.630001,37.919998,38.049999,9460800,33.229126
"266",38.419998,38.939999,38.32,38.529999,6438400,33.6483
"267",38.470001,38.52,38.119999,38.209999,5488700,33.368851
"268",38.34,38.77,38.25,38.68,6889700,33.779305
"269",38.849998,38.950001,38.439999,38.860001,7514700,33.936497
"270",38.709999,38.709999,38.16,38.330002,4654000,33.473656
"271",38.330002,38.619999,38.09,38.290001,4606900,33.438717
"272",38.299999,38.59,38.099998,38.509998,10075700,33.630844
"273",38.529999,38.709999,37.77,37.84,4894500,33.045731
"274",37.75,38.150002,37.639999,37.720001,5533600,32.940933
"275",37.720001,38.07,36.830002,36.919998,7002300,32.242294
"276",36.509998,36.82,35.57,36.470001,12573000,31.849308
"277",36.470001,37.689999,36.09,36.150002,8553400,31.569851
"278",36.16,36.849998,35.950001,35.98,11328600,31.421394
"279",36.150002,37.099998,35.869999,36.860001,10826800,32.189899
"280",36.900002,37.330002,36.560001,37.169998,7420700,32.460621
"281",37.040001,37.18,36.419998,37.009998,7408600,32.320885
"282",36.57,37.060001,36.220001,36.599998,7662800,32.263592
"283",36.720001,37.509998,36.619999,37.5,6799200,33.056965
"284",37.599998,37.98,37.43,37.779999,9447600,33.303787
"285",37.73,38.099998,37.470001,37.68,9892100,33.215637
"286",37.68,37.759998,37.02,37.060001,14813800,32.66909
"287",37.18,37.52,36.93,37.240002,8085300,32.827766
"288",37.360001,38.279999,37.18,38.240002,5400500,33.70929
"289",38.290001,38.400002,37.860001,38.029999,5324200,33.524166
"290",38.029999,38.490002,37.240002,37.240002,6734500,32.827766
"291",37.299999,37.66,37.040001,37.040001,7602000,32.65147
"292",37.18,37.549999,36.650002,36.939999,5238400,32.563309
"293",36.970001,37.139999,36.5,36.919998,5339900,32.545681
"294",36.849998,37.75,36.669998,37.68,5684500,33.215637
"295",37.689999,37.73,37.02,37.169998,6534000,32.766052
"296",37.049999,37.200001,36.57,36.82,4875100,32.457535
"297",36.860001,37.52,36.740002,37.450001,4566100,33.012875
"298",37.490002,37.57,37.009998,37.5,7714800,33.056965
"299",37.549999,37.650002,37.220001,37.529999,8515000,33.083401
"300",37.669998,38.029999,37.209999,37.439999,6515800,33.00407
"301",37.509998,38.080002,37.509998,37.830002,5338400,33.347862
"302",37.830002,38.209999,37.700001,37.869999,5461100,33.383121
"303",37.959999,38.540001,37.900002,38.380001,11779500,33.832699
"304",38.43,38.57,37.91,38.220001,6117000,33.69165
"305",38.290001,38.59,38.150002,38.310001,9898800,33.770996
"306",38.360001,38.73,37.950001,38.07,7642700,33.559425
"307",38.099998,39.080002,38.099998,38.369999,5613200,33.823887
"308",38.419998,38.580002,37.630001,37.709999,4704900,33.242085
"309",37.900002,38.16,37.75,38.099998,3397100,33.585869
"310",38.139999,38.849998,37.990002,38.470001,5743200,33.912037
"311",38.580002,38.970001,38.459999,38.540001,7685300,33.973747
"312",38.810001,39.32,38.759998,39.009998,6223800,34.388054
"313",39.099998,39.16,37.970001,38.259998,7398700,33.726913
"314",38.25,38.93,38.18,38.75,6064200,34.158855
"315",38.66,38.799999,38.25,38.779999,4286100,34.185295
"316",38.799999,39.119999,38.41,39,4428000,34.379238
"317",38.98,39.09,38.450001,38.630001,3475600,34.053078
"318",38.709999,38.889999,38.490002,38.59,3835300,34.017818
"319",38.580002,38.849998,38.41,38.669998,5597600,34.088341
"320",38.650002,38.650002,38.389999,38.48,3765400,33.920841
"321",38.119999,38.529999,37.450001,37.759998,9585100,33.286152
"322",38.060001,38.720001,38.029999,38.34,5489900,33.797428
"323",38.52,38.689999,38.27,38.59,4767900,34.017818
"324",38.700001,39.16,38.619999,39.07,4973000,34.440945
"325",39.18,39.540001,38.939999,38.939999,4157400,34.326344
"326",38.900002,39.029999,38.580002,38.959999,3196200,34.343979
"327",38.990002,39,38.400002,38.599998,4593100,34.026627
"328",38.720001,39.060001,38.490002,38.66,4383300,34.079517
"329",38.84,39.619999,38.740002,39.18,5237600,34.53791
"330",39.009998,39.189999,38.700001,39.16,3818900,34.520283
"331",39.220001,39.650002,39.150002,39.509998,4011000,34.828812
"332",39.419998,39.959999,39.41,39.849998,3301500,35.128529
"333",39.919998,39.990002,39.610001,39.68,6805300,34.978668
"334",40,40.43,39.880001,40.150002,14136000,35.392994
"335",40.380001,40.59,39.919998,40.380001,8072900,35.595737
"336",40.299999,41.189999,40.040001,40.849998,8154000,36.010044
"337",40.900002,41.209999,40.880001,41.080002,4187100,36.212795
"338",41.130001,41.560001,41.099998,41.299999,6937900,36.406731
"339",41.169998,41.189999,40.57,40.740002,9583000,35.913086
"340",40.709999,40.790001,39.91,39.970001,6292900,35.234322
"341",40.299999,40.619999,40.16,40.599998,4839500,35.789661
"342",40.549999,40.759998,40.349998,40.639999,3393000,35.824932
"343",40.450001,40.549999,40.080002,40.34,4226800,35.864933
"344",40.080002,40.310001,39.869999,40.209999,8295900,35.749355
"345",40.110001,40.27,39.580002,39.790001,4343600,35.375954
"346",39.84,40,39.25,39.349998,6401700,34.984756
"347",39.419998,39.669998,39.099998,39.439999,6491400,35.064777
"348",39.540001,39.709999,39.110001,39.639999,4903800,35.242588
"349",39.630001,40.119999,39.619999,39.869999,5331000,35.447075
"350",39.950001,40.349998,39.900002,40.299999,6601500,35.829376
"351",40.18,40.549999,39.939999,40.529999,6119200,36.033863
"352",40.490002,40.889999,40.419998,40.669998,4390200,36.158333
"353",40.490002,40.889999,40.330002,40.709999,6144200,36.193886
"354",40.68,41.389999,40.450001,41.220001,6727100,36.647312
"355",41.169998,41.720001,40.91,41.389999,6176600,36.798454
"356",41.389999,41.400002,40.41,40.990002,6910600,36.442829
"357",41.09,41.34,40.419998,40.540001,6684700,36.042755
"358",40.700001,40.75,40.23,40.43,4926400,35.944954
"359",40.650002,40.650002,39.650002,39.709999,6190400,35.304829
"360",39.740002,40.529999,39.630001,40.139999,6097000,35.687122
"361",40.080002,40.310001,39.740002,40,5415300,35.562653
"362",40,40.220001,39.73,39.93,4346300,35.50042
"363",39.93,40.560001,39.91,40.490002,7251300,35.998295
"364",40.610001,41.130001,40.360001,40.52,5449400,36.024979
"365",40.52,41.119999,40.400002,41.07,5081700,36.513954
"366",40.970001,41.57,40.580002,41.490002,11009600,36.887367
"367",41.43,41.84,41.43,41.720001,4843900,37.091846
"368",41.75,42.139999,41.25,41.610001,6770700,36.994053
"369",41.700001,41.939999,41.41,41.799999,3896700,37.162975
"370",41.709999,41.91,41.189999,41.43,6895000,36.834015
"371",41.59,41.73,41.349998,41.5,4468000,36.896255
"372",41.59,42.110001,41.490002,41.849998,6911200,37.207428
"373",41.950001,42.220001,41.799999,42.029999,10904000,37.367455
"374",42.029999,42.349998,41.900002,42.200001,4392600,37.5186
"375",42.330002,42.610001,42.110001,42.279999,7746900,37.589725
"376",42.34,42.720001,42.029999,42.599998,8975000,37.874229
"377",42.669998,42.919998,42.349998,42.900002,4362300,38.140957
"378",42.889999,43.09,42.580002,42.810001,3059600,38.060936
"379",42.900002,42.990002,42.639999,42.919998,4142600,38.15873
"380",42.91,43.189999,42.779999,43.09,3588800,38.309872
"381",43.16,43.200001,41.68,41.849998,5951800,37.207428
"382",41.5,42.369999,41.459999,42.169998,5310600,37.491928
"383",42.279999,42.599998,41.200001,42.450001,5569600,37.740871
"384",42.490002,42.599998,41.959999,42.349998,6071300,37.651958
"385",42.470001,42.529999,42.040001,42.389999,4771300,37.687527
"386",42.279999,42.400002,41.959999,42.150002,5423200,37.474148
"387",42.200001,42.330002,41.889999,41.919998,7740300,37.269661
"388",41.959999,42.02,41.599998,41.919998,4893700,37.269661
"389",42,42.470001,42,42.240002,6098100,37.554165
"390",42.049999,42.25,41.77,42.049999,5407300,37.385239
"391",42.169998,42.18,41.459999,41.610001,4235200,36.994053
"392",41.5,41.709999,40.970001,41.650002,5165800,37.029617
"393",41.619999,42.240002,41.599998,41.880001,5319600,37.2341
"394",42.09,42.290001,41.939999,42.27,5699800,37.580841
"395",42.299999,42.580002,42.029999,42.200001,3011600,37.5186
"396",42.16,42.259998,41.650002,41.799999,3420300,37.162975
"397",41.959999,42.52,41.73,42.5,8493200,37.78532
"398",42.18,42.209999,41.720001,42,5461400,37.34079
"399",42.16,42.880001,41.959999,42.290001,5087400,37.598614
"400",42.360001,42.650002,42.139999,42.490002,4424900,37.776428
"401",42.439999,42.779999,42.369999,42.610001,3964200,37.883118
"402",42.66,42.959999,42.25,42.77,6130900,38.025372
"403",42.700001,42.919998,42.5,42.849998,3428800,38.096489
"404",42.869999,43.43,42.75,43.369999,4579300,38.558811
"405",43.470001,43.740002,43.060001,43.130001,4463100,38.345432
"406",43.169998,43.369999,43.009998,43.310001,4431500,38.505466
"407",43.060001,43.52,43,43.349998,4349000,38.850502
"408",43.439999,43.970001,43.380001,43.630001,5868500,39.101444
"409",43.619999,44.439999,43.57,44.330002,8266500,39.728786
"410",44.299999,45.049999,44.240002,44.529999,8284200,39.908024
"411",44.290001,44.490002,44.09,44.259998,6398100,39.666042
"412",44.32,44.360001,43.82,44.09,4388100,39.513699
"413",44.200001,44.200001,43.630001,43.93,3020200,39.3703
"414",43.919998,44.23,43.779999,43.900002,3377700,39.343414
"415",43.919998,44.080002,43.610001,44.029999,3374500,39.459923
"416",44.119999,44.18,43.419998,43.650002,2722700,39.119366
"417",43.52,43.599998,43.27,43.400002,4561900,38.895317
"418",43.84,43.939999,43.580002,43.82,3054500,39.271713
"419",43.889999,44.130001,43.75,43.939999,2868300,39.379261
"420",43.93,44.049999,43.450001,43.709999,6528000,39.173134
"421",44.09,44.130001,43.849998,43.990002,3128400,39.424072
"422",44.040001,44.380001,43.990002,44.200001,7031200,39.612274
"423",44.450001,44.580002,44.18,44.360001,6306100,39.75568
"424",44.110001,44.439999,43.860001,44.07,4752200,39.49577
"425",44.27,44.849998,44.169998,44.619999,5083100,39.988678
"426",44.290001,44.48,43.970001,44.200001,5325300,39.612274
"427",44.25,44.459999,44.060001,44.119999,4665600,39.540581
"428",44.110001,44.450001,43.860001,44.439999,4495500,39.827374
"429",44.34,44.360001,43.84,44.080002,5272100,39.504738
"430",44.380001,44.549999,44.169998,44.470001,2977500,39.854259
"431",44.34,44.48,44.029999,44.200001,4448800,39.612274
"432",44.27,44.279999,42.950001,43.240002,9961700,38.751919
"433",43.169998,43.560001,42.919998,43.389999,6070400,38.886345
"434",43.299999,43.860001,43.130001,43.650002,9479800,39.119366
"435",43.59,43.700001,43.169998,43.200001,4501400,38.716068
"436",43.290001,43.290001,42.439999,42.580002,5618600,38.160427
"437",42.689999,42.84,42.189999,42.200001,6259400,37.81987
"438",42.240002,42.950001,42.200001,42.810001,5984200,38.366554
"439",42.93,43.720001,42.84,43.66,7179400,39.12833
"440",43.459999,43.540001,43.200001,43.41,4646000,38.904282
"441",43.549999,44.209999,43.5,44.009998,4842400,39.442001
"442",43.950001,44.07,42.73,43.099998,5375200,38.626446
"443",43.02,43.330002,42.560001,43.240002,6419800,38.751919
"444",43.240002,43.959999,43.139999,43.810001,3426200,39.262756
"445",43.970001,44.209999,43.48,44.009998,5684200,39.442001
"446",43.860001,44.360001,43.630001,44.02,5522200,39.450966
"447",43.919998,44.490002,43.549999,43.560001,7095400,39.0387
"448",43.689999,43.779999,42.5,42.73,7274900,38.294857
"449",42.82,43.110001,42.439999,42.91,6870900,38.456173
"450",42.959999,43.549999,42.830002,43.029999,5579600,38.563721
"451",43.009998,43.630001,42.889999,43.459999,6220700,38.949093
"452",43.459999,43.560001,42.830002,42.990002,5078000,38.527874
"453",43.009998,43.310001,42.799999,43.080002,4454200,38.608532
"454",43.23,44.389999,43.150002,44.130001,6480500,39.549545
"455",43.73,43.98,43.400002,43.5,4664600,38.984932
"456",43.57,43.810001,43.200001,43.529999,4566200,39.011818
"457",43.869999,44.869999,43.59,44.52,6200400,39.899063
"458",44.209999,44.240002,43.5,43.849998,6512400,39.298607
"459",44.029999,44.209999,43.240002,43.619999,9369100,39.09248
"460",43.560001,44.279999,43.560001,44.080002,7000500,39.504738
"461",44.790001,44.790001,43.93,44.380001,6306900,39.773594
"462",44.23,44.23,43.529999,43.810001,9034400,39.262756
"463",43.939999,44.349998,43.32,43.650002,6728400,39.119366
"464",43.84,44,43.02,43.400002,6109400,38.895317
"465",43.830002,44.509998,43.560001,44.18,6375900,39.59436
"466",44.220001,44.360001,43.689999,44.310001,5168300,39.710865
"467",44.52,44.810001,44.139999,44.669998,8457600,40.033489
"468",44.779999,44.790001,44.189999,44.75,5577600,40.105194
"469",44.830002,45.299999,44.610001,45.040001,5877100,40.365093
"470",44.830002,46.200001,44.779999,45.720001,4588400,40.97451
"471",45.830002,46.049999,45.490002,45.91,5406600,41.144787
"472",45.389999,45.639999,45.040001,45.220001,7175700,40.833263
"473",44.91,45.73,44.560001,45.549999,5346000,41.131245
"474",46.169998,46.200001,45.580002,45.880001,7807500,41.429234
"475",45.919998,46.18,45.799999,46.099998,4664100,41.627884
"476",46.25,46.32,45.290001,45.439999,7274400,41.031918
"477",45.290001,45.48,44.77,44.950001,4441600,40.589451
"478",45,45.029999,44.529999,44.849998,2555700,40.499146
"479",44.939999,45.279999,44.66,45.200001,4335600,40.815197
"480",45.209999,45.709999,45.07,45.529999,4028200,41.113178
"481",45.66,45.91,45.18,45.82,5132800,41.375053
"482",45.849998,45.860001,45.07,45.669998,4179900,41.239597
"483",45.810001,46.450001,45.630001,46.389999,6869600,41.889755
"484",46.349998,46.490002,46.02,46.48,5675800,41.971024
"485",46.709999,47.369999,46.52,46.950001,8820600,42.395439
"486",46.950001,47.400002,46.09,46.900002,7284900,42.350281
"487",46.869999,47.299999,46.279999,46.959999,4612900,42.404465
"488",46.799999,47.150002,46,47,5067600,42.440586
"489",47.080002,47.169998,46.66,46.889999,5193600,42.341259
"490",47.009998,47.349998,46.82,46.889999,6789500,42.341259
"491",46.880001,47.27,46.790001,46.950001,4429900,42.395439
"492",46.98,47.209999,46.77,47.060001,5333400,42.494762
"493",47.09,47.23,45.470001,45.610001,7154500,41.185429
"494",45.869999,46.48,45.59,45.799999,7041100,41.356987
"495",45.880001,46.48,45.48,45.720001,7485200,41.284752
"496",45.82,46.529999,45.25,45.810001,8255800,41.366016
"497",45.799999,47.02,45.68,45.889999,12078200,41.438267
"498",45.880001,46.23,43.650002,43.830002,4136500,39.578098
"499",43.849998,44.52,43.099998,44.48,5415200,40.165043
"500",44.25,44.799999,43.5,44.779999,6312600,40.435936
"501",44.880001,45.299999,44.610001,44.740002,4977500,40.399822
"502",44.779999,45.099998,44.450001,45.099998,4283900,40.724892
"503",44.779999,45,43.849998,44.07,5402700,39.794815
"504",44.18,44.57,43.880001,44.119999,4713200,39.839966
"505",43.59,44.630001,43.509998,44.619999,5540600,40.291458
"506",44.32,44.970001,44.18,44.700001,7544200,40.363705
"507",44.720001,45.43,44.529999,45.389999,4606700,40.986767
"508",45.189999,45.459999,44.830002,45.02,6265000,40.65266
"509",45.150002,45.84,44.91,45.790001,4414500,41.347961
"510",45.740002,46.040001,45.490002,45.790001,4782700,41.347961
"511",45.34,45.450001,44.549999,45.040001,6814900,40.670723
"512",44.93,46,44.93,45.790001,5051700,41.347961
"513",45.52,45.830002,45.290001,45.799999,5571600,41.356987
"514",45.830002,46.09,45.599998,46.02,4138000,41.555649
"515",46.099998,46.389999,45.900002,46.080002,4821400,41.609829
"516",46.02,46.599998,45.779999,46.25,5264600,41.76334
"517",46.299999,46.889999,46.259998,46.869999,4620000,42.323193
"518",47,47.060001,46.5,46.959999,4438300,42.404465
"519",46.779999,47.029999,46.240002,46.43,6726400,41.925877
"520",46.470001,46.57,45.810001,46.150002,3555600,41.673042
"521",46.299999,46.509998,46.040001,46.200001,5140100,41.718189
"522",46.119999,46.900002,46.110001,46.650002,3786500,42.124535
"523",46.599998,47.93,46.459999,47.759998,8023300,43.126854
"524",47.669998,47.77,47.119999,47.459999,4859800,42.855961
"525",47.209999,47.34,46.799999,47.34,6413600,42.747601
"526",47.259998,47.5,47.029999,47.290001,5072300,42.70245
"527",47.119999,47.540001,46.990002,47.32,5118200,42.729542
"528",47.360001,48.169998,47.169998,48.130001,7132600,43.460968
"529",46.16,47.810001,46.029999,47.720001,8799600,43.090736
"530",47.66,48.07,47.59,47.799999,5659900,43.162971
"531",47.91,48.110001,47.490002,47.919998,4610000,43.271336
"532",47.799999,48.02,47.77,47.900002,4375600,43.253273
"533",47.849998,48.080002,47.529999,47.860001,3876200,43.217159
"534",48.18,48.259998,47.93,48.259998,6128300,43.57835
"535",48.040001,48.209999,47.709999,48.150002,4836800,43.808544
"536",48.009998,48.34,47.799999,48.130001,5817600,43.790344
"537",47.860001,48.619999,47.830002,48.490002,9513600,44.117886
"538",48.599998,48.91,48.450001,48.740002,4250700,44.345345
"539",48.959999,48.970001,48.189999,48.419998,4001900,44.054192
"540",48.639999,48.75,48.279999,48.560001,5395800,44.181572
"541",48.349998,48.790001,48.240002,48.299999,4955900,43.945011
"542",48.220001,48.790001,48.09,48.59,6281200,44.208862
"543",48.700001,48.830002,48.330002,48.540001,4724200,44.163372
"544",48.66,48.810001,48.099998,48.450001,3729600,44.081493
"545",48.360001,48.560001,48.259998,48.419998,4382400,44.054192
"546",48.450001,48.599998,48.16,48.43,3542900,44.06329
"547",48.610001,48.950001,48.48,48.549999,4137400,44.17247
"548",48.599998,48.82,48.310001,48.779999,3405400,44.381733
"549",48.790001,49.139999,48.689999,49.080002,4504200,44.65469
"550",49.18,49.560001,49.139999,49.459999,4840500,45.000416
"551",49.43,49.700001,49.349998,49.630001,4653900,45.155094
"552",49.630001,49.990002,49.419998,49.619999,4097900,45.145996
"553",49.549999,50.200001,49.43,50,12012700,45.49173
"554",50.009998,50.09,49.470001,49.669998,5582900,45.191494
"555",49.630001,49.66,48.84,49.080002,6530700,44.65469
"556",49.23,49.580002,48.900002,49.099998,4776400,44.672878
"557",49.099998,49.75,48.98,49.66,8557500,45.182392
"558",49.720001,50.470001,49.630001,50.279999,7286600,45.746487
"559",50.310001,50.490002,50.060001,50.380001,5892100,45.837479
"560",50.560001,50.75,50.32,50.68,4179500,46.11042
"561",50.709999,50.849998,50.209999,50.529999,5146400,45.973946
"562",50.580002,50.639999,49.599998,49.759998,5403400,45.273365
"563",49.709999,50.150002,49.59,50.130001,5692200,45.610008
"564",50.34,50.349998,49.439999,49.84,4213000,45.346161
"565",50.32,50.349998,49.900002,50.290001,6380800,45.755589
"566",50.25,50.290001,49.810001,49.939999,4315900,45.437138
"567",50.060001,50.099998,49.490002,49.639999,3986400,45.164192
"568",49.709999,49.959999,49.52,49.900002,5030900,45.400757
"569",49.869999,49.990002,49.439999,49.619999,6370800,45.145996
"570",49.540001,49.84,49.349998,49.52,5267200,45.055016
"571",49.950001,50.259998,49.52,49.560001,4489200,45.091412
"572",49.48,49.799999,49.380001,49.779999,3576500,45.291573
"573",49.650002,49.830002,49.200001,49.700001,6541200,45.218784
"574",49.810001,50.290001,49.709999,50.189999,5035600,45.664597
"575",50.080002,50.200001,49.099998,49.200001,3682200,44.763866
"576",49.290001,49.32,48.790001,48.889999,5184400,44.481819
"577",49,49.619999,48.82,49.400002,8692700,44.945831
"578",49.490002,49.740002,49.310001,49.48,6105100,45.018623
"579",49.52,49.970001,49.310001,49.740002,6573000,45.25518
"580",49.790001,50.34,49.73,50.07,7003800,45.55542
"581",49.880001,50.669998,49.799999,50.389999,4185100,45.846573
"582",50.630001,51.029999,50.459999,50.470001,4971800,45.919353
"583",50.369999,50.450001,49.68,50.080002,5297300,45.564522
"584",50.209999,51,49.970001,50.950001,7601000,46.356075
"585",50.759998,50.82,50.279999,50.290001,5495500,45.755589
"586",50.669998,50.720001,49.23,49.73,4707500,45.246075
"587",49.75,50.049999,49.59,49.880001,4597000,45.382553
"588",49.93,50.040001,49.25,49.389999,5252700,44.936737
"589",49.32,49.509998,48.889999,49.080002,4655200,44.65469
"590",48.950001,49.16,48.43,48.580002,5553700,44.199772
"591",48.68,48.93,48.330002,48.759998,4447000,44.363537
"592",48.779999,49.419998,48.490002,49.330002,4062300,44.882141
"593",49.209999,49.91,49.139999,49.82,4122200,45.327961
"594",49.380001,49.560001,48.91,48.970001,4933400,44.881626
"595",49.009998,49.209999,48.740002,48.77,4516400,44.698315
"596",48.810001,49.16,48.639999,48.91,4584600,44.82663
"597",48.52,49.189999,48.52,48.98,4125100,44.890785
"598",49.099998,49.330002,48.799999,48.93,4538600,44.844963
"599",48.98,49.349998,48.790001,48.93,3871200,44.844963
"600",49.02,49.380001,48.810001,49.27,4696600,45.156578
"601",49.290001,49.73,49.200001,49.66,3656100,45.514023
"602",49.669998,50.009998,49.52,49.560001,4196600,45.422367
"603",49.580002,49.619999,48.669998,48.779999,4299500,44.707485
"604",48.93,48.959999,48.139999,48.25,3623500,44.221733
"605",48.349998,48.5,47.959999,48.040001,3271000,44.029263
"606",48.040001,48.290001,47.68,48.080002,5138400,44.065922
"607",48.310001,48.610001,47.990002,48.52,3738400,44.469189
"608",48.509998,48.779999,47.700001,48.709999,3402900,44.64333
"609",48.91,49.970001,48.799999,49.720001,4549700,45.569008
"610",49.73,50.360001,49.619999,50.23,4637400,46.036427
"611",50.77,51.18,49.950001,49.950001,5780600,45.779812
"612",49.959999,49.959999,49.25,49.57,3739100,45.43153
"613",49.439999,49.689999,48.919998,49.209999,4177500,45.101582
"614",49.389999,50.490002,49.110001,50.450001,5176400,46.238068
"615",50.529999,50.669998,49.82,50.169998,3781700,45.981441
"616",50.18,50.950001,50.07,50.799999,4110700,46.558842
"617",50.77,50.860001,50.240002,50.450001,3999100,46.238068
"618",50.610001,50.689999,49.52,49.900002,5449300,45.733986
"619",49.66,50.18,49.32,50,6665600,45.82563
"620",50.119999,50.470001,49.669998,50.240002,4882600,46.045593
"621",50.169998,50.459999,49.799999,50.400002,8194800,46.19223
"622",50.240002,50.57,49.889999,50.16,5140500,45.972275
"623",50.02,50.099998,49,49.040001,5656000,44.945774
"624",48.860001,48.990002,47.759998,47.790001,6191200,43.80014
"625",47.98,48.07,47.380001,47.560001,6226100,43.589344
"626",47.59,48.060001,47.5,47.939999,6728400,43.937611
"627",47.970001,48.139999,47.5,48.049999,4397000,44.038429
"628",48.16,48.84,48.119999,48.830002,7305100,44.753315
"629",48.880001,49.209999,48.709999,49.029999,3560800,44.936611
"630",48.700001,49.259998,48.189999,49.200001,4583400,45.092422
"631",49.150002,49.259998,48.580002,48.77,6751800,44.698315
"632",48.77,49.080002,48.419998,48.98,5700000,44.890785
"633",49.189999,49.799999,48.98,49.369999,6124500,45.248226
"634",49.419998,49.57,49,49.540001,4379900,45.40403
"635",49.619999,49.709999,49.02,49.060001,3981700,44.964108
"636",49.009998,49.209999,48.68,48.880001,4945900,44.799141
"637",48.810001,49.07,48.07,48.400002,5742000,44.359211
"638",48.650002,48.860001,48.439999,48.599998,3983400,44.542515
"639",48.720001,48.860001,48.310001,48.759998,4691400,44.689152
"640",48.619999,48.720001,47.529999,47.57,6827000,43.598503
"641",47.689999,47.779999,47.07,47.279999,5328900,43.332718
"642",47.200001,47.259998,46.23,46.360001,7742100,42.489521
"643",46.150002,46.299999,45.110001,45.48,10354600,41.682991
"644",45.5,46.27,45.200001,46.130001,8945700,42.278725
"645",46.240002,46.48,45.810001,45.82,5525900,41.994606
"646",45.900002,46.209999,45.459999,46.049999,6875300,42.205402
"647",46.060001,46.439999,45.869999,46.049999,4200500,42.205402
"648",46.040001,46.080002,44.900002,45.060001,6978400,41.298054
"649",44.040001,45.150002,43.689999,44.400002,7890400,40.693165
"650",44.57,45.459999,44.5,44.75,7878900,41.013943
"651",44.810001,45.310001,44.310001,44.419998,9973900,40.711487
"652",44.540001,45.380001,44.220001,45.209999,7561600,41.435532
"653",45.130001,45.360001,44.330002,45.009998,5055600,41.252228
"654",44.98,45.459999,44.73,45.419998,5158500,41.628006
"655",45.610001,45.790001,45.130001,45.200001,5661700,41.426369
"656",45.209999,45.48,44.830002,45.200001,6181900,41.426369
"657",45.279999,45.77,44.77,45.52,6680900,41.71965
"658",45.07,45.16,44.25,44.48,5664000,41.094185
"659",44.419998,44.959999,44.32,44.650002,5173500,41.251251
"660",44.82,45.18,44.599998,45.130001,5429100,41.69471
"661",45.200001,45.450001,44.939999,45.279999,3984500,41.83329
"662",45.380001,45.389999,44.900002,45.209999,6164800,41.76862
"663",45.220001,45.59,45.049999,45.439999,3780500,41.981113
"664",45.439999,45.689999,45.209999,45.52,3670500,42.055019
"665",45.34,45.630001,44.700001,44.880001,6978000,41.463741
"666",45.029999,45.689999,44.889999,45.68,3979400,42.202835
"667",46.599998,47,46.209999,46.240002,9734400,42.720211
"668",46.169998,46.52,46.029999,46.43,5309200,42.895752
"669",46.68,46.779999,46.32,46.75,3595300,43.191391
"670",46.970001,47.470001,46.759998,47.259998,5474400,43.662571
"671",47.080002,47.950001,46.970001,47.919998,5705100,44.272331
"672",48.189999,48.240002,47.650002,48,5124500,44.346245
"673",47.790001,48.279999,47.650002,48.119999,9220000,44.457108
"674",48.57,48.77,47.959999,48.119999,4812700,44.457108
"675",47.919998,48.25,47.779999,48.029999,4996600,44.373959
"676",47.93,48.470001,47.849998,48.349998,6037000,44.669594
"677",48.259998,48.759998,47.950001,48.73,3625900,45.020676
"678",49,49.09,47.869999,47.880001,7599700,44.235378
"679",47.599998,47.880001,46.639999,47.27,8184100,43.671814
"680",47.27,47.400002,46.970001,47.380001,4223100,43.773445
"681",47.290001,47.650002,47.07,47.290001,5617300,43.690289
"682",47.52,48.02,47.48,47.939999,3624500,44.290813
"683",48.080002,48.080002,47.619999,47.799999,3650400,44.161469
"684",48.02,48.59,47.959999,48.450001,10352000,44.761997
"685",48.279999,48.419998,48.07,48.310001,4742400,44.632648
"686",48.540001,49.02,48.470001,48.799999,4921900,45.08535
"687",48.790001,49.049999,48.48,49.009998,4519500,45.279362
"688",49.049999,49.32,48.77,49.18,3835800,45.436424
"689",49.23,49.23,48.279999,48.580002,4642700,44.882095
"690",48.59,48.799999,48.220001,48.310001,3896000,44.632648
"691",48.240002,48.349998,47.810001,47.98,4677200,44.327763
"692",48.049999,48.110001,47.529999,47.619999,4271000,43.995171
"693",47.740002,47.779999,47.349998,47.720001,4837800,44.087559
"694",47.950001,48.490002,47.66,48.450001,3353400,44.761997
"695",48.23,48.580002,47.98,48.459999,4686700,44.771233
"696",48.169998,48.450001,47.75,47.77,4383400,44.133751
"697",47.75,48.110001,47.599998,47.91,3048100,44.263088
"698",47.68,47.73,47.09,47.419998,4937300,43.810394
"699",47.549999,47.939999,47.439999,47.509998,4413000,43.893543
"700",47.610001,47.66,46.900002,47.110001,2668400,43.523987
"701",47.130001,47.369999,46.93,47.060001,3398100,43.477795
"702",46.75,46.75,44.740002,44.91,11579300,41.491455
"703",44.299999,44.380001,43.419998,44.060001,19579600,40.706158
"704",44,44.77,43.919998,44.669998,20311100,41.269714
"705",44.779999,44.880001,44.450001,44.709999,7384700,41.306679
"706",44.970001,45.27,44.59,45.25,8537100,41.805576
"707",45.509998,45.790001,45.16,45.650002,8712600,42.175129
"708",45.560001,46.259998,45.560001,46.18,6880200,42.664783
"709",46.119999,46.240002,45.610001,45.889999,6382400,42.396858
"710",45.830002,45.889999,45.439999,45.599998,6367500,42.128929
"711",45.580002,45.970001,45.369999,45.860001,5435000,42.369144
"712",45.82,46.669998,45.740002,46.66,7566400,43.108242
"713",46.5,46.68,45.130001,45.490002,8255900,42.027309
"714",45.439999,45.919998,45.240002,45.34,5635300,41.888729
"715",45.450001,45.529999,44.279999,44.5,6669900,41.112667
"716",44.48,44.990002,44.310001,44.779999,6964000,41.371353
"717",44.82,45.130001,44.639999,44.82,6248000,41.408302
"718",44.610001,44.790001,44.349998,44.700001,4802700,41.297447
"719",44.57,44.869999,44.360001,44.709999,4151700,41.306679
"720",44.669998,44.709999,43.919998,44.02,3656400,40.669201
"721",44.02,44.529999,43.959999,44.32,4475100,40.946365
"722",44.400002,44.790001,44.32,44.5,4502600,41.112667
"723",44.119999,44.66,44.02,44.630001,4796300,41.57188
"724",44.799999,45.040001,44.509998,45.02,4590200,41.935162
"725",45.18,45.599998,44.970001,45.41,6309600,42.298431
"726",45.509998,45.84,45.259998,45.369999,9670200,42.261173
"727",45.200001,45.439999,44.529999,45.360001,25332600,42.251858
"728",45.200001,45.360001,44.259998,44.389999,8430600,41.348324
"729",44.57,44.59,44.07,44.43,5850000,41.385586
"730",44.43,44.599998,44.110001,44.169998,8003400,41.143402
"731",44.099998,44.25,43.810001,44.009998,11002700,40.994366
"732",44.099998,44.330002,43.82,44.27,4184200,41.236546
"733",44.330002,44.619999,44.200001,44.400002,3903500,41.357639
"734",44.299999,44.419998,43.849998,43.91,7091000,40.901226
"735",44.18,44.310001,43.810001,44.259998,6230500,41.227234
"736",44.09,44.669998,44.040001,44.540001,5136300,41.488045
"737",44.650002,44.889999,44.240002,44.860001,5841100,41.786121
"738",44.84,45.299999,44.610001,44.860001,4442800,41.786121
"739",44.91,45.040001,44.68,44.93,3413700,41.851334
"740",45.049999,45.150002,44.68,44.720001,5683600,41.655716
"741",44.490002,44.630001,44.009998,44.200001,5592500,41.171345
"742",44.25,44.540001,43.810001,44.099998,6879100,41.078201
"743",44.099998,44.130001,43.57,43.82,7198800,40.817387
"744",43.990002,44.759998,43.950001,44.700001,7291800,41.637089
"745",44.919998,45.09,44.43,44.98,7252800,41.8979
"746",45.150002,45.400002,44.470001,45.369999,6446000,42.261173
"747",45.259998,45.400002,44.400002,44.98,9138700,41.8979
"748",45.349998,45.73,44.98,45.450001,11962700,42.335693
"749",45.450001,45.59,44.84,45.200001,6659700,42.102829
"750",45.279999,45.439999,45.09,45.32,1960800,42.214603
"751",45.189999,45.52,45.139999,45.32,3432000,42.214603
"752",45.400002,45.529999,45.150002,45.41,3493500,42.298431
"753",45.400002,45.709999,45.240002,45.380001,3621000,42.270493
"754",45.389999,45.639999,45.18,45.59,3691100,42.466099
"755",45.779999,45.779999,45.25,45.43,5011800,42.317066
"756",45.330002,45.77,45.32,45.57,5385600,42.447475
"757",45.540001,45.759998,45.389999,45.639999,5551500,42.512672
"758",45.529999,45.689999,45.119999,45.68,6777300,42.549927
"759",45.68,46.18,45.630001,46.009998,6139500,42.857323
"760",45.919998,46.189999,45.580002,46.150002,5320900,42.987728
"761",46.299999,46.43,46.119999,46.259998,5738500,43.090191
"762",46.23,46.580002,46.119999,46.189999,6653900,43.02499
"763",46.09,46.099998,45.57,45.810001,6279700,42.671024
"764",46.049999,46.91,46.009998,46.549999,5877300,43.360325
"765",46.650002,47.029999,46.549999,46.740002,5763900,43.537308
"766",46.959999,47.470001,46.73,47.389999,7566300,44.142769
"767",47.439999,47.610001,47.23,47.580002,5097400,44.319744
"768",47.57,47.91,47.5,47.66,8751200,44.394264
"769",47.669998,48,47.439999,47.950001,6076000,44.664398
"770",47.849998,48.169998,47.549999,47.73,4801200,44.459469
"771",47.759998,48.169998,47.189999,47.27,5451100,44.030987
"772",47.259998,47.91,47.23,47.73,5118500,44.459469
"773",47.66,48.279999,47.580002,47.810001,6525100,44.533989
"774",47.619999,48.150002,47.400002,48.060001,5240500,44.76685
"775",48,48.16,47.25,47.59,6880700,44.32906
"776",47.68,48.299999,47.599998,48.200001,6122900,44.897263
"777",48.110001,48.509998,47.889999,48.09,6091400,44.7948
"778",48.009998,48.439999,47.82,48.330002,5063000,45.018349
"779",48.349998,48.57,48.200001,48.259998,4162500,44.953148
"780",48.369999,48.580002,48.150002,48.189999,4831400,44.887939
"781",48.290001,48.360001,48.060001,48.310001,4227400,44.999722
"782",48.310001,49.470001,48.310001,49.34,6187400,45.959148
"783",49.439999,49.619999,49.009998,49.259998,5279700,45.884624
"784",49.450001,49.700001,49.209999,49.57,5165500,46.173393
"785",49.599998,49.779999,49.330002,49.759998,3643100,46.350368
"786",49.919998,50.540001,49.650002,50.380001,5163100,46.927891
"787",49.830002,50.040001,49.400002,49.599998,4023500,46.555256
"788",49.48,49.93,49.419998,49.849998,3745300,46.789909
"789",49.84,50.040001,49.650002,49.720001,7352300,46.667892
"790",50.049999,50.470001,48.799999,48.82,5989500,45.823135
"791",48.77,48.880001,47.509998,47.630001,7610200,44.706184
"792",48.189999,48.299999,47.029999,47.049999,6901200,44.161789
"793",47.110001,47.139999,45.119999,45.139999,8275200,42.369034
"794",44.34,44.360001,42.32,43.110001,14878600,40.46365
"795",43.189999,45.439999,42.900002,45.43,9653800,42.641232
"796",45.080002,46.580002,44.040001,44.189999,11652000,41.477352
"797",44.610001,46.869999,44.509998,46.82,8139800,43.945908
"798",45.75,46.389999,45.290001,46.130001,8488900,43.298264
"799",44.009998,45.369999,43.560001,45.169998,9421600,42.397194
"800",42.990002,44.610001,41.130001,41.91,12448000,39.337311
"801",42.68,43.68,40.880001,43.119999,13291200,40.473034
"802",42.080002,42.080002,39.369999,39.810001,9142300,37.366222
"803",37.5,38.23,34.419998,35.27,13262300,33.104916
"804",36.150002,38,34.099998,36.360001,11414400,34.128006
"805",33.169998,35.59,29.780001,30.51,8626600,28.637114
"806",31.280001,36.25,29.42,36,13613400,33.790108
"807",33.849998,34.73,30.92,33.040001,9679700,31.01181
"808",32.98,34.34,30.51,32.41,7480900,30.420479
"809",32.669998,33.48,30.82,31,8645000,29.097033
"810",31.450001,31.940001,29.280001,29.98,9696500,28.139647
"811",31.459999,34.57,31.360001,34.509998,11154300,32.391567
"812",34.029999,36.310001,33.200001,34.549999,9018500,32.429111
"813",34.57,36.990002,34.259998,36.59,6956200,34.343891
"814",35,36.869999,34.68,35.5,6617400,33.320793
"815",35.689999,37.48,35.5,37.23,7186100,34.944595
"816",36.799999,37.959999,36.23,36.810001,10587800,34.550381
"817",35.200001,35.779999,32.939999,33.48,5835500,31.424799
"818",33.380001,35.290001,32.959999,34.68,4312200,32.551132
"819",34.189999,34.450001,32.389999,32.75,6410400,30.739611
"820",34.119999,36.599998,34.07,36.32,6897600,34.090458
"821",37.560001,37.889999,35.650002,35.790001,6199400,33.592991
"822",35.799999,37.93,35.580002,37.59,6604500,35.282501
"823",37.970001,39.830002,37.970001,39.150002,9360900,36.746742
"824",39.669998,39.669998,37.200001,37.75,5644200,35.432678
"825",38.860001,39.139999,38.110001,39.07,5024300,36.671654
"826",38.169998,38.290001,36.799999,37.029999,5905500,34.756874
"827",37.150002,37.619999,36.419998,37.099998,4541500,34.822578
"828",38.02,38.560001,37.41,38.439999,5713600,36.080322
"829",37.66,37.849998,37.02,37.07,4945300,34.794422
"830",36.34,36.709999,35.220001,35.68,7887700,33.48975
"831",36.68,37.599998,36.02,37.200001,4088200,34.916443
"832",37.009998,37.619999,35.950001,36.32,4590500,34.090458
"833",36.599998,36.900002,35.869999,36.599998,5363000,34.353271
"834",36.98,37.959999,36.84,37.830002,4128100,35.507774
"835",38.080002,39.029999,37.57,37.84,6341400,35.517151
"836",38.75,39.049999,38.02,38.32,4590800,35.967682
"837",37.950001,38.860001,36.669998,37.080002,4958900,34.803806
"838",36.540001,36.849998,35.490002,35.799999,4856300,33.602383
"839",35.810001,35.849998,34.860001,35.450001,6164600,33.273865
"840",35.700001,36.509998,35.669998,35.869999,4835300,33.668079
"841",36,36.060001,34.439999,34.48,5029600,32.363407
"842",34.880001,35.419998,34.73,35.040001,6579300,32.889038
"843",35.290001,37.48,35.18,37.43,8150200,35.13232
"844",36.709999,37.619999,36.240002,37.279999,7220900,34.991531
"845",36.950001,37.560001,36.73,36.830002,7480800,34.569157
"846",36.490002,36.689999,35.099998,35.68,7339800,33.48975
"847",35.290001,36.349998,34.669998,36.099998,6312400,34.251633
"848",35.610001,35.900002,34.599998,35.290001,11716700,33.483109
"849",36.32,37.84,36.02,37.540001,6307400,35.617905
"850",37.099998,37.349998,36.68,36.709999,5307100,34.830399
"851",36.880001,37.470001,36.849998,36.970001,4932500,35.077084
"852",36.790001,37.150002,36.389999,36.439999,4355800,34.574223
"853",36.360001,36.880001,36.279999,36.849998,3346500,34.963234
"854",37.799999,38.139999,37.299999,37.599998,5702100,35.674831
"855",38.200001,38.529999,37.380001,37.939999,6022800,35.997421
"856",38.400002,38.709999,37.849998,38.259998,7013600,36.301033
"857",38.369999,38.639999,37.549999,38.310001,6966500,36.348484
"858",38.32,38.959999,38.18,38.84,3819500,36.851345
"859",38.93,39.060001,38.369999,38.93,4064000,36.936737
"860",39.27,40.049999,39.150002,39.91,4571300,37.866554
"861",39.869999,39.889999,38.630001,38.98,5772800,36.984173
"862",39.91,41.169998,39.509998,40.360001,5583100,38.293522
"863",40.669998,41.959999,40.32,41.860001,5281900,39.716717
"864",41.16,41.34,40.279999,40.509998,8203700,38.435837
"865",40.93,41,39.709999,40,8305000,37.95195
"866",39.419998,39.540001,37.720001,38.049999,11119500,36.101791
"867",38.669998,38.84,37.43,37.91,7778100,35.96896
"868",36.970001,38.470001,36.580002,38.310001,6094500,36.348484
"869",39.27,39.75,38.220001,38.59,5133200,36.61414
"870",38.68,38.77,37.919998,38.450001,4872000,36.481316
"871",38.139999,38.279999,37.810001,38.200001,4475300,36.244106
"872",38.509998,38.810001,37.43,37.529999,13342600,35.60841
"873",37.330002,37.84,37.049999,37.57,4654700,35.64637
"874",37.990002,38.009998,37.189999,37.25,5470000,35.342751
"875",36.810001,37.169998,36.240002,36.470001,6672500,34.602692
"876",36.369999,36.369999,35.029999,35.419998,9148700,33.606449
"877",35.439999,35.59,34.490002,34.709999,9986500,32.932804
"878",35.110001,36,34.779999,35.990002,4851900,34.147266
"879",35.700001,36.560001,35.59,36.290001,5137700,34.431908
"880",36.150002,37.490002,36.040001,37.360001,5670500,35.447121
"881",37.529999,38.040001,37.369999,37.48,4309700,35.560974
"882",37.779999,38.139999,37.029999,37.400002,3811100,35.485073
"883",36.919998,37.080002,36.52,37,4866800,35.105549
"884",37.029999,37.27,36.52,37.150002,4420100,35.247871
"885",36.91,37.029999,35.889999,36.619999,5430200,34.745007
"886",36.720001,37.52,36.509998,37.389999,3865700,35.475586
"887",37.349998,37.73,37.099998,37.470001,5701800,35.551487
"888",37.220001,38.07,37.220001,37.869999,7244200,35.931
"889",38.110001,38.59,37.91,38.049999,5089900,36.101791
"890",38.09,38.41,37.82,38.060001,4158000,36.111275
"891",38.650002,39.52,38.400002,39.400002,6946700,37.382675
"892",39.080002,39.25,38.119999,38.32,5437400,36.35796
"893",38.459999,38.919998,38.139999,38.73,6951000,36.746971
"894",38.25,39.029999,37.830002,38.990002,10427000,36.99366
"895",39.049999,39.299999,38.419998,38.639999,6242200,36.661583
"896",38.48,38.93,37.509998,37.799999,5426100,35.86459
"897",37.830002,38,37.040001,37.580002,5770100,35.655857
"898",37.48,38.59,37.41,37.970001,6857300,36.02589
"899",38.02,38.57,37.799999,38.560001,5405100,36.585682
"900",38.049999,38.490002,37.560001,38.470001,4250600,36.500282
"901",38.310001,38.630001,37.950001,38.610001,9208000,36.633121
"902",38.380001,38.450001,37.700001,37.990002,4724100,36.044865
"903",37.560001,38.93,37.34,38.75,7111800,36.765949
"904",38.689999,38.919998,37.509998,37.720001,5287300,35.788689
"905",37.650002,37.950001,37.349998,37.900002,4525800,35.959473
"906",37.900002,39.060001,37.740002,38.93,6261800,36.936737
"907",38.939999,39.290001,37.950001,38.310001,7763800,36.348484
"908",38.540001,38.75,37.720001,37.900002,6477600,35.959473
"909",38,38.93,37.91,38.709999,4890500,36.727997
"910",38.169998,38.27,37.73,37.939999,4095300,36.35714
"911",37.75,38.02,37.549999,37.93,3313700,36.347557
"912",37.59,37.720001,37.150002,37.34,7655600,35.782173
"913",37.419998,37.610001,36.889999,37.07,4123600,35.523438
"914",37.169998,37.400002,36.889999,37.02,4590500,35.475525
"915",37.200001,37.240002,36.279999,36.310001,3633100,34.795147
"916",36.450001,36.59,35.970001,36.52,6336100,34.996384
"917",36.810001,37.740002,36.540001,37.689999,5732100,36.117573
"918",37.779999,37.799999,36.849998,37.130001,3816000,35.580936
"919",37.009998,37.299999,36.549999,37.279999,6602600,35.724678
"920",37.150002,37.57,36.68,36.889999,5470200,35.350948
"921",36.900002,37.060001,36.650002,37.040001,3931000,35.494694
"922",36.75,37.310001,36.75,36.91,3984200,35.37011
"923",36.700001,36.75,36.119999,36.330002,4373800,34.81432
"924",36.77,38.23,36.25,38.029999,9580500,36.44339
"925",38.040001,38.349998,36.84,37.290001,8410000,35.734261
"926",37.529999,37.700001,36.639999,37.09,5989700,35.542606
"927",36.77,37.09,36.07,36.419998,6070400,34.900555
"928",36.799999,37.099998,36.540001,36.669998,4467900,35.140125
"929",36.669998,36.669998,35.720001,35.84,6102000,34.344757
"930",36,36.049999,35.619999,35.830002,4601800,34.335178
"931",35.700001,36.490002,35.639999,36.259998,3663900,34.747227
"932",36.419998,36.860001,35.990002,36.169998,3310500,34.660992
"933",36.09,36.779999,35.91,36.259998,5629600,34.747227
"934",35.970001,36,35.43,35.93,7085200,34.431
"935",35.959999,36.009998,34.84,35.07,8477000,33.60688
"936",34.639999,34.779999,34.009998,34.75,5216800,33.300232
"937",34.91,35.389999,34.810001,35.209999,4448900,33.741039
"938",35.18,35.389999,34.400002,34.48,5043500,33.041492
"939",34.310001,35.150002,33.970001,34.810001,4594900,33.357731
"940",34.68,35.639999,34.439999,35.52,5196600,34.038105
"941",35.82,36.23,35.639999,35.740002,4661500,34.248928
"942",35.84,35.939999,35.150002,35.32,3277900,33.846447
"943",35.650002,36.110001,35.509998,35.759998,7059200,34.268093
"944",35.91,36.150002,35.540001,35.830002,4727100,34.335178
"945",35.549999,36.200001,35.220001,35.939999,5178700,34.440582
"946",36.049999,36.889999,35.73,36.790001,4998100,35.255127
"947",36.700001,37.830002,36.689999,37.169998,5710900,35.619263
"948",37.380001,37.950001,37.259998,37.849998,6227500,36.270897
"949",37.439999,39.360001,37.439999,39.32,6929500,37.679573
"950",40.490002,40.619999,38.919998,39.200001,6014500,37.564579
"951",39.209999,40.299999,39.09,39.98,5940900,38.312031
"952",40.900002,41.119999,39.919998,40.98,12124200,39.270317
"953",41.330002,41.75,40.98,41.029999,9089300,39.318226
"954",40.439999,41.48,40.32,41.400002,5918700,39.672794
"955",41.400002,42.169998,41.169998,42.09,6516400,40.334003
"956",41.869999,42.290001,41.799999,41.860001,8246900,40.113605
"957",42.209999,42.66,42.040001,42.400002,6113100,40.631073
"958",42.290001,42.77,42.119999,42.139999,4990400,40.38192
"959",42.080002,42.290001,41.580002,42.23,4844800,40.468163
"960",42.580002,42.650002,41.950001,42.200001,4142900,40.439419
"961",41.41,41.77,41.040001,41.700001,6386700,39.960278
"962",41.619999,42.009998,41.139999,41.150002,5194900,39.433228
"963",40.369999,40.830002,39.419998,39.57,6321600,37.91914
"964",39.18,40.57,38.799999,40.16,5470800,38.484528
"965",39.720001,40.25,39.459999,39.889999,7071700,38.225792
"966",40.509998,40.98,39.939999,40.959999,5063600,39.251148
"967",42.720001,42.990002,41.619999,42.470001,6441800,40.698154
"968",42.689999,42.939999,41.650002,42.220001,8022000,40.45858
"969",42.459999,43.360001,42.310001,43.07,7379200,41.273117
"970",42.939999,43.169998,42.610001,42.84,8848200,41.052715
"971",44.41,46.02,43.110001,43.32,8128000,41.512688
"972",43.27,43.669998,42.919998,42.990002,10019900,41.196461
"973",43.200001,43.849998,42.880001,43.84,5882700,42.010994
"974",43.450001,43.630001,42.389999,42.700001,5418000,40.91856
"975",42.700001,42.950001,42.509998,42.889999,3668300,41.472622
"976",43.209999,43.509998,42.630001,43.34,4110900,41.907745
"977",42.880001,43.540001,42.810001,43.07,4676100,41.646667
"978",43.189999,43.380001,42.68,42.700001,5759400,41.288902
"979",42.470001,42.580002,41.779999,42.349998,5376700,40.950459
"980",42.240002,42.560001,41.779999,41.869999,4069900,40.486328
"981",42.290001,42.299999,41.400002,41.57,4373700,40.196239
"982",42.060001,42.810001,41.869999,42.75,4810600,41.337242
"983",42.459999,42.560001,41.779999,42.220001,3368900,40.82476
"984",42.240002,42.310001,41.59,41.740002,1723400,40.360626
"985",41.48,41.52,40.919998,41.07,9445700,39.712769
"986",41.32,41.880001,41.099998,41.25,5704400,39.886814
"987",41.119999,41.610001,40.720001,41.57,5152700,40.196239
"988",41.299999,41.650002,40.799999,41.049999,4361400,39.693424
"989",41.299999,41.34,40.529999,40.93,3546300,39.577389
"990",40.700001,41.450001,40.66,41.200001,3235700,39.83847
"991",41.169998,41.389999,40.610001,41.32,4130700,39.954502
"992",41.279999,41.470001,40.970001,41.09,4392400,39.732105
"993",41.259998,41.380001,40.549999,41.200001,4396100,39.83847
"994",40.830002,41.290001,40.709999,41.189999,3532400,39.828793
"995",41.48,42.09,41.029999,41.060001,4025600,39.703094
"996",41.439999,42.830002,41.279999,42.720001,8299100,41.308239
"997",42.799999,43.110001,42.18,42.439999,7583500,41.037491
"998",42.610001,43.119999,42.610001,42.650002,5229600,41.240555
"999",42.689999,43.029999,42.34,42.57,9169900,41.163197
"1000",42.209999,42.209999,41.110001,41.509998,4402700,40.138222
"1001",41.59,41.970001,41.48,41.759998,3120600,40.379959
"1002",41.93,42.43,41.650002,41.709999,3322900,40.331615
"1003",41.950001,41.950001,41.41,41.830002,1476700,40.447651
"1004",42.16,42.630001,41.990002,42.209999,2545100,40.81509
"1005",42.220001,42.439999,41.669998,41.830002,2647900,40.447651
"1006",41.779999,42.25,41.720001,41.93,2531500,40.544346
"1007",41.950001,42.279999,41.709999,42.220001,3248400,40.82476
