"","FISV.Open","FISV.High","FISV.Low","FISV.Close","FISV.Volume","FISV.Adjusted"
"1",53.41,53.845001,53.244999,53.669998,2142600,53.669998
"2",53.66,54.365002,53.654999,54.325001,1359000,54.325001
"3",54.23,54.59,54.005001,54.305,1662400,54.305
"4",54.205002,55.005001,54.084999,54.915001,1556800,54.915001
"5",54.880001,54.945,53.904999,54.049999,1879800,54.049999
"6",53.98,54.299999,53.775002,54.115002,1459200,54.115002
"7",53.990002,54.275002,53.895,54.27,1071200,54.27
"8",54.27,54.805,53.919998,54.709999,1700600,54.709999
"9",54.695,55.255001,54.584999,55.150002,1397800,55.150002
"10",55.154999,55.75,54.880001,55.220001,1992600,55.220001
"11",55.41,55.41,54.924999,55.040001,1463400,55.040001
"12",54.935001,55.389999,54.529999,54.674999,1257800,54.674999
"13",55.029999,55.16,54.419998,54.785,2327400,54.785
"14",54.744999,54.955002,54.259998,54.330002,1746000,54.330002
"15",54.455002,54.5,54.029999,54.259998,2211600,54.259998
"16",54.400002,54.674999,54.220001,54.27,1749200,54.27
"17",54.25,54.404999,53.904999,53.924999,1701200,53.924999
"18",54.044998,54.145,53.724998,54.049999,2079200,54.049999
"19",54.025002,54.299999,53.669998,54.075001,1908200,54.075001
"20",53.970001,54.125,53.52,53.715,1977600,53.715
"21",53.564999,53.615002,52.360001,52.689999,3407800,52.689999
"22",52.32,52.974998,52.264999,52.73,2628000,52.73
"23",53.205002,53.584999,52.255001,53.360001,2376600,53.360001
"24",53.255001,53.445,53,53.424999,1758600,53.424999
"25",53.419998,53.450001,53.060001,53.209999,1999200,53.209999
"26",53.305,54.18,53.099998,53.889999,2448200,53.889999
"27",53.889999,55.220001,53.705002,54.735001,3791400,54.735001
"28",54.779999,55.055,54.424999,54.535,2453200,54.535
"29",54.779999,55.150002,54.68,55.049999,2159400,55.049999
"30",54.779999,55.18,54.740002,55.07,1719600,55.07
"31",55.07,55.639999,55.014999,55.540001,2675800,55.540001
"32",55.619999,55.75,55.220001,55.625,1670600,55.625
"33",55.625,55.994999,55.330002,55.990002,1978200,55.990002
"34",55.240002,56.27,55.240002,56.195,2022200,56.195
"35",56.049999,57.369999,55.509998,56.91,3976800,56.91
"36",57.080002,57.544998,56.785,57.450001,2475000,57.450001
"37",57.355,58.16,57.185001,58.150002,2062200,58.150002
"38",58.02,58.349998,57.724998,57.790001,2380600,57.790001
"39",57.764999,58.075001,57.544998,57.700001,2417800,57.700001
"40",58.09,58.709999,57.985001,58.555,2092200,58.555
"41",58.375,58.615002,58.040001,58.32,1273600,58.32
"42",58.23,58.77,58.055,58.75,1279400,58.75
"43",58.41,58.705002,58.255001,58.509998,1267600,58.509998
"44",58.595001,58.724998,58.349998,58.474998,1228800,58.474998
"45",58.619999,58.990002,58.34,58.724998,2061400,58.724998
"46",58.834999,59.014999,58.439999,58.724998,2119200,58.724998
"47",59.105,59.150002,58.43,58.639999,1953000,58.639999
"48",58.599998,58.970001,58.535,58.945,1260200,58.945
"49",58.93,59.055,58.465,58.685001,1170600,58.685001
"50",59.029999,59.029999,58.400002,58.825001,1738400,58.825001
"51",58.880001,58.965,58.355,58.630001,1426400,58.630001
"52",58.889999,59.105,58.584999,58.895,3381400,58.895
"53",58.955002,58.974998,58.16,58.349998,1611600,58.349998
"54",58.560001,58.654999,57.759998,58.080002,2769000,58.080002
"55",56.645,58.224998,56.645,57.939999,2725000,57.939999
"56",57.869999,58.259998,57.529999,57.924999,1857400,57.924999
"57",58.049999,58.27,57.744999,57.970001,1421200,57.970001
"58",57.615002,57.93,57.41,57.744999,1600800,57.744999
"59",57.689999,58.125,57.41,57.895,2090000,57.895
"60",57.794998,58.044998,57.564999,57.955002,1223600,57.955002
"61",57.755001,58.235001,57.755001,57.965,930600,57.965
"62",57.759998,58.009998,57.645,57.654999,1655400,57.654999
"63",57.75,58.005001,57.474998,57.82,2268800,57.82
"64",57.68,58.049999,57.505001,57.689999,1559000,57.689999
"65",57.84,58.485001,57.68,57.785,1430000,57.785
"66",57.650002,57.994999,57.575001,57.830002,1006600,57.830002
"67",57.945,58.07,57.68,57.91,1464800,57.91
"68",57.724998,58.27,57.645,57.965,1560200,57.965
"69",57.849998,58.130001,57.560001,58.130001,1128400,58.130001
"70",57.764999,58.064999,57.735001,57.895,1294000,57.895
"71",57.994999,58.290001,57.584999,57.595001,1333600,57.595001
"72",57.855,58.244999,57.855,58.224998,1264200,58.224998
"73",58.080002,58.305,58.014999,58.174999,957200,58.174999
"74",58.220001,58.525002,58,58.275002,1229200,58.275002
"75",58.544998,58.994999,58.285,58.895,1197800,58.895
"76",58.849998,59.285,58.700001,59.200001,2042800,59.200001
"77",59.794998,60,59.455002,59.720001,1931600,59.720001
"78",59.985001,60.044998,59.619999,59.810001,1734000,59.810001
"79",59.724998,60.220001,59.584999,59.994999,2162200,59.994999
"80",60.424999,61.455002,59.775002,59.945,2649400,59.945
"81",60.060001,60.060001,59.185001,59.57,1655400,59.57
"82",59.75,59.814999,59.415001,59.544998,1273400,59.544998
"83",59.720001,59.720001,59.145,59.32,1868400,59.32
"84",59.314999,59.32,58.665001,59.23,2265200,59.23
"85",59.314999,60.59,58.875,60.125,2170400,60.125
"86",60.169998,60.205002,59.630001,60,1268600,60
"87",59.990002,60.09,59.705002,59.919998,1238400,59.919998
"88",60,60.099998,59.695,59.865002,1919200,59.865002
"89",59.709999,59.945,59.544998,59.625,1207200,59.625
"90",59.485001,59.950001,59.049999,59.93,1217000,59.93
"91",59.82,59.955002,59.595001,59.889999,1055800,59.889999
"92",59.814999,60.470001,59.814999,60.450001,1457000,60.450001
"93",60.125,60.57,59.744999,59.875,1540200,59.875
"94",59.505001,60.005001,59.365002,59.564999,1761000,59.564999
"95",59.650002,60.185001,59.474998,60.02,1433800,60.02
"96",60.060001,60.555,59.735001,60.34,1767000,60.34
"97",60.375,61.244999,60.34,61.16,1606200,61.16
"98",61.455002,61.584999,61.029999,61.169998,1511600,61.169998
"99",61.134998,61.395,61,61.380001,1186000,61.380001
"100",61.435001,62.400002,61.41,62.259998,1628200,62.259998
"101",62.294998,62.404999,61.935001,62.044998,1102800,62.044998
"102",61.965,62.349998,61.845001,62.264999,1018200,62.264999
"103",62.445,62.665001,62.165001,62.639999,3064200,62.639999
"104",62.695,62.82,62.189999,62.615002,1792000,62.615002
"105",62.799999,62.955002,62.285,62.855,1534800,62.855
"106",63,63.139999,62.525002,62.73,1268800,62.73
"107",62.705002,62.900002,62.154999,62.215,2307600,62.215
"108",62.25,62.580002,61.990002,62.549999,1400400,62.549999
"109",62.485001,62.59,61.419998,61.875,1643200,61.875
"110",61.959999,62.209999,60.974998,61.43,1646200,61.43
"111",61.224998,61.794998,61.130001,61.59,1749400,61.59
"112",61.564999,62.345001,61.404999,62.255001,1328800,62.255001
"113",62.52,62.775002,61.845001,62.310001,1471400,62.310001
"114",61.950001,62.775002,61.685001,62.735001,1282800,62.735001
"115",60.869999,62.794998,60.869999,62.325001,3464800,62.325001
"116",62.529999,62.66,62.325001,62.595001,1556200,62.595001
"117",62.384998,62.974998,62.195,62.310001,1924800,62.310001
"118",62.369999,62.880001,62.154999,62.689999,2306400,62.689999
"119",62.610001,62.810001,61.974998,62.455002,1367200,62.455002
"120",62.485001,62.73,62.32,62.400002,2779400,62.400002
"121",62.529999,63.549999,62.07,62.165001,1292400,62.165001
"122",61.93,62.040001,61.404999,61.424999,1336200,61.424999
"123",61.580002,62.125,61.150002,62.029999,1563800,62.029999
"124",61.810001,61.82,60.185001,60.805,2319000,60.805
"125",61.07,61.384998,60.685001,61.169998,2035600,61.169998
"126",61.380001,61.740002,60.619999,60.654999,923000,60.654999
"127",60.744999,61.360001,60.639999,61.174999,1739000,61.174999
"128",60.805,61.049999,60.365002,60.895,1668800,60.895
"129",61,61.735001,61,61.384998,1408800,61.384998
"130",61.445,61.549999,61.235001,61.400002,1013200,61.400002
"131",61.369999,61.445,60.884998,61.014999,2213800,61.014999
"132",61.389999,61.77,61.345001,61.720001,1288800,61.720001
"133",61.73,61.965,61.439999,61.634998,1419200,61.634998
"134",61.834999,61.93,61.654999,61.805,1028600,61.805
"135",62.035,62.75,61.994999,62.625,1673600,62.625
"136",62.560001,62.720001,62.240002,62.529999,1289200,62.529999
"137",62.705002,63.014999,62.5,62.880001,1117000,62.880001
"138",62.915001,63.240002,62.73,63.115002,1021400,63.115002
"139",62.889999,63.630001,62.889999,63.355,1172000,63.355
"140",63.255001,63.465,62.974998,63.240002,1535200,63.240002
"141",63.25,63.595001,63.035,63.195,797600,63.195
"142",63.314999,63.605,63.174999,63.505001,747400,63.505001
"143",63.445,63.73,63.18,63.485001,1246000,63.485001
"144",63.32,63.650002,62.904999,63.115002,923200,63.115002
"145",63.41,64.285004,63.314999,64.25,2789200,64.25
"146",64.285004,64.675003,64.029999,64.635002,2220800,64.635002
"147",62.27,64.425003,61.959999,61.985001,4454800,61.985001
"148",62.084999,62.235001,61.389999,61.985001,2251800,61.985001
"149",62.200001,62.200001,61.43,61.540001,1943400,61.540001
"150",61.544998,62.134998,61.445,62.040001,1626000,62.040001
"151",61.724998,62.060001,61.654999,61.790001,1020600,61.790001
"152",61.634998,61.825001,61.32,61.650002,1097000,61.650002
"153",61.305,61.790001,61.134998,61.244999,1286600,61.244999
"154",61.439999,61.715,61.369999,61.419998,898800,61.419998
"155",61.485001,62.134998,61.485001,62.025002,1137400,62.025002
"156",62.014999,62.459999,61.875,62.349998,1114400,62.349998
"157",62.490002,62.735001,61.990002,62.415001,1218200,62.415001
"158",62.049999,62.169998,60.5,60.544998,2350600,60.544998
"159",60.470001,60.860001,59.849998,60.18,1857800,60.18
"160",60.32,60.575001,60.044998,60.384998,1649800,60.384998
"161",60.575001,61.380001,60.509998,61.310001,1274400,61.310001
"162",61.110001,61.244999,60.764999,61.075001,973600,61.075001
"163",61.025002,61.150002,60.669998,60.755001,897400,60.755001
"164",60.994999,61.470001,60.834999,61.16,1739600,61.16
"165",61.330002,61.549999,61.25,61.415001,891600,61.415001
"166",61.095001,61.595001,61.084999,61.509998,1152400,61.509998
"167",61.52,61.855,61.32,61.605,1145800,61.605
"168",61.869999,62.025002,61.615002,61.855,1689000,61.855
"169",62.095001,62.310001,61.330002,61.5,955800,61.5
"170",61.290001,61.355,60.66,60.93,1737200,60.93
"171",61.185001,61.330002,60.584999,61.205002,2338400,61.205002
"172",61.465,61.785,61.084999,61.415001,1207200,61.415001
"173",61.334999,61.73,61.014999,61.330002,1417400,61.330002
"174",61.700001,62.235001,61.400002,62.16,1179400,62.16
"175",62.154999,62.490002,61.959999,62.290001,1050000,62.290001
"176",62.029999,62.169998,61.794998,61.994999,977800,61.994999
"177",61.799999,62.049999,61.580002,61.775002,1304800,61.775002
"178",61.810001,62.154999,61.509998,62.025002,2969000,62.025002
"179",61.955002,62.785,61.884998,62.764999,1524400,62.764999
"180",62.825001,63.130001,62.514999,62.584999,1133000,62.584999
"181",62.705002,62.919998,62.195,62.549999,1041000,62.549999
"182",62.544998,62.634998,62.145,62.380001,1167400,62.380001
"183",62.279999,63.145,62.235001,63.115002,1639000,63.115002
"184",62.895,63.575001,62.75,63.555,2289800,63.555
"185",63.805,63.955002,63.5,63.740002,1895600,63.740002
"186",63.994999,64.315002,63.93,64.18,1809400,64.18
"187",63.875,64.32,63.834999,64.105003,1888200,64.105003
"188",64.059998,64.805,63.935001,64.480003,2444000,64.480003
"189",64.610001,64.904999,64.165001,64.434998,1349400,64.434998
"190",64.574997,64.760002,64.379997,64.415001,1093400,64.415001
"191",64.294998,64.385002,63.84,64.290001,967000,64.290001
"192",64.480003,64.620003,64.074997,64.455002,1383000,64.455002
"193",64.449997,64.449997,63.584999,63.740002,2666400,63.740002
"194",63.779999,63.93,63.605,63.755001,1903200,63.755001
"195",63.970001,64.324997,63.865002,63.935001,1401600,63.935001
"196",63.855,63.965,63.224998,63.369999,1669200,63.369999
"197",63.365002,63.794998,63.349998,63.584999,2821400,63.584999
"198",63.384998,64,63.384998,63.540001,1405400,63.540001
"199",63.52,63.75,63.375,63.599998,1252000,63.599998
"200",63.540001,63.705002,63.154999,63.314999,931200,63.314999
"201",63.25,63.755001,63.25,63.535,1193600,63.535
"202",63.474998,63.884998,63.32,63.775002,957200,63.775002
"203",64.065002,64.290001,63.904999,64.220001,1181400,64.220001
"204",64.345001,64.599998,63.915001,63.994999,1348400,63.994999
"205",64,64.235001,63.57,63.695,1933600,63.695
"206",63.445,64.300003,63.32,64.105003,2131000,64.105003
"207",64.540001,64.754997,64.279999,64.470001,930400,64.470001
"208",64.355003,65.099998,64.245003,65.089996,1617200,65.089996
"209",65.025002,65.089996,64.360001,64.724998,1909600,64.724998
"210",64.595001,64.849998,64.254997,64.714996,2634600,64.714996
"211",62,62.895,60.189999,62.759998,10332000,62.759998
"212",62.810001,63.59,62.674999,63.290001,3104600,63.290001
"213",63.23,63.549999,63.07,63.514999,2077200,63.514999
"214",63.48,63.904999,63.294998,63.884998,2456800,63.884998
"215",63.869999,63.965,63.169998,63.485001,1943200,63.485001
"216",63.380001,64.555,63.264999,64.410004,1401000,64.410004
"217",64.059998,64.580002,63.709999,64.440002,1847200,64.440002
"218",64.269997,64.269997,63.790001,64,965400,64
"219",63.985001,64.285004,63.689999,64.080002,1387000,64.080002
"220",63.900002,64.925003,63.759998,64.864998,1428600,64.864998
"221",64.764999,64.915001,64,64.260002,1989200,64.260002
"222",64.455002,65.050003,64.360001,64.769997,1337000,64.769997
"223",64.720001,64.739998,63.959999,64.195,1611000,64.195
"224",64.120003,64.410004,63.889999,64.160004,1371400,64.160004
"225",64.355003,64.375,63.895,64.135002,1581000,64.135002
"226",64.144997,64.32,63.764999,63.855,1376000,63.855
"227",63.794998,64.125,63.650002,64.065002,681000,64.065002
"228",64.190002,64.315002,63.834999,64.080002,1191200,64.080002
"229",64.055,64.285004,63.880001,64.205002,2188800,64.205002
"230",64.184998,64.495003,63.794998,64.360001,1915800,64.360001
"231",64.555,65.925003,64.555,65.724998,3568000,65.724998
"232",65.25,65.904999,64.095001,65.205002,2301000,65.205002
"233",65.695,66.555,65.464996,66.120003,2270000,66.120003
"234",66.120003,66.285004,65.309998,65.440002,1550200,65.440002
"235",65.57,65.754997,65.004997,65.279999,1658200,65.279999
"236",65.154999,65.699997,65.010002,65.599998,1431200,65.599998
"237",65.945,66.059998,65.635002,65.860001,1142400,65.860001
"238",65.699997,65.915001,65.565002,65.915001,1514400,65.915001
"239",66,66.160004,65.544998,65.599998,1252000,65.599998
"240",65.730003,66.035004,65.139999,65.404999,1732000,65.404999
"241",65.370003,65.5,64.919998,64.949997,1519400,64.949997
"242",65.480003,66.139999,64.705002,65.980003,3525600,65.980003
"243",66.160004,66.68,66.055,66.169998,1495000,66.169998
"244",66.264999,66.449997,65.709999,66.080002,1207400,66.080002
"245",66.385002,66.385002,65.779999,65.794998,1263200,65.794998
"246",65.934998,66.135002,65.239998,65.315002,1123000,65.315002
"247",65.184998,65.489998,65.095001,65.160004,819400,65.160004
"248",65.199997,65.775002,65.019997,65.699997,876000,65.699997
"249",65.614998,65.824997,65.514999,65.745003,1353600,65.745003
"250",65.949997,66.050003,65.580002,65.995003,1158000,65.995003
"251",65.934998,66.239998,65.535004,65.565002,1182800,65.565002
"252",65.980003,65.985001,64.910004,65.175003,1546400,65.175003
"253",65.285004,65.995003,65.245003,65.705002,1273400,65.705002
"254",65.894997,66.699997,65.894997,66.629997,1496000,66.629997
"255",66.82,67.495003,66.434998,67.290001,1625200,67.290001
"256",67.205002,67.639999,66.985001,67.425003,1457400,67.425003
"257",67.425003,68.370003,67.214996,68.144997,1663400,68.144997
"258",68.025002,68.690002,67.625,68.504997,2211800,68.504997
"259",68.440002,68.955002,68.190002,68.915001,1579600,68.915001
"260",68.900002,69.035004,68.535004,68.610001,1528200,68.610001
"261",68.860001,69.279999,68.669998,68.754997,1848400,68.754997
"262",69.360001,69.625,69.050003,69.125,3045800,69.125
"263",69.154999,69.285004,68.769997,68.970001,1528800,68.970001
"264",68.794998,69.345001,68.550003,69.055,1638200,69.055
"265",69.114998,70.099998,69.050003,70.095001,1503000,70.095001
"266",69.584999,70.540001,69.474998,70.195,1574200,70.195
"267",70.495003,70.639999,69.955002,70.07,1750200,70.07
"268",70.290001,70.574997,69.815002,70.400002,1331000,70.400002
"269",70.764999,71.404999,70.239998,71.290001,1485600,71.290001
"270",71.150002,71.995003,71.004997,71.514999,2438800,71.514999
"271",71.584999,72.099998,71.245003,71.269997,2970400,71.269997
"272",71.220001,71.220001,70.065002,70.419998,2968600,70.419998
"273",70.339996,70.934998,69.724998,70.050003,2108400,70.050003
"274",69.709999,69.989998,68.709999,68.775002,2321200,68.775002
"275",68.849998,69.290001,65.004997,65.055,4263200,65.055
"276",64.144997,65.595001,62.759998,65.375,5878400,65.375
"277",64.889999,65.495003,64.285004,64.584999,4752200,64.584999
"278",71.074997,71.080002,66.379997,66.525002,7270600,66.525002
"279",67.400002,69.220001,66.885002,68.730003,5312600,68.730003
"280",69.065002,70.315002,68.900002,69.32,3665600,69.32
"281",68.904999,69.769997,68.245003,69.514999,1628800,69.514999
"282",69.254997,69.555,68.580002,69.199997,2616600,69.199997
"283",69.550003,70.245003,68.940002,70.224998,2041400,70.224998
"284",70.25,71.709999,70.230003,71.360001,2467400,71.360001
"285",70.925003,71.709999,70.644997,70.855003,2348400,70.855003
"286",71.285004,71.489998,69.855003,69.894997,2115400,69.894997
"287",70.084999,71.400002,70.084999,71.055,1809400,71.055
"288",71.5,73.129997,71.309998,73.095001,2910800,73.095001
"289",73.434998,73.68,72.489998,72.68,2279600,72.68
"290",72.870003,73.714996,72.055,72.105003,3182800,72.105003
"291",72.550003,73.004997,71.690002,71.695,3066800,71.695
"292",71.925003,72.294998,70.485001,70.934998,3111800,70.934998
"293",70.654999,72.169998,70.330002,71.989998,2693200,71.989998
"294",71.404999,72.629997,71.195,72.464996,1933000,72.464996
"295",72.495003,72.559998,71.794998,72.110001,2003200,72.110001
"296",71.834999,72.695,71.830002,72.529999,1562200,72.529999
"297",72.730003,73.400002,72.730003,73.050003,1277000,73.050003
"298",73.43,74.209999,73.214996,74.114998,2001000,74.114998
"299",74.264999,74.324997,73.675003,73.82,2093800,73.82
"300",73.915001,74.245003,73.290001,73.75,3951200,73.75
"301",73.970001,74.169998,73.410004,73.794998,3121800,73.794998
"302",73.730003,74.355003,73.565002,73.834999,1692800,73.834999
"303",74.010002,74.455002,73.635002,74.220001,3003000,74.220001
"304",73.900002,74.195,72.855003,73.620003,1482000,73.620003
"305",73.709999,73.989998,72.860001,73.459999,1756900,73.459999
"306",73.629997,74.300003,73.019997,73.169998,2060800,73.169998
"307",72.860001,72.989998,71.25,71.339996,1579100,71.339996
"308",71.290001,71.540001,70,70.010002,2029700,70.010002
"309",70.980003,71.540001,70.07,71.279999,1941300,71.279999
"310",71.699997,71.919998,69.769997,70.279999,1779600,70.279999
"311",70.43,71.410004,70.059998,70.739998,2524100,70.739998
"312",71.25,71.900002,70.160004,71.309998,1586000,71.309998
"313",71.040001,71.550003,69.68,70.540001,2350100,70.540001
"314",70.639999,71.410004,70.139999,70.970001,1920900,70.970001
"315",70.300003,71.440002,69.800003,71.129997,2663300,71.129997
"316",71.68,71.919998,70.93,71.239998,1462000,71.239998
"317",70.559998,71.269997,69.669998,69.839996,1434100,69.839996
"318",70.099998,71.190002,70.019997,70.129997,1424500,70.129997
"319",70.860001,71.559998,70.699997,71.129997,1691000,71.129997
"320",70.550003,71.349998,70.440002,70.849998,1167600,70.849998
"321",71.110001,71.339996,70.730003,70.980003,1259000,70.980003
"322",71.160004,71.370003,70.599998,70.900002,1304500,70.900002
"323",71.489998,71.900002,71.150002,71.589996,1091500,71.589996
"324",72.160004,72.620003,71.800003,72.290001,1724700,72.290001
"325",72.470001,72.489998,71.839996,72.120003,1150700,72.120003
"326",71.949997,72.370003,71.529999,71.75,958200,71.75
"327",71.68,72.110001,71,71.339996,1212100,71.339996
"328",71.419998,71.739998,70.879997,71.089996,805700,71.089996
"329",71.519997,71.699997,70.449997,70.900002,1625900,70.900002
"330",70.809998,70.93,69.660004,70.160004,1393800,70.160004
"331",70.400002,71.720001,70.32,71.32,1345100,71.32
"332",71.120003,71.910004,70.970001,71.470001,1547100,71.470001
"333",71.510002,72.150002,70.82,70.860001,2548400,70.860001
"334",70.849998,71.830002,70.830002,71.629997,2547600,71.629997
"335",71,71.559998,68.860001,69.029999,3623300,69.029999
"336",68.660004,69.419998,68.43,68.989998,2346800,68.989998
"337",68.620003,69.970001,68.449997,69.720001,2127300,69.720001
"338",69.830002,70.519997,69.779999,70.410004,1786800,70.410004
"339",69.949997,71.199997,69.309998,70.410004,2007600,70.410004
"340",70.540001,71.800003,70.209999,71.489998,1457300,71.489998
"341",71.790001,72.550003,71.5,72.410004,956100,72.410004
"342",72.440002,72.889999,72.25,72.790001,1518600,72.790001
"343",72.720001,73.190002,72.309998,72.419998,1205500,72.419998
"344",72.050003,72.199997,71.580002,72.089996,1473600,72.089996
"345",72.260002,72.599998,72.010002,72.279999,1278800,72.279999
"346",72.260002,72.610001,71.900002,72.5,1511500,72.5
"347",72.739998,73.239998,72.5,72.980003,1462000,72.980003
"348",73.07,73.559998,73,73.25,1559500,73.25
"349",73.43,73.43,71.540001,71.660004,2409300,71.660004
"350",71.110001,71.870003,70.730003,71.870003,1600900,71.870003
"351",71.860001,72.07,71.25,71.68,1836500,71.68
"352",71.68,71.959999,71.610001,71.769997,1003700,71.769997
"353",71.339996,71.709999,70.779999,71.629997,1920400,71.629997
"354",71.949997,73.010002,71.589996,72.75,1675700,72.75
"355",72.709999,73.239998,72.480003,72.599998,2077200,72.599998
"356",73.010002,73.57,72.120003,73.330002,1230500,73.330002
"357",73.43,74.610001,73.339996,74.260002,1194200,74.260002
"358",74.279999,74.849998,74.160004,74.68,1943300,74.68
"359",74.900002,76.07,74.900002,76.059998,2636500,76.059998
"360",76,76.139999,74.540001,75.07,2462000,75.07
"361",75.110001,75.529999,74.75,75.470001,1141500,75.470001
"362",75.349998,75.5,75.010002,75.129997,1188100,75.129997
"363",75.050003,75.949997,74.720001,75.849998,1487100,75.849998
"364",75.809998,76.760002,75.599998,75.849998,1920800,75.849998
"365",76.169998,76.980003,75.93,76.43,2083400,76.43
"366",76.620003,76.690002,75.849998,76.489998,3351100,76.489998
"367",76,76.419998,75.480003,76.220001,1462500,76.220001
"368",75.809998,76.220001,75.550003,76.160004,1496300,76.160004
"369",76.360001,76.75,76.139999,76.209999,1723900,76.209999
"370",74.860001,76.379997,74.860001,75.779999,1346800,75.779999
"371",76.010002,76.300003,75.360001,75.57,2988000,75.57
"372",75.540001,75.550003,74.110001,74.379997,1578100,74.379997
"373",74.660004,74.779999,73.989998,74.18,1528200,74.18
"374",74.239998,74.589996,73.190002,73.260002,1877600,73.260002
"375",73.309998,74.050003,73.220001,73.93,1276300,73.93
"376",74.019997,74.629997,73.889999,74.089996,1410400,74.089996
"377",73.699997,74.760002,73.540001,74.739998,1408800,74.739998
"378",74.959999,75.099998,74.330002,74.419998,597400,74.419998
"379",74.720001,75.190002,74.010002,75.029999,1238300,75.029999
"380",75.220001,75.669998,74.949997,75.489998,1282900,75.489998
"381",75.5,76.279999,75.5,75.82,1228300,75.82
"382",76.099998,76.230003,75.580002,75.959999,1617300,75.959999
"383",75.779999,76.910004,75.68,76.459999,1392700,76.459999
"384",76.809998,77.57,76.809998,77.550003,1365700,77.550003
"385",77.459999,77.730003,77.18,77.449997,1104000,77.449997
"386",77.489998,77.769997,76.650002,76.870003,979300,76.870003
"387",76.43,77.349998,76.43,77.150002,1582500,77.150002
"388",77.239998,77.43,76.849998,77.239998,1192700,77.239998
"389",77.230003,77.559998,76.879997,77.43,983500,77.43
"390",77.279999,77.779999,76.629997,77.349998,1500200,77.349998
"391",77.050003,77.5,76.800003,77.389999,1035100,77.389999
"392",77.5,77.739998,76.660004,77.18,1682800,77.18
"393",77.349998,77.690002,77.089996,77.610001,2042800,77.610001
"394",77.790001,78.209999,77.089996,77.220001,1597700,77.220001
"395",77.339996,77.599998,75.830002,76.120003,1088900,76.120003
"396",75.910004,76.059998,74.339996,74.459999,1586500,74.459999
"397",75.059998,76.82,74.510002,75.480003,2506900,75.480003
"398",75.480003,76.540001,73.870003,74.739998,2311100,74.739998
"399",74.260002,75.260002,73.839996,75.190002,2061100,75.190002
"400",75.339996,76.300003,74.970001,76.25,1623600,76.25
"401",76.260002,76.959999,76.110001,76.900002,1484900,76.900002
"402",76.68,77.410004,76.529999,77.050003,1569000,77.050003
"403",77.18,77.82,77,77.580002,1348400,77.580002
"404",77.860001,78.93,77.629997,78.639999,1896500,78.639999
"405",78.300003,80,78.300003,79.239998,2245100,79.239998
"406",79.529999,79.959999,79.019997,79.269997,2102300,79.269997
"407",78.330002,79.57,78.25,79.029999,2173900,79.029999
"408",78.720001,79.089996,78.260002,78.690002,1981100,78.690002
"409",79.18,79.18,77.650002,78.919998,1952200,78.919998
"410",78.830002,79.629997,78.720001,79.440002,1635200,79.440002
"411",79.629997,79.910004,79.220001,79.589996,936700,79.589996
"412",79.690002,79.93,79.360001,79.440002,1197100,79.440002
"413",79.160004,79.919998,79,79.660004,1776900,79.660004
"414",79.599998,79.989998,79.43,79.650002,1501300,79.650002
"415",79.889999,80.330002,79.480003,80.029999,1445200,80.029999
"416",80.360001,80.449997,79.639999,79.709999,1571000,79.709999
"417",79.800003,79.949997,77.790001,78.440002,3231400,78.440002
"418",78.610001,79.739998,78.589996,79.639999,1668100,79.639999
"419",79.559998,79.800003,79.400002,79.559998,1365400,79.559998
"420",79.519997,80.160004,79.510002,80.07,1689200,80.07
"421",79.830002,80.120003,79.290001,79.980003,1201500,79.980003
"422",80.139999,80.379997,79.239998,79.709999,1584800,79.709999
"423",79.620003,80.699997,79.529999,80.370003,1457400,80.370003
"424",80.339996,80.550003,79.739998,79.919998,1371100,79.919998
"425",80.190002,80.57,79.989998,80.389999,1456300,80.389999
"426",80.400002,81.209999,80.230003,80.790001,1348700,80.790001
"427",80.720001,80.989998,80.389999,80.779999,1111500,80.779999
"428",81.120003,81.309998,80.860001,81.089996,1558100,81.089996
"429",81.190002,81.470001,80.870003,81.339996,2015600,81.339996
"430",81.739998,81.870003,80.029999,80.080002,1461600,80.080002
"431",80.050003,80.559998,79.779999,80.279999,1221000,80.279999
"432",80.470001,80.870003,79.279999,79.419998,1662400,79.419998
"433",79.559998,80.230003,79.339996,80.120003,1784300,80.120003
"434",80.730003,81.5,80,81.440002,4347600,81.440002
"435",80.699997,81.129997,80.540001,80.919998,2001000,80.919998
"436",81.199997,81.879997,81.160004,81.68,1646500,81.68
"437",81.949997,82.389999,81.419998,81.650002,1699500,81.650002
"438",81.75,82.050003,81.519997,81.629997,1992500,81.629997
"439",81.699997,82.410004,81.669998,82.379997,1699900,82.379997
"440",82.660004,82.790001,81.379997,81.529999,1583300,81.529999
"441",81.610001,82.239998,81.029999,81.849998,1783100,81.849998
"442",82.209999,82.379997,81.650002,81.68,1684000,81.68
"443",81.309998,81.449997,79.82,80.470001,1751900,80.470001
"444",80.650002,81.290001,80.489998,81.059998,1521700,81.059998
"445",81,81.360001,79.629997,80.610001,1409000,80.610001
"446",80.669998,81.5,80.290001,80.760002,1229800,80.760002
"447",80.419998,80.449997,76.910004,77.010002,2456400,77.010002
"448",77.339996,77.699997,75.739998,75.900002,2732000,75.900002
"449",76.589996,77.389999,76.129997,77.139999,2117500,77.139999
"450",76.849998,77.669998,76.279999,76.75,1455900,76.75
"451",77.550003,79.18,77.419998,78.860001,1709500,78.860001
"452",78.940002,79.220001,78.220001,79.059998,1135100,79.059998
"453",79,79.589996,78.110001,78.5,1586100,78.5
"454",78.489998,79.830002,78.400002,78.529999,1923900,78.529999
"455",78.889999,80,78.730003,79.400002,1876500,79.400002
"456",78.349998,79.989998,77.730003,79.360001,2239700,79.360001
"457",79.199997,79.550003,77.010002,77.169998,2446100,77.169998
"458",77.889999,79.290001,77.160004,78.889999,2159100,78.889999
"459",76.800003,78.68,76.540001,77.900002,2170400,77.900002
"460",78.769997,79.349998,76.220001,77.18,2923600,77.18
"461",77.419998,78,76.720001,77.940002,3257700,77.940002
"462",78.769997,79.730003,78.290001,79.300003,3374400,79.300003
"463",74.089996,77.720001,73.510002,74.910004,5988600,74.910004
"464",75.470001,75.779999,73.959999,74.989998,3272200,74.989998
"465",75.400002,76.940002,75.339996,76.709999,2196700,76.709999
"466",76.75,77.709999,76.75,77.510002,2237000,77.510002
"467",78.199997,79.279999,77.970001,79.209999,2630600,79.209999
"468",78.989998,79.82,78.660004,79.800003,1424000,79.800003
"469",79.269997,80.480003,79.129997,80.239998,2076500,80.239998
"470",79.980003,80.5,78.470001,78.589996,1970800,78.589996
"471",78.93,79.220001,77.5,77.660004,1680500,77.660004
"472",78.279999,78.690002,77.339996,77.75,2704700,77.75
"473",77.559998,79.709999,77.139999,79.709999,1640900,79.709999
"474",79.019997,80.620003,78.669998,80.279999,1757300,80.279999
"475",80.419998,80.589996,78.209999,78.559998,1683800,78.559998
"476",77.879997,78.099998,75.839996,76.080002,2670000,76.080002
"477",76.629997,77.379997,75.980003,76.839996,1590600,76.839996
"478",76.160004,77.650002,76.160004,76.870003,810100,76.870003
"479",77.620003,77.800003,76.709999,77.410004,2080100,77.410004
"480",77.269997,77.480003,76.440002,77.169998,1561400,77.169998
"481",77.300003,79.449997,77.220001,79.400002,1642700,79.400002
"482",79.050003,79.43,78.400002,78.440002,1716400,78.440002
"483",78.639999,79.32,78.379997,79.129997,2597100,79.129997
"484",79.580002,80.040001,79.190002,79.669998,2151400,79.669998
"485",79.5,80.07,76.550003,76.910004,2887900,76.910004
"486",75.550003,76.160004,74.040001,76.07,3567300,76.07
"487",75.559998,76.57,74.32,74.739998,2403100,74.739998
"488",74.879997,76.360001,74.190002,76.139999,2216700,76.139999
"489",77.980003,78,76.519997,76.760002,1881700,76.760002
"490",77.849998,78.760002,77.389999,77.639999,1670100,77.639999
"491",77.699997,78.209999,76.959999,77.739998,1660200,77.739998
"492",77.07,77.43,76.239998,76.279999,1840500,76.279999
"493",76.290001,76.529999,73.940002,74.43,2198200,74.43
"494",75.18,75.709999,72.339996,73.010002,2832400,73.010002
"495",73,75.150002,71.980003,72.839996,3030900,72.839996
"496",72.650002,73.370003,71.559998,72.5,3315500,72.5
"497",72.160004,73.730003,70.190002,70.919998,5012700,70.919998
"498",70.75,71.010002,68.919998,69,1591900,69
"499",69.379997,71.980003,68.550003,71.910004,2146600,71.910004
"500",70.339996,73.080002,70,73.07,2110700,73.07
"501",73.190002,73.959999,72.489998,72.959999,1744200,72.959999
"502",73.379997,73.620003,72.620003,73.489998,1538300,73.489998
"503",72.209999,73.489998,71.82,72.209999,2278600,72.209999
"504",71.379997,71.989998,69.970001,70.110001,2542300,70.110001
"505",71.07,73.459999,70.889999,73.220001,1782700,73.220001
"506",73.150002,74.360001,72.620003,73.07,1837600,73.07
"507",73.449997,74.290001,72.489998,73.550003,1930600,73.550003
"508",73.739998,73.830002,73.010002,73.32,1749300,73.32
"509",73.18,74.449997,72.989998,74.379997,1367400,74.379997
"510",73.949997,74.139999,73.519997,74.099998,1360100,74.099998
"511",73.220001,74.279999,73.120003,73.879997,1178400,73.879997
"512",74,75.349998,73.879997,75.040001,1093900,75.040001
"513",70.550003,72.779999,68.449997,72.57,49523600,72.57
"514",72.07,75.57,72.07,74.5,19092000,74.5
"515",75.110001,77.910004,75.059998,77.82,13493600,77.82
"516",77.309998,78.309998,77.010002,78.190002,11480700,78.190002
"517",78.550003,80.669998,78.209999,80.589996,10606500,80.589996
"518",80.68,82.879997,80.580002,82.790001,10378200,82.790001
"519",82.93,85.120003,82.220001,85.07,10138500,85.07
"520",84.669998,85.650002,83.82,85.209999,8740300,85.209999
"521",85.019997,85.059998,83.099998,83.629997,5510700,83.629997
"522",84.199997,84.879997,83.800003,84.660004,6490300,84.660004
"523",84.790001,84.790001,82.650002,82.93,8094700,82.93
"524",82.629997,83.660004,82.290001,82.919998,6008600,82.919998
"525",82.879997,84.099998,82.43,84.089996,4238500,84.089996
"526",83.800003,85.209999,83.550003,85.110001,5839900,85.110001
"527",84.82,85.120003,83.900002,84.610001,3858400,84.610001
"528",84.120003,84.339996,83,84.010002,5825300,84.010002
"529",83.889999,85.730003,82.900002,85.699997,5768100,85.699997
"530",86.260002,86.290001,84.279999,84.559998,5971800,84.559998
"531",85.300003,85.300003,83.870003,84.379997,4156300,84.379997
"532",84.57,84.860001,83.93,84.389999,5343500,84.389999
"533",84.279999,84.769997,83.809998,84.349998,3541200,84.349998
"534",85.029999,86.120003,84.550003,85.779999,6187800,85.779999
"535",85.589996,85.879997,85.419998,85.620003,3371300,85.620003
"536",85.470001,85.470001,84.459999,84.730003,2884500,84.730003
"537",84.489998,85.43,84.080002,84.75,4173200,84.75
"538",84.940002,85.449997,84.75,85.029999,2206700,85.029999
"539",85.459999,85.5,84.18,84.239998,3975500,84.239998
"540",84.32,84.949997,84.089996,84.720001,3071500,84.720001
"541",84.269997,85.139999,84.199997,85.050003,2595200,85.050003
"542",84.889999,85.379997,84.660004,84.690002,2595400,84.690002
"543",85.110001,86.669998,84.940002,86.389999,3614600,86.389999
"544",87.029999,87.220001,85.099998,85.550003,3128300,85.550003
"545",85.629997,85.940002,85.25,85.610001,1958800,85.610001
"546",85.699997,86.089996,84.949997,85.370003,2133600,85.370003
"547",85.209999,85.650002,84.529999,85.010002,3320900,85.010002
"548",84.25,85.160004,84.019997,84.879997,2230300,84.879997
"549",84.989998,86.260002,84.919998,86.029999,2948500,86.029999
"550",86.360001,86.419998,85.5,86.080002,3561800,86.080002
"551",86.480003,87,85.730003,86.080002,3577700,86.080002
"552",86.239998,86.32,85.190002,85.5,4654200,85.5
"553",85.57,87.260002,85.57,86.239998,5868400,86.239998
"554",86.809998,87.029999,84.580002,85.089996,5706300,85.089996
"555",85.269997,85.489998,84.129997,84.599998,5084200,84.599998
"556",84.449997,84.629997,83.309998,83.730003,6127000,83.730003
"557",83.650002,86.110001,83.529999,86.07,5076700,86.07
"558",85.779999,86.290001,85.150002,85.580002,4052400,85.580002
"559",85.370003,85.620003,84.860001,85.260002,2078800,85.260002
"560",85.639999,86.940002,85.419998,86.93,3296800,86.93
"561",87.010002,88.029999,86.629997,87.650002,4381100,87.650002
"562",87.809998,88.089996,87.010002,87.779999,2413500,87.779999
"563",88.449997,88.650002,87.550003,88.279999,4295200,88.279999
"564",88.980003,89.480003,88.120003,89.309998,2821600,89.309998
"565",89.540001,90.18,89.269997,89.779999,3517900,89.779999
"566",90.360001,91.190002,89.699997,90.639999,3156100,90.639999
"567",90.669998,90.839996,89.410004,90.080002,2671600,90.080002
"568",90.389999,90.599998,89.620003,89.860001,1924900,89.860001
"569",89.629997,89.629997,87.980003,88.330002,7082300,88.330002
"570",87.849998,88.559998,87.68,88.230003,4726300,88.230003
"571",88.120003,88.379997,86.300003,86.75,6478400,86.75
"572",87.089996,87.169998,85.32,85.540001,9136600,85.540001
"573",86.040001,86.82,85.25,86.300003,5758600,86.300003
"574",86.449997,87.059998,85.650002,86.550003,3938500,86.550003
"575",86.660004,86.709999,84.949997,85.010002,5085400,85.010002
"576",85.260002,85.580002,84.959999,85.290001,2984300,85.290001
"577",85.919998,85.919998,85.010002,85.059998,3588600,85.059998
"578",84.610001,85.790001,84.519997,85.730003,3857000,85.730003
"579",85.760002,87.349998,85.260002,87.080002,3410300,87.080002
"580",86.919998,87.080002,85.870003,86.529999,2621600,86.529999
"581",86.540001,86.760002,85.669998,86.300003,3051200,86.300003
"582",86.410004,86.739998,84.959999,85.370003,2587600,85.370003
"583",85.370003,85.599998,84.32,85.050003,7410300,85.050003
"584",86.25,89.209999,86.18,87.239998,6439900,87.239998
"585",85.75,87.809998,84.779999,85.93,7909900,85.93
"586",85.690002,86.290001,84.629997,85.459999,3011500,85.459999
"587",85.889999,86.970001,85.440002,86.739998,3254900,86.739998
"588",85.82,88.029999,85.110001,87.800003,3896600,87.800003
"589",87.129997,87.360001,84.989998,85.540001,4073500,85.540001
"590",85.300003,85.82,84.910004,85.419998,2378200,85.419998
"591",81.910004,84.93,81.620003,84.690002,11169300,84.690002
"592",84.449997,85.25,83.129997,85.230003,2647100,85.230003
"593",83.599998,84.25,83.050003,83.360001,3511000,83.360001
"594",83.690002,85.360001,83.43,84.459999,3314900,84.459999
"595",84.120003,86,83.800003,85.870003,4041200,85.870003
"596",86.720001,87.839996,85.989998,87.779999,3647400,87.779999
"597",87.330002,87.589996,86.910004,87.300003,2876600,87.300003
"598",86.550003,87.849998,86.339996,87.18,4299000,87.18
"599",88.139999,89,87.779999,88.410004,3323700,88.410004
"600",88.410004,89.660004,88.120003,89.599998,3459700,89.599998
"601",88.82,88.970001,86.370003,87.199997,3393200,87.199997
"602",87.720001,88.160004,86.5,86.900002,2573200,86.900002
"603",87.330002,87.879997,86.739998,86.970001,4511100,86.970001
"604",86.650002,86.910004,85.949997,86.809998,2442900,86.809998
"605",86.959999,87.709999,86.610001,87.129997,2112000,87.129997
"606",86.300003,86.769997,85.190002,85.860001,3794600,85.860001
"607",86.089996,86.459999,82.239998,82.68,5528800,82.68
"608",84.230003,86.230003,83.529999,86.160004,4355000,86.160004
"609",87.449997,88.449997,87.040001,88.360001,2841800,88.360001
"610",88.269997,89.440002,88.010002,89.410004,4204100,89.410004
"611",90,90.720001,89.599998,89.739998,3776800,89.739998
"612",90.099998,91.089996,89.43,90.580002,2392300,90.580002
"613",91.269997,91.379997,88.139999,89.639999,2773700,89.639999
"614",89.709999,90.099998,88.900002,89.769997,2789100,89.769997
"615",90.080002,90.489998,88.330002,88.660004,2044000,88.660004
"616",88.699997,89.339996,88.349998,89.199997,1806900,89.199997
"617",89.169998,89.589996,88.18,88.970001,1936400,88.970001
"618",89.360001,90.089996,88.279999,89.099998,2680800,89.099998
"619",89.779999,90.099998,88.480003,90,2726000,90
"620",90.790001,91.790001,90.290001,91.690002,3103400,91.690002
"621",92.160004,92.290001,91.040001,91.480003,4128100,91.480003
"622",91.860001,92.089996,90.629997,90.809998,2318100,90.809998
"623",90.870003,91.019997,89.730003,90.279999,2415600,90.279999
"624",91.220001,92.199997,90.139999,90.190002,2594000,90.190002
"625",90.339996,91.279999,90.120003,90.830002,3188800,90.830002
"626",91.029999,91.379997,90.470001,91.160004,4179200,91.160004
"627",92.300003,92.690002,91.330002,92.510002,3006700,92.510002
"628",92.540001,93.610001,92.150002,93.589996,2902500,93.589996
"629",94.370003,94.440002,93.660004,94.230003,1460400,94.230003
"630",93.339996,94.480003,92.510002,94.459999,1593100,94.459999
"631",94.099998,94.599998,93.519997,93.580002,2547900,93.580002
"632",92.82,93.900002,92.279999,93.839996,3104200,93.839996
"633",94.360001,94.889999,93.300003,93.860001,2582100,93.860001
"634",93.800003,94.300003,93.169998,93.690002,3118200,93.690002
"635",93.870003,94.639999,93.330002,94.510002,2322300,94.510002
"636",94.940002,95.419998,94.400002,94.75,2398400,94.75
"637",94.720001,95.220001,93.660004,93.910004,2051100,93.910004
"638",94.110001,94.699997,93.599998,94.110001,2769300,94.110001
"639",94.169998,96.980003,94,96.870003,10758200,96.870003
"640",96.720001,97.25,94.900002,95.389999,6020700,95.389999
"641",95.830002,96.160004,95.199997,95.300003,3724500,95.300003
"642",95.769997,95.769997,94.330002,95.300003,3284200,95.300003
"643",95.07,95.290001,92.860001,94.169998,3579300,94.169998
"644",95.470001,97.18,94.5,96.360001,7095300,96.360001
"645",98.970001,104.309998,98.510002,102.300003,22063400,102.300003
"646",102.709999,105.019997,102.489998,104.639999,41146400,104.639999
"647",102.779999,104.220001,102.779999,103.910004,11513700,103.910004
"648",104.839996,106.879997,103.970001,105.43,8796200,105.43
"649",107.059998,107.059998,104.18,104.660004,6432800,104.660004
"650",103.900002,104.830002,103.25,104.32,4358200,104.32
"651",102.730003,103.360001,99.550003,100.449997,7151800,100.449997
"652",101.18,103.300003,101.139999,103.019997,5443200,103.019997
"653",101.790001,105.5,101.169998,104.970001,5600900,104.970001
"654",105.919998,106.199997,105.010002,105.43,4645000,105.43
"655",105.080002,105.550003,104.050003,105.300003,4169300,105.300003
"656",104.93,105.730003,103.5,104.209999,5054600,104.209999
"657",104.25,105.82,103.849998,105.779999,8441800,105.779999
"658",104.639999,105.25,101.669998,102.400002,3841500,102.400002
"659",102.519997,105.93,101.989998,105.489998,5205900,105.489998
"660",106.419998,107.480003,105.540001,107.260002,5758400,107.260002
"661",108.099998,108.57,106.669998,107.75,5335700,107.75
"662",107.540001,108,106.849998,106.989998,4713500,106.989998
"663",107.769997,108,106.93,107.559998,2552600,107.559998
"664",107.989998,108.540001,106.949997,108.160004,2818800,108.160004
"665",107.809998,108.190002,104.339996,104.68,4545600,104.68
"666",105.510002,106.410004,105.040001,106.379997,3320100,106.379997
"667",107.190002,107.339996,106.089996,106.980003,3451900,106.980003
"668",106.379997,106.959999,105.760002,106.75,1491300,106.75
"669",107.849998,108.279999,107.32,107.639999,1990900,107.639999
"670",108.050003,108.32,106.32,106.940002,4353300,106.940002
"671",107.089996,107.209999,105.620003,105.839996,2529100,105.839996
"672",106.360001,106.660004,105.760002,106.290001,3608400,106.290001
"673",107.629997,108.82,106.879997,108.699997,4913800,108.699997
"674",108.669998,109.919998,108.559998,108.620003,4046900,108.620003
"675",108.809998,109.199997,105.919998,106.68,4541700,106.68
"676",105.720001,106.190002,101.900002,103.690002,4909200,103.690002
"677",103.300003,103.720001,101.339996,102,4683300,102
"678",103.290001,104.809998,102.93,103.889999,4468600,103.889999
"679",103.760002,103.959999,102.059998,102.599998,2856000,102.599998
"680",101.779999,104.32,101.5,103.620003,2489700,103.620003
"681",104.550003,105.25,104.059998,104.82,2501100,104.82
"682",105,105,102.669998,104.339996,4558600,104.339996
"683",104.019997,105.839996,104.010002,104.910004,4901700,104.910004
"684",105.059998,106.089996,103.879997,104.080002,6540000,104.080002
"685",103.379997,105.239998,103.379997,105.040001,4122700,105.040001
"686",105.339996,106.760002,103.540001,103.760002,6810300,103.760002
"687",104.18,104.580002,102.330002,103.940002,3422600,103.940002
"688",104.190002,105.330002,103.809998,105.07,3610100,105.07
"689",105.709999,105.790001,102.120003,102.610001,3023500,102.610001
"690",102.699997,103.809998,102.669998,103.589996,2206300,103.589996
"691",103.93,104.580002,102.720001,103.150002,1978700,103.150002
"692",102.269997,102.339996,99.75,100.959999,3657500,100.959999
"693",101.029999,103.230003,100.18,103.050003,2618300,103.050003
"694",103.660004,105.860001,103.639999,105.699997,3355400,105.699997
"695",105,105.309998,104.019997,104.589996,2504100,104.589996
"696",103.739998,104.5,102.169998,103.110001,2397600,103.110001
"697",103.519997,105.089996,103.220001,104.699997,1964800,104.699997
"698",104.040001,105.559998,103.639999,105.139999,2065100,105.139999
"699",106.089996,106.760002,105.43,105.68,1929900,105.68
"700",105.809998,106.660004,105.599998,106.019997,3337700,106.019997
"701",106.849998,107.099998,105.919998,106.889999,2694700,106.889999
"702",106.019997,106.709999,105.019997,106.550003,2345600,106.550003
"703",106.529999,107.110001,105.910004,106.190002,1999900,106.190002
"704",107.160004,107.230003,104.589996,105.669998,4536700,105.669998
"705",106.730003,106.830002,103.209999,104.440002,2655700,104.440002
"706",104.25,104.660004,100.029999,100.790001,4292900,100.790001
"707",100.489998,101.559998,100.290001,101.099998,3532100,101.099998
"708",101.709999,103.580002,101.279999,103.449997,2627300,103.449997
"709",102.739998,103.43,101.769997,102.510002,2602200,102.510002
"710",103.029999,103.379997,102.010002,102.459999,1612600,102.459999
"711",102.389999,106.860001,102.120003,105.349998,3882000,105.349998
"712",105.269997,106.529999,104.370003,106.300003,2204200,106.300003
"713",106.410004,107.440002,105.669998,106.139999,3296800,106.139999
"714",106.800003,107.029999,105.709999,106.849998,2006300,106.849998
"715",107.57,107.589996,105.129997,105.290001,2165500,105.290001
"716",105.300003,105.82,102.839996,104,3028000,104
"717",103.900002,105.040001,103.440002,104.910004,2911900,104.910004
"718",108,111.459999,106.610001,109.650002,8463600,109.650002
"719",109.010002,110.660004,108.800003,110.610001,4201100,110.610001
"720",110.470001,111.260002,108.68,110.25,3503300,110.25
"721",110.580002,111.32,109.919998,110.650002,2448900,110.650002
"722",110.389999,111.75,110.339996,111.330002,3382300,111.330002
"723",112.32,114.290001,110.809998,114.099998,3653600,114.099998
"724",114.879997,115,112.199997,113.910004,3246500,113.910004
"725",114.32,115,113.720001,114.5,2221700,114.5
"726",114.900002,116.239998,114.230003,116.040001,2181200,116.040001
"727",115.610001,116.760002,114.82,115.349998,2354100,115.349998
"728",115.779999,116.199997,113.839996,114.080002,2608100,114.080002
"729",114.040001,114.389999,112.629997,113.919998,2486700,113.919998
"730",114.029999,115.099998,114.029999,114.739998,2463600,114.739998
"731",114.739998,116.949997,114.510002,116.220001,8239200,116.220001
"732",116.169998,116.349998,114.540001,116.32,2030400,116.32
"733",116.120003,117.040001,115.860001,116.239998,1193300,116.239998
"734",116.139999,116.370003,112.970001,114.279999,2681500,114.279999
"735",114.589996,114.970001,113.349998,114.419998,2962600,114.419998
"736",114.580002,115.25,114.230003,114.790001,2114100,114.790001
"737",115.110001,115.540001,114.099998,114.790001,2037100,114.790001
"738",115.550003,115.889999,114.290001,114.489998,2264900,114.489998
"739",114.389999,115.489998,114.150002,114.75,3281300,114.75
"740",114.099998,114.980003,113.519997,113.839996,1743700,113.839996
"741",113.900002,114.730003,112.599998,114.610001,2808700,114.610001
"742",114.32,115.459999,113.910004,115.18,1934800,115.18
"743",114.830002,116.889999,113.599998,116.75,2346200,116.75
"744",117.099998,118,115.580002,116.510002,2271700,116.510002
"745",116.949997,117.150002,115.660004,116.779999,2434700,116.779999
"746",116.620003,117.150002,115.760002,115.889999,2120200,115.889999
"747",116.139999,116.699997,115.75,116.5,2574100,116.5
"748",117.080002,117.199997,115.889999,116.669998,5097300,116.669998
"749",116.589996,117.010002,115.830002,116.330002,1451400,116.330002
"750",116.040001,116.629997,115.629997,116.629997,532100,116.629997
"751",116.5,116.779999,115.540001,116.029999,1888900,116.029999
"752",116.309998,117.220001,115.290001,117.080002,1563700,117.080002
"753",116.610001,116.709999,115.129997,115.470001,1656000,115.470001
"754",115.370003,115.760002,114.650002,115.629997,2370900,115.629997
"755",116,116.339996,115.019997,115.519997,5197700,115.519997
"756",115.029999,116.730003,114.5,116.370003,2834000,116.370003
"757",115.18,116.970001,114.860001,116.93,2114800,116.93
"758",115.949997,117.330002,115.190002,116.480003,2397800,116.480003
"759",116.559998,117.690002,116.559998,116.800003,3323100,116.800003
"760",117.540001,118.010002,117.120003,117.800003,3434200,117.800003
"761",118.480003,118.699997,116.949997,117.129997,2077200,117.129997
"762",117,118.610001,116.860001,118.529999,3094300,118.529999
"763",118.309998,118.529999,117.279999,117.550003,2662600,117.550003
"764",117.93,119.309998,117.709999,118.510002,2015100,118.510002
"765",119.5,120.269997,118.93,120.209999,2011100,120.209999
"766",120.790001,120.860001,119.769997,120.68,4086600,120.68
"767",120.599998,121.610001,120.339996,120.610001,2426700,120.610001
"768",121.300003,122.519997,121.279999,122.040001,2922900,122.040001
"769",122.050003,122.510002,121.040001,122.230003,2105300,122.230003
"770",122.580002,122.93,120.529999,120.839996,1736200,120.839996
"771",118.699997,120.370003,118.220001,119.300003,1651200,119.300003
"772",119.300003,121.139999,119.059998,120.43,3917500,120.43
"773",120.849998,121.050003,119.690002,120.040001,2088000,120.040001
"774",119,121.339996,118.269997,121.230003,2094300,121.230003
"775",120.589996,120.82,118.110001,118.610001,3428500,118.610001
"776",119.959999,122.080002,119.510002,121.940002,2986000,121.940002
"777",123.620003,125.050003,123,123.889999,4570700,123.889999
"778",122.639999,124.239998,119.669998,121.669998,5650300,121.669998
"779",120.75,122,120.419998,121.669998,3494300,121.669998
"780",120.699997,122.129997,120.290001,121.860001,2374000,121.860001
"781",121.419998,123.550003,121.169998,123.209999,2742900,123.209999
"782",123.809998,124.610001,120.540001,120.709999,3231200,120.709999
"783",120.480003,121.07,119.010002,119.139999,4050300,119.139999
"784",118.849998,122.339996,118.709999,121.059998,3207600,121.059998
"785",121.120003,122.360001,120.699997,122.32,2796500,122.32
"786",122.949997,123.720001,121.669998,122.25,2899500,122.25
"787",122.650002,123.779999,122.400002,123.550003,3636700,123.550003
"788",123.300003,123.480003,120.25,121.839996,3285100,121.839996
"789",121.519997,121.790001,118.639999,119.489998,3563700,119.489998
"790",116.580002,118.879997,116.040001,116.589996,3706400,116.589996
"791",116.790001,117.279999,113.050003,113.25,4117500,113.25
"792",113.800003,115.260002,112.07,112.870003,3917900,112.870003
"793",110.790001,112.739998,108.160004,108.540001,6824500,108.540001
"794",105.120003,109.510002,104.580002,109.360001,7131800,109.360001
"795",108.639999,114.290001,107.18,114.230003,5516400,114.230003
"796",113,114.949997,108.389999,109.370003,5171100,109.370003
"797",111,112.910004,109.379997,112.18,5787500,112.18
"798",109.150002,111.529999,107.639999,109.25,4642100,109.25
"799",103.980003,107.379997,103.07,106.809998,4426400,106.809998
"800",99.870003,103,98.110001,100.029999,5444700,100.029999
"801",102.75,107.089996,99.099998,107.029999,8579600,107.029999
"802",103.800003,108.040001,101.879997,102.419998,8777800,102.419998
"803",95.199997,101.110001,93.580002,94.919998,13496000,94.919998
"804",100.160004,103.650002,95.360001,103.419998,8218100,103.419998
"805",93.690002,94.809998,84.760002,86.18,11294700,86.18
"806",88.449997,91.169998,83.910004,90.889999,8093500,90.889999
"807",84.669998,86.919998,75.910004,80.949997,9787900,80.949997
"808",80.5,85.989998,73.5,84.459999,9574600,84.459999
"809",87.110001,89.589996,81.139999,81.769997,9676600,81.769997
"810",81.419998,81.730003,74.849998,77,9240500,77
"811",81.620003,87.379997,80.739998,86.650002,6874900,86.650002
"812",86.599998,94.589996,85.089996,91.199997,5645400,91.199997
"813",92.230003,98.349998,90.5,97.690002,5698400,97.690002
"814",94.540001,96.790001,92.019997,93.949997,7067600,93.949997
"815",93.949997,98.739998,93.739998,98.330002,4787700,98.330002
"816",95.879997,97.989998,94.080002,94.989998,8472200,94.989998
"817",91,92,87.440002,88.010002,4128000,88.010002
"818",85.919998,89.410004,85,88.75,3913700,88.75
"819",88.269997,89.720001,84.370003,86.190002,3740000,86.190002
"820",91.580002,96.529999,90.129997,95.860001,7687700,95.860001
"821",99.900002,100.43,94.470001,94.620003,3622400,94.620003
"822",95.68,98.830002,94.529999,98.370003,3847300,98.370003
"823",100.099998,101.82,97.910004,99.220001,3830500,99.220001
"824",97.989998,98.400002,94.610001,96.970001,3721400,96.970001
"825",98.800003,98.800003,95.360001,96.849998,6404900,96.849998
"826",94.760002,95.389999,92.830002,93.660004,6378200,93.660004
"827",95.110001,96.050003,93.019997,95.730003,4143500,95.730003
"828",98.889999,100.769997,98,100.629997,4171900,100.629997
"829",98.830002,99.779999,96.830002,97.239998,3060800,97.239998
"830",94.870003,95.599998,91.400002,91.760002,3795300,91.760002
"831",94.290001,96.459999,93.330002,95.400002,3742600,95.400002
"832",94.949997,96.650002,93.790001,94.610001,2496300,94.610001
"833",95.290001,96.690002,93.620003,96.290001,3279300,96.290001
"834",97.489998,99.379997,96.480003,99.18,3202500,99.18
"835",100.839996,101.199997,99.010002,99.779999,4735100,99.779999
"836",102,105.580002,101.68,104.730003,4935200,104.730003
"837",103.93,104.260002,102.089996,103.059998,3281900,103.059998
"838",101.190002,102.150002,99.669998,100.25,2984500,100.25
"839",99.43,101.699997,99,101.540001,3496300,101.540001
"840",102.129997,105.120003,102.059998,103.830002,3330700,103.830002
"841",105,107.059998,104.419998,105.489998,3864600,105.489998
"842",105.489998,108.370003,105.050003,107.32,4234700,107.32
"843",106.690002,108.830002,103.419998,104.779999,8497200,104.779999
"844",104.120003,104.339996,101.5,101.730003,6577300,101.730003
"845",101.959999,102.540001,100.07,100.269997,7032200,100.269997
"846",99.480003,101.190002,97.5,98.860001,6212300,98.860001
"847",99.690002,99.870003,96.940002,99.32,5780000,99.32
"848",99.290001,100.639999,98.190002,100.019997,3755600,100.019997
"849",102.150002,106.510002,101.800003,105.050003,5025600,105.050003
"850",104.589996,106.160004,101.889999,102.480003,6305600,102.480003
"851",104.040001,106.040001,103.440002,105.800003,4425100,105.800003
"852",105.489998,105.550003,103.07,103.580002,2951900,103.580002
"853",103.559998,104.489998,102.93,103.93,3035500,103.93
"854",106.610001,106.879997,104.330002,105.239998,4137400,105.239998
"855",105.760002,106.32,102.940002,105.349998,3381600,105.349998
"856",105.800003,107.690002,104.970001,106.190002,3772900,106.190002
"857",106.559998,107.07,104.709999,106.769997,5371500,106.769997
"858",106.330002,109.089996,106.330002,108.870003,3407400,108.870003
"859",108.940002,109.5,106.790001,107.82,3752600,107.82
"860",108.790001,109.25,106.910004,108.839996,3924600,108.839996
"861",108.470001,108.839996,105.040001,105.75,4265100,105.75
"862",107.480003,109.839996,106.220001,109.550003,6215500,109.550003
"863",109.139999,109.709999,106.32,106.879997,5069000,106.879997
"864",106.980003,108.760002,106.75,107.389999,4525100,107.389999
"865",107.550003,108.410004,105.129997,106.669998,4297700,106.669998
"866",105.25,105.400002,98.830002,99.849998,6983100,99.849998
"867",102.400002,102.620003,98.449997,100.339996,4836900,100.339996
"868",99.150002,100.93,97.599998,99.940002,4434700,99.940002
"869",102.739998,104.25,101.419998,103.32,3928000,103.32
"870",103.639999,104.309998,102.169998,103.150002,3143800,103.150002
"871",103.449997,104.360001,102.379997,104.029999,3445100,104.029999
"872",105.339996,105.339996,99.209999,100.050003,7948500,100.050003
"873",99.790001,102.5,99.489998,101.290001,4970500,101.290001
"874",102.330002,103.199997,101.099998,101.959999,3608200,101.959999
"875",101.019997,101.599998,96.349998,96.610001,5705000,96.610001
"876",96.629997,97.739998,96.050003,97.43,3708600,97.43
"877",97.239998,97.900002,94.5,94.919998,20213300,94.919998
"878",95.160004,97.040001,93.75,97.010002,5012400,97.010002
"879",96.279999,98.019997,96.010002,97.620003,4393400,97.620003
"880",97.879997,98.980003,96.959999,98.5,4013100,98.5
"881",100,100.720001,98.059998,98.25,2663400,98.25
"882",99.43,99.870003,97.839996,98.110001,2960400,98.110001
"883",97.959999,99.849998,96.459999,96.809998,4228700,96.809998
"884",96.989998,97.690002,95.889999,97.099998,3535700,97.099998
"885",97.099998,97.629997,93.900002,94.82,4720300,94.82
"886",94.809998,96.209999,94.360001,95.980003,4769700,95.980003
"887",96.760002,97.18,94.190002,94.360001,4305700,94.360001
"888",93.849998,97.690002,93.620003,97.540001,5134700,97.540001
"889",98.959999,102.019997,98.599998,100.739998,5643700,100.739998
"890",100.25,100.690002,98.82,99.379997,3571000,99.379997
"891",100.910004,102.989998,99.419998,102.599998,5067400,102.599998
"892",102.550003,103.629997,101.790001,102.07,4117800,102.07
"893",102.690002,102.980003,101.349998,101.610001,3179900,101.610001
"894",101.610001,102.660004,101.459999,102.440002,2517800,102.440002
"895",102.730003,104.290001,101.510002,102.190002,4905100,102.190002
"896",101.790001,102.169998,99.870003,100.629997,2095100,100.629997
"897",100.169998,101.529999,99.5,101.150002,2737500,101.150002
"898",100.860001,101.309998,99.18,99.900002,3800000,99.900002
"899",100.300003,101.709999,99.690002,101.370003,2144500,101.370003
"900",99.699997,100.68,98.839996,100.449997,3604400,100.449997
"901",100.470001,100.470001,98.860001,99.790001,3472200,99.790001
"902",100.519997,101.349998,99.279999,100.540001,5105300,100.540001
"903",100.199997,101.830002,99.330002,99.650002,5031800,99.650002
"904",100.720001,100.970001,97.620003,98,5283200,98
"905",100.900002,103.690002,99.389999,102.379997,9840800,102.379997
"906",101.510002,103.989998,100.220001,103.910004,4631300,103.910004
"907",103.68,103.93,99,99.339996,7090400,99.339996
"908",98.900002,99.889999,96.989998,98.220001,6512100,98.220001
"909",98.889999,100.18,97.889999,97.970001,4012300,97.970001
"910",98.220001,100.25,97.989998,99.480003,2541400,99.480003
"911",98.940002,100.099998,98.510002,99.769997,2182200,99.769997
"912",100.290001,102.720001,99.970001,102.18,3473800,102.18
"913",102.160004,103.550003,101.550003,102.669998,4321000,102.669998
"914",103.43,104.400002,100.199997,100.440002,5469800,100.440002
"915",99.529999,99.720001,96.82,97,6029000,97
"916",96.57,97.589996,95.050003,95.629997,6789900,95.629997
"917",96.43,97.459999,94.989998,96.220001,6829300,96.220001
"918",96.650002,98.449997,96.260002,98.239998,3663900,98.239998
"919",98.720001,99.199997,97.629997,97.940002,2943200,97.940002
"920",99.720001,99.720001,97.660004,99,4962900,99
"921",99.260002,100.169998,98.260002,100.160004,3014400,100.160004
"922",100.019997,101.040001,98.830002,99.580002,4930400,99.580002
"923",99.440002,99.989998,98.639999,99.370003,4219200,99.370003
"924",100,103.629997,99.410004,103.129997,4505600,103.129997
"925",103.169998,103.370003,99.370003,100.660004,7170800,100.660004
"926",101.050003,101.790001,98.029999,99.029999,5882800,99.029999
"927",97.580002,97.959999,94.739998,94.980003,7057100,94.980003
"928",96.830002,96.830002,94.639999,96.43,4582600,96.43
"929",96.82,98.769997,94.480003,95,4106900,95
"930",95.410004,96.07,92.150002,93.059998,6057700,93.059998
"931",94.75,97.690002,94.190002,97.169998,5031100,97.169998
"932",98.239998,101.410004,98,100.589996,5667000,100.589996
"933",101.059998,103.349998,100.839996,102.260002,7866700,102.260002
"934",100.139999,103.860001,99.730003,103.800003,6920900,103.800003
"935",104.160004,104.699997,101.900002,103.5,15881900,103.5
"936",101.239998,102,98.160004,99.610001,6951800,99.610001
"937",100.07,101.199997,98.459999,101.089996,3664000,101.089996
"938",100.559998,101.370003,98.5,99.349998,4648400,99.349998
"939",98.169998,99.669998,96.769997,98.279999,4944800,98.279999
"940",98,102.5,97.540001,102.129997,4459400,102.129997
"941",104,104.669998,103.190002,104.07,3650000,104.07
"942",103.580002,104.739998,103.410004,103.589996,3660200,103.589996
"943",103.959999,104.25,102.07,103.050003,5067300,103.050003
"944",104.290001,105.800003,103.379997,104.25,2943600,104.25
"945",101.900002,102.949997,100.900002,101.650002,3257200,101.650002
"946",102.800003,102.989998,100.059998,100.82,4268000,100.82
"947",102.660004,104.739998,101.860001,102.360001,4581500,102.360001
"948",102.959999,103.629997,101.779999,102.419998,3744200,102.419998
"949",103.330002,104.199997,102.639999,103.389999,2680500,103.389999
"950",103.879997,105.269997,103.150002,105.110001,2484700,105.110001
"951",105.589996,107.199997,104.559998,106.68,4772500,106.68
"952",106.75,107.080002,104.709999,104.760002,4155000,104.760002
"953",104.760002,105.330002,101.800003,102.709999,4643400,102.709999
"954",101.230003,102.059998,100.32,101.809998,3689000,101.809998
"955",102.309998,103.529999,101,101.220001,2885400,101.220001
"956",101.360001,101.519997,98.459999,98.739998,3800200,98.739998
"957",99.110001,100.230003,98.360001,99.529999,2889400,99.529999
"958",98.889999,100.599998,98.639999,99.360001,3907700,99.360001
"959",99.5,101.059998,98.400002,100.879997,3174300,100.879997
"960",101.410004,101.900002,100.190002,101.18,2232900,101.18
"961",99.889999,100.050003,96.720001,98.379997,4897700,98.379997
"962",98.510002,99.529999,96.25,96.610001,6889300,96.610001
"963",97,98.25,93.209999,93.519997,9223300,93.519997
"964",93.620003,96.730003,92.809998,95.769997,5087400,95.769997
"965",94.75,95.559998,93.349998,95.470001,6677200,95.470001
"966",96.919998,97.879997,95.949997,97.290001,3533100,97.290001
"967",98.029999,99.889999,97.620003,98.949997,3593200,98.949997
"968",101.470001,102.5,100.760002,101.190002,5508700,101.190002
"969",102.199997,103.580002,101.779999,102.160004,3678700,102.160004
"970",102.209999,103.400002,101.739998,103.07,2825900,103.07
"971",109.75,117.529999,109.040001,109.099998,8323900,109.099998
"972",108.099998,108.529999,106.360001,106.800003,5180100,106.800003
"973",108.010002,108.389999,105.419998,107.360001,3031900,107.360001
"974",106.550003,107.190002,105.220001,105.699997,2760600,105.699997
"975",106.800003,109.25,106.269997,108.849998,2620200,108.849998
"976",110.769997,111.440002,108.610001,109.709999,3215000,109.709999
"977",108.790001,110.419998,108.169998,109.949997,2524700,109.949997
"978",109.75,110.360001,107.910004,107.970001,2861800,107.970001
"979",111.370003,113.199997,109.260002,113.019997,6914600,113.019997
"980",112.690002,114.139999,112.339996,113.07,4370600,113.07
"981",114.129997,114.199997,111.559998,112.099998,2896600,112.099998
"982",113.830002,115,113.120003,114.879997,4376300,114.879997
"983",114.809998,115.309998,112.300003,114.980003,3663300,114.980003
"984",115.080002,115.809998,114.68,115.529999,1707000,115.529999
"985",114.629997,115.330002,112.889999,115.18,3734800,115.18
"986",116.470001,117.349998,115.550003,115.790001,3635600,115.790001
"987",115.440002,116.489998,114.330002,115.519997,2478900,115.519997
"988",115.129997,117.330002,114.949997,116.050003,3347900,116.050003
"989",116.519997,117.699997,115.290001,117.129997,3444800,117.129997
"990",117.940002,118.190002,116.639999,116.93,3686000,116.93
"991",120,121.830002,117.489998,117.989998,4837600,117.989998
"992",116,116.43,113.970001,114.580002,6430300,114.580002
"993",112.339996,115.599998,112.25,114.830002,10790200,114.830002
"994",114.25,115.389999,113.57,114.82,3786200,114.82
"995",115.540001,115.800003,113.529999,113.629997,3691800,113.629997
"996",114.480003,114.839996,113.25,114.68,3164100,114.68
"997",114.650002,115.449997,113.699997,114.169998,3659800,114.169998
"998",114.730003,115.040001,113.660004,114.699997,3944300,114.699997
"999",115.389999,115.489998,113.129997,114.809998,6349100,114.809998
"1000",112.470001,113.139999,110.349998,112.489998,4212400,112.489998
"1001",110.82,111.669998,110.190002,110.519997,3802500,110.519997
"1002",111.040001,111.199997,109.610001,110.639999,2906300,110.639999
"1003",111.080002,112.739998,110.889999,112.629997,1683100,112.629997
"1004",113.339996,113.440002,111.779999,112.669998,2534800,112.669998
"1005",113.480003,113.949997,111.690002,111.870003,4950000,111.870003
"1006",112.709999,113.599998,112.489998,112.879997,2421900,112.879997
"1007",112.559998,113.959999,112.32,113.860001,2052200,113.860001
