"","HST.Open","HST.High","HST.Low","HST.Close","HST.Volume","HST.Adjusted"
"1",19.040001,19.129999,18.82,19.129999,8866500,16.381081
"2",19.15,19.48,19.07,19.34,15374000,16.560905
"3",19.299999,19.360001,18.35,18.5,19884200,15.84161
"4",18.5,18.57,18.15,18.25,14827100,15.627533
"5",18.280001,18.32,17.940001,18.200001,12431900,15.584719
"6",18.290001,18.5,18,18.030001,10722500,15.439148
"7",18.129999,18.34,17.959999,18.18,10568700,15.567591
"8",18.120001,18.120001,17.639999,18.02,10585100,15.430581
"9",18.110001,18.309999,18.049999,18.26,7907300,15.636096
"10",18.059999,18.33,17.969999,18.15,10133700,15.541903
"11",18.190001,18.4,18.110001,18.309999,6615200,15.678913
"12",18.120001,18.4,17.969999,18.219999,8253700,15.601844
"13",18.24,18.5,18.200001,18.33,8037300,15.696036
"14",18.27,18.309999,18.120001,18.24,5364200,15.618972
"15",18.290001,18.389999,18.139999,18.27,11475000,15.644661
"16",18.309999,18.49,18.209999,18.48,10628100,15.824481
"17",18.459999,18.780001,18.43,18.610001,14066900,15.935805
"18",18.65,18.709999,18.309999,18.59,9411200,15.918676
"19",18.549999,18.57,17.74,17.940001,11599400,15.362082
"20",17.959999,18.190001,17.809999,18.07,17109200,15.473399
"21",18.15,18.379999,17.84,17.870001,7372700,15.302136
"22",17.83,18,17.790001,17.91,7878600,15.336388
"23",18.040001,18.209999,18.01,18.09,6409300,15.490524
"24",18.049999,18.190001,17.809999,17.879999,6036900,15.310702
"25",17.959999,18.26,17.91,18.01,9013100,15.422023
"26",17.959999,18.389999,17.860001,18.33,12920800,15.696036
"27",18.35,18.48,18.209999,18.35,10365500,15.713164
"28",18.360001,18.440001,18.27,18.360001,5676600,15.721725
"29",18.450001,18.610001,18.370001,18.559999,6125600,15.892988
"30",18.52,18.76,18.24,18.75,7873200,16.055687
"31",18.65,18.719999,18.26,18.620001,9731700,15.944368
"32",18.65,18.92,18.559999,18.58,8981800,15.910115
"33",18.57,18.57,18.110001,18.389999,8353800,15.747413
"34",18.35,18.709999,18.35,18.690001,11591900,16.004307
"35",19.709999,20.209999,18.16,18.35,14828000,15.713164
"36",18.41,18.469999,17.83,18.030001,11413600,15.439148
"37",17.98,18.08,17.65,18.01,10378000,15.422023
"38",18.02,18.299999,17.91,18.209999,8180400,15.593283
"39",18.129999,18.17,17.790001,17.99,9768000,15.404894
"40",18.139999,18.68,18.08,18.389999,10698400,15.747413
"41",18.34,18.610001,18.139999,18.610001,12586100,15.935805
"42",18.6,18.65,18.139999,18.379999,9319400,15.738853
"43",18.190001,18.540001,18.16,18.5,7777400,15.84161
"44",18.4,18.48,18.08,18.18,5571300,15.567591
"45",18.110001,18.43,17.99,18.129999,5571900,15.524777
"46",18.18,18.280001,17.709999,17.84,7041700,15.276449
"47",17.84,18.09,17.73,17.91,5559700,15.336388
"48",17.940001,18.110001,17.790001,17.870001,5737500,15.302136
"49",17.870001,17.950001,17.73,17.75,6863400,15.199381
"50",17.870001,18.4,17.780001,18.34,9126400,15.704602
"51",18.379999,18.469999,18.23,18.24,6303600,15.618972
"52",18.309999,18.450001,18.23,18.440001,9402700,15.790233
"53",18.450001,18.52,18.27,18.379999,3858400,15.738853
"54",18.42,18.549999,17.93,17.969999,6490000,15.387768
"55",17.969999,18.15,17.68,18.09,6131800,15.490524
"56",18.129999,18.360001,18,18.02,6664600,15.430581
"57",18.129999,18.26,17.99,18.049999,5439300,15.456274
"58",17.950001,18.09,17.83,18.02,5334000,15.430581
"59",17.99,18.219999,17.809999,18.17,6223700,15.55903
"60",17.950001,18.33,17.879999,18.24,7251900,15.792802
"61",18.219999,18.540001,18.129999,18.540001,5239600,16.052555
"62",18.52,18.780001,18.459999,18.66,9386000,16.156452
"63",18.65,18.66,18.200001,18.370001,5143500,15.905366
"64",18.27,18.43,18.18,18.299999,5680400,15.844754
"65",18.41,18.68,18.200001,18.26,6556800,15.810119
"66",18.280001,18.57,18.08,18.52,7858100,16.035238
"67",18.440001,18.57,18.290001,18.299999,6334700,15.844754
"68",18.42,18.59,18.299999,18.43,5348200,15.957314
"69",18.450001,18.59,18.280001,18.57,6556500,16.078527
"70",18.58,18.58,18.24,18.379999,5992000,15.914021
"71",18.379999,18.57,18.290001,18.450001,5567800,15.97463
"72",18.5,18.610001,18.4,18.469999,7527200,15.991943
"73",18.440001,18.639999,18.41,18.610001,6881800,16.113165
"74",18.690001,19.030001,18.66,19,11697100,16.450838
"75",19.02,19.17,18.559999,19.049999,10641600,16.494129
"76",19.030001,19.059999,18.780001,18.82,5606600,16.294992
"77",19.040001,19.1,18.82,19,7469300,16.450838
"78",19.110001,19.27,19,19.049999,6283400,16.494129
"79",19.01,19.440001,18.950001,19.27,9286200,16.684612
"80",19.27,19.34,19.07,19.24,7379200,16.658636
"81",19.41,19.459999,17.74,17.950001,27336200,15.541713
"82",18.040001,18.33,17.91,18.049999,9446000,15.628294
"83",18.08,18.58,18.049999,18.440001,12243800,15.965973
"84",18.459999,18.530001,18.120001,18.200001,7337000,15.758173
"85",18.209999,18.24,17.9,18,7219100,15.585004
"86",18.1,18.360001,17.99,18.129999,6789800,15.697562
"87",18.190001,18.24,17.65,17.799999,9623600,15.411839
"88",17.85,18.110001,17.719999,17.83,8153400,15.437814
"89",17.790001,18.110001,17.639999,18.01,7770700,15.593661
"90",17.879999,17.889999,17.52,17.68,5902900,15.307936
"91",17.620001,17.73,17.450001,17.48,4921800,15.134773
"92",17.549999,17.809999,17.540001,17.75,5563800,15.368546
"93",17.73,17.82,17.610001,17.68,8288400,15.307936
"94",17.5,17.719999,17.34,17.639999,9175300,15.273304
"95",17.57,18.16,17.35,18.030001,12104300,15.610975
"96",18.07,18.190001,17.940001,18.09,6847200,15.662931
"97",18.120001,18.32,18.059999,18.110001,7417400,15.680249
"98",18.17,18.379999,18.09,18.16,4928300,15.723537
"99",18.190001,18.309999,17.98,18.209999,5722100,15.76683
"100",18.209999,18.32,17.98,18.09,5152100,15.662931
"101",18.040001,18.190001,18.030001,18.07,3222200,15.645613
"102",18.07,18.08,17.84,17.85,3742500,15.45513
"103",17.959999,18.02,17.67,17.99,10644100,15.576344
"104",18.02,18.1,17.860001,17.879999,8616000,15.481106
"105",17.98,18.18,17.93,18.17,9819200,15.732197
"106",18.15,18.17,17.870001,17.870001,8022600,15.472448
"107",17.83,17.98,17.639999,17.85,7004300,15.45513
"108",17.870001,18.030001,17.66,17.98,4695900,15.567691
"109",17.98,18.32,17.82,18.139999,7323800,15.706221
"110",18.17,18.690001,18.15,18.379999,8082300,15.914021
"111",18.389999,18.9,18.389999,18.629999,8586900,16.13048
"112",18.629999,18.91,18.57,18.700001,6143400,16.191088
"113",18.799999,18.84,18.459999,18.57,6467000,16.078527
"114",18.4,18.66,18.370001,18.59,5983900,16.095846
"115",18.629999,18.790001,18.5,18.74,11906200,16.225719
"116",18.82,19.139999,18.77,19.1,6650000,16.537422
"117",19.120001,19.16,18.799999,18.92,4554800,16.381575
"118",18.93,18.99,18.469999,18.6,5872800,16.104506
"119",18.6,18.75,18.5,18.67,4677600,16.165113
"120",18.709999,18.83,18.629999,18.719999,6004500,16.208401
"121",18.75,18.959999,18.75,18.950001,2740400,16.407545
"122",18.92,19.129999,18.799999,18.809999,5869000,16.286329
"123",18.700001,18.91,18.57,18.6,4774900,16.277578
"124",18.629999,18.77,18.4,18.48,5439700,16.17256
"125",18.6,18.610001,18.200001,18.27,5932800,15.988783
"126",18.379999,18.85,18.309999,18.809999,3175000,16.461357
"127",18.790001,18.879999,18.540001,18.709999,5724600,16.373842
"128",18.610001,18.700001,18.24,18.299999,5149900,16.015036
"129",18.360001,18.5,18.23,18.26,4608500,15.980032
"130",18.280001,18.379999,17.9,17.92,6956000,15.682486
"131",17.959999,18.049999,17.780001,18.02,4101100,15.769999
"132",18.139999,18.309999,17.83,18.049999,6326000,15.796252
"133",18.08,18.15,18,18.110001,3203300,15.848763
"134",18.139999,18.32,18.09,18.15,4526200,15.883764
"135",18.09,18.809999,18.08,18.48,9339000,16.17256
"136",18.450001,18.68,18.370001,18.620001,7183700,16.29508
"137",18.66,18.700001,18.540001,18.610001,4796200,16.286329
"138",18.57,18.610001,18.040001,18.049999,8604300,15.796252
"139",18.01,18.08,17.639999,17.959999,9557000,15.717492
"140",17.940001,18.01,17.85,17.969999,4947700,15.726239
"141",18.059999,18.459999,17.91,18.440001,8909500,16.137556
"142",18.459999,18.559999,17.959999,18.02,9040200,15.769999
"143",18.02,18.76,18.02,18.68,8934700,16.347589
"144",18.68,18.860001,18.58,18.709999,6101000,16.373842
"145",18.67,18.809999,18.4,18.66,17213200,16.330082
"146",18.719999,18.940001,18.6,18.91,6824900,16.548868
"147",18.83,18.85,18.360001,18.639999,7519800,16.312582
"148",18.610001,18.719999,18.370001,18.389999,4564000,16.093798
"149",18.450001,18.700001,18.370001,18.65,4053200,16.321333
"150",18.67,18.790001,18.59,18.74,2685800,16.400097
"151",18.52,18.700001,18.16,18.209999,7786400,15.936274
"152",18.209999,18.209999,17.84,17.969999,5068200,15.726239
"153",17.91,17.969999,17.790001,17.83,3986300,15.603723
"154",17.780001,17.950001,17.690001,17.85,6194800,15.621225
"155",17.940001,18.16,17.889999,18,6250300,15.752496
"156",18.030001,18.059999,17.860001,17.950001,3607400,15.708738
"157",18.01,18.25,18.01,18.23,4745900,15.953777
"158",18.24,18.4,17.85,17.92,6980200,15.682486
"159",17.870001,17.959999,17.42,17.43,8393100,15.253665
"160",17.469999,17.52,17.26,17.379999,8325400,15.20991
"161",17.440001,17.700001,17.379999,17.65,7362400,15.446195
"162",17.58,17.799999,17.549999,17.57,5307400,15.376185
"163",17.719999,17.85,17.559999,17.6,5565100,15.402439
"164",17.620001,17.77,17.540001,17.700001,3402200,15.489954
"165",17.77,17.84,17.459999,17.530001,4154300,15.341178
"166",17.379999,17.700001,17.34,17.68,4484900,15.47245
"167",17.66,18.049999,17.6,18.02,5945200,15.769999
"168",18.09,18.16,17.93,18.120001,7167400,15.857515
"169",18.15,18.209999,18,18.139999,3406100,15.875014
"170",18.139999,18.17,17.549999,17.620001,6520700,15.419943
"171",17.68,18.01,17.620001,17.98,7268600,15.734994
"172",18.01,18.030001,17.790001,17.940001,3400600,15.699988
"173",17.91,18.309999,17.860001,18.15,7505700,15.883764
"174",18.32,18.51,18.200001,18.209999,5574100,15.936274
"175",18.23,18.450001,18.209999,18.379999,5232800,16.085047
"176",18.35,18.49,18.27,18.440001,5624900,16.137556
"177",18.370001,18.48,18.209999,18.27,6059100,15.988783
"178",18.26,18.389999,18.07,18.25,6363700,15.971278
"179",18.280001,18.370001,18.23,18.309999,4359500,16.023785
"180",18.290001,18.370001,18.049999,18.34,4874600,16.050043
"181",18.299999,18.48,18.219999,18.459999,4800400,16.155058
"182",18.469999,18.549999,18.27,18.290001,4507000,16.006283
"183",18.33,18.41,18.26,18.33,4608300,16.041288
"184",18.35,18.639999,18.33,18.360001,4243700,16.067545
"185",18.379999,18.58,18.360001,18.5,3931700,16.190065
"186",18.610001,18.67,18.450001,18.540001,6217000,16.225071
"187",18.299999,18.52,18.139999,18.49,4835200,16.357771
"188",18.450001,18.530001,18.280001,18.49,10337900,16.357771
"189",18.48,18.57,18.370001,18.43,5042100,16.304691
"190",18.440001,18.48,18.17,18.24,4858400,16.1366
"191",18.24,18.34,18.139999,18.200001,9913400,16.101213
"192",18.280001,18.440001,18.23,18.32,8364300,16.207376
"193",18.280001,18.450001,18.190001,18.34,5386600,16.225071
"194",18.34,18.42,18.34,18.389999,3976800,16.269302
"195",18.42,18.620001,18.379999,18.549999,5034700,16.410852
"196",18.549999,18.74,18.51,18.67,5347500,16.517015
"197",18.84,19.41,18.709999,19.4,11397300,17.162834
"198",19.440001,19.559999,19.18,19.51,7702100,17.260147
"199",19.5,19.530001,19.32,19.4,5313400,17.162834
"200",19.389999,19.42,19.26,19.34,3869000,17.109755
"201",19.33,19.870001,19.33,19.85,9807600,17.56094
"202",19.780001,19.950001,19.67,19.83,7298700,17.543247
"203",19.83,19.83,19.389999,19.459999,11379900,17.215914
"204",19.530001,19.629999,19.299999,19.33,5908800,17.100904
"205",19.379999,19.66,19.35,19.66,7256300,17.392853
"206",19.620001,19.68,19.27,19.35,6734000,17.118597
"207",19.459999,19.48,19.24,19.4,4283100,17.162834
"208",19.389999,19.549999,19.26,19.440001,6068700,17.198219
"209",19.43,19.51,19.26,19.299999,7293100,17.074362
"210",19.370001,19.57,19.290001,19.559999,6994200,17.30438
"211",19.66,19.879999,19.58,19.73,7492100,17.454779
"212",19.43,19.51,19.059999,19.459999,10004800,17.215914
"213",19.42,19.879999,19.35,19.629999,5002500,17.366306
"214",19.790001,19.98,19.639999,19.790001,4931000,17.507858
"215",19.780001,20.030001,19.620001,19.790001,5915500,17.507858
"216",19.790001,20.190001,19.75,20.190001,8692200,17.861734
"217",20.1,20.23,19.74,20,9878600,17.693642
"218",19.93,20.059999,19.860001,19.99,7205600,17.684793
"219",19.92,20.09,19.82,20.030001,4283800,17.720184
"220",19.92,20,19.799999,19.969999,3208300,17.667101
"221",19.85,19.950001,19.75,19.76,4459000,17.481319
"222",19.780001,20.01,19.65,19.969999,4893900,17.667101
"223",19.82,20.02,19.82,19.889999,4336400,17.596325
"224",19.92,19.950001,19.67,19.700001,4945800,17.428238
"225",19.82,19.92,19.74,19.790001,6317900,17.507858
"226",19.780001,19.93,19.66,19.780001,4822300,17.499012
"227",19.85,19.860001,19.75,19.799999,1425800,17.516706
"228",19.780001,19.9,19.58,19.6,4257000,17.339769
"229",19.620001,19.73,19.280001,19.459999,10782700,17.215914
"230",19.459999,19.76,19.459999,19.67,8398700,17.401697
"231",19.77,19.9,19.629999,19.790001,9409700,17.507858
"232",19.889999,19.889999,19.32,19.51,6374100,17.260147
"233",19.950001,20.059999,19.780001,19.860001,5336100,17.569786
"234",19.879999,19.950001,19.709999,19.73,5799000,17.454779
"235",19.700001,19.889999,19.5,19.610001,6597500,17.348618
"236",19.59,19.799999,19.549999,19.65,4211900,17.384005
"237",19.690001,19.860001,19.65,19.84,4147900,17.552092
"238",19.780001,19.85,19.67,19.83,4498100,17.543247
"239",19.860001,19.860001,19.639999,19.85,7561300,17.56094
"240",19.870001,19.940001,19.77,19.85,7764200,17.56094
"241",19.809999,19.879999,19.65,19.780001,4787000,17.499012
"242",19.84,20.17,19.809999,20.139999,11660800,17.817499
"243",20.299999,20.629999,20.209999,20.58,8067100,18.206758
"244",20.65,20.65,20.18,20.280001,6848100,17.941355
"245",20.41,20.43,20.030001,20.049999,7224700,17.737877
"246",20.17,20.27,20,20.049999,6510800,17.737877
"247",20.09,20.16,20.030001,20.139999,4287300,17.817499
"248",20.15,20.290001,20.129999,20.18,2016300,17.852884
"249",20.23,20.26,20.110001,20.15,3089200,17.826342
"250",19.969999,20.129999,19.84,20.120001,3212200,18.023418
"251",20.129999,20.129999,19.85,19.85,2950700,17.781555
"252",19.969999,20.030001,19.77,19.940001,5114800,17.862175
"253",19.940001,20.08,19.82,19.870001,4121900,17.799469
"254",19.85,20,19.790001,19.82,4883200,17.754679
"255",19.870001,19.9,19.719999,19.860001,3775700,17.790512
"256",20,20.41,19.889999,20.389999,9354200,18.265284
"257",20.4,20.469999,20.26,20.440001,8968500,18.310074
"258",20.35,20.82,20.26,20.65,10205600,18.498192
"259",20.76,20.780001,20.440001,20.57,8056700,18.426527
"260",20.629999,20.66,20.309999,20.360001,5165600,18.238411
"261",20.4,20.719999,20.299999,20.32,7582600,18.202578
"262",20.43,20.959999,20.370001,20.93,6384600,18.749016
"263",20.889999,20.889999,20.450001,20.5,6405100,18.363823
"264",20.5,20.75,20.5,20.719999,6045600,18.560898
"265",20.76,20.82,20.66,20.809999,3988600,18.641518
"266",20.84,21.34,20.780001,21.299999,5112600,19.080458
"267",21.32,21.530001,21.209999,21.290001,6774300,19.071503
"268",21.309999,21.43,21.040001,21.17,4983600,18.964005
"269",21.27,21.299999,21.08,21.24,3227100,19.026712
"270",21.139999,21.209999,20.9,20.950001,3490800,18.766928
"271",20.83,20.93,20.73,20.83,4328100,18.659435
"272",20.870001,21.110001,20.639999,20.76,9353100,18.596727
"273",20.76,20.889999,20.469999,20.57,5234300,18.426527
"274",20.440001,20.540001,20.040001,20.110001,5685900,18.014462
"275",20.049999,20.200001,19.24,19.35,8362000,17.333654
"276",19.040001,19.530001,18.76,19.42,11994300,17.396364
"277",19.360001,19.780001,19.299999,19.450001,6285800,17.423235
"278",19.450001,19.469999,18.74,18.75,7716500,16.796179
"279",18.969999,19.68,18.82,19.52,10915400,17.485945
"280",19.58,19.629999,18.950001,19.42,9087700,17.396364
"281",19.299999,19.610001,19.049999,19.52,7162300,17.485945
"282",19.33,19.639999,19.129999,19.639999,12645500,17.593437
"283",19.700001,19.76,19.27,19.559999,9929100,17.521772
"284",19.59,19.940001,19.52,19.879999,7400800,17.80843
"285",19.799999,19.959999,19.5,19.51,5880000,17.476986
"286",19.299999,19.57,19.18,19.219999,7828900,17.217203
"287",18.799999,19.549999,18.5,19.110001,13249800,17.118666
"288",19.200001,19.290001,19.059999,19.209999,6540400,17.208241
"289",19.25,19.379999,18.98,19,5480000,17.020128
"290",19.059999,19.08,18.469999,18.49,8071200,16.563271
"291",18.540001,18.91,18.5,18.559999,11886900,16.625978
"292",18.51,18.74,18.23,18.41,8839300,16.491608
"293",18.299999,18.5,17.98,18.440001,9953200,16.518482
"294",18.25,18.35,18.02,18.120001,15680900,16.231829
"295",18.129999,18.299999,18.049999,18.200001,10786000,16.303492
"296",18.1,18.639999,18.08,18.540001,8599500,16.608061
"297",18.58,18.629999,18.379999,18.610001,5628900,16.670767
"298",18.74,18.91,18.610001,18.91,4855700,16.939507
"299",18.860001,18.9,18.68,18.73,8251200,16.778261
"300",18.799999,18.92,18.65,18.700001,6589400,16.751389
"301",18.780001,19.049999,18.76,18.92,7987500,16.948467
"302",18.959999,19.07,18.809999,19.049999,6010400,17.064917
"303",19.08,19.23,18.93,19.18,6144000,17.181372
"304",19.129999,19.15,18.76,18.940001,4253200,16.966381
"305",18.99,19.129999,18.85,18.92,4257300,16.948467
"306",18.9,18.959999,18.66,18.75,4488200,16.796179
"307",18.65,18.799999,18.4,18.4,5520800,16.482651
"308",18.450001,18.459999,17.93,17.98,4530700,16.106419
"309",18.16,18.459999,18.09,18.389999,4510100,16.47369
"310",18.389999,18.58,18.200001,18.33,4686900,16.419947
"311",18.4,18.84,18.4,18.57,7560100,16.818441
"312",18.6,18.809999,18.52,18.639999,6308300,16.881838
"313",18.66,18.700001,18.139999,18.290001,5589300,16.564854
"314",18.379999,18.719999,18.33,18.65,5036800,16.890896
"315",18.48,18.83,18.4,18.809999,4377000,17.035807
"316",18.85,18.92,18.549999,18.639999,6879600,16.881838
"317",18.559999,18.73,18.360001,18.450001,4161200,16.709764
"318",18.5,18.540001,18.23,18.24,5223600,16.519567
"319",18.41,18.5,18.219999,18.25,7183200,16.528624
"320",18.209999,18.610001,18.16,18.48,6500400,16.736929
"321",18.58,19.34,18.43,19.23,12637900,17.416189
"322",19.33,19.4,19.040001,19.139999,7027600,17.334681
"323",19.290001,19.57,19.25,19.450001,4956500,17.61544
"324",19.459999,19.709999,19.389999,19.67,8179400,17.814688
"325",19.719999,19.870001,19.59,19.780001,4961200,17.914312
"326",19.73,19.780001,19.360001,19.459999,5539900,17.624496
"327",19.459999,19.559999,19.370001,19.42,4511900,17.58827
"328",19.440001,19.530001,19.33,19.459999,4158200,17.624496
"329",19.59,19.59,19.18,19.299999,4451800,17.479586
"330",19.27,19.620001,19.219999,19.620001,7608300,17.769405
"331",19.620001,19.74,19.5,19.6,5028700,17.751291
"332",19.58,19.860001,19.52,19.75,5002300,17.88714
"333",19.809999,19.82,19.48,19.559999,6524200,17.715063
"334",19.58,19.639999,19.34,19.530001,3072000,17.687893
"335",19.43,19.52,19.32,19.43,5904100,17.597326
"336",19.49,19.85,19.360001,19.43,8576600,17.597326
"337",19.459999,19.99,19.4,19.84,7173900,17.968653
"338",19.91,20.129999,19.780001,20.120001,5588700,18.222242
"339",20.139999,20.16,19.969999,20.030001,6803600,18.140736
"340",20.110001,20.629999,20.059999,20.610001,6856500,18.666027
"341",20.67,20.959999,20.610001,20.92,7188000,18.946787
"342",20.940001,21.030001,20.719999,20.73,5445500,18.774708
"343",20.799999,20.959999,20.65,20.879999,5951100,18.910557
"344",20.75,20.809999,20.290001,20.34,8669300,18.421492
"345",20.35,20.450001,20.07,20.209999,9603200,18.303755
"346",20.280001,20.440001,20.25,20.309999,5413700,18.394323
"347",20.34,20.540001,20.24,20.5,6262400,18.566401
"348",20.66,21.120001,20.629999,21.110001,8573000,19.118864
"349",21.1,21.290001,20.969999,21.219999,6559800,19.218489
"350",21.190001,21.57,21.17,21.41,6020000,19.39057
"351",21.450001,21.700001,21.4,21.66,9778600,19.616987
"352",21.65,21.73,21.469999,21.559999,4213400,19.526419
"353",21.43,21.66,21.360001,21.52,6434000,19.490191
"354",21.530001,21.969999,21.530001,21.82,4966100,19.761898
"355",21.780001,21.879999,21.620001,21.629999,8999800,19.589817
"356",21.780001,22.469999,21.610001,21.91,4679800,19.84341
"357",21.99,22.18,21.9,22.15,4981800,20.06077
"358",22.07,22.09,21.860001,21.940001,5488300,19.870577
"359",22.15,22.25,21.950001,22.25,6469500,20.151339
"360",22.27,22.27,21.99,22.09,4907500,20.00643
"361",22.01,22.139999,21.870001,22.09,6350700,20.00643
"362",21.85,21.93,21.52,21.57,7143900,19.535475
"363",21.58,21.67,21.42,21.459999,7382000,19.435852
"364",21.469999,21.6,21.07,21.08,5450400,19.091692
"365",21.190001,21.48,21.190001,21.33,6213400,19.318115
"366",21.360001,21.41,21.24,21.290001,8768800,19.281889
"367",21.17,21.34,21.08,21.18,4641900,19.182264
"368",21.01,21.27,20.969999,21.110001,5033200,19.118864
"369",21.23,21.52,21.18,21.49,5040300,19.463022
"370",21.41,21.67,21.299999,21.629999,7482500,19.589817
"371",21.67,21.780001,21.35,21.42,6821700,19.399624
"372",21.4,21.440001,21.02,21.040001,7731800,19.055468
"373",21.07,21.16,20.9,20.950001,6870900,18.973955
"374",20.99,21.389999,20.780001,21.049999,14637800,19.064522
"375",20.940001,20.950001,20.74,20.860001,7205000,19.073669
"376",20.860001,21.24,20.77,21.07,8286700,19.265686
"377",21.030001,21.08,20.709999,20.84,5866400,19.05538
"378",20.84,21.190001,20.809999,21.02,4516300,19.219965
"379",21.059999,21.129999,20.860001,21.110001,4479500,19.302259
"380",21.139999,21.34,21.08,21.32,4152900,19.494274
"381",21.34,21.440001,21.18,21.34,5938700,19.512564
"382",21.450001,21.620001,21.309999,21.370001,5526600,19.539993
"383",21.280001,21.34,21.08,21.129999,4213900,19.320543
"384",21.17,21.25,20.959999,21.17,3641600,19.357121
"385",21.209999,21.280001,21.1,21.18,3562400,19.366264
"386",21.15,21.190001,20.9,21.02,3147500,19.219965
"387",21.059999,21.120001,20.940001,21.030001,4855600,19.229107
"388",21.07,21.200001,20.99,21.110001,5058200,19.302259
"389",21.059999,21.540001,21.02,21.469999,5720100,19.631432
"390",21.4,21.450001,21.24,21.280001,4920000,19.457701
"391",21.32,21.59,21.280001,21.58,6358800,19.73201
"392",21.629999,21.74,21.08,21.129999,7770700,19.320543
"393",21.120001,21.16,20.73,21.049999,8809300,19.247395
"394",21.1,21.24,21,21.07,3857300,19.265686
"395",21.17,21.17,20.780001,20.809999,3194800,19.027946
"396",20.809999,20.84,20.629999,20.690001,4625000,18.918226
"397",20.76,21.01,20.65,20.940001,12229000,19.146816
"398",20.92,21.540001,20.870001,21.51,8129900,19.668005
"399",21.389999,21.98,21.33,21.940001,10960300,20.06118
"400",21.940001,22.059999,21.57,21.629999,12982200,19.777729
"401",21.559999,21.709999,21.42,21.639999,6384600,19.786873
"402",21.58,21.58,21.299999,21.379999,7584900,19.549133
"403",21.459999,21.75,20.469999,20.549999,12959400,18.790211
"404",20.530001,20.65,20.450001,20.49,11420100,18.735353
"405",20.41,20.48,20.139999,20.27,8288300,18.534193
"406",20.27,20.389999,19.98,20.1,6328700,18.378748
"407",20.1,20.43,20.1,20.290001,5368700,18.552481
"408",20.26,20.860001,20.200001,20.790001,9146000,19.009663
"409",20.790001,21.1,20.73,20.9,5444200,19.110239
"410",20.860001,20.969999,20.65,20.93,6437300,19.137674
"411",21.030001,21.110001,20.870001,20.9,8965500,19.110239
"412",20.950001,21.18,20.889999,21.059999,8210800,19.256538
"413",21.09,21.4,21.01,21.299999,7930200,19.475986
"414",21.33,21.360001,20.83,20.879999,7416100,19.091951
"415",20.860001,21.049999,20.809999,20.959999,4569500,19.1651
"416",20.959999,20.98,20.809999,20.93,5702900,19.137674
"417",20.99,21.4,20.959999,21.4,8275900,19.567425
"418",21.440001,21.870001,21.440001,21.65,7685500,19.796013
"419",21.66,21.889999,21.549999,21.75,5254100,19.887449
"420",21.700001,21.940001,21.51,21.530001,10145600,19.686291
"421",21.57,21.629999,21.17,21.219999,6237400,19.40284
"422",21.16,21.379999,21.129999,21.24,6992300,19.421125
"423",21.33,21.41,21.17,21.27,5424300,19.448559
"424",21.25,21.450001,21.16,21.41,7920100,19.576569
"425",21.530001,21.57,21.280001,21.280001,5367800,19.457701
"426",21.15,21.43,21.129999,21.290001,6628300,19.466846
"427",21.290001,21.48,21.219999,21.34,4802200,19.512564
"428",21.459999,21.57,21.4,21.469999,5840700,19.631432
"429",21.459999,21.58,21.200001,21.57,6092300,19.722868
"430",21.59,21.620001,21.34,21.4,5923300,19.567425
"431",21.379999,21.6,21.32,21.49,7508100,19.649717
"432",21.51,21.530001,21.059999,21.139999,9164800,19.329689
"433",21.17,21.27,20.940001,21.219999,11704800,19.40284
"434",21.190001,21.370001,21.110001,21.120001,10060400,19.311403
"435",21.120001,21.15,20.76,20.889999,6722500,19.101097
"436",21.049999,21.42,20.950001,21.17,8583600,19.357121
"437",21.139999,21.290001,21.02,21.02,6855000,19.219965
"438",20.98,21.25,20.889999,21.18,5602200,19.552301
"439",21.17,21.27,20.969999,21.1,7220300,19.478447
"440",21.1,21.129999,20.91,20.969999,5389900,19.358437
"441",20.92,20.98,20.709999,20.709999,4876400,19.118418
"442",20.73,20.92,20.59,20.790001,5471400,19.192272
"443",20.780001,20.780001,20.16,20.26,6433100,18.703001
"444",20.18,20.26,20.040001,20.1,5707400,18.555298
"445",20.17,20.49,20.08,20.450001,4698600,18.878401
"446",20.43,20.450001,20.110001,20.15,4324000,18.601454
"447",20.120001,20.219999,19.77,19.790001,7993700,18.269121
"448",19.809999,19.809999,19.120001,19.24,8607600,17.761391
"449",19.389999,19.540001,19.040001,19.18,6142900,17.706003
"450",19.129999,19.379999,19.110001,19.18,6661000,17.706003
"451",19.27,19.51,19.16,19.43,4960300,17.936789
"452",19.440001,19.49,19.16,19.33,3645700,17.844473
"453",19.299999,19.33,19,19.07,3727700,17.604454
"454",19.08,19.24,19,19.1,8657000,17.632151
"455",19.15,19.15,18.790001,18.870001,4365700,17.419825
"456",18.620001,18.75,18.299999,18.709999,7571700,17.272121
"457",18.74,18.77,18.32,18.35,9249800,16.939787
"458",18.43,18.889999,18.370001,18.709999,9151900,17.272121
"459",18.549999,18.66,18.110001,18.43,8467800,17.013639
"460",18.610001,18.93,18.52,18.68,5122700,17.244429
"461",18.75,19.07,18.629999,18.969999,8290000,17.512138
"462",19.049999,19.42,18.77,19.110001,9905400,17.641382
"463",19.120001,19.42,18.889999,19.33,8605000,17.844473
"464",19.719999,19.889999,18.6,18.68,7605700,17.244429
"465",18.73,19.48,18.73,19.25,7139800,17.770622
"466",19.110001,19.200001,18.309999,18.5,9857500,17.07826
"467",18.450001,19,18.450001,18.99,7432700,17.530602
"468",18.98,19.139999,18.74,19.02,6591700,17.558298
"469",18.92,19.09,18.76,18.9,4944500,17.447517
"470",18.93,19.07,18.790001,18.799999,4062200,17.355204
"471",18.889999,19.110001,18.82,18.84,5904500,17.39213
"472",18.940001,19.049999,18.639999,18.83,5739300,17.382898
"473",18.66,19.1,18.51,19.049999,7225600,17.585991
"474",19.02,19.27,18.92,19.26,5576300,17.779854
"475",19.219999,19.219999,18.99,19.15,6701600,17.678307
"476",19.08,19.32,18.950001,19.18,6435900,17.706003
"477",19.200001,19.34,19.040001,19.040001,3400400,17.576761
"478",18.9,19.15,18.870001,18.93,1251900,17.475216
"479",19.120001,19.27,19.040001,19.17,4260200,17.696772
"480",19.15,19.299999,19.040001,19.15,4606500,17.678307
"481",19.129999,19.209999,18.83,19.209999,5678800,17.733696
"482",19.15,19.42,19.049999,19.299999,5847600,17.816778
"483",19.34,19.34,18.77,19,8227000,17.539835
"484",19.17,19.360001,18.92,19.35,4006200,17.862934
"485",19.33,19.360001,18.709999,18.719999,5512300,17.281351
"486",18.57,18.870001,18.16,18.85,8970800,17.401361
"487",18.809999,18.860001,18.389999,18.389999,6344300,16.976713
"488",18.41,18.440001,17.92,18.110001,5928200,16.718233
"489",18.290001,18.42,17.959999,17.969999,4566600,16.588989
"490",18.110001,18.25,17.85,17.85,6668000,16.478212
"491",17.860001,17.98,17.65,17.780001,6183600,16.413591
"492",17.73,18.049999,17.639999,17.780001,6096500,16.413591
"493",17.780001,17.93,17.26,17.32,6524500,15.988943
"494",17.57,17.83,17.370001,17.59,7459300,16.238194
"495",17.58,18.030001,17.190001,17.219999,8105100,15.896628
"496",17,17.129999,16.33,16.52,9119300,15.250424
"497",16.66,16.92,16.42,16.540001,13773500,15.268888
"498",16.459999,16.540001,15.94,15.94,3345600,14.714996
"499",15.98,16.84,15.98,16.84,6894200,15.545832
"500",16.66,16.84,16.190001,16.84,8030500,15.545832
"501",16.73,17.049999,16.52,16.68,7185300,15.630167
"502",16.75,16.75,16.379999,16.67,5122300,15.620796
"503",16.440001,16.48,16.209999,16.389999,5120300,15.358419
"504",16.290001,16.610001,16.27,16.35,6563900,15.320939
"505",16.57,16.969999,16.540001,16.870001,5968700,15.808208
"506",16.91,17.08,16.780001,16.98,5555800,15.911285
"507",17.129999,17.43,17.09,17.4,7861400,16.30485
"508",17.450001,17.49,17.129999,17.459999,7094800,16.361074
"509",17.459999,17.860001,17.35,17.68,5978300,16.567228
"510",17.639999,17.75,17.49,17.74,6726900,16.623453
"511",17.65,17.67,17.41,17.5,6773600,16.398558
"512",17.540001,17.66,17.299999,17.459999,6967000,16.361074
"513",17.440001,17.709999,17.370001,17.469999,7218700,16.370443
"514",17.41,17.540001,17.209999,17.530001,6534200,16.426668
"515",17.58,17.73,17.360001,17.52,7070300,16.417299
"516",17.48,17.540001,17.09,17.26,5256400,16.173664
"517",17.280001,17.370001,16.879999,17.049999,7587000,15.976879
"518",17,17.27,16.9,17.190001,10124700,16.108068
"519",17.360001,17.549999,17.26,17.49,6828900,16.389187
"520",17.370001,17.790001,17.34,17.68,7149800,16.567228
"521",17.67,18,17.67,17.889999,7193900,16.764011
"522",17.9,18.27,17.9,18.16,9024200,17.017015
"523",18.129999,18.25,17.969999,18.059999,11906300,16.923309
"524",18.1,18.139999,17.6,18.040001,6083300,16.904572
"525",17.959999,18.219999,17.85,18.219999,4794500,17.073238
"526",18.23,18.360001,18.190001,18.32,8436800,17.166946
"527",18.309999,18.34,18.17,18.209999,4229600,17.063868
"528",18.1,18.23,18.030001,18.190001,5872800,17.04513
"529",18.030001,18.16,17.83,17.969999,6581100,16.838974
"530",18.030001,18.110001,17.889999,17.9,9649600,16.77338
"531",18.09,18.09,17.84,17.98,10732300,16.848345
"532",18.07,18.43,18,18.360001,10376400,17.20443
"533",18.33,18.450001,18.200001,18.34,5461700,17.185688
"534",18.49,18.68,18.450001,18.639999,9716200,17.466803
"535",18.65,18.76,18.49,18.52,9573300,17.354359
"536",18.889999,19.85,18.51,19.68,19771800,18.441351
"537",19.690001,20,19.610001,19.790001,10887800,18.544426
"538",19.889999,20.34,19.889999,20.139999,9184800,18.872395
"539",20.26,20.35,19.780001,19.799999,8389200,18.553797
"540",19.85,20.110001,19.690001,19.700001,7868800,18.460091
"541",19.59,19.73,19.4,19.5,6602300,18.272678
"542",19.530001,19.74,19.52,19.610001,9641100,18.375757
"543",19.709999,19.74,19.290001,19.549999,6661700,18.31953
"544",19.65,19.799999,19.49,19.799999,5504600,18.553797
"545",19.799999,19.92,19.639999,19.84,4520900,18.59128
"546",19.85,19.98,19.690001,19.73,4011000,18.488199
"547",19.76,19.76,19.34,19.379999,5341400,18.160229
"548",19.23,19.290001,19.030001,19.290001,7098800,18.075895
"549",19.41,19.629999,19.200001,19.440001,4663900,18.216455
"550",19.379999,19.450001,19.110001,19.16,7536800,17.954077
"551",19.25,19.42,19.129999,19.17,4896000,17.963446
"552",19.16,19.25,19.030001,19.219999,3928800,18.010302
"553",19.200001,19.280001,19.1,19.16,7254000,17.954077
"554",19.24,19.33,19.049999,19.200001,3718300,17.99156
"555",19.26,19.34,19.030001,19.09,4267400,17.888481
"556",19.07,19.389999,18.959999,19.120001,7584000,17.916594
"557",19.049999,19.35,18.950001,19.15,7758100,17.944704
"558",19.1,19.15,18.549999,18.799999,6581400,17.616734
"559",18.799999,18.870001,18.51,18.700001,5983100,17.523029
"560",18.860001,19.09,18.77,19.09,6486200,17.888481
"561",19.08,19.16,18.799999,19,8444400,17.804146
"562",18.879999,18.98,18.73,18.969999,6256700,17.965143
"563",19.030001,19.110001,18.85,18.9,6376100,17.898849
"564",19.030001,19.299999,19,19.280001,6406200,18.25872
"565",19.34,19.49,19.200001,19.440001,8707900,18.410248
"566",19.530001,19.57,19.16,19.299999,12362500,18.27766
"567",19.280001,19.33,19.09,19.25,4770500,18.230312
"568",19.290001,19.370001,19.24,19.33,3975500,18.306072
"569",19.299999,19.42,19.24,19.389999,4844000,18.362894
"570",19.360001,19.379999,18.91,18.950001,4375000,17.946203
"571",19,19.200001,18.99,19.16,8473900,18.145077
"572",19.23,19.27,18.9,19.07,4255600,18.059845
"573",19.139999,19.24,18.889999,19.219999,4817700,18.201899
"574",19.219999,19.27,18.9,19.02,5776100,18.012495
"575",19.049999,19.09,18.85,19,5528800,17.993551
"576",19.139999,19.139999,18.76,18.809999,3678400,17.813618
"577",18.790001,19,18.73,18.9,5204600,17.898849
"578",18.83,18.83,18.51,18.690001,4459200,17.699974
"579",18.74,19.02,18.66,18.92,5829500,17.917791
"580",19,19.09,18.889999,18.950001,6242700,17.946203
"581",18.83,19.040001,18.620001,18.9,8154900,17.898849
"582",18.959999,19.23,18.91,19.18,5655300,18.164019
"583",19.200001,19.540001,19.190001,19.23,9877300,18.211369
"584",19.209999,19.290001,19.059999,19.24,7415600,18.220842
"585",19.32,19.610001,19.299999,19.48,15027800,18.448128
"586",19.5,19.99,19.459999,19.6,10758000,18.561771
"587",19.67,19.91,19.6,19.879999,6314600,18.826939
"588",19.629999,19.91,19.5,19.879999,9966700,18.826939
"589",19.690001,19.809999,19.200001,19.360001,8058600,18.334484
"590",19.379999,19.459999,19.049999,19.07,8126300,18.059845
"591",18.91,19.23,18.91,19.01,10631900,18.003025
"592",18.879999,19.219999,18.75,19.209999,4974300,18.192429
"593",18.860001,18.99,18.67,18.83,6669400,17.832558
"594",18.85,19.200001,18.82,18.99,4804800,17.984081
"595",18.889999,19.41,18.889999,19.280001,4250900,18.25872
"596",19.280001,19.469999,19.280001,19.34,3813500,18.315542
"597",19.17,19.360001,19.120001,19.18,4522900,18.164019
"598",19.139999,19.190001,18.83,18.969999,2746000,17.965143
"599",19.09,19.23,18.959999,19.18,5289600,18.164019
"600",19.16,19.200001,19.049999,19.120001,2742300,18.107197
"601",18.93,19.18,18.799999,19.139999,6009500,18.126137
"602",19.280001,19.43,19.139999,19.26,4135200,18.239782
"603",19.32,19.34,18.879999,18.879999,6955800,17.879908
"604",18.799999,18.84,18.43,18.58,5463800,17.5958
"605",18.620001,18.780001,18.379999,18.4,8239800,17.425333
"606",18.1,18.26,17.9,18.110001,8376400,17.150698
"607",18.139999,18.17,17.82,18.049999,9246600,17.093874
"608",18.15,18.27,17.959999,18.1,10045300,17.141226
"609",18.26,18.389999,17.969999,18.209999,10673600,17.245399
"610",18.190001,18.27,18.01,18.129999,6177000,17.169636
"611",18.209999,18.43,18.15,18.34,7116700,17.368515
"612",18.459999,18.540001,18.34,18.48,3941500,17.501097
"613",18.6,18.67,18.41,18.58,4406700,17.5958
"614",18.59,18.639999,18.41,18.43,4881600,17.453747
"615",18.43,18.549999,18.360001,18.540001,4896900,17.55792
"616",18.5,18.51,18.24,18.309999,5239000,17.340103
"617",18.34,18.629999,18.309999,18.540001,5773200,17.55792
"618",18.639999,18.93,18.52,18.65,5075600,17.66209
"619",18.65,18.67,18.290001,18.469999,7335700,17.491627
"620",18.700001,18.700001,18.42,18.65,5569400,17.66209
"621",18.59,18.59,18.17,18.17,13464900,17.20752
"622",18.17,18.25,17.700001,17.870001,8600300,16.923412
"623",18.01,18.18,17.799999,17.799999,7950200,16.857117
"624",17.84,17.93,17.700001,17.82,8094300,16.876059
"625",17.77,18.02,17.66,18.01,5004700,17.249592
"626",18.040001,18.23,18.040001,18.219999,8481100,17.450726
"627",18.360001,18.51,18.01,18.17,8296900,17.402838
"628",18.15,18.360001,18.07,18.24,5367400,17.469881
"629",18.280001,18.48,18.27,18.459999,2427000,17.680592
"630",18.33,18.450001,18.09,18.41,3275400,17.632702
"631",18.35,18.41,18.24,18.34,3959300,17.565659
"632",18.200001,18.23,17.93,18.08,4898400,17.316637
"633",18.25,18.35,18.059999,18.34,7969500,17.565659
"634",18.34,18.4,17.940001,18.16,4726900,17.393259
"635",18.200001,18.32,18.129999,18.200001,4605900,17.43157
"636",18.18,18.24,18.030001,18.129999,4854000,17.364525
"637",18.120001,18.299999,17.92,18.299999,4015900,17.527348
"638",18.26,18.280001,17.84,17.9,5122000,17.144236
"639",17.860001,17.950001,17.68,17.799999,3555700,17.048458
"640",17.809999,17.85,17.65,17.67,3490500,16.923948
"641",17.59,17.700001,17.440001,17.469999,4317700,16.732391
"642",17.610001,17.860001,17.49,17.85,2918000,17.096348
"643",17.83,17.91,17.709999,17.85,2796000,17.096348
"644",17.860001,17.860001,17.639999,17.719999,2449600,16.971834
"645",17.73,17.82,17.59,17.610001,4757400,16.866482
"646",17.68,17.75,17.459999,17.5,8474400,16.761126
"647",17.43,17.700001,17.42,17.68,4438900,16.933525
"648",17.68,17.82,17.299999,17.389999,7662500,16.655769
"649",17.43,17.43,17.059999,17.059999,9884000,16.339703
"650",17.049999,17.25,16.99,17.07,7749000,16.349279
"651",16.93,17.059999,16.360001,16.6,10118800,15.899125
"652",16.76,16.92,16.65,16.76,10201800,16.052368
"653",16.48,16.790001,16.040001,16.620001,11041800,15.918282
"654",16.66,17.02,16.559999,16.799999,13727500,16.090679
"655",16.75,16.950001,16.48,16.639999,11904400,15.937435
"656",16.5,16.58,16.27,16.32,4958500,15.630945
"657",16.26,16.6,16.23,16.5,5153000,15.803346
"658",16.32,16.360001,15.78,15.82,8815900,15.152057
"659",15.8,15.87,15.51,15.6,10447100,14.941346
"660",15.66,15.93,15.59,15.85,6919800,15.18079
"661",16.040001,16.059999,15.95,15.99,4919000,15.314878
"662",15.93,16.02,15.87,15.95,7209200,15.276567
"663",16.09,16.09,15.87,15.94,5716600,15.266991
"664",15.91,16.110001,15.82,16.09,4361600,15.410657
"665",16.02,16.08,15.65,15.69,8621600,15.027546
"666",15.8,15.94,15.71,15.77,4894900,15.104168
"667",15.84,15.94,15.69,15.74,6958000,15.075434
"668",15.72,15.91,15.71,15.78,7680800,15.113745
"669",15.94,16.200001,15.94,15.98,5924000,15.305301
"670",16.01,16.139999,15.93,16.040001,6300600,15.362769
"671",15.91,16.040001,15.82,16.030001,5787800,15.353191
"672",16.16,16.379999,16.16,16.34,10226800,15.650102
"673",16.43,16.74,16.370001,16.719999,14782900,16.014055
"674",16.700001,16.82,16.610001,16.66,8090700,15.956591
"675",16.68,17.139999,16.59,17.139999,6115800,16.416323
"676",17.129999,17.440001,17.129999,17.43,8803500,16.69408
"677",17.5,17.59,17.209999,17.42,6886900,16.684502
"678",17.459999,17.51,16.950001,17.08,8777600,16.358858
"679",17.209999,17.469999,17.200001,17.32,8476400,16.588724
"680",17.219999,17.469999,17.209999,17.41,7781200,16.674925
"681",17.379999,17.41,17.209999,17.25,7303500,16.521681
"682",17.280001,17.360001,17.18,17.299999,5597500,16.569571
"683",17.33,17.440001,17.219999,17.27,4273400,16.540836
"684",17.299999,17.4,17.17,17.24,10822800,16.512102
"685",17.040001,17.360001,17.040001,17.219999,5433200,16.492945
"686",17.290001,17.35,17.01,17.1,7362300,16.378014
"687",17.129999,17.24,17.049999,17.059999,9790700,16.339703
"688",17.110001,17.15,16.84,16.9,8984100,16.186457
"689",16.799999,17.110001,16.719999,17.110001,9952000,16.583851
"690",17.139999,17.459999,17.129999,17.290001,8606100,16.758314
"691",17.370001,17.389999,16.969999,16.98,5150400,16.457848
"692",16.870001,16.99,16.58,16.59,9104600,16.07984
"693",16.549999,16.709999,16.32,16.65,8623900,16.137995
"694",16.67,16.76,16.5,16.620001,5944800,16.108919
"695",16.610001,16.93,16.559999,16.799999,7594900,16.283381
"696",16.719999,16.77,16.43,16.450001,6093300,15.944146
"697",16.530001,16.6,16.360001,16.43,6882800,15.924761
"698",16.52,16.66,16.43,16.51,4878000,16.0023
"699",16.690001,17.049999,16.629999,16.66,8320800,16.147688
"700",16.59,16.620001,16.16,16.309999,5420800,15.80845
"701",16.379999,16.559999,16.299999,16.41,4844200,15.905375
"702",16.35,16.559999,16.23,16.35,4531000,15.84722
"703",16.42,16.5,16.280001,16.42,4754000,15.915069
"704",16.370001,16.5,16.26,16.440001,4994700,15.934454
"705",16.52,16.809999,16.49,16.799999,5118100,16.283381
"706",16.790001,16.809999,16.6,16.780001,4288500,16.263998
"707",16.809999,16.92,16.73,16.85,7111500,16.331846
"708",16.9,16.959999,16.690001,16.790001,4083200,16.273691
"709",16.66,16.73,16.58,16.68,3780400,16.167074
"710",16.790001,16.83,16.67,16.700001,4227400,16.186459
"711",16.65,16.82,16.59,16.610001,4700600,16.099226
"712",16.559999,16.66,16.379999,16.66,3658200,16.147688
"713",16.629999,16.66,16.35,16.389999,7046000,15.88599
"714",16.48,16.799999,16.469999,16.76,8510800,16.244612
"715",16.85,17.18,16.809999,17.129999,5774100,16.603235
"716",17.15,17.57,17.129999,17.41,15769000,16.874624
"717",17.49,17.92,17.32,17.43,12001800,16.894011
"718",17.450001,17.57,16.940001,16.950001,9107900,16.42877
"719",16.9,17.200001,16.77,17.17,8328500,16.642006
"720",17.01,17.059999,16.82,17.040001,6839500,16.516003
"721",16.969999,17.15,16.780001,16.790001,6381500,16.273691
"722",16.700001,16.870001,16.66,16.85,5902100,16.331846
"723",16.85,17.07,16.799999,17.059999,5657400,16.535385
"724",17.110001,17.219999,17.07,17.139999,3986900,16.612926
"725",17.15,17.309999,17.040001,17.219999,7176200,16.690466
"726",17.33,17.4,17.15,17.190001,6744500,16.66139
"727",17.09,17.110001,16.790001,16.85,12232900,16.331846
"728",16.77,16.809999,16.610001,16.76,6407000,16.244612
"729",16.83,17.07,16.719999,16.91,5481800,16.389999
"730",16.959999,17.200001,16.92,17.139999,4693600,16.612926
"731",17.209999,17.49,17.129999,17.48,10804800,16.942471
"732",17.459999,17.780001,17.4,17.75,7736800,17.204168
"733",17.700001,17.700001,17.469999,17.49,3448400,16.952164
"734",17.530001,17.67,17.440001,17.5,5744800,16.961857
"735",17.370001,17.629999,17.299999,17.540001,8412900,17.000628
"736",17.49,17.77,17.48,17.549999,7974700,17.010317
"737",17.66,17.75,17.549999,17.719999,8237200,17.175091
"738",17.879999,18.049999,17.799999,17.889999,7816000,17.339863
"739",17.940001,18.040001,17.84,17.950001,6663200,17.39802
"740",17.82,17.969999,17.799999,17.9,8084800,17.349556
"741",17.940001,18.01,17.77,17.91,6093100,17.359249
"742",17.51,17.879999,17.459999,17.860001,12552900,17.310787
"743",17.91,18,17.75,17.950001,11489500,17.39802
"744",18.08,18.299999,17.92,18.27,12180700,17.708178
"745",18.34,18.360001,18.16,18.34,12707100,17.776026
"746",18.360001,18.57,18.26,18.51,7573700,17.940798
"747",18.5,18.67,18.41,18.639999,7860500,18.066801
"748",18.68,18.76,18.57,18.709999,14734600,18.134647
"749",18.719999,18.74,18.58,18.700001,3397400,18.124956
"750",18.67,18.77,18.620001,18.719999,1632500,18.144339
"751",18.75,18.83,18.67,18.82,2642200,18.241266
"752",18.9,18.9,18.74,18.860001,3278400,18.280037
"753",18.639999,18.709999,18.58,18.629999,2813000,18.299681
"754",18.59,18.700001,18.549999,18.549999,4320200,18.2211
"755",18.65,18.66,18.129999,18.23,8615600,17.906773
"756",17.940001,18.1,17.93,18.040001,7338700,17.720142
"757",17.93,17.93,17.530001,17.57,6040600,17.258474
"758",17.57,17.58,17.370001,17.52,10964100,17.209362
"759",17.540001,17.790001,17.51,17.639999,8460600,17.327234
"760",17.620001,17.68,17.389999,17.43,5100500,17.120958
"761",17.440001,17.549999,17.32,17.52,7675000,17.209362
"762",17.52,17.68,17.469999,17.67,5952000,17.356703
"763",17.690001,17.719999,17.530001,17.68,4737800,17.366526
"764",17.639999,17.809999,17.58,17.639999,4598400,17.327234
"765",17.73,17.9,17.709999,17.879999,4561400,17.562979
"766",17.92,18.02,17.84,17.879999,6042900,17.562979
"767",17.83,17.83,17.49,17.59,12637300,17.278122
"768",17.610001,17.75,17.5,17.52,5837600,17.209362
"769",17.48,17.52,17.27,17.450001,7150400,17.140604
"770",17.43,17.459999,16.83,17.08,9593300,16.777163
"771",16.65,16.780001,16.5,16.66,8908900,16.364611
"772",16.77,16.969999,16.59,16.889999,9413900,16.590532
"773",16.950001,17.049999,16.77,16.77,9220200,16.47266
"774",16.610001,16.75,16.379999,16.549999,8969800,16.256559
"775",16.49,16.530001,16.27,16.34,9191900,16.050283
"776",16.379999,16.6,16.299999,16.35,6575400,16.060106
"777",16.549999,17.02,16.549999,16.84,10785800,16.541418
"778",16.950001,17.25,16.93,17.040001,8640200,16.737873
"779",17.200001,17.219999,16.92,17,5160600,16.698582
"780",16.84,16.950001,16.610001,16.700001,5129400,16.403902
"781",16.700001,16.790001,16.559999,16.690001,4414700,16.394079
"782",16.84,16.950001,16.799999,16.93,5499000,16.629824
"783",17.030001,17.27,17,17.09,6454900,16.786985
"784",16.969999,17.059999,16.860001,16.870001,5235900,16.570889
"785",16.92,16.969999,16.83,16.91,4978000,16.610178
"786",16.82,16.98,16.74,16.85,8527800,16.551243
"787",16.9,16.98,16.700001,16.709999,10452600,16.413723
"788",17.33,17.33,16.68,17.18,10585900,16.875391
"789",17.1,17.4,16.959999,17.379999,8200500,17.071844
"790",16.940001,16.959999,16.309999,16.43,10316700,16.138689
"791",16.51,16.51,15.39,15.39,14476700,15.117128
"792",15.47,15.56,14.89,14.89,14437500,14.625994
"793",14.55,15.42,14.29,14.78,18896500,14.517943
"794",14.41,14.91,14.32,14.48,20376800,14.223262
"795",14.58,14.99,14.06,14.97,10950500,14.704575
"796",14.93,15.11,14.08,14.17,12121900,13.918759
"797",14.42,14.44,13.88,14.27,14922100,14.016987
"798",13.91,13.91,13.03,13.15,19704600,12.916843
"799",12.68,13.62,12.57,13.46,19246000,13.221348
"800",12.48,13.05,11.92,12.07,9909400,11.855993
"801",12.62,13.06,11.98,12.62,11290000,12.396241
"802",12.25,12.28,11.44,11.55,15610700,11.345213
"803",10.5,10.99,9.95,10.51,19298500,10.323653
"804",11.12,11.42,9.73,11.41,27175300,11.207695
"805",10.15,10.23,8.98,9.62,22642400,9.449432
"806",9.77,10.07,7.86,10.07,30035000,9.891454
"807",9.31,10.28,8.26,9.31,23942700,9.14493
"808",9.17,10.89,8.73,10.35,32838000,10.16649
"809",10.56,11.51,9.75,10.64,32067400,10.451348
"810",10.54,11.32,10.25,10.68,24853700,10.490639
"811",11.43,12.15,10.31,11.11,20507500,10.913014
"812",11.35,12.44,10.56,12.14,18291800,11.924752
"813",12.35,13.78,11.99,12.46,16527400,12.239079
"814",11.79,11.81,10.81,11.28,12528800,11.08
"815",11.37,11.48,10.41,11.42,13639400,11.42
"816",11.38,11.54,10.63,11.04,12147200,11.04
"817",10.26,10.39,10.04,10.28,12319100,10.28
"818",10.11,10.47,9.38,9.55,12895800,9.55
"819",9.41,9.7,8.83,9.06,11869200,9.06
"820",9.9,10.54,9.67,10.42,12677200,10.42
"821",11.35,11.54,10.54,10.69,10877900,10.69
"822",10.9,11.39,10.66,11.26,10420000,11.26
"823",11.82,12.3,11.5,11.91,11532100,11.91
"824",11.92,11.94,11.2,11.41,8546000,11.41
"825",11.76,11.91,11.31,11.44,12585000,11.44
"826",10.9,11.33,10.57,11.27,13702400,11.27
"827",11.2,11.34,10.77,11,12591600,11
"828",11.45,11.63,11.25,11.37,15377200,11.37
"829",11.06,11.32,10.8,10.8,11318000,10.8
"830",10.39,10.84,10.35,10.56,10045200,10.56
"831",10.84,11.06,10.47,10.62,6093500,10.62
"832",11.01,11.06,10.63,10.81,7611700,10.81
"833",11.18,11.36,10.81,11.1,10370300,11.1
"834",11.26,11.79,11.08,11.57,7854500,11.57
"835",11.92,12.01,11.54,11.69,11852800,11.69
"836",12.13,12.79,11.98,12.57,24373500,12.57
"837",12.33,12.47,11.89,12.31,12008000,12.31
"838",11.86,11.99,11.34,11.44,8277300,11.44
"839",11.2,11.41,10.92,11.11,9934900,11.11
"840",11.35,11.55,10.92,10.97,11238400,10.97
"841",11.05,11.2,10.51,10.53,10132400,10.53
"842",10.74,11.27,10.74,11.05,9037700,11.05
"843",11.25,11.28,10.72,11.06,9927100,11.06
"844",10.78,10.91,10.14,10.17,15165600,10.17
"845",10.19,10.44,9.82,9.83,13440200,9.83
"846",9.68,9.76,9.36,9.45,20341400,9.45
"847",9.13,10.05,9.06,10.04,13458900,10.04
"848",9.88,10.11,9.55,10.06,17502600,10.06
"849",10.63,11.93,10.59,11.78,27957700,11.78
"850",11.64,12,11.36,11.55,10976900,11.55
"851",11.71,11.77,11.4,11.54,12415700,11.54
"852",11.39,11.67,11.33,11.43,10680900,11.43
"853",11.43,11.56,10.94,11.23,8159500,11.23
"854",12.22,12.22,11.86,12.17,15909000,12.17
"855",12.57,12.83,12.27,12.52,19369700,12.52
"856",12.64,12.71,11.88,12.03,13982600,12.03
"857",11.81,12.15,11.54,11.94,17952700,11.94
"858",11.86,12.4,11.81,12.25,11424700,12.25
"859",12.43,12.6,12.23,12.28,12923200,12.28
"860",12.5,12.9,12.38,12.61,12064100,12.61
"861",12.57,13.25,12.43,13.06,20934800,13.06
"862",14.16,14.64,13.86,14.01,27611400,14.01
"863",14.48,14.95,14.47,14.82,13986900,14.82
"864",14.24,14.58,13.98,14.45,11883500,14.45
"865",14.26,14.29,13.09,13.29,19970400,13.29
"866",12.06,12.65,11.86,12.17,12040800,12.17
"867",12.82,12.97,12.16,12.64,8148300,12.64
"868",12,12.66,11.9,12.45,13214200,12.45
"869",13.17,13.23,12.25,12.81,14222000,12.81
"870",12.87,12.89,12.17,12.31,15893400,12.31
"871",12.1,12.45,12.04,12.2,20923800,12.2
"872",12.36,12.38,11.49,11.67,24741600,11.67
"873",11.52,11.52,11.06,11.29,15073600,11.29
"874",11.47,11.53,11.18,11.24,16632600,11.24
"875",10.97,11.01,10.49,10.98,14071500,10.98
"876",10.78,10.93,10.54,10.86,13428700,10.86
"877",10.74,10.82,10.55,10.74,19299200,10.74
"878",10.73,11.04,10.58,10.96,12777200,10.96
"879",10.97,11.19,10.66,10.79,25473200,10.79
"880",10.9,11.51,10.86,10.89,17424800,10.89
"881",11.2,11.38,10.84,10.95,7231300,10.95
"882",11.24,11.45,10.96,11.21,9223700,11.21
"883",11.02,11.04,10.61,10.84,13259000,10.84
"884",10.8,10.83,10.6,10.73,12047100,10.73
"885",10.68,10.75,10.39,10.51,9443800,10.51
"886",10.46,10.87,10.42,10.84,9987300,10.84
"887",10.96,11.11,10.66,10.82,8339100,10.82
"888",10.7,10.82,10.5,10.61,6070000,10.61
"889",11.06,11.64,11.04,11.62,12488900,11.62
"890",11.33,11.42,11.2,11.25,8295000,11.25
"891",11.26,11.35,10.99,11.01,7911800,11.01
"892",10.94,10.97,10.6,10.6,9089200,10.6
"893",10.75,10.98,10.7,10.89,7559200,10.89
"894",10.75,10.9,10.65,10.87,8421300,10.87
"895",10.73,10.81,10.54,10.73,9055700,10.73
"896",10.5,10.63,10.32,10.5,9623200,10.5
"897",10.5,10.51,10.15,10.32,11145400,10.32
"898",10.28,10.64,10.26,10.52,7402000,10.52
"899",10.77,11.04,10.54,11.02,9742600,11.02
"900",10.78,10.89,10.61,10.84,11190300,10.84
"901",10.76,10.86,10.25,10.78,18973400,10.78
"902",10.67,10.67,10.3,10.31,9114300,10.31
"903",10.23,11.47,10.2,10.91,34284700,10.91
"904",11.06,11.1,10.76,10.89,8641900,10.89
"905",10.79,10.95,10.68,10.76,8427400,10.76
"906",10.67,11.53,10.62,11.5,13942300,11.5
"907",11.6,11.95,11.53,11.88,9891200,11.88
"908",12.24,12.49,11.61,11.67,9951000,11.67
"909",11.79,11.86,11.38,11.57,8261200,11.57
"910",11.49,11.71,11.23,11.27,6140800,11.27
"911",11.2,11.42,11.17,11.25,6201600,11.25
"912",11.27,11.3,10.67,10.89,10192000,10.89
"913",10.87,10.94,10.66,10.78,8166600,10.78
"914",10.73,10.95,10.66,10.79,4909300,10.79
"915",10.69,10.89,10.62,10.74,6061600,10.74
"916",10.77,10.84,10.54,10.6,6159600,10.6
"917",10.65,11.1,10.52,11.09,5954700,11.09
"918",11.21,11.4,11.1,11.3,6870100,11.3
"919",11.23,11.27,11,11.01,5328100,11.01
"920",11.04,11.42,11,11.33,6193000,11.33
"921",11.46,11.72,11.29,11.69,5823700,11.69
"922",11.64,11.66,11.23,11.23,8119100,11.23
"923",11.08,11.38,10.97,11.28,7919200,11.28
"924",11.26,11.42,11.15,11.42,5374300,11.42
"925",11.51,11.83,11.45,11.57,7166200,11.57
"926",11.75,12,11.68,11.94,7350700,11.94
"927",11.79,11.87,11.46,11.64,8658600,11.64
"928",11.7,11.72,11.47,11.65,11963700,11.65
"929",11.68,11.87,11.38,11.4,10075100,11.4
"930",11.42,11.43,10.89,11.13,7320700,11.13
"931",11.26,11.93,11.21,11.92,10404500,11.92
"932",11.88,12.25,11.84,12.02,14812000,12.02
"933",12.12,12.19,11.78,12.06,11202300,12.06
"934",11.86,11.91,11.55,11.65,8687200,11.65
"935",11.59,11.6,11.13,11.15,13428000,11.15
"936",10.92,10.92,10.37,10.49,12074200,10.49
"937",10.53,10.62,10.34,10.4,9711800,10.4
"938",10.37,10.69,10.2,10.24,9956800,10.24
"939",10.18,10.37,10.04,10.19,8597900,10.19
"940",10.11,10.7,10.11,10.64,7459400,10.64
"941",10.89,11.13,10.84,10.93,6413400,10.93
"942",10.3,10.79,10.3,10.73,6901800,10.73
"943",10.74,11.09,10.63,10.79,8872700,10.79
"944",10.88,11.16,10.78,11.14,10430100,11.14
"945",10.74,11.33,10.71,11.29,6346400,11.29
"946",11.39,11.47,11.16,11.38,5893300,11.38
"947",11.5,11.66,11.27,11.3,10008100,11.3
"948",11.38,11.67,11.37,11.61,10167900,11.61
"949",11.76,11.88,11.6,11.85,10669900,11.85
"950",11.94,11.98,11.52,11.58,7935000,11.58
"951",11.58,11.63,11.37,11.49,9384400,11.49
"952",11.56,11.56,11.13,11.17,9583400,11.17
"953",11.16,11.27,10.95,10.95,5494200,10.95
"954",10.84,11.07,10.68,11.02,6790200,11.02
"955",11.01,11.08,10.77,10.95,4439800,10.95
"956",10.84,10.95,10.65,10.67,5680600,10.67
"957",10.81,10.95,10.7,10.78,5409200,10.78
"958",11.14,11.14,10.63,11.04,6090500,11.04
"959",11.08,11.56,11.06,11.48,6363300,11.48
"960",11.57,11.79,11.5,11.64,5959500,11.64
"961",11.48,11.63,11.02,11.19,6898000,11.19
"962",11.12,11.16,10.85,10.86,6153200,10.86
"963",10.62,10.73,10.37,10.45,7829300,10.45
"964",10.4,10.6,10.28,10.52,9517600,10.52
"965",10.47,10.65,10.28,10.48,11023600,10.48
"966",10.58,10.97,10.39,10.94,13350000,10.94
"967",11.17,11.5,11.07,11.38,14687400,11.38
"968",11.5,11.5,10.87,10.99,15840500,10.99
"969",11.02,11.3,10.86,10.93,9666800,10.93
"970",10.94,11.05,10.41,10.49,12549800,10.49
"971",13,14.98,12.76,13.64,29635500,13.64
"972",13.59,13.77,13.24,13.38,16846400,13.38
"973",13.18,13.37,12.67,12.82,9616200,12.82
"974",12.66,12.75,12.05,12.21,11849200,12.21
"975",12.32,13.29,12.27,13.25,14804900,13.25
"976",14,14.04,13.39,13.73,18235300,13.73
"977",13.43,14.18,13.15,14.14,18593400,14.14
"978",14.09,14.45,13.8,14.15,11022900,14.15
"979",13.97,14.5,13.55,14.45,14973800,14.45
"980",14.48,14.48,13.99,14.15,8091900,14.15
"981",14.39,14.91,14.18,14.71,14202800,14.71
"982",15.09,15.17,14.73,14.83,14185500,14.83
"983",14.51,14.79,14.34,14.73,6752000,14.73
"984",14.52,14.74,14.38,14.62,2966600,14.62
"985",14.57,14.57,13.99,14.03,17143800,14.03
"986",14.4,14.58,14.31,14.51,7773600,14.51
"987",14.08,14.95,14.08,14.9,8618600,14.9
"988",15.18,15.24,14.83,15.11,8738700,15.11
"989",15.25,15.74,15.17,15.65,8237200,15.65
"990",15.48,15.58,15.03,15.17,4653200,15.17
"991",15.12,15.29,14.92,15.14,5e+06,15.14
"992",15.37,15.37,15,15.18,8867600,15.18
"993",14.43,14.97,14.4,14.83,8860400,14.83
"994",14.72,14.85,14.44,14.51,7047300,14.51
"995",14.67,14.83,14.02,14.03,8397700,14.03
"996",14.42,14.53,13.99,14.51,7737200,14.51
"997",14.46,14.59,14.23,14.42,6491100,14.42
"998",14.5,14.55,13.97,14.29,8227800,14.29
"999",14.19,14.24,13.93,14.09,14884800,14.09
"1000",13.86,14.17,13.62,13.77,9606000,13.77
"1001",13.75,13.76,13.51,13.62,5608000,13.62
"1002",13.77,14.09,13.7,14.04,5077000,14.04
"1003",14.05,14.2,13.88,14.2,2138600,14.2
"1004",14.3,14.63,14.21,14.56,4930700,14.56
"1005",14.48,14.72,14.33,14.35,2967600,14.35
"1006",14.36,14.83,14.36,14.6,4590100,14.6
"1007",14.63,14.69,14.35,14.63,3835500,14.63
