"","INTC.Open","INTC.High","INTC.Low","INTC.Close","INTC.Volume","INTC.Adjusted"
"1",36.610001,36.93,36.27,36.599998,20196500,32.216557
"2",36.709999,36.77,36.34,36.41,15915700,32.049313
"3",36.450001,36.720001,36.310001,36.349998,13986000,31.996506
"4",36.59,36.68,36.189999,36.48,15114000,32.110928
"5",36.48,36.889999,36.48,36.610001,19461400,32.225365
"6",36.549999,36.93,36.529999,36.540001,15918800,32.16375
"7",36.509998,37,36.509998,36.950001,22398400,32.524643
"8",36.830002,36.830002,36.32,36.709999,20391900,32.313393
"9",36.709999,36.860001,36.619999,36.790001,15072200,32.383804
"10",36.669998,36.830002,36.59,36.799999,20195200,32.392609
"11",36.889999,37.009998,36.610001,36.759998,15382500,32.357388
"12",36.509998,36.91,36.509998,36.57,13654500,32.190151
"13",36.759998,37.029999,36.580002,36.939999,23950900,32.515835
"14",37.07,37.209999,36.549999,36.77,27752600,32.366207
"15",36.84,37.740002,36.810001,37.619999,35140900,33.114395
"16",37.869999,38,37.52,37.799999,32276400,33.272839
"17",37.82,37.919998,37.419998,37.560001,34144800,33.061581
"18",38,38.450001,37.810001,37.98,44368600,33.431282
"19",37.740002,37.84,37.330002,37.419998,23954700,32.938347
"20",37.220001,37.369999,36.639999,36.82,27059100,32.41021
"21",36.82,36.950001,36.02,36.52,28380600,32.146137
"22",36.259998,36.700001,36.200001,36.68,31916900,32.28698
"23",36.689999,36.82,36.450001,36.52,21038100,32.375626
"24",36.509998,36.509998,36.150002,36.27,21427000,32.153996
"25",36.450001,36.52,36.240002,36.349998,18581900,32.224922
"26",36.34,36.650002,36.139999,36.380001,20807400,32.251514
"27",36.5,36.5,35.400002,35.459999,47802700,31.435921
"28",35.259998,35.43,34.84,35.34,44106500,31.329536
"29",35.57,35.849998,35.34,35.799999,28180600,31.737335
"30",35.84,35.959999,35.529999,35.93,25734800,31.852587
"31",35.98,36.060001,35.669998,36.049999,18452200,31.958965
"32",36.18,36.560001,36.099998,36.41,21317500,32.278111
"33",36.32,36.48,36.099998,36.48,18909900,32.34016
"34",36.529999,36.650002,36.330002,36.52,20556000,32.375626
"35",36.34,36.400002,35.790001,36.07,29904400,31.976696
"36",36.240002,36.299999,35.900002,36.18,22775000,32.074219
"37",36.139999,36.529999,35.950001,36.529999,18617600,32.384495
"38",36.419998,36.68,36.27,36.509998,14065200,32.366772
"39",36.419998,36.459999,36,36.200001,24977000,32.091938
"40",35.849998,36.099998,35.439999,35.93,34085900,31.852587
"41",35.93,36.02,35.650002,35.91,23602100,31.834845
"42",35.939999,36.09,35.669998,35.900002,17538100,31.825993
"43",35.790001,35.799999,35.419998,35.57,24416700,31.533438
"44",35.540001,35.799999,35.389999,35.799999,23434900,31.737335
"45",35.669998,35.900002,35.529999,35.619999,20920100,31.577763
"46",35.599998,35.939999,35.5,35.82,23616800,31.755066
"47",36.119999,36.299999,35.779999,35.91,25402300,31.834845
"48",35.849998,36.040001,34.939999,35.16,53582900,31.169968
"49",35.060001,35.23,34.66,35.18,28586900,31.187696
"50",34.939999,35.169998,34.68,35.099998,27996100,31.116772
"51",35.169998,35.360001,35.07,35.139999,19616100,31.152237
"52",35.310001,35.330002,35.099998,35.27,30778900,31.267483
"53",35.369999,35.630001,35.259998,35.43,17322300,31.409323
"54",35.59,35.599998,35,35.040001,22814500,31.063593
"55",35.220001,35.459999,35,35.369999,19144500,31.356134
"56",35.490002,35.490002,35.02,35.27,20640400,31.267483
"57",35.650002,35.73,35.119999,35.16,22188000,31.169968
"58",35.07,35.5,34.939999,35.389999,16992200,31.373867
"59",35.34,35.709999,35.209999,35.599998,18398100,31.560034
"60",35.52,35.700001,35.439999,35.57,17202600,31.533438
"61",35.580002,35.889999,35.52,35.75,16433000,31.693018
"62",35.75,36.25,35.740002,36.07,21438400,31.976696
"63",36.189999,36.740002,36.119999,36.16,32013600,32.056492
"64",36.119999,36.380001,35.990002,36.279999,18918000,32.162868
"65",36.43,36.759998,36.169998,36.220001,22455500,32.109669
"66",36.130001,36.279999,36.029999,36.029999,20198200,31.941229
"67",36.07,36.32,35.990002,36.029999,15689500,31.941229
"68",36.02,36.09,35.610001,35.799999,19973700,31.737335
"69",35.77,35.790001,35.209999,35.740002,22711800,31.684145
"70",35.869999,36.009998,35.5,35.630001,19289800,31.586636
"71",35.549999,35.759998,35.25,35.25,15764000,31.249748
"72",35.439999,35.59,35.330002,35.48,12560700,31.453661
"73",35.43,35.810001,35.299999,35.77,12321100,31.710743
"74",35.970001,36.220001,35.889999,35.91,16594600,31.834845
"75",36.18,36.27,35.860001,36.18,22968300,32.074219
"76",36.200001,36.419998,35.849998,36.32,20390500,32.198322
"77",36.669998,36.849998,36.459999,36.75,26305800,32.579525
"78",36.77,37,36.66,36.869999,22066800,32.685913
"79",36.779999,37.23,36.779999,36.93,27241000,32.739086
"80",36.869999,37.5,36.779999,37.43,39890000,33.182362
"81",36.099998,36.490002,35.880001,36.150002,56769300,32.047619
"82",36.110001,36.400002,35.939999,36.310001,24825600,32.189468
"83",36.369999,37.029999,36.349998,36.970001,35813000,32.774567
"84",36.720001,37.169998,36.619999,36.98,22040300,33.027309
"85",36.990002,37.110001,36.639999,36.849998,16437100,32.911198
"86",36.860001,36.93,36.5,36.82,18119200,32.884418
"87",36.73,36.849998,36.48,36.540001,17660200,32.63435
"88",36.48,36.75,36.279999,36.369999,17819100,32.482517
"89",36.27,36.380001,35.93,36.009998,25133800,32.160988
"90",35.91,36,35.450001,35.689999,21508900,31.8752
"91",35.720001,35.740002,35.400002,35.529999,19730800,31.7323
"92",35.529999,35.720001,35.419998,35.630001,22120100,31.821615
"93",35.75,35.889999,35.419998,35.82,22291800,31.991302
"94",35.669998,35.990002,35.02,35.040001,26670200,31.29468
"95",35.189999,35.470001,35.080002,35.220001,17171900,31.455441
"96",35.150002,35.549999,35.130001,35.400002,18340100,31.616199
"97",35.48,36.110001,35.380001,35.77,14638100,31.946646
"98",35.869999,35.990002,35.560001,35.860001,16903700,32.027031
"99",35.98,36.18,35.889999,36.119999,20640600,32.259239
"100",36.119999,36.389999,36.060001,36.259998,13148500,32.384274
"101",36.259998,36.330002,36.130001,36.259998,11145500,32.384274
"102",36.27,36.439999,36.09,36.18,13026900,32.312824
"103",36.310001,36.380001,35.869999,36.110001,17741900,32.250305
"104",36.119999,36.130001,35.799999,36.119999,17510900,32.259239
"105",36.27,36.330002,36,36.32,19127400,32.437855
"106",36.299999,36.5,36.200001,36.34,11685700,32.455719
"107",36.16,36.450001,35.98,36.130001,18420900,32.268166
"108",36.130001,36.57,36.099998,36.259998,17192000,32.384274
"109",36.34,36.529999,36.16,36.48,17154200,32.58075
"110",36.5,36.560001,35.310001,35.709999,33322100,31.893057
"111",35.59,36.009998,35.41,35.73,28488300,31.910921
"112",35.68,35.950001,35.529999,35.880001,20588200,32.044888
"113",35.990002,36.049999,35.220001,35.529999,19149000,31.7323
"114",35.209999,35.48,35.139999,35.310001,20410000,31.535818
"115",35.279999,35.330002,35.009998,35.209999,30762800,31.446495
"116",35.610001,35.610001,35.32,35.509998,21583800,31.71443
"117",35.450001,35.450001,34.84,34.860001,21536500,31.133909
"118",34.330002,34.599998,34.09,34.580002,27138500,30.883841
"119",34.560001,34.630001,34.290001,34.360001,24602900,30.687357
"120",34.209999,34.549999,34.099998,34.189999,29260900,30.535521
"121",34.259998,34.509998,34.029999,34.07,18854800,30.428356
"122",34,34.150002,33.650002,33.650002,27078900,30.053246
"123",33.77,34.240002,33.740002,34.200001,25940100,30.544455
"124",33.919998,34.099998,33.34,33.540001,25215700,29.955002
"125",33.869999,33.93,33.529999,33.740002,24432000,30.133629
"126",33.509998,34.029999,33.43,33.459999,12676900,29.883558
"127",33.52,34.43,33.490002,34.34,30010800,30.669493
"128",34.119999,34.290001,33.560001,33.630001,20733200,30.035385
"129",33.700001,34.119999,33.700001,33.880001,18304500,30.258659
"130",33.25,33.740002,33.23,33.650002,29918400,30.053246
"131",33.639999,33.93,33.43,33.919998,25737500,30.294382
"132",34.279999,34.389999,33.939999,34.25,23768300,30.589115
"133",34.330002,34.400002,34.119999,34.240002,15046200,30.580183
"134",34.48,34.709999,34.27,34.68,16316400,30.973156
"135",34.740002,34.740002,34.360001,34.470001,21044400,30.785597
"136",34.43,34.580002,34.25,34.529999,14362800,30.839182
"137",34.68,34.68,34.459999,34.560001,17036200,30.865978
"138",34.540001,34.84,34.48,34.75,17506200,31.035671
"139",34.540001,34.82,34.400002,34.73,22245000,31.017803
"140",34.73,34.799999,34.380001,34.5,16146300,30.812393
"141",34.549999,34.740002,34.400002,34.669998,18096700,30.964216
"142",34.700001,34.970001,34.59,34.75,15499300,31.035671
"143",34.779999,35.25,34.669998,34.970001,43062800,31.232159
"144",35.130001,35.860001,35,35.310001,36291500,31.535818
"145",35.470001,35.740002,35.32,35.470001,27057000,31.678711
"146",35.66,36.43,35.57,36.349998,38710200,32.464661
"147",36.330002,36.669998,36.060001,36.639999,35004300,32.723663
"148",36.549999,36.59,36.150002,36.490002,26611300,32.834339
"149",36.450001,36.560001,36.099998,36.299999,20520300,32.663361
"150",36.389999,36.549999,36.220001,36.43,18169300,32.780342
"151",36.369999,36.700001,36.299999,36.41,22819900,32.762348
"152",36.279999,36.66,36.02,36.59,22796800,32.924324
"153",36.400002,36.560001,36.110001,36.139999,22693300,32.519402
"154",36.259998,36.400002,35.790001,35.869999,19275100,32.276443
"155",36.119999,36.470001,36.080002,36.34,18469400,32.699364
"156",36.299999,36.32,35.82,36,21706600,32.393425
"157",35.98,36.07,35.560001,35.810001,22014000,32.222458
"158",35.599998,35.68,35.169998,35.169998,19525000,31.646576
"159",35.290001,35.310001,34.990002,35.009998,16231400,31.5026
"160",35.09,35.279999,34.700001,34.919998,26493300,31.421619
"161",35.02,35.189999,34.619999,34.650002,26097800,31.178667
"162",34.540001,34.810001,34.380001,34.66,19648100,31.18767
"163",34.700001,34.889999,34.549999,34.709999,14301900,31.232658
"164",34.82,34.93,34.580002,34.669998,14726800,31.196659
"165",34.779999,34.799999,34.59,34.650002,20712900,31.178667
"166",34.509998,34.75,34.459999,34.73,15843700,31.250658
"167",34.75,34.959999,34.630001,34.889999,18565000,31.394627
"168",34.939999,35.18,34.869999,35.07,16366800,31.556589
"169",35.240002,35.389999,35.07,35.09,12822000,31.574594
"170",35.02,35.330002,34.93,35.02,18772000,31.511602
"171",35.220001,35.939999,35.110001,35.759998,28076400,32.17746
"172",35.880001,35.950001,35.330002,35.540001,16297100,31.979506
"173",35.419998,35.540001,35.080002,35.189999,14125000,31.664564
"174",35.490002,36,35.139999,35.77,20037600,32.186466
"175",35.880001,36.34,35.740002,36.09,19489900,32.474403
"176",36,36.400002,35.970001,36.330002,15509800,32.690361
"177",36.189999,36.700001,36.16,36.48,18093900,32.825325
"178",36.549999,37.080002,36.220001,37,33596100,33.29324
"179",37,37.330002,36.799999,37,19393800,33.29324
"180",37.200001,37.299999,37.02,37.23,23850500,33.500198
"181",37.23,37.290001,36.66,37.07,23957500,33.356224
"182",36.990002,37.27,36.849998,37.200001,22954200,33.473206
"183",36.950001,37.220001,36.950001,37.18,21631800,33.455208
"184",37.049999,37.23,36.849998,37.16,23180800,33.437202
"185",37.209999,37.639999,37,37.470001,29790400,33.716156
"186",37.619999,37.689999,37.099998,37.540001,25981400,33.779144
"187",37.32,37.880001,37.290001,37.830002,21171400,34.040092
"188",37.84,38.150002,37.700001,38.080002,23217300,34.265045
"189",38.119999,39.09,38.080002,39.040001,37394500,35.128876
"190",38.950001,39.700001,38.950001,39.380001,34002200,35.434818
"191",39.389999,39.400002,38.860001,39.34,28368800,35.398808
"192",39.5,39.650002,39.209999,39.529999,17710300,35.569786
"193",39.599998,39.889999,39.419998,39.630001,18887500,35.659763
"194",39.68,39.880001,39.52,39.860001,18494100,35.866722
"195",39.93,39.950001,39.380001,39.650002,29890000,35.677753
"196",39.48,39.669998,39.060001,39.299999,30754700,35.362823
"197",39.349998,39.389999,38.98,39.189999,18286900,35.263836
"198",39.439999,39.810001,39.279999,39.669998,16829400,35.695751
"199",39.709999,39.790001,39.439999,39.759998,12489100,35.776733
"200",39.560001,39.869999,39.369999,39.790001,15532800,35.803734
"201",39.799999,40.290001,39.599998,40.25,21424600,36.217648
"202",39.880001,40.330002,39.830002,40.09,19222700,36.073673
"203",40.330002,40.450001,40.099998,40.43,18335700,36.379612
"204",40.549999,41.040001,40.400002,40.830002,28647000,36.73954
"205",41,41.049999,40.720001,40.950001,19652400,36.847523
"206",40.889999,41.060001,40.490002,40.779999,24031700,36.694553
"207",40.91,41.580002,40.709999,41.349998,38247400,37.207439
"208",43.299999,45,43.099998,44.400002,90028300,39.951889
"209",44.48,45.189999,43.880001,44.369999,48161500,39.924892
"210",45.200001,45.799999,44.650002,45.490002,47000900,40.932682
"211",45.970001,46.709999,45.59,46.709999,47813700,42.030468
"212",46.610001,47.23,46.209999,47.099998,44602300,42.381386
"213",47.200001,47.299999,45.599998,46.34,39298100,41.697529
"214",46.599998,46.740002,46.09,46.700001,34035000,42.270489
"215",46.700001,47.09,46.389999,46.779999,24461400,42.342903
"216",46.619999,46.700001,46.279999,46.700001,21565800,42.270489
"217",46.049999,46.389999,45.650002,46.299999,25570400,41.908432
"218",46.040001,46.09,45.380001,45.580002,24095400,41.256733
"219",45.259998,45.939999,45.25,45.75,18999000,41.410595
"220",45.700001,45.919998,45.32,45.860001,22201200,41.51017
"221",45.389999,45.810001,45.169998,45.459999,17157200,41.148106
"222",45.630001,46.07,45.459999,45.650002,26439400,41.320087
"223",45.5,45.619999,44.619999,44.630001,63798000,40.396828
"224",44.73,45.119999,44.5,44.619999,22420000,40.387779
"225",44.720001,45.220001,44.709999,44.939999,21871000,40.677422
"226",44.939999,44.950001,44.540001,44.650002,19538300,40.414932
"227",44.549999,44.779999,44.43,44.75,6465800,40.505455
"228",44.419998,44.610001,44.27,44.490002,18202100,40.270107
"229",44.650002,44.84,44.32,44.73,20194100,40.487347
"230",44.849998,45.09,43.77,43.950001,27036900,39.78133
"231",44.360001,45.200001,44.330002,44.84,34145300,40.58691
"232",44.73,44.84,43.529999,44.68,26656300,40.442101
"233",45.02,45.299999,44.330002,44.490002,28000800,40.270107
"234",44.599998,44.900002,43.23,43.439999,30626900,39.319706
"235",43.139999,43.720001,42.669998,43.450001,27710800,39.328754
"236",43.459999,43.599998,42.779999,43.080002,32708400,38.993847
"237",43.349998,43.580002,43.110001,43.349998,23154700,39.238243
"238",43.279999,43.779999,43.25,43.66,20425900,39.518837
"239",43.470001,43.619999,43.080002,43.330002,16557400,39.220139
"240",43.650002,43.66,43.240002,43.34,21399500,39.229187
"241",43.43,43.57,43.02,43.259998,19644900,39.15678
"242",43.400002,44.84,43.07,44.560001,47477000,40.333473
"243",45.150002,46.349998,45.040001,46.259998,50369300,41.872219
"244",46.299999,47.259998,45.889999,47.040001,41421100,42.578247
"245",47.470001,47.639999,46.66,47.560001,40935000,43.048927
"246",47.540001,47.59,46.560001,46.759998,42963500,42.32481
"247",46.330002,47.02,46.02,46.700001,33913500,42.270489
"248",46.279999,46.470001,45.950001,46.080002,15533300,41.709301
"249",46.110001,46.360001,46,46.110001,13359700,41.736454
"250",46.360001,46.360001,45.950001,46.220001,9504400,41.836018
"251",46.209999,46.490002,46.09,46.16,17394500,41.781712
"252",46.380001,46.900002,46.209999,46.849998,23370800,42.406265
"253",45.470001,46.209999,43.650002,45.259998,116479000,40.967079
"254",43.52,44.650002,42.689999,44.43,89209100,40.215801
"255",44.43,45.150002,43.900002,44.740002,41824000,40.496399
"256",44.27,44.84,43.959999,44.740002,33733800,40.496399
"257",44.700001,44.84,43.490002,43.619999,44282300,39.482628
"258",43.330002,43.599998,42.439999,42.5,45735000,38.468868
"259",42.799999,43.580002,42.450001,43.41,35371500,39.292545
"260",43.450001,43.599998,43.009998,43.240002,29973600,39.138672
"261",43.549999,43.790001,42.889999,43.139999,38367200,39.048161
"262",43.549999,44.450001,43.509998,44.389999,32368600,40.179596
"263",44.400002,44.740002,44.169998,44.48,26826500,40.261063
"264",44.619999,44.889999,44.25,44.82,25780200,40.56881
"265",44.799999,45.790001,44.790001,45.75,27706800,41.410595
"266",45.810001,46.09,45.630001,46.060001,22135100,41.691189
"267",45.900002,46.130001,44.959999,45.509998,32464200,41.193363
"268",45.880001,46.369999,45.169998,45.299999,36758700,41.003277
"269",48.380001,50.150002,48.119999,50.080002,86916100,45.329895
"270",49.599998,50.849998,49.369999,49.98,46304000,45.239384
"271",49.48,50.060001,48.740002,48.790001,32814600,44.162262
"272",49.23,49.25,47.560001,48.139999,41619900,43.573902
"273",47.700001,48.470001,47.450001,47.650002,28840400,43.130383
"274",47.32,47.790001,46.099998,46.150002,28663000,41.772663
"275",46.349998,47.259998,44.5,44.52,47869000,40.297268
"276",44.02,44.93,43.029999,44.91,58145400,40.926052
"277",44.580002,46.299999,44.34,45.200001,37508400,41.190334
"278",45.279999,45.419998,42.740002,42.75,43151300,38.957672
"279",43.5,44.279999,42.040001,43.950001,49301100,40.051224
"280",44.150002,45.16,44.09,44.830002,28379500,40.853161
"281",44.59,44.779999,44.259998,44.459999,19517600,40.515972
"282",44.07,45.509998,44.040001,45.380001,19922000,41.354359
"283",45.880001,45.990002,44.950001,45.919998,23536800,41.846458
"284",45.82,46.59,45.509998,45.560001,21475200,41.518402
"285",45.459999,46.709999,45.389999,46.32,25512000,42.210976
"286",46.669998,47.060001,45.919998,45.939999,27527500,41.864685
"287",46.139999,46.560001,45.619999,45.799999,16946400,41.737106
"288",46.34,47.790001,46.310001,47.73,26040900,43.495899
"289",48.200001,49.130001,48.099998,49.110001,26992300,44.753483
"290",49.369999,50.900002,49.310001,49.91,43624100,45.482506
"291",50.18,50.34,49.279999,49.290001,35541200,44.917507
"292",49.5,49.720001,47.470001,47.84,36326600,43.596134
"293",47.200001,49.049999,46.959999,48.98,33310600,44.635006
"294",48.57,49.799999,48.040001,49.75,30826500,45.336704
"295",50.16,51.330002,50.150002,50.709999,39132300,46.21154
"296",50.18,51.490002,50.099998,51.32,31801900,46.767426
"297",51.790001,52.080002,50.470001,50.740002,29481200,46.238876
"298",51.27,52.299999,51,52.189999,32727900,47.560249
"299",51.860001,51.950001,50.5,51.52,32044400,46.949692
"300",52.52,53.779999,51.389999,51.779999,45573900,47.186619
"301",52.060001,52.18,51.310001,51.860001,24993500,47.259529
"302",52.23,52.299999,50.880001,50.880001,25631200,46.366455
"303",51.169998,51.700001,50.990002,51.169998,42559800,46.630733
"304",50.740002,51.23,49.93,50.830002,31115200,46.320889
"305",50.880001,51.810001,50.849998,51.549999,22215000,46.977024
"306",51.549999,52.169998,51.169998,51.560001,23239500,46.986137
"307",50.740002,51.959999,50.599998,50.830002,30916000,46.320889
"308",50.59,50.990002,49.360001,49.360001,37683900,44.981297
"309",50.740002,52.490002,50.32,52.48,39306200,47.824524
"310",53.009998,53.25,50.779999,51.189999,38777000,46.648964
"311",50.5,50.700001,49.009998,49.599998,37970900,45.200016
"312",49.98,52.080002,49.869999,52.080002,45265800,47.460011
"313",51.689999,52.040001,47.290001,48.919998,67187800,44.580322
"314",49,49.959999,48.41,49.75,39432400,45.336704
"315",48.099998,50.16,48.009998,49.990002,30370000,45.555412
"316",50.009998,50.720001,49.970001,50.380001,25115400,45.910809
"317",49.790001,50.400002,48.5,48.790001,28215200,44.461872
"318",49.16,51.110001,49.16,49.549999,31437000,45.154453
"319",51.119999,51.490002,50.34,51.27,25906400,46.721867
"320",50.990002,51.73,50.82,51.099998,17568400,46.566948
"321",51.490002,53.27,51.450001,52.720001,29781400,48.04324
"322",53.060001,53.209999,51.599998,51.860001,20884900,47.259529
"323",52.290001,52.529999,51.790001,52.400002,18855500,47.751614
"324",52.91,53.700001,52.889999,53.540001,21228700,48.790497
"325",53.52,54.360001,53.34,53.610001,22164700,48.85429
"326",52.950001,52.959999,51.610001,52.220001,25422400,47.587589
"327",52.169998,52.279999,50.880001,51.529999,26910100,46.958801
"328",51.689999,51.889999,50.849998,51.099998,21706700,46.566948
"329",51.869999,53.639999,51.139999,51.450001,42494700,46.885899
"330",51.860001,52.099998,50.599998,51.380001,25752800,46.822109
"331",52.259998,53.27,52.07,53.049999,39575000,48.343967
"332",55.439999,55.790001,52.23,52.73,69888100,48.052345
"333",52.560001,53.369999,51.209999,51.619999,36417400,47.040813
"334",51.639999,53.419998,51.439999,53.330002,27600800,48.599129
"335",53.09,53.200001,52.150002,52.310001,25778300,47.669605
"336",51.889999,52.560001,51.209999,52.279999,28561000,47.642269
"337",51.619999,52.84,51,52.779999,25642500,48.3755
"338",52.860001,53.580002,52.830002,53.330002,20285700,48.879616
"339",53.290001,53.630001,52.799999,53.630001,21026800,49.154579
"340",53.759998,54.369999,53.189999,54.34,19827500,49.805325
"341",54.549999,55,54.099998,54.98,18715900,50.391914
"342",54.619999,55.189999,54.43,54.669998,15405000,50.10778
"343",54.77,55.240002,54.740002,54.900002,21878200,50.318592
"344",54.580002,54.75,53.560001,53.919998,21712600,49.420372
"345",54.169998,54.700001,53.959999,54.639999,16260500,50.080284
"346",54.549999,55.439999,54.419998,54.810001,16872600,50.236107
"347",54.529999,54.540001,53.470001,53.5,23679900,49.035423
"348",54.360001,55.220001,53.860001,54.32,25367400,49.786995
"349",54.73,55.049999,54.049999,54.450001,19009600,49.906143
"350",54,55.23,53.84,55.209999,20555400,50.602726
"351",55.18,55.299999,54.130001,54.75,19667100,50.18111
"352",54.799999,55.5,54.540001,55.439999,18550000,50.813522
"353",55.119999,55.810001,54.810001,55.32,24253500,50.703548
"354",55.889999,56.200001,55.619999,55.68,24711500,51.033504
"355",55.669998,55.860001,55.060001,55.200001,30962100,50.593563
"356",55.84,57.099998,55.799999,57.080002,31183200,52.316677
"357",57.009998,57.599998,56.779999,56.830002,22538100,52.08754
"358",56.900002,57.119999,56.220001,56.529999,21687000,51.812576
"359",56.529999,57.060001,56.080002,57.029999,22955400,52.270844
"360",56.919998,57,55.619999,55.880001,27596100,51.216816
"361",55.560001,55.700001,54.66,55.049999,30822900,50.456081
"362",54.799999,55.09,54.259998,54.52,25752400,49.970306
"363",54.869999,55.029999,54.220001,54.82,23294900,50.245266
"364",54.98,55.700001,54.91,55.029999,22631400,50.437744
"365",55.450001,55.860001,55.18,55.540001,23419800,50.905186
"366",55.169998,55.380001,54.580002,55.110001,39194700,50.511063
"367",54.299999,54.299999,52.34,53.220001,40764400,48.77879
"368",52.139999,52.950001,51.880001,52.93,31780900,48.512989
"369",53.189999,53.75,52.689999,53.459999,21403000,48.99876
"370",54.380001,54.529999,51.939999,52.189999,44435600,47.83474
"371",52.619999,53.09,52.299999,52.5,34682100,48.118862
"372",51.169998,51.75,49.91,50.709999,45356500,46.478249
"373",49.950001,50.41,49.360001,49.669998,37543000,45.525036
"374",49.34,50.060001,48.75,48.759998,33338800,44.690983
"375",48.580002,49.490002,48.5,49.25,29055700,45.140087
"376",49.529999,50.110001,49.5,49.709999,28906500,45.561695
"377",49.040001,50.27,48.830002,50.200001,23755500,46.010807
"378",50.580002,50.860001,49.43,49.470001,16327900,45.341724
"379",49.98,50.959999,49.75,50.75,26163500,46.514908
"380",50.77,51.5,50.400002,51.369999,19968000,47.083168
"381",51.639999,51.889999,51,51.860001,21361600,47.532284
"382",52.099998,52.259998,51.84,52.16,17362900,47.807247
"383",51.689999,51.869999,51.189999,51.200001,18665600,46.927353
"384",52.049999,52.48,51.73,52.349998,20292700,47.981384
"385",52.400002,52.419998,51.759998,52.220001,13749300,47.86224
"386",52.150002,52.32,51.869999,52.009998,15951500,47.669765
"387",51.049999,51.880001,51.009998,51.75,15754500,47.431465
"388",51.869999,51.970001,51.470001,51.720001,14649000,47.403965
"389",51.599998,52.009998,51.049999,51.98,15954600,47.642265
"390",51.830002,52.07,51.330002,51.91,17380500,47.578102
"391",51.77,52.5,51.330002,52.310001,15945500,47.944729
"392",52.759998,53.299999,52.080002,52.18,17788700,47.825577
"393",52.209999,52.450001,51.09,52.43,19854800,48.054714
"394",52.450001,53.18,51.869999,52.16,28282500,47.807247
"395",48.759998,49.200001,47.48,47.68,67816700,43.701107
"396",47.630001,47.990002,46.43,47.689999,35696600,43.710258
"397",48.240002,48.68,47.689999,48.099998,36581200,44.086056
"398",48.060001,48.91,48,48.810001,28060700,44.736809
"399",48.5,49.52,48.200001,49.48,26452500,45.350887
"400",49.5,49.779999,49.169998,49.630001,22008200,45.488369
"401",48.77,49.310001,48.32,49.299999,26669000,45.460716
"402",49.43,49.830002,49.41,49.700001,28322700,45.829571
"403",49.599998,50.130001,49.439999,49.959999,21990600,46.069317
"404",49.860001,50.599998,49.720001,50.139999,23795600,46.235294
"405",48.509998,49.169998,48.299999,48.849998,28712400,45.04575
"406",48.919998,49.240002,48.380001,48.450001,17070600,44.676907
"407",48.669998,48.759998,47.650002,48.119999,23061600,44.372601
"408",47.779999,48,46.900002,47.459999,26739900,43.764
"409",47.75,47.950001,47.049999,47.169998,24358000,43.496586
"410",47,47.389999,46.330002,47.099998,26382000,43.432034
"411",47.049999,47.119999,46.189999,46.5,24334000,42.878761
"412",46.66,47.849998,46.639999,47.619999,19254300,43.911537
"413",47.25,47.349998,46.919998,47.049999,23182500,43.385933
"414",46.860001,47.169998,46.709999,46.98,31343200,43.321381
"415",47.290001,47.889999,47.080002,47.66,18214700,43.948429
"416",48,48.389999,47.630001,48.349998,17170300,44.584698
"417",48.549999,48.790001,48.310001,48.57,13472400,44.787556
"418",48.700001,48.860001,48.400002,48.75,13479100,44.953537
"419",48.52,48.830002,48.09,48.240002,16418800,44.483265
"420",47.959999,48.560001,47.919998,48.43,16484000,44.658463
"421",48.380001,48.43,47.560001,47.959999,15682900,44.225071
"422",47.75,48.119999,47.470001,47.720001,20857200,44.003754
"423",47.759998,47.959999,47.209999,47.259998,19318100,43.579578
"424",46.91,47.48,46.360001,46.450001,25958300,42.832664
"425",46.560001,46.759998,46.23,46.299999,21522400,42.69434
"426",46,46.029999,44.889999,44.93,32455300,41.43103
"427",44.560001,44.98,44.060001,44.93,29778700,41.43103
"428",45.68,45.849998,45.110001,45.57,18657100,42.021191
"429",45.779999,45.970001,45.349998,45.540001,22998700,41.993526
"430",45.290001,45.900002,45.189999,45.419998,17603200,41.882866
"431",45.580002,46.529999,45.41,46.099998,20528100,42.509914
"432",46.09,46.439999,45.889999,46.150002,15918900,42.556026
"433",46.779999,47.360001,46.52,47.200001,21999300,43.52425
"434",47.119999,47.419998,46.369999,46.66,52650600,43.026302
"435",46.310001,47,46.150002,46.91,17847000,43.25684
"436",46.220001,46.389999,45.799999,45.91,23389900,42.334713
"437",46.040001,46.299999,45.580002,45.700001,23957700,42.141064
"438",45.91,46.169998,45.73,45.880001,15415500,42.307045
"439",45.619999,47.75,45.459999,47.290001,46223500,43.607239
"440",46.790001,47.220001,46.200001,46.450001,23796200,42.832664
"441",47.509998,48.880001,47.32,48.099998,42121100,44.354168
"442",48.619999,49.720001,48.560001,48.759998,39211900,44.962765
"443",48.84,48.860001,47.619999,48.130001,30108300,44.381824
"444",48.23,48.34,46.66,47.029999,28901400,43.367493
"445",46.959999,47.349998,46.52,47.029999,19376800,43.367493
"446",47.18,47.619999,46.540001,46.549999,23285700,42.924873
"447",46.060001,46.119999,44.799999,44.799999,43109500,41.311157
"448",45.150002,45.610001,43.73,44.23,43648800,40.785545
"449",45.27,45.34,44.23,44.880001,32087400,41.384926
"450",44.630001,45.139999,44.439999,44.529999,21633000,41.06218
"451",44.900002,46.009998,44.830002,45.939999,21472000,42.362373
"452",46,46.330002,45.540001,45.889999,23124400,42.316273
"453",45.650002,45.75,44.830002,44.970001,26638800,41.467918
"454",45.02,45.18,43.860001,44,28368500,40.573452
"455",44.5,45.34,44.099998,45.009998,34508800,41.504795
"456",44.18,45.09,43.91,44.5,38590300,41.034515
"457",44.16,44.360001,42.360001,42.419998,33631800,39.116501
"458",43.540001,44.939999,43.279999,44.310001,48255300,40.859314
"459",45.59,46.439999,44.700001,45.689999,67280400,42.131851
"460",46.5,46.75,44.439999,45.400002,35732200,41.864429
"461",45.529999,47.880001,45.459999,47.759998,43975200,44.040642
"462",48.290001,48.560001,46.830002,46.880001,33369100,43.229172
"463",46.950001,48.470001,46.860001,48.220001,28335300,44.464821
"464",48.130001,48.25,46.75,47.110001,30759800,43.441265
"465",47.34,48.25,46.919998,47.970001,23751200,44.234283
"466",47.799999,47.919998,47.029999,47.25,23839600,43.844559
"467",47.630001,48.75,47.59,48.720001,29913200,45.208611
"468",48.490002,49.290001,48.459999,48.990002,26581700,45.459148
"469",48.790001,49.029999,47.869999,48.110001,21761400,44.642574
"470",47.709999,47.799999,46.599998,46.650002,24412800,43.287807
"471",46.990002,48.25,46.990002,47.389999,29315900,43.974464
"472",47.849998,47.970001,46.889999,47.09,25632700,43.696091
"473",47.009998,48.240002,46.720001,48.110001,29581000,44.642574
"474",47.77,49.049999,47.689999,48.830002,31670600,45.310677
"475",48.610001,49.150002,47.779999,48,26859000,44.540501
"476",47.400002,48.119999,47.09,47.389999,29200800,43.974464
"477",47.849998,47.880001,47.02,47.029999,19011400,43.640415
"478",46.689999,47.07,46.52,46.540001,8906900,43.18573
"479",47.27,47.459999,46.700001,47.450001,20723000,44.030144
"480",46.939999,48.220001,46.59,48.07,27621000,44.605461
"481",47.939999,48.880001,47.650002,48.860001,28003200,45.33852
"482",48.490002,48.560001,47.630001,47.700001,23592500,44.262123
"483",47.950001,49.32,47.560001,49.310001,43313700,45.756088
"484",50,50.5,49.529999,50.130001,30870400,46.516987
"485",49.52,49.599998,47.68,47.75,35397700,44.308521
"486",46.799999,48.389999,46.52,48.369999,31661700,44.883831
"487",47.939999,48.060001,46.23,46.240002,34016400,42.907349
"488",46.279999,47.459999,46.009998,47.209999,23289000,43.807438
"489",47.900002,48.59,47.130001,47.380001,23851000,43.965191
"490",48.580002,48.639999,47.41,47.830002,31305000,44.382763
"491",48.259998,48.580002,47.860001,48.290001,19526000,44.809601
"492",47.889999,48.759998,47.849998,47.860001,26372100,44.410595
"493",47.860001,48.41,46.66,47.080002,26598700,43.686817
"494",47.470001,48.450001,47.360001,47.740002,29014300,44.29924
"495",47.490002,47.73,45.380001,45.57,39717600,42.285641
"496",45.41,46.310001,45.009998,45.540001,37750900,42.257805
"497",45.75,46.650002,44.799999,44.84,52768300,41.608253
"498",44.630001,45.169998,43.540001,43.59,19241600,40.448349
"499",44,46.200001,43.509998,46.189999,28677600,42.86095
"500",45.619999,46.380001,44.669998,46.360001,29970700,43.018703
"501",46.509998,47.740002,46.299999,46.75,24758700,43.380592
"502",47.09,47.48,46.549999,46.93,20490400,43.547623
"503",45.959999,47.470001,45.77,47.080002,18774600,43.686817
"504",46.150002,46.279999,44.389999,44.490002,32267300,41.283482
"505",45.84,47.57,45.540001,47.220001,35447300,43.816719
"506",47.099998,48,46.75,47.439999,22736800,44.020863
"507",47.799999,48.029999,46.779999,47.740002,22749200,44.29924
"508",47.959999,48.57,47.779999,48.009998,22554500,44.549782
"509",47.75,48.650002,47.41,48.560001,27202600,45.060143
"510",48.099998,49.290001,48.049999,48.93,21751300,45.403477
"511",48.459999,48.830002,48.299999,48.349998,19193900,44.86528
"512",48.709999,49.130001,48.439999,48.599998,22480800,45.097252
"513",48.599998,48.889999,48.080002,48.130001,19057700,44.661137
"514",48,48.84,47.91,48.470001,17448700,44.976627
"515",49.110001,49.380001,48.689999,49.189999,29874600,45.644733
"516",48.959999,48.98,47.869999,48.27,25940700,44.791046
"517",48.41,48.799999,47.52,47.939999,18960700,44.484829
"518",48.700001,50.040001,48.599998,49.759998,50578300,46.173649
"519",46.849998,47.43,45.75,47.040001,86455700,43.649689
"520",46.130001,46.73,46.049999,46.709999,35928700,43.343475
"521",46.779999,46.970001,46.330002,46.540001,20988300,43.18573
"522",46.68,47.68,46.450001,47.540001,26931700,44.113655
"523",46.700001,47.18,46.099998,47.119999,43051300,43.723927
"524",47.060001,49.049999,47.009998,48.73,37442900,45.217888
"525",48.619999,49.240002,48.240002,49.220001,20905000,45.672573
"526",49.18,50.720001,49.18,50.009998,31641600,46.405636
"527",49.950001,50.639999,49.82,49.900002,21647800,46.597061
"528",49.5,49.849998,48.68,49.23,27825900,45.971413
"529",48.77,49.02,48.009998,48.84,18851200,45.607231
"530",49.02,49.32,48.580002,48.77,18004100,45.541859
"531",49.360001,50.139999,49.27,50.009998,18050100,46.699783
"532",50.130001,50.810001,50,50.470001,17712800,47.129341
"533",50.41,51.040001,50.349998,50.810001,17545400,47.446835
"534",51.25,51.669998,51.09,51.66,22520400,48.240562
"535",51.349998,51.709999,51.34,51.400002,15611800,47.997776
"536",51.630001,51.73,51.060001,51.389999,21607700,47.988441
"537",51.32,51.84,51.209999,51.41,16162100,48.007118
"538",52.700001,52.98,52.060001,52.490002,31934100,49.015629
"539",53.060001,53.610001,52.860001,53.099998,20711800,49.585251
"540",53.009998,53.369999,52.91,53.23,16082200,49.706646
"541",52.759998,53.380001,52.509998,53.240002,17590300,49.715988
"542",52.919998,53.18,52.810001,52.959999,18388800,49.454521
"543",53.439999,53.68,52.889999,53.299999,18359300,49.772015
"544",53.75,54.099998,53.209999,53.939999,21706100,50.369656
"545",53.849998,53.990002,53.110001,53.68,21057700,50.126858
"546",53.630001,53.650002,52.939999,52.950001,14740500,49.445179
"547",52.77,52.990002,52.360001,52.599998,17803000,49.118351
"548",51.970001,52.560001,51.700001,52.48,16793900,49.00629
"549",52.880001,53.650002,52.57,53.349998,18963000,49.818699
"550",53.34,53.959999,53.18,53.57,20782100,50.024143
"551",54,54.57,53.650002,54.369999,25522300,50.771183
"552",54.299999,54.450001,53.330002,53.439999,26647100,49.902744
"553",53.68,54.689999,53.68,54.330002,46512500,50.733841
"554",54.419998,54.509998,53.869999,54.099998,16274000,50.519066
"555",54.470001,54.650002,54,54.169998,18274800,50.584427
"556",54.060001,54.400002,53.610001,53.82,24325300,50.257595
"557",53.919998,54.990002,53.84,54.639999,19127200,51.023319
"558",54.400002,54.619999,53.209999,53.259998,21438400,49.734661
"559",52.970001,53.549999,52.380001,52.779999,16971400,49.28643
"560",53.32,53.77,53.040001,53.439999,17724300,49.902744
"561",53.59,53.860001,52.939999,53.16,19656000,49.641285
"562",53.25,53.439999,52.77,53.110001,13607900,49.594589
"563",53.799999,54.040001,53.48,53.700001,18736100,50.145542
"564",54.34,54.57,54.099998,54.509998,17830400,50.901924
"565",54.529999,54.799999,54.23,54.360001,13704500,50.76186
"566",55.029999,55.990002,54.889999,55.48,24552800,51.80772
"567",55.27,56.139999,55.27,55.919998,16520500,52.21859
"568",55.75,55.950001,54.869999,55.599998,19268400,51.919769
"569",55.279999,55.740002,55.200001,55.68,11758800,51.99448
"570",55.349998,55.43,54.900002,55.32,13339700,51.65831
"571",55.32,55.860001,55.32,55.75,13084000,52.059853
"572",55.759998,56.07,55.630001,55.799999,10845800,52.106533
"573",56.209999,56.490002,55.84,56.419998,12910200,52.685505
"574",56.459999,56.560001,55.919998,56.279999,11676900,52.554768
"575",56.66,57.470001,56.07,56.709999,30301900,52.956306
"576",58.439999,59.59,58.119999,58.560001,38788400,54.683849
"577",58.709999,58.880001,58.119999,58.490002,20464200,54.618481
"578",58.150002,58.830002,57.880001,58.82,12327500,54.92664
"579",58.889999,58.98,58.5,58.779999,17739900,54.889286
"580",58.52,59.290001,58.139999,58.720001,17723700,54.833263
"581",58.299999,58.380001,57.23,57.610001,27949900,53.79673
"582",52.740002,53.09,51.52,52.43,72364500,48.959599
"583",52.169998,52.43,51,51.110001,42142300,47.726974
"584",51,51.43,50.869999,51.040001,27130900,47.661617
"585",51.099998,51.599998,50.740002,50.759998,20467600,47.400143
"586",50.799999,51.330002,50.119999,50.549999,22655400,47.204041
"587",51.080002,51.82,50.73,51.75,25656600,48.324608
"588",50.25,51.279999,50.189999,51.220001,26245200,48.122616
"589",50.599998,50.880001,49.93,50.48,29713400,47.427368
"590",50.200001,50.790001,49.07,49.240002,36812400,46.262348
"591",47.900002,48.290001,46.049999,46.619999,59642200,43.800785
"592",46.439999,46.799999,45.099998,46.200001,42522800,43.406189
"593",45.330002,45.639999,44.700001,44.759998,39091900,42.053265
"594",45.18,45.490002,44.869999,45.169998,24706500,42.438473
"595",44.919998,45.75,44.759998,45.619999,23407900,42.861256
"596",45.470001,45.950001,45.419998,45.529999,19954700,42.776695
"597",45.18,45.73,44.759998,44.889999,22500400,42.175404
"598",44,44.52,43.450001,43.560001,28675000,40.925831
"599",44.34,44.779999,44.18,44.459999,25543400,41.7714
"600",44.150002,44.459999,43.849998,44,16932500,41.339218
"601",43.369999,44.740002,42.860001,44.529999,35783900,41.837173
"602",44.59,45.049999,44.490002,44.57,27168100,41.874752
"603",44.66,44.689999,43.299999,43.57,34779900,40.935223
"604",43.349998,44.529999,43.330002,44.23,28450300,41.555313
"605",44.299999,45.029999,44.23,44.73,21618900,42.025082
"606",44.18,44.970001,43.93,44.040001,25532500,41.376808
"607",44.25,44.59,43.200001,43.459999,31155700,40.831879
"608",44.16,44.860001,43.77,44.790001,28094900,42.081448
"609",45.110001,45.18,44.189999,44.549999,20802000,41.855961
"610",44.75,45.169998,44.509998,45.099998,19076200,42.372704
"611",45.25,46.119999,45.099998,46.029999,24370300,43.246464
"612",46.23,47.189999,46.200001,46.799999,20806100,43.969906
"613",47.259998,47.32,46.52,46.849998,18415500,44.016872
"614",46.669998,46.669998,46.25,46.32,15900600,43.518925
"615",46.599998,46.959999,46.529999,46.700001,12267600,43.87595
"616",45.830002,46.419998,45.549999,46.189999,15381100,43.396786
"617",46.139999,46.529999,45.799999,46.130001,12643300,43.34042
"618",46.75,48,46.599998,47.369999,25732300,44.505432
"619",47.48,47.580002,47,47.07,17436400,44.223564
"620",47.869999,48.049999,46.869999,47.189999,20126800,44.336319
"621",46.950001,47.73,46.799999,47.459999,31096300,44.589981
"622",47.400002,47.849998,47.169998,47.630001,14479900,44.749714
"623",47.560001,47.68,46.799999,46.849998,16665600,44.016872
"624",47.650002,48.48,47.560001,48.189999,21886300,45.275841
"625",48.150002,48.419998,47.240002,47.459999,23062900,44.589981
"626",47.77,48.200001,47.68,47.869999,26646200,44.975189
"627",49.290001,49.450001,47.75,48.049999,27423300,45.14431
"628",47.91,48.220001,47.689999,48.119999,15381600,45.210075
"629",48.18,48.560001,48,48.52,10739100,45.585884
"630",48.029999,48.18,47.439999,48.080002,14339200,45.172493
"631",47.619999,47.950001,47.07,47.82,16564300,44.928223
"632",47.360001,47.799999,47.130001,47.75,17853200,44.862453
"633",47.919998,48.610001,47.900002,48.209999,16032300,45.294636
"634",48.560001,48.779999,48.310001,48.599998,16615100,45.661045
"635",49,49.93,48.810001,49.919998,20148700,46.901226
"636",50,50.25,49.77,50.119999,14345100,47.089134
"637",49.91,50,48.959999,49.169998,17131400,46.196583
"638",49.5,49.700001,49.240002,49.389999,11928600,46.403278
"639",49.279999,49.990002,48.889999,49.939999,15671600,46.920017
"640",49.959999,50.66,49.91,50.27,29141100,47.230061
"641",50.009998,51.52,49.889999,51.349998,21688000,48.244751
"642",52,52,51.299999,51.75,18413500,48.62056
"643",51.98,52.970001,51.799999,52.919998,20896400,49.71981
"644",52.509998,52.599998,51.880001,52.16,27765400,49.005764
"645",52.689999,53.5,51.529999,51.59,36401500,48.470238
"646",51.529999,52.560001,50.779999,52.509998,21897500,49.334602
"647",51.709999,52.310001,51.560001,51.700001,16487700,48.573593
"648",51.509998,51.720001,50.049999,50.549999,24169800,47.49313
"649",50.52,51.889999,49.470001,49.5,34020800,46.506622
"650",49.09,49.360001,48.5,48.68,27881600,45.736217
"651",47.759998,47.959999,46.57,46.970001,38936600,44.12962
"652",47.150002,47.560001,46.77,46.959999,26119600,44.41811
"653",46.299999,46.880001,45.970001,46.73,29440400,44.200565
"654",46.16,47.369999,45.91,47.169998,30643700,44.616741
"655",46.939999,47,45.779999,45.98,24975500,43.491161
"656",45.759998,46.07,45.439999,45.599998,18494300,43.131725
"657",45.490002,47.049999,45.360001,46.84,28959500,44.304607
"658",46.060001,46.630001,45.650002,45.869999,25650200,43.387115
"659",46.099998,46.18,45.439999,45.700001,21896000,43.226315
"660",46.34,46.68,46.060001,46.5,22701800,43.983006
"661",47.459999,47.599998,47.040001,47.23,21403600,44.673496
"662",47.029999,47.119999,46.459999,46.599998,23113300,44.077595
"663",47.110001,47.290001,46.889999,47.150002,15915000,44.597828
"664",47.279999,47.43,46.689999,46.779999,19783000,44.247856
"665",46.349998,46.630001,44.799999,44.959999,32814000,42.52636
"666",45.82,45.82,45.25,45.560001,22080500,43.093891
"667",45.869999,46.119999,45.5,45.790001,16925500,43.311443
"668",45.700001,45.91,45.369999,45.790001,14888800,43.311443
"669",46.459999,47.220001,46.400002,46.869999,17803800,44.332981
"670",47.240002,47.790001,47.16,47.41,16922600,44.843754
"671",47.119999,47.220001,46.5,46.98,15003800,44.437023
"672",47.560001,48.950001,47.540001,48.919998,23450700,46.272018
"673",49.93,51.169998,49.869999,50.099998,30014200,47.388142
"674",50.25,50.990002,50.07,50.919998,17067900,48.163757
"675",51.060001,52.029999,51.02,51.59,20749700,48.797493
"676",51.330002,51.84,50.830002,51.82,18532000,49.015038
"677",51.599998,52.790001,51.380001,52.790001,18968900,49.932545
"678",53,53.330002,52.07,53.009998,23308700,50.140633
"679",52.759998,53,52.23,52.540001,18010800,49.696072
"680",51.900002,52.290001,51.700001,52.200001,13354600,49.374474
"681",52.049999,52.139999,51.349998,51.950001,19641100,49.138008
"682",52.130001,52.130001,51.16,51.740002,14906800,48.939377
"683",51.700001,51.990002,51.5,51.57,11428400,48.77858
"684",51.599998,51.880001,50.560001,50.720001,37067900,47.974586
"685",50.830002,51.23,50.389999,50.900002,18916600,48.144844
"686",51.099998,51.18,49.639999,49.82,28197400,47.123302
"687",49.75,51.209999,49.419998,51.02,19486700,48.258343
"688",50.98,51.150002,50.34,50.919998,11351800,48.163757
"689",50.630001,51.220001,50.34,50.779999,14845700,48.031338
"690",51.189999,51.599998,50.939999,51.529999,13652100,48.740742
"691",51.970001,52.240002,50.43,50.759998,18413100,48.012421
"692",50.310001,50.369999,48.98,49.389999,20078700,46.716583
"693",49.5,50.07,48.529999,50.029999,16320100,47.321934
"694",50.349998,50.970001,50.029999,50.919998,12644900,48.163757
"695",50.700001,51.23,50.560001,50.619999,12081400,47.879997
"696",50.16,50.48,49.610001,49.73,17409100,47.03817
"697",50.470001,50.790001,50.150002,50.48,11834900,47.747581
"698",50.41,51.779999,50.400002,51.110001,13907900,48.343475
"699",52,52.790001,51.82,52.09,24072500,49.270435
"700",51.900002,51.950001,51.439999,51.639999,15016800,48.844795
"701",51.93,53.07,51.830002,52.650002,18878100,49.800114
"702",52.349998,52.560001,52.119999,52.450001,14769300,49.610939
"703",52.639999,52.84,51.380001,51.860001,16533900,49.052883
"704",51.75,51.82,51.029999,51.360001,16974100,48.579948
"705",51.52,52.169998,51.34,52.130001,12189000,49.308266
"706",51.900002,52.32,51.889999,52.009998,13114300,49.194756
"707",51.369999,51.959999,51.200001,51.720001,15887500,48.920456
"708",52.09,52.43,51.43,52.23,23413000,49.402851
"709",54.189999,56.610001,53.919998,56.459999,59767700,53.403881
"710",56.380001,56.810001,56.060001,56.759998,32307500,53.687645
"711",56.369999,57.240002,56.240002,56.34,18155800,53.290382
"712",56.32,56.630001,55.619999,56.599998,15248000,53.536304
"713",56.330002,56.599998,55.619999,56.529999,19249700,53.4701
"714",55.939999,56.650002,55.619999,56.509998,17953500,53.45118
"715",56.93,57.799999,56.849998,57.610001,19068000,54.491638
"716",57.470001,58.349998,57.209999,57.549999,20865400,54.434887
"717",57.490002,57.709999,56.98,57.599998,17721000,54.782028
"718",58,58.549999,57.860001,58.049999,16962800,55.210018
"719",57.849998,58.299999,57.310001,58.27,11888900,55.419254
"720",57.970001,58.5,57.900002,58.349998,11228900,55.495335
"721",58.400002,58.799999,58.029999,58.200001,11952500,55.352673
"722",57.869999,57.970001,57.349998,57.889999,15332700,55.057842
"723",57.610001,58.040001,57.57,57.810001,12119000,54.981754
"724",58.169998,58.700001,57.619999,57.959999,16112100,55.124413
"725",57.700001,58.48,57.57,58.25,16097500,55.40023
"726",58.48,58.650002,57.75,58.349998,17061900,55.495335
"727",58.259998,58.360001,57.369999,57.900002,18542300,55.067356
"728",57.490002,58.299999,57.41,58.220001,16139000,55.371693
"729",58.34,58.650002,57.490002,57.610001,15690200,54.791538
"730",58,58.84,58,58.810001,15011700,55.932831
"731",58.950001,59.130001,58.450001,58.900002,22338700,56.018433
"732",58.529999,58.59,57.91,58.509998,18184200,55.647503
"733",58.150002,58.299999,57.790001,58.049999,9481100,55.210018
"734",58.549999,58.689999,57.470001,57.66,19154500,54.839092
"735",56.860001,56.860001,55.75,56.07,25737400,53.326881
"736",56.66,56.66,55.860001,56.02,18881400,53.279327
"737",56.41,56.41,55.759998,56.080002,17673700,53.336395
"738",56.66,56.990002,56.419998,56.810001,16476800,54.030678
"739",56.540001,56.959999,56.5,56.529999,14298600,53.764378
"740",56.709999,56.830002,56.439999,56.59,16157900,53.821438
"741",56.91,57.169998,56.580002,57.07,20051100,54.277958
"742",56.75,58.049999,56.610001,57.549999,27883300,54.734474
"743",57.549999,58.34,57.380001,57.790001,22795200,54.962738
"744",58.209999,58.57,57.650002,57.700001,19131200,54.87714
"745",58,58.099998,57.130001,57.299999,21653100,54.4967
"746",57.389999,57.459999,56.939999,57.169998,28261000,54.373062
"747",57.169998,57.990002,56.970001,57.959999,18865100,55.124413
"748",58.32,59.049999,57.889999,58.950001,49953000,56.065979
"749",59.060001,59.779999,59.040001,59.23,23593000,56.332287
"750",59.25,59.48,59.16,59.41,6313200,56.503483
"751",59.41,59.849998,59.349998,59.82,11480300,56.893425
"752",59.91,60.48,59.900002,60.080002,14085800,57.140701
"753",59.990002,60.049999,59.380001,59.619999,12750500,56.703205
"754",59.619999,59.93,59.360001,59.849998,14432900,56.921947
"755",60.240002,60.970001,60.220001,60.84,18056000,57.863518
"756",59.810001,60.700001,59.810001,60.099998,15293900,57.159725
"757",59.59,60.200001,59.330002,59.93,17755200,56.998039
"758",59.779999,59.799999,58.889999,58.93,21876100,56.046967
"759",58.889999,59.32,58.52,58.970001,23133500,56.085007
"760",59.049999,59.509998,58.830002,59.299999,18813300,56.398861
"761",59.57,60.080002,58.869999,58.939999,15200600,56.056473
"762",59.169998,59.779999,59.080002,59.59,16453300,56.674671
"763",59.490002,59.740002,59.189999,59.43,17051200,56.522495
"764",59.299999,59.650002,58.75,58.939999,18498800,56.056473
"765",59.259998,59.84,59.07,59.66,21365500,56.741249
"766",59.98,60,59.240002,59.599998,21803400,56.684185
"767",59.810001,61.25,59.790001,60.549999,28358500,57.587708
"768",61.040001,62.849998,60.970001,62.73,29475100,59.66106
"769",62.860001,63.709999,62.810001,63.32,42778700,60.222187
"770",66.57,69.290001,66.459999,68.470001,84711000,65.120232
"771",66.720001,67.419998,65.599998,65.690002,30764000,62.476246
"772",66.5,67.580002,65.940002,67.309998,30915400,64.016975
"773",67.629997,68.059998,66.169998,66.330002,18055800,63.084938
"774",65.639999,66.5,64.93,66.470001,18522400,63.21809
"775",65.800003,65.980003,63.669998,63.93,25268400,60.802345
"776",64.459999,65.040001,64.300003,64.419998,16646600,61.268372
"777",65.769997,66.059998,64.919998,65.459999,20970800,62.257492
"778",66.690002,67.599998,66.129997,67.339996,23401400,64.045509
"779",67.300003,67.400002,66.769997,67.089996,17408000,64.121971
"780",66.860001,67.300003,66.010002,66.019997,18134600,63.099316
"781",65.559998,66.400002,65.440002,66.389999,22299300,63.452946
"782",66.830002,67.709999,66.57,67.410004,17975600,64.427826
"783",67.599998,68.089996,67.309998,67.459999,15586600,64.475616
"784",66.989998,67.650002,66.739998,67.440002,11602700,64.45649
"785",67.519997,67.860001,66.82,67.269997,13405500,64.294014
"786",66.660004,66.690002,65.879997,66.139999,12758400,63.214012
"787",66.389999,67.199997,66.18,67.110001,13551200,64.141098
"788",67.040001,67.290001,64.559998,65.449997,26452600,62.554527
"789",65.18,65.25,64.040001,64.339996,20775900,61.493633
"790",61.610001,62.77,61.32,61.759998,26903100,59.027775
"791",61.990002,62.279999,59.459999,59.73,34495700,57.087585
"792",60.110001,60.82,59.27,59.650002,26190100,57.011124
"793",57.93,58.509998,55.799999,55.830002,42226900,53.360115
"794",54.299999,56.380001,53.599998,55.52,60721700,53.063831
"795",55.790001,58.220001,54.52,58.18,43140300,55.606155
"796",58.029999,59.02,55.400002,55.970001,49740300,53.493923
"797",57.009998,58.709999,56.16,58.68,29223100,56.084034
"798",57.060001,58.66,56.610001,56.959999,29099200,54.440128
"799",55.18,56.009998,54.540001,55.77,36259200,53.302773
"800",51.919998,52.709999,50,50.849998,56197000,48.600426
"801",52.759998,54,50.43,53.98,36569000,51.591957
"802",52.389999,53.540001,51.009998,51.66,38563500,49.374588
"803",47.990002,50.09,45.369999,45.540001,50661700,43.525341
"804",48.259998,55,47.740002,54.43,48805100,52.022053
"805",47.509998,52.25,43.630001,44.610001,53878900,42.636478
"806",45.759998,51.630001,45.200001,50.080002,52085200,47.864494
"807",46.709999,50.049999,45.200001,47.610001,49309900,45.503761
"808",47.84,49.23,45.16,45.939999,44538000,43.907642
"809",46.509998,49.419998,45.470001,45.830002,52344000,43.802513
"810",46.02,50.490002,45.91,49.580002,46698500,47.386612
"811",53.139999,54.639999,51.349998,52.400002,50019800,50.081856
"812",52.48,53.790001,49.91,51.259998,41106100,48.992287
"813",51.740002,55.950001,51.66,55.540001,41459800,53.082943
"814",53.419998,54.639999,52.07,52.369999,31633500,50.053185
"815",52.990002,56.099998,52.830002,55.490002,31628600,53.03516
"816",55.060001,55.799999,53.220001,54.119999,48074700,51.725765
"817",52.5,54.689999,51.43,51.880001,29586600,49.584862
"818",51.290001,54.560001,51.220001,54.349998,27810000,51.945587
"819",53.849998,55.130001,52.73,54.130001,23906100,51.735321
"820",56.630001,58.77,56.119999,58.43,32323400,55.845093
"821",59.939999,61.490002,58.209999,58.400002,41410000,55.816418
"822",58.990002,59.509998,57.91,58.98,26719500,56.370762
"823",59.360001,59.720001,56.060001,57.139999,40499700,54.612164
"824",56.57,58.77,56.57,58.700001,23251900,56.103149
"825",60.040001,60.900002,59.509998,60.66,25674000,57.97644
"826",59.740002,59.830002,58.389999,58.869999,22841600,56.265629
"827",59.610001,60.959999,58.810001,60.790001,24433500,58.100685
"828",62.02,62.130001,59.830002,60.360001,27385600,57.689713
"829",59.279999,60.040001,58.889999,59.18,26420300,56.561913
"830",58.110001,58.599998,55.93,56.360001,25248000,53.866665
"831",58.27,60.5,57.810001,60.099998,23350400,57.441216
"832",59.669998,60.099998,58.810001,59.040001,35092000,56.428112
"833",56.200001,59.400002,56.099998,59.259998,50187000,56.638371
"834",59.720001,59.830002,58.389999,59.470001,25902200,56.839085
"835",59.990002,60.220001,58.259998,58.75,28784700,56.150936
"836",59.439999,62.029999,59.32,61.799999,30451500,59.066006
"837",61.369999,61.540001,59.75,59.98,26279900,57.326519
"838",58.830002,59.32,57.310001,57.470001,21194800,54.927563
"839",57.119999,58.07,56.310001,57.990002,18957200,55.424564
"840",58.790001,59.299999,58.349998,58.75,17252100,56.150936
"841",59.040001,59.950001,58.939999,59.18,17848700,56.88142
"842",59.93,60.099998,58.919998,59.169998,14733500,56.871799
"843",59.669998,59.779999,59.049999,59.669998,20384500,57.352386
"844",59.740002,60.84,59.709999,60.130001,18684400,57.794521
"845",60.220001,60.639999,58.259998,58.389999,16754900,56.122101
"846",58.450001,59.23,56.900002,57.740002,21065000,55.497353
"847",57.32,59.150002,56.099998,59.080002,21569400,56.785305
"848",57.400002,58.369999,56.959999,58.279999,21373300,56.016376
"849",59.740002,60.279999,59.360001,59.919998,20428700,57.592674
"850",60.130001,61.77,59.849998,60.290001,21865000,57.948307
"851",61.16,63.490002,61.02,63.099998,30584000,60.64917
"852",63.099998,63.799999,61.82,61.98,20987700,59.572662
"853",61.98,62.32,61.419998,62.259998,14103000,59.841789
"854",63.68,64.139999,62.119999,62.34,20933600,59.918682
"855",62.32,63.59,61.07,63.560001,19886300,61.091297
"856",63,63.450001,61.490002,61.700001,17253500,59.303539
"857",61.900002,63.66,61.619999,62.93,33393900,60.485764
"858",62.490002,62.66,61.66,61.860001,14317700,59.457329
"859",61.700001,62.169998,60.830002,62.119999,20702400,59.707218
"860",62.450001,62.540001,61.529999,61.93,16737300,59.524605
"861",61.740002,63.470001,61.34,62.970001,22010100,60.524212
"862",63.360001,65.110001,63.16,64.339996,26813100,61.840996
"863",63.970001,64.150002,62.939999,63.669998,21546200,61.197025
"864",62.990002,63.709999,62.900002,63.040001,23594100,60.591499
"865",62.790001,64.290001,62.75,63.869999,21367800,61.389256
"866",63.07,63.299999,59.52,59.700001,26998200,57.381226
"867",60.110001,60.959999,58.119999,59.330002,30419800,57.025593
"868",59.330002,60.360001,58.580002,60.099998,29651700,57.765682
"869",61.490002,61.650002,59.490002,60.400002,23226600,58.054035
"870",60.740002,61.279999,60.060001,60.490002,20454800,58.140541
"871",60.349998,60.509998,59.32,60.080002,24899700,57.74646
"872",60.650002,60.889999,59.099998,59.619999,60336100,57.304325
"873",59.73,60.549999,58.830002,60.09,22846000,57.756073
"874",60.189999,60.470001,59.860001,59.919998,22809600,57.592674
"875",59.639999,59.810001,58.669998,59.09,27764500,56.794918
"876",58.98,59.09,57.48,58.509998,21906900,56.237438
"877",58.490002,58.73,57.07,57.5,38477500,55.26667
"878",57.470001,58.349998,56.759998,58.27,22150300,56.006763
"879",58.709999,59.98,58.540001,59.830002,31542100,57.506172
"880",59.91,60.029999,58.759998,58.810001,14748100,56.525787
"881",59.189999,59.810001,58.970001,59.130001,15578600,56.833363
"882",58.720001,59.619999,58.599998,59.540001,20536700,57.227436
"883",59.07,59.57,58.139999,58.310001,15996500,56.045208
"884",58.450001,58.700001,57.93,58.610001,13277900,56.333557
"885",58.200001,58.75,57.700001,58.419998,20683700,56.150932
"886",57.950001,59.689999,57.830002,59.529999,17742300,57.217819
"887",59.84,60.619999,58.389999,58.580002,19082900,56.304718
"888",57.869999,59.25,57.349998,58.98,24190900,56.689182
"889",59.029999,59.34,58.419998,59.029999,19986300,56.737244
"890",58.540001,59.360001,58.400002,59.139999,12425900,56.842972
"891",59.419998,60.459999,59.279999,60,16322800,57.669567
"892",60.080002,61.380001,59.34,61.150002,16868700,58.774906
"893",61.52,61.93,60.439999,60.700001,19803700,58.342384
"894",61.310001,61.77,60.619999,61.049999,18959900,58.678787
"895",61.259998,61.740002,59.98,60.400002,43518600,58.054035
"896",52.150002,52.18,49.5,50.59,182269900,48.625053
"897",51.029999,51.139999,49.470001,49.57,107526500,47.644669
"898",49.48,50.23,49.139999,49.240002,62362600,47.327496
"899",49.490002,49.5,47.900002,48.07,60500800,46.202938
"900",47.830002,48.5,47.59,47.990002,39735200,46.126038
"901",48.130001,48.32,46.970001,47.73,46536000,45.876144
"902",48.27,48.630001,47.740002,48.299999,31767100,46.424
"903",48.599998,49.139999,48.5,49.130001,29045800,47.221764
"904",49.720001,49.720001,48.66,48.919998,29438600,47.019917
"905",48.790001,48.82,48.099998,48.57,23795500,47.000565
"906",48.529999,48.650002,47.700001,48.029999,36765200,46.478016
"907",48.200001,49.389999,48.060001,49.220001,37442600,47.629562
"908",49.630001,49.73,48.060001,48.189999,35348100,46.632847
"909",48.669998,49.259998,48.240002,49.189999,30659800,47.600529
"910",49.259998,49.330002,48.389999,48.560001,24774500,46.990894
"911",48.73,49.209999,48.650002,48.889999,22321200,47.310226
"912",49.110001,49.310001,48.73,48.93,20018300,47.348934
"913",49.259998,49.57,48.619999,48.650002,19251400,47.07798
"914",48.790001,48.98,48.25,48.330002,27775000,46.768326
"915",49.810001,50.200001,49,49.169998,55081300,47.581177
"916",49.02,49.310001,48.650002,49.279999,34621500,47.687622
"917",49.259998,49.400002,48.82,49.139999,36295300,47.552147
"918",49.349998,49.880001,49.209999,49.43,38384300,47.832783
"919",49.389999,49.669998,49.23,49.549999,28616600,47.948902
"920",49.790001,49.93,49.169998,49.400002,24420600,47.803749
"921",49.57,50.799999,49.459999,50.43,35384700,48.800461
"922",51,51.5,50.32,50.950001,46114100,49.303665
"923",50.91,51,50.220001,50.790001,30472800,49.148834
"924",51.209999,52.68,51.09,52.25,53000700,50.561661
"925",52.5,52.619999,50.139999,50.389999,47394300,48.761757
"926",50.529999,51.23,49.490002,50.080002,43318400,48.461777
"927",49.259998,49.900002,48.849998,48.91,39752700,47.329582
"928",49.529999,49.970001,49.040001,49.619999,33437300,48.01664
"929",50,50.09,48.709999,48.959999,32649100,47.377964
"930",49.259998,50.049999,48.950001,49.279999,29333600,47.687622
"931",48.849998,49.720001,48.849998,49.41,27212500,47.813423
"932",49.790001,50.599998,49.73,50,27598300,48.384361
"933",50.509998,51.029999,50.169998,50.369999,26531400,48.742405
"934",49.369999,50.490002,49.299999,50.32,26959900,48.694019
"935",50.330002,50.5,49.040001,49.889999,50123500,48.277912
"936",49.389999,49.75,48.830002,49.720001,27377100,48.113407
"937",49.889999,50.209999,49.470001,49.950001,22290900,48.335976
"938",49.830002,50.150002,48.66,48.82,30078800,47.242493
"939",48.529999,49.639999,48.419998,49.16,29343400,47.571499
"940",48.959999,50.279999,48.75,49.939999,26633400,48.326298
"941",50.509998,51.459999,50.16,51.43,29652200,49.768158
"942",51.310001,51.740002,50.950001,51.189999,19558200,49.535904
"943",51.240002,52.380001,51.150002,51.779999,27711300,50.106842
"944",52.400002,52.720001,51.990002,52.240002,22127600,50.551979
"945",51.5,51.98,50.990002,51.009998,25811800,49.361721
"946",51.299999,51.810001,51.27,51.689999,20883200,50.019753
"947",51.709999,52.700001,51.23,51.369999,25642800,49.710094
"948",51.849998,52.900002,51.790001,52.669998,21978700,50.968079
"949",52.91,53.580002,52.669998,53.369999,22369500,51.645466
"950",53.549999,53.849998,52.669998,52.82,24343900,51.113235
"951",53.549999,54.200001,53.209999,53.880001,27303500,52.138988
"952",54.27,54.290001,53.619999,53.830002,20005800,52.090603
"953",54.009998,54.400002,53.509998,53.549999,21874200,51.819653
"954",52.75,53.98,52.619999,53.849998,18272900,52.109955
"955",53.900002,54.700001,53.900002,54.16,23414400,52.409939
"956",54.470001,56.23,53.84,54.580002,43537200,52.816368
"957",54.599998,54.700001,53.27,53.43,27224900,51.703529
"958",53.139999,54.07,52.82,53.5,21866000,51.771271
"959",53.119999,54.220001,53.07,53.900002,41522700,52.158344
"960",48.349998,48.669998,47.66,48.200001,97322500,46.642521
"961",47.849998,47.860001,46.25,46.720001,54161300,45.21035
"962",45.98,46.41,45.360001,45.639999,50130500,44.165245
"963",44.889999,45.290001,44.200001,44.25,45066000,42.82016
"964",44.240002,44.470001,43.919998,44.110001,36796800,42.684685
"965",44.099998,44.799999,43.610001,44.279999,46781300,42.84919
"966",44.959999,45.060001,44.240002,44.459999,33856700,43.023369
"967",44.73,45.459999,44.700001,44.849998,34349500,43.400768
"968",45.110001,46.150002,44.779999,45.700001,34748200,44.223309
"969",46.150002,46.380001,45.529999,45.68,31103200,44.525471
"970",45.540001,45.799999,44.900002,45.389999,36233700,44.242794
"971",46.639999,47.349998,45.540001,45.599998,48481700,44.447487
"972",45.400002,46.48,45.25,45.439999,39224500,44.291531
"973",45.900002,46.459999,45.860001,46.349998,31496900,45.178532
"974",46.130001,46.189999,44.549999,44.950001,42881300,43.813915
"975",44.990002,45.580002,44.970001,45.459999,30884700,44.311028
"976",46.040001,46.75,45.790001,46.189999,36306300,45.022579
"977",45.75,46.119999,45.41,45.529999,31118000,44.379261
"978",45.549999,45.689999,45.040001,45.060001,32817900,43.921139
"979",44.919998,45.669998,44.700001,45.619999,29469100,44.466988
"980",45.66,45.880001,45.330002,45.389999,24199300,44.242794
"981",45.48,46.209999,45.450001,46.060001,35489600,44.895866
"982",46.290001,47.299999,46.009998,47.009998,33901200,45.82185
"983",47.029999,47.18,46.57,47.049999,28126900,45.86084
"984",47.360001,48.099998,47.360001,47.450001,15921400,46.250736
"985",47.419998,48.5,47.27,48.349998,46332700,47.127987
"986",48.75,50.23,48.709999,49.560001,57768000,48.307407
"987",49.220001,50.060001,49.18,49.900002,33753500,48.638813
"988",49.919998,51.110001,49.779999,50.990002,50261200,49.701267
"989",51.060001,52.650002,51,51.990002,39767700,50.675991
"990",51,51.290001,49.560001,50.200001,51040300,48.931229
"991",49.830002,50.720001,49.810001,50.689999,28956500,49.408844
"992",50.279999,50.84,49.73,50.07,34068400,48.80452
"993",49.66,50.720001,49.59,50.259998,33706000,48.989712
"994",50.139999,50.139999,49.119999,49.73,29398800,48.47311
"995",49.82,51.34,49.740002,50.470001,33436400,49.194405
"996",50.98,51.009998,50.209999,50.669998,25465600,49.389347
"997",50.709999,51.459999,50.68,51.119999,28351000,49.827972
"998",51.150002,51.32,50.220001,50.650002,26399000,49.369858
"999",50.57,50.68,47.110001,47.459999,119298400,46.260483
"1000",46.32,46.450001,45.240002,46.360001,53775700,45.188282
"1001",46.25,46.34,45.77,46.169998,32171200,45.003082
"1002",46.169998,47.029999,46.07,46.57,22564200,45.392975
"1003",46.599998,47.09,46.34,47.07,11865600,45.880337
"1004",47.189999,47.639999,46.860001,47.07,21269200,45.880337
"1005",47.220001,50.669998,46.490002,49.389999,84531400,48.141705
"1006",49.110001,49.189999,48.560001,48.75,37385400,47.517876
"1007",48.75,50.189999,48.720001,49.82,28576800,48.560833
