"","LEN.Open","LEN.High","LEN.Low","LEN.Close","LEN.Volume","LEN.Adjusted"
"1",42.674534,42.674534,41.52409,42.202557,4148852,40.97607
"2",42.379547,43.39233,42.232056,43.244839,2653760,41.988056
"3",43.04818,43.716812,43.018681,43.677483,1969319,42.408127
"4",43.903637,43.972469,42.920353,42.959686,2088715,41.711193
"5",42.871189,42.930187,42.409046,42.822025,1878399,41.577534
"6",42.900688,43.284168,42.546707,42.999016,1713340,41.749378
"7",42.920353,43.294003,42.654865,43.294003,1604521,42.035789
"8",43.185841,43.76598,42.546707,43.687317,2705830,42.417671
"9",43.608654,43.952801,43.431664,43.716812,1905960,42.446312
"10",43.500492,43.903637,43.333332,43.657818,1758800,42.38903
"11",43.785645,43.874142,43.274338,43.55949,1765817,42.29356
"12",43.55949,44.198624,42.930187,42.999016,2334422,41.749378
"13",43.205505,43.362831,42.910522,43.117012,2390967,41.863941
"14",43.107178,43.480827,42.733528,43.018681,2433274,41.768482
"15",43.9823,45.742378,43.903637,45.594887,5238465,44.269798
"16",45.880039,46.656834,45.67355,46.145527,3524312,44.843124
"17",46.214355,46.794495,45.811211,45.919373,2939232,44.623356
"18",45.771877,45.860374,44.857426,45.024582,2199771,43.753811
"19",44.660767,44.719765,43.864307,44.700096,2355779,43.438488
"20",44.53294,44.552605,43.529991,43.903637,3163989,42.664513
"21",43.992134,44.414948,43.303837,44.139626,4409407,42.893845
"22",44.178959,44.454277,43.795479,44.060963,2017728,42.817394
"23",44.355949,44.464111,43.913471,44.385448,2031254,43.132725
"24",44.296951,44.601768,43.903637,44.021633,1528856,42.779179
"25",44.218288,44.228123,43.333332,43.874142,2113021,42.635845
"26",43.874142,44.591938,43.77581,44.434612,2803767,43.1805
"27",44.395279,44.591938,43.903637,44.434612,2018237,43.1805
"28",45.260571,46.184856,44.926254,46.027531,2976352,44.728458
"29",46.204521,46.322517,45.752213,45.919373,2375000,44.623356
"30",45.821041,45.919373,45.014748,45.437561,2118208,44.155151
"31",45.50639,46.342182,45.417896,46.116028,2093495,44.814457
"32",46.007866,46.283188,45.368732,45.408062,1395527,44.126484
"33",45.240906,45.68338,44.985252,45.68338,1254266,44.394028
"34",45.939037,46.263519,45.752213,46.23402,1923859,44.929119
"35",47.118977,47.138641,46.145527,46.519173,2453818,45.20623
"36",46.794495,46.794495,45.929203,46.361851,1718425,45.053345
"37",46.155357,46.735497,45.889874,46.637169,1877687,45.320896
"38",46.637169,47.689281,46.430679,47.561455,2462869,46.219097
"39",47.531956,48.180923,47.384464,47.974434,3558280,46.620419
"40",48.328419,49.596851,48.29892,49.174042,3536007,47.786179
"41",49.06588,49.252705,48.711899,48.908554,1628522,47.528179
"42",48.751228,49.24287,48.269421,49.06588,3247993,47.681057
"43",48.800392,49.351032,48.603737,49.134708,2609215,47.747944
"44",49.24287,49.96067,48.967552,49.862339,2898348,48.45504
"45",49.803345,51.543755,49.754177,51.376598,4603247,49.926556
"46",51.376598,52.015732,50.432644,51.061947,4805834,49.620796
"47",51.533924,52.890854,51.52409,51.838741,6202175,50.375664
"48",51.966568,52.114059,51.022617,51.052113,3861956,49.611237
"49",50.93412,50.97345,50.186825,50.737465,2415884,49.305462
"50",50.993118,51.415928,50.38348,51.258602,2974013,49.81189
"51",51.445427,52.379547,51.012783,52.08456,3736763,50.614536
"52",52.025566,52.399212,51.750244,51.946903,4068000,50.480766
"53",51.917404,51.937069,51.278271,51.799412,3506311,50.337437
"54",51.288101,51.52409,49.970501,50.412979,4695591,48.990131
"55",50.521141,50.530972,49.400196,49.862339,3260807,48.45504
"56",49.921337,50.481808,49.79351,50.009834,1706729,48.59837
"57",50.196655,50.471977,49.852509,50.186825,1895891,48.770359
"58",49.528023,50.245823,49.380531,50.127827,1816464,48.713032
"59",49.901672,50.806293,49.891838,50.501476,1590588,49.076141
"60",50.176991,50.796459,50.176991,50.639133,1374679,49.209911
"61",50.540806,50.707966,50.176991,50.442478,1606860,49.018806
"62",50.344151,50.521141,50.167156,50.334316,1229553,48.913696
"63",50.393314,50.629303,49.606686,50.058998,1932097,48.646145
"64",49.862339,50.137661,49.587021,49.79351,1298404,48.388153
"65",50.019665,50.55064,49.734512,49.79351,1834465,48.388153
"66",49.705013,50.432644,49.606686,50.058998,1472311,48.646145
"67",49.882008,50.20649,49.79351,49.832844,1187348,48.426373
"68",50.108162,51.30777,50.058998,50.619469,2220213,49.1908
"69",50.55064,51.111111,50.334316,51.052113,2626301,49.611237
"70",50.747295,51.032448,50.294987,50.432644,1977658,49.009247
"71",50.560471,51.563423,50.560471,50.924286,2647454,49.487019
"72",51.071781,51.543755,50.914455,51.474926,2089528,50.02211
"73",51.189774,51.887905,50.963619,51.553589,1850126,50.098553
"74",51.809242,52.005901,51.445427,51.720749,1852262,50.26099
"75",52.005901,52.114059,50.521141,51.022617,2880144,49.582569
"76",50.855457,51.209438,50.511307,51.14061,2208619,49.697231
"77",51.681416,51.819077,50.55064,50.707966,1874331,49.276794
"78",50.432644,50.511307,49.478859,49.852509,3989183,48.44548
"79",49.980335,50.471977,49.773846,50.117992,4499717,48.703476
"80",50.147491,50.412979,49.773846,50.255653,2036441,48.837246
"81",50.117992,50.167156,49.056046,49.655849,2748239,48.292179
"82",49.882008,50.088497,49.429695,49.44936,2123903,48.091351
"83",49.41003,49.61652,49.016716,49.341202,2020576,47.986168
"84",49.282204,49.557522,48.51524,48.898724,2316421,47.555836
"85",48.957718,49.282204,48.84956,48.947887,1277962,47.603649
"86",49.174042,49.262535,48.829891,48.957718,1540755,47.613209
"87",48.947887,49.174042,48.741398,49.016716,1105784,47.670586
"88",48.977383,49.891838,48.977383,49.813175,2016304,48.445179
"89",49.685349,49.744347,49.183872,49.724682,1508211,48.359116
"90",49.61652,50.216324,49.360867,50.137661,1868738,48.760757
"91",50.098328,50.098328,49.44936,49.547688,1026560,48.186977
"92",49.714848,50.38348,49.655849,50.176991,1547976,48.799
"93",50.38348,50.580139,49.764011,50.570305,1287115,49.181511
"94",50.570305,50.570305,49.311703,49.429695,1822261,48.072235
"95",49.419861,50.639133,49.095379,50.245823,1893552,48.86594
"96",50.432644,51.445427,50.245823,51.278271,2325167,49.870026
"97",51.425762,51.838741,51.258602,51.573254,1841889,50.156918
"98",51.946903,52.428711,50.648968,50.76696,1738053,49.372768
"99",50.648968,51.179939,50.157326,51.111111,1354339,49.707458
"100",51.406097,51.533924,50.609634,50.865292,1795107,49.468399
"101",50.658798,50.884956,50.501476,50.668633,947030,49.277142
"102",50.580139,50.776794,50.078663,50.629303,1643269,49.238884
"103",50.845623,50.875122,50.117992,50.452312,1477599,49.066757
"104",50.501476,51.130775,50.147491,51.061947,1574011,49.659657
"105",51.111111,52.005901,51.111111,51.848576,1975828,50.424675
"106",51.819077,51.86824,51.347099,51.553589,1884704,50.137791
"107",51.111111,51.533924,50.894791,51.337265,1436919,49.927406
"108",51.366764,51.966568,51.30777,51.533924,1295150,50.118668
"109",51.533924,51.819077,51.15044,51.268436,1264436,49.86047
"110",51.347099,51.445427,50.884956,51.130775,1562417,49.726589
"111",51.042282,51.848576,51.042282,51.809242,1586520,50.386421
"112",51.966568,53.077679,51.720749,52.753197,2048645,51.304455
"113",52.949852,53.923306,52.733528,53.028515,2692406,51.572212
"114",52.674534,53.156342,51.966568,52.212391,2141497,50.778507
"115",52.015732,52.114059,51.396263,52.045231,2294250,50.61594
"116",52.114059,52.41888,51.730579,51.858406,4657250,50.434242
"117",54.562439,54.818092,52.359882,52.969517,7395827,51.514828
"118",52.890854,53.362831,51.90757,52.359882,2566196,50.92194
"119",52.222221,52.320553,51.52409,51.533924,1404579,50.118668
"120",51.622417,51.956734,51.219273,51.248772,4172344,49.841351
"121",51.406097,51.710915,51.199608,51.583088,1294234,50.166485
"122",51.622417,51.927238,51.219273,51.219273,1123785,49.812653
"123",51.642086,52.182892,51.248772,51.976402,1614182,50.548988
"124",51.86824,51.966568,51.160275,51.819077,2584807,50.395996
"125",52.015732,52.890854,51.986233,52.428711,1841177,50.988884
"126",52.340218,52.605701,51.671581,51.681416,1142498,50.262112
"127",51.563423,51.86824,51.061947,51.52409,2156549,50.109108
"128",51.130775,51.514259,50.678467,51.002949,2612266,49.602276
"129",51.288101,52.979351,51.130775,52.586037,2484734,51.141891
"130",52.507374,53.697147,52.310719,53.687317,2992116,52.212929
"131",52.812195,53.136677,52.143559,52.84169,2546670,51.428188
"132",53.058014,53.608654,52.379547,52.851524,1959149,51.437767
"133",52.645035,53.303837,52.497543,52.900688,1198636,51.485607
"134",52.723698,53.510323,52.723698,53.126842,1361356,51.705727
"135",53.097343,53.323502,52.566372,52.713863,2240756,51.303787
"136",52.576206,52.674534,51.651917,52.064896,2212585,50.672173
"137",52.291054,52.753197,51.917404,52.409046,3062289,51.007126
"138",52.468044,52.497543,51.671581,52.369717,1674287,50.968849
"139",52.350048,53.3825,52.232056,52.438545,1874026,51.035835
"140",52.379547,52.517208,51.90757,51.996067,1602589,50.60519
"141",52.055065,52.654865,52.035397,52.300884,1823074,50.901855
"142",52.241886,52.291054,51.533924,51.86824,1504550,50.480785
"143",51.887905,52.232056,51.553589,52.143559,1160295,50.748741
"144",52.064896,52.300884,50.97345,51.553589,2095935,50.174557
"145",51.789577,51.819077,51.15044,51.563423,1141277,50.184128
"146",51.681416,52.517208,51.415928,52.487709,1068155,51.083687
"147",52.350048,53.195675,52.133728,52.969517,1413020,51.552597
"148",52.969517,53.146507,52.615536,52.969517,1301455,51.552597
"149",53.087513,53.490658,53.038349,53.343166,1009474,51.91626
"150",53.343166,53.510323,53.107178,53.3825,818075,51.954533
"151",53.343166,53.94297,52.999016,53.520157,1120632,52.08852
"152",53.264503,53.618484,52.910522,53.254669,1181856,51.83012
"153",52.920353,53.077679,52.123894,52.271385,1000423,50.873146
"154",52.08456,52.487709,51.809242,52.359882,712917,50.95927
"155",52.409046,53.284168,52.409046,52.989185,1177483,51.571743
"156",52.989185,53.254669,52.674534,53.166176,1217044,51.743999
"157",53.235004,53.303837,52.763027,53.185841,915503,51.763138
"158",53.176006,53.264503,51.956734,51.996067,1372747,50.60519
"159",51.819077,51.819077,51.002949,51.012783,1787988,49.648205
"160",51.022617,51.386433,50.668633,51.238937,1120327,49.868317
"161",51.179939,51.288101,50.58997,51.061947,1773750,49.696053
"162",50.835793,51.248772,50.265488,50.727631,2329032,49.370689
"163",50.894791,50.953785,50.285152,50.334316,908995,48.987892
"164",50.353981,50.884956,50.216324,50.747295,1297895,49.38982
"165",50.75713,50.806293,49.813175,50.068829,1733985,48.729511
"166",49.675514,50.03933,49.587021,49.646019,1583774,48.318001
"167",49.724682,50.20649,49.606686,49.862339,930047,48.528549
"168",50.009834,50.943954,49.96067,50.894791,1564553,49.533375
"169",51.042282,51.278271,50.816128,50.894791,957912,49.533375
"170",50.845623,50.845623,49.518192,50.186825,1571570,48.844349
"171",50.226154,50.304817,48.928219,49.213371,3247688,47.896935
"172",49.370697,49.478859,48.938053,49.036381,1672355,47.724667
"173",48.918388,50.009834,48.69223,49.695183,1534755,48.365852
"174",49.921337,50.983284,49.764011,50.875122,1867619,49.514233
"175",50.875122,51.406097,50.76696,51.288101,1608284,49.916157
"176",51.258602,51.376598,49.577187,50.353981,3230297,49.007027
"177",50.255653,50.58997,49.587021,50.03933,2014677,48.700798
"178",50,50.825958,49.557522,50.452312,3215957,49.102726
"179",50.511307,51.258602,50.344151,50.835793,2888483,49.475948
"180",50.530972,51.327435,50.294987,50.943954,3310437,49.581219
"181",50.639133,50.894791,49.596851,49.61652,2434088,48.289291
"182",49.891838,50.088497,49.419861,49.646019,1101614,48.318001
"183",49.655849,50.058998,49.282204,49.439529,1856635,48.117039
"184",49.164207,49.832844,49.06588,49.685349,2623860,48.356281
"185",49.96067,50.452312,49.685349,50.324486,1842092,48.978329
"186",50.658798,50.875122,49.911503,50.462143,2206280,49.112297
"187",50.442478,51.386433,50.344151,51.356934,1971861,49.983154
"188",51.710915,52.6647,51.612587,51.917404,3296402,50.528637
"189",52.182892,52.261555,51.622417,51.937069,3034525,50.547771
"190",53.9823,54.91642,52.615536,54.424778,8070912,52.968933
"191",54.139626,55.496559,54.139626,55.46706,3666590,53.983341
"192",55.535889,55.830875,55.024582,55.132744,2891738,53.657963
"193",55.08358,55.270405,54.601768,54.955753,2878619,53.485706
"194",54.788593,55.447395,54.660767,55.260571,1666253,53.782375
"195",55.211407,55.526058,54.847591,55.299904,1844126,53.820641
"196",55.162243,55.67355,55.12291,55.634216,2037254,54.146023
"197",55.378563,55.752213,55.103245,55.113079,1457056,53.638824
"198",55.349068,55.742378,55.054081,55.08358,1487566,53.610107
"199",55.103245,55.329399,54.739429,54.926254,1309998,53.457001
"200",54.926254,55.240906,54.798428,55.034416,2251435,53.562279
"201",55.024582,55.50639,54.867256,55.329399,4306080,53.887871
"202",55.309734,55.978367,54.867256,55.801376,2514431,54.347546
"203",56.814159,57.030483,56.047199,56.538841,2406629,55.065807
"204",56.44051,56.941986,56.135693,56.342182,2216755,54.874264
"205",56.391346,57.15831,56.391346,57.040314,2458496,55.554214
"206",57.610619,57.974434,56.873158,56.971485,3231314,55.487179
"207",57.236973,57.630283,57.020649,57.482792,1715984,55.985165
"208",57.463127,57.659782,56.912487,57.040314,1812294,55.554214
"209",55.221237,56.293018,54.591938,54.749264,13502709,53.322842
"210",54.90659,55.063911,53.992134,54.739429,8826543,53.313274
"211",55.152409,56.027531,54.53294,56.007866,6986180,54.548668
"212",56.066864,56.165192,53.9823,54.178959,6770576,52.767406
"213",54.090462,54.513275,53.529991,53.706982,4541820,52.307724
"214",54.896755,55.319569,53.638149,55.201572,3190227,53.763374
"215",55.358898,56.135693,55.250736,55.535889,3163989,54.088985
"216",55.339233,57.590954,54.926254,57.58112,5577431,56.080929
"217",57.48,59.07,57.189999,58.93,7262300,57.394669
"218",58.669998,59.32,58.32,58.709999,5263800,57.180393
"219",58.360001,58.689999,58.02,58.220001,3921700,56.703159
"220",57.810001,58.580002,57.75,58.560001,3250600,57.034306
"221",58.27,58.48,57.740002,58.02,2463000,56.508373
"222",58.119999,58.509998,57.880001,58.09,2942800,56.576546
"223",57.919998,59.099998,57.810001,58.889999,3717600,57.355698
"224",58.880001,59.310001,58.73,59.119999,3729000,57.579716
"225",59.52,60.860001,59.32,60.529999,3510700,58.952969
"226",60.360001,60.810001,60.049999,60.610001,2669400,59.030891
"227",60.740002,61.349998,60.689999,61.02,1290800,59.430218
"228",61.009998,61.130001,60.23,60.75,3958000,59.167244
"229",60.919998,61.580002,60.810001,61.540001,4147800,59.936661
"230",61.5,62.66,61,62.18,5049400,60.559986
"231",62.669998,63.150002,62.200001,62.779999,4778500,61.144356
"232",62.84,63.27,61.259998,62.560001,4958600,60.930092
"233",63.41,63.939999,62.84,62.98,4516300,61.339146
"234",61.540001,62.549999,61.029999,62.029999,3727600,60.413898
"235",61.75,62.18,60.84,60.91,3864600,59.323074
"236",60.84,62.189999,60.669998,61.709999,2277600,60.10223
"237",61.82,62.23,61.639999,62.18,2041000,60.559986
"238",62.540001,62.580002,61.349998,61.68,2817000,60.073009
"239",61.43,62.290001,61.41,61.43,2616400,59.829521
"240",61.709999,61.82,61.040001,61.110001,2756500,59.517868
"241",61.150002,61.66,61.009998,61.139999,2718800,59.547081
"242",61.389999,61.630001,61.080002,61.400002,4080900,59.800316
"243",61.880001,62.619999,61.880001,62.360001,2721000,60.735294
"244",62.549999,62.580002,61.84,61.880001,2164900,60.267811
"245",62.25,62.900002,62.040001,62.560001,2200200,60.930092
"246",62.75,64.010002,62.75,63.75,2171700,62.089085
"247",64,64.239998,63.509998,64,3922200,62.332573
"248",64,64.419998,63.740002,63.889999,1788300,62.225437
"249",64.050003,64.400002,63.82,63.919998,3694800,62.254665
"250",64.010002,64.169998,63.689999,63.82,3270700,62.157265
"251",64.040001,64.370003,63.099998,63.240002,2130300,61.592373
"252",63.93,64.849998,63.790001,64.839996,3714600,63.150669
"253",64.989998,67.400002,64.989998,67.230003,5642100,65.478409
"254",67.230003,67.449997,66.5,66.949997,4595700,65.205727
"255",67.400002,67.629997,66.769997,67.580002,3780500,65.819305
"256",67.769997,67.800003,67.080002,67.230003,3296300,65.478409
"257",67.379997,67.440002,66.309998,66.669998,4944600,64.933006
"258",66.239998,68.510002,65.75,68.260002,9804600,66.48159
"259",68.910004,70.400002,68.620003,69.57,6364100,67.757454
"260",69.129997,69.93,69.040001,69.260002,3792000,67.455528
"261",69.860001,69.870003,68.620003,68.779999,3338700,66.988045
"262",69.260002,70.830002,68.900002,70.709999,3398400,68.867744
"263",71.769997,72.07,70.43,70.540001,4315900,68.702179
"264",70.599998,71.870003,70.589996,71.82,3647500,69.948822
"265",71.970001,72.169998,71.360001,71.730003,3951000,69.861183
"266",71.690002,71.940002,70.599998,70.93,2778900,69.082016
"267",70.980003,71.889999,70.43,70.860001,2829700,69.01384
"268",70.809998,70.940002,68.010002,68.470001,4283700,66.723793
"269",68.790001,68.970001,67.239998,67.82,5853700,66.090355
"270",67.400002,67.699997,64.93,65.019997,5183800,63.361763
"271",64.489998,64.839996,63.470001,63.869999,4916100,62.241096
"272",64.709999,65.449997,62.450001,62.66,5944400,61.061951
"273",62.200001,63.52,61.73,62.84,6011800,61.237354
"274",62.27,62.400002,59.970001,60.02,4867400,58.489285
"275",59.52,60.32,57.099998,57.700001,6119000,56.228455
"276",56.560001,60.669998,56.029999,60.439999,8420500,58.898575
"277",60.669998,63.400002,60.389999,60.91,8414300,59.356579
"278",60.790001,61.099998,59.009998,59.110001,6774600,57.602493
"279",60,60,57.389999,58.689999,7755800,57.193207
"280",59.32,60.560001,57.77,59.34,18347000,57.826633
"281",59.400002,60.139999,58.84,59.959999,7289900,58.430809
"282",59.5,61.759998,59.470001,61.23,7001800,59.668419
"283",61.880001,61.880001,60.02,60.400002,4639500,58.859592
"284",60.290001,61.130001,60.110001,60.860001,6359800,59.307861
"285",60.650002,60.779999,58.970001,59.150002,4373800,57.641468
"286",59.380001,60.389999,58.639999,58.66,3818900,57.163967
"287",58.98,59.32,58.130001,58.43,4884300,56.939835
"288",59.560001,59.560001,58.200001,59.040001,3495800,57.534271
"289",59.369999,59.619999,58.450001,59.450001,4800800,57.933819
"290",59.57,60.810001,57.66,57.66,5085300,56.189465
"291",57.900002,58.130001,55.939999,56.580002,9672500,55.13702
"292",56.84,57.549999,56.169998,57.360001,5266500,55.897125
"293",56.779999,57.580002,55.919998,57.48,4306300,56.014072
"294",57.040001,58.650002,56.959999,58.310001,6151000,56.822903
"295",58.639999,59.330002,57.880001,59.169998,5147200,57.660957
"296",58.689999,59.66,58.540001,59.290001,2458300,57.777901
"297",59.290001,59.57,58,58.66,3176500,57.163967
"298",59.009998,59.880001,58.240002,59.790001,3804400,58.265144
"299",59.860001,60.73,59.799999,60.43,3808200,58.888828
"300",60.860001,61.52,60.439999,60.560001,3747500,59.015514
"301",60.869999,60.900002,59.73,59.900002,3355600,58.372345
"302",60.07,60.299999,58.490002,58.889999,3333000,57.388096
"303",58.970001,59.560001,58.470001,59.209999,3825300,57.699944
"304",59,59.099998,58.240002,59.060001,2810600,57.553772
"305",59.25,59.75,58.619999,58.869999,2410700,57.368607
"306",59.029999,60.57,58.700001,59.900002,3113300,58.372345
"307",59.299999,60.41,58.630001,58.68,2992700,57.183456
"308",59.169998,60.259998,58.009998,58.060001,3564900,56.579273
"309",59.040001,59.400002,58.330002,59.209999,2418200,57.699944
"310",59.389999,59.400002,58.25,58.669998,2926400,57.17371
"311",58.91,59.450001,58.610001,58.759998,3049600,57.261414
"312",58.82,59.200001,58.689999,58.939999,4110800,57.436825
"313",58.709999,58.709999,55.869999,56.830002,5276500,55.380646
"314",57.080002,57.82,55.48,57.09,5666900,55.634014
"315",58.529999,64.080002,58.009998,62.82,18562300,61.217876
"316",63.459999,64.900002,62.68,64,6946200,62.367779
"317",63.139999,63.779999,60.360001,61.580002,7352200,60.009499
"318",61.669998,62.16,60.75,60.779999,3591000,59.229897
"319",61.610001,61.630001,59.75,60.09,5845800,58.557499
"320",59.529999,60.439999,58.040001,58.189999,4784200,56.705956
"321",58.490002,58.610001,56.5,56.75,6193300,55.302677
"322",56.869999,57.650002,55.900002,56.939999,6269900,55.487835
"323",57.23,57.919998,56.490002,57.130001,3304700,55.672981
"324",57.52,58.040001,57.27,57.529999,3201700,56.062782
"325",57.799999,58.490002,57.450001,57.639999,2629800,56.169979
"326",57.52,57.57,54.200001,55.619999,7194300,54.201496
"327",55.75,56.349998,54.41,54.619999,4402800,53.227009
"328",54.619999,55.150002,54.029999,54.459999,3127300,53.071083
"329",55.029999,55.490002,53.330002,53.470001,4777700,52.144634
"330",53.549999,53.970001,52.849998,53.91,4473600,52.573723
"331",54.580002,54.599998,53.02,54.290001,5479400,52.944305
"332",54.25,55.400002,54.18,54.849998,3341400,53.490421
"333",54.75,55.049999,52.860001,52.889999,4122000,51.579006
"334",52.810001,54.52,52.439999,53.91,5687100,52.573723
"335",53.84,54.290001,53.130001,53.25,3035700,51.930084
"336",53.259998,53.75,52.630001,53.630001,2570900,52.300667
"337",53.380001,54.900002,52.84,54.439999,3416200,53.09058
"338",54.599998,54.790001,54.02,54.330002,3863700,52.983311
"339",54.290001,54.689999,53.939999,54.43,2543900,53.080826
"340",54.52,54.77,53.029999,53.610001,2946800,52.281162
"341",53.91,54.540001,53.720001,54.189999,2421000,52.846786
"342",54.23,55.130001,54.18,54.290001,2029800,52.944305
"343",54.360001,54.720001,54.040001,54.290001,2627500,52.944305
"344",53.68,53.970001,50.869999,51.209999,5502400,49.940651
"345",51.110001,51.57,50,50.970001,6153300,49.7066
"346",50.98,51.639999,50.950001,51.299999,2533400,50.028419
"347",51.299999,52.380001,51.049999,52.029999,2516000,50.740322
"348",52.290001,53.02,51.990002,52.27,2469200,50.97438
"349",51.41,51.810001,50.740002,50.869999,4351900,49.60907
"350",50.360001,51.84,50.209999,51.75,3793600,50.467262
"351",51.720001,52.139999,50.939999,51.459999,2823400,50.184456
"352",51.740002,53.75,51.700001,53.389999,4303900,52.066616
"353",53.060001,54.18,52.970001,53.290001,3058900,51.969101
"354",53.470001,53.599998,52.389999,52.5,2381300,51.198677
"355",52.549999,52.669998,51.66,51.740002,3344800,50.457512
"356",52,52.060001,50.689999,51.619999,3821000,50.340488
"357",51.91,52.299999,51.619999,52.07,3156300,50.779324
"358",51.66,52.869999,51.66,52,3526200,50.711071
"359",51.860001,52.330002,50.799999,52.290001,2978700,50.993881
"360",52.400002,53.099998,52.07,52.439999,2472900,51.14016
"361",52.43,54.150002,52.34,54,3611200,52.661499
"362",54,54.470001,53.450001,53.700001,2857400,52.368931
"363",53.84,54.82,53.66,54.68,2473900,53.324638
"364",54.450001,54.450001,51.75,52.490002,5765800,51.188923
"365",52.439999,53.169998,52.099998,53.07,5309500,51.754543
"366",53,53.66,52.110001,52.82,5237400,51.510746
"367",52.389999,53.200001,51.630001,51.970001,4621900,50.681812
"368",51.599998,52.689999,51.580002,52.07,3675600,50.779324
"369",51.91,52.529999,51.119999,52.23,2646300,50.935371
"370",52.259998,52.450001,51.57,51.68,2089100,50.398994
"371",51.599998,51.720001,50.720001,51.200001,6717300,49.930901
"372",50.950001,51.060001,48.709999,49.220001,6268700,47.999969
"373",52.849998,53.869999,51.049999,51.610001,15700800,50.330734
"374",52.200001,52.240002,50.970001,51.259998,5202200,49.989407
"375",50.830002,52.16,50.77,52.040001,3493400,50.750076
"376",53.07,53.330002,52.450001,52.5,4336100,51.198677
"377",52,52.950001,51.610001,52.169998,2798600,50.876854
"378",52.459999,52.799999,52.080002,52.380001,1062500,51.081642
"379",52.790001,53.27,52.400002,53.119999,2553700,51.80331
"380",53.209999,54.380001,52.959999,53.689999,2982500,52.359177
"381",54.34,54.700001,54.09,54.630001,3830600,53.275879
"382",54.889999,55.220001,53.91,54.349998,4509900,53.002815
"383",53.950001,54.77,53.919998,53.970001,3393400,52.671001
"384",54.200001,54.380001,53.369999,53.779999,3156300,52.485577
"385",53.68,54.25,53.560001,54.060001,1374300,52.758835
"386",54,54.580002,53.459999,54.049999,2705700,52.749077
"387",54.049999,55.77,53.98,55.549999,3670400,54.212975
"388",54.919998,55.369999,54.240002,55.169998,2845400,53.842117
"389",55.130001,55.580002,54.740002,55.139999,3054800,53.81284
"390",55.060001,55.130001,54.189999,54.68,3604900,53.363911
"391",55,55.049999,54.060001,54.299999,3298100,52.993057
"392",54.209999,54.34,52.52,52.59,4230200,51.324219
"393",52.029999,52.389999,50.540001,51.349998,4684000,50.114071
"394",51.580002,52.59,51.09,52.529999,4648200,51.265659
"395",52.689999,53.200001,51.380001,52.110001,5910500,50.85577
"396",52.200001,52.439999,51.799999,51.880001,3535800,50.631306
"397",52.139999,52.450001,51.529999,52.27,2725100,51.011925
"398",52.439999,52.549999,51.509998,51.740002,2954400,50.494682
"399",51.43,51.610001,50.32,50.810001,4854100,49.587063
"400",50.939999,51.619999,50.75,51.48,2589800,50.240932
"401",51.450001,52.009998,50.84,51.759998,2038000,50.514194
"402",51.849998,53.080002,51.639999,53,1989200,51.724354
"403",53.189999,53.349998,52.790001,53.27,2518400,51.98785
"404",53.330002,53.98,53.080002,53.450001,2096800,52.163517
"405",52.959999,53.470001,52.07,53.380001,2841000,52.0952
"406",53.029999,53.060001,50.459999,50.779999,4111600,49.557781
"407",50.939999,51.490002,50.610001,50.990002,3508200,49.762733
"408",50.619999,50.689999,49.740002,50.23,3576900,49.021015
"409",50.43,51.009998,50.080002,50.48,2409100,49.264999
"410",50.369999,50.779999,50.049999,50.57,2387200,49.352837
"411",50.560001,51.52,50.560001,51.130001,2091700,49.899361
"412",52.369999,53.669998,52.290001,53.259998,4316800,51.978092
"413",53.16,53.220001,52.299999,52.529999,1503600,51.265659
"414",52.389999,52.5,51.459999,51.709999,1780300,50.465397
"415",51.740002,52.110001,51.5,51.549999,1395200,50.309258
"416",51.599998,52.720001,51.549999,52.419998,1632500,51.15831
"417",52.419998,52.779999,52.27,52.610001,2495500,51.343742
"418",52.57,53,51.990002,52.689999,2285500,51.421806
"419",52.43,52.709999,51.779999,51.84,1569700,50.59227
"420",51.889999,52.040001,51.419998,51.669998,1480800,50.426361
"421",51.630001,51.93,51.450001,51.720001,1643500,50.475163
"422",51.740002,52.82,51.400002,52.52,2357300,51.255898
"423",52.669998,53.299999,52.23,52.34,2074700,51.080238
"424",51.84,51.889999,50.439999,50.529999,2957800,49.313793
"425",50.77,51.240002,50.32,50.689999,3512500,49.469944
"426",50.5,51.709999,50.470001,51.169998,4194300,49.938396
"427",51.209999,52.360001,51.029999,52.220001,4670300,50.963123
"428",52.259998,52.619999,51.139999,52.349998,3833700,51.089989
"429",52.240002,52.790001,51.43,52.529999,2696200,51.265659
"430",52.490002,52.639999,51.080002,51.16,3215000,49.928635
"431",51.32,52.279999,51.279999,51.810001,4580100,50.562996
"432",51.779999,52.599998,51.240002,51.389999,2587500,50.153099
"433",51.48,51.720001,50.349998,50.720001,4529800,49.499233
"434",50.689999,50.720001,49.57,50.130001,7790100,48.923431
"435",49.900002,49.990002,48.98,49,3125200,47.820625
"436",49.240002,49.299999,48.709999,48.869999,3595900,47.693752
"437",49.189999,49.57,47.560001,47.900002,4420600,46.747101
"438",47.759998,47.830002,46.759998,47.080002,5048900,45.946842
"439",47.009998,47.389999,46.599998,46.689999,5220800,45.566227
"440",47,47.419998,46.779999,47.16,5014400,46.024914
"441",47.18,48,46.740002,46.77,8668400,45.644295
"442",46.450001,47.740002,45.369999,46.240002,11511500,45.127048
"443",45.970001,46,44.540001,44.689999,7254800,43.614357
"444",44.5,45.130001,43.66,44.779999,8970700,43.702202
"445",44.630001,45.619999,44.529999,45.439999,4320500,44.346317
"446",45.540001,45.810001,44.290001,44.310001,4575900,43.243504
"447",44.389999,44.98,43.700001,43.720001,4432100,42.667713
"448",43.599998,44.25,43.220001,43.310001,5462100,42.267582
"449",43.939999,43.990002,42.700001,43.150002,5791400,42.111431
"450",42.970001,43.439999,42.759998,43.040001,3332300,42.004078
"451",43.400002,44.310001,43.16,44.099998,4752000,43.038563
"452",43.23,43.360001,42.490002,43.080002,5362500,42.043118
"453",42.59,43.34,42.330002,42.419998,3375400,41.437469
"454",42.5,42.52,40.549999,40.830002,4890500,39.8843
"455",41.099998,41.209999,39.290001,39.369999,5022600,38.458118
"456",38.970001,41.369999,38.939999,40.700001,9307100,39.757309
"457",40.619999,41.779999,38.790001,38.84,6499700,37.940392
"458",39.389999,40.75,39.389999,40.189999,7605200,39.259117
"459",39.5,42.720001,39.34,41.790001,11803900,40.822063
"460",42.66,42.950001,40.59,41.009998,5597900,40.060135
"461",40.91,43.110001,40.369999,43.040001,10655800,42.043118
"462",43.529999,43.689999,42.380001,42.98,7744400,41.984505
"463",43.049999,44.73,42.689999,44.040001,7611600,43.019947
"464",44.52,44.560001,42.66,43.279999,3910800,42.277554
"465",43.23,44.419998,43.060001,44.389999,3745100,43.361855
"466",44.490002,44.540001,43.790001,43.98,2607500,42.961342
"467",44.450001,44.48,42.290001,42.970001,4373500,41.974735
"468",41.470001,42.709999,40.900002,41.900002,6354500,40.929516
"469",41.73,42.560001,41.560001,41.900002,4539000,40.929516
"470",41.41,42.040001,40.57,40.68,4007500,39.737778
"471",40.849998,41.810001,40.849998,41.259998,3961000,40.304344
"472",41.700001,42.299999,41.09,41.610001,4400700,40.646229
"473",40.549999,40.950001,38.23,39.529999,8985300,38.61441
"474",39.470001,41.27,39.43,41.049999,5252900,40.099201
"475",40.990002,41.790001,40.23,41.470001,5034100,40.509476
"476",40.889999,42.349998,40.82,42.139999,6735700,41.163963
"477",42.299999,43.25,41.799999,42.779999,3967800,41.789135
"478",42.5,43.169998,42.380001,42.740002,1146800,41.750057
"479",43.130001,43.380001,42.439999,42.84,2649300,41.847748
"480",42.540001,43.299999,42.529999,42.869999,2237000,41.877056
"481",43.009998,44.060001,41.529999,43.880001,4875100,42.863659
"482",43.73,44.099998,42.939999,43.040001,3156700,42.043118
"483",43.119999,43.349998,42.43,42.73,4133400,41.740299
"484",43.450001,43.720001,42.349998,43.610001,4365400,42.599911
"485",42.689999,43.09,40.990002,41.130001,6045100,40.177361
"486",40.57,42.459999,40.369999,42.459999,5776700,41.476547
"487",42.610001,43.849998,41.990002,42,3642600,41.027203
"488",42.060001,42.849998,40.889999,41.119999,2984400,40.167587
"489",41.689999,41.889999,40.450001,40.470001,2823200,39.532642
"490",40.93,41.91,40.52,41.18,5072300,40.226192
"491",41.169998,41.560001,40.689999,40.91,4434400,39.962448
"492",40.369999,41.43,40.009998,40.209999,2370700,39.27866
"493",40.110001,40.849998,39.84,40.02,4409400,39.093063
"494",40.43,41.799999,39.939999,41.009998,5134100,40.060135
"495",41.110001,42.900002,40.93,41.029999,5974000,40.07967
"496",40.709999,41.52,40.41,40.880001,5516400,39.933144
"497",40.529999,41.200001,38.860001,38.959999,7071000,38.05761
"498",38.75,38.919998,37.509998,38.060001,2414600,37.178463
"499",38.32,39.459999,37.290001,39.459999,3971600,38.546032
"500",38.779999,39.740002,38.16,39.5,3391000,38.585098
"501",39.57,40.32,38.869999,39.43,2590600,38.516727
"502",39.599998,39.959999,38.279999,39.150002,2794500,38.243217
"503",38.560001,40.360001,38.43,39.959999,5027100,39.034454
"504",39.709999,40.299999,39.209999,39.549999,2736100,38.633949
"505",40.080002,41.32,39.959999,41.209999,4535100,40.255497
"506",41.650002,43.150002,41.169998,42.380001,6124800,41.398399
"507",42.740002,43.150002,41.84,42.889999,6697600,41.896591
"508",43.900002,47.18,42.66,46.290001,13891700,45.217838
"509",46.009998,46.150002,44.75,45.169998,5567700,44.123775
"510",45.169998,47.209999,45.009998,46.41,5395100,45.335056
"511",46,46.389999,45.119999,45.200001,3667300,44.15308
"512",45.040001,46.25,45.040001,45.880001,2940900,44.817333
"513",45.889999,46.25,45.16,45.360001,3418600,44.30938
"514",44.810001,45.330002,44.380001,44.779999,3512800,43.742817
"515",45.09,45.220001,44.049999,44.099998,3588100,43.07856
"516",43.700001,44.259998,43.209999,43.509998,3069900,42.50222
"517",43.66,44.41,43.220001,43.66,2849900,42.648758
"518",43.759998,44.970001,43.490002,44.869999,3707000,43.870922
"519",45.32,46.43,44.009998,44.560001,4711000,43.567825
"520",44.330002,45.369999,44.119999,44.52,3052000,43.528713
"521",44.16,46.09,43.259998,45.950001,5034400,44.926868
"522",46.23,46.41,44.880001,46.400002,4562900,45.366863
"523",46.5,47.959999,45.939999,47.419998,5238100,46.36414
"524",47.32,48.470001,47.02,47.150002,3369900,46.100155
"525",46.799999,47.23,46.099998,46.68,2045500,45.640625
"526",46.650002,47.029999,46.299999,46.91,3043200,45.865505
"527",46.720001,46.919998,45.939999,46.080002,2157100,45.053982
"528",45.900002,46.669998,45.48,46.189999,2626100,45.161526
"529",45.830002,46.139999,45.459999,46.029999,2049800,45.005096
"530",46.060001,46.07,45.560001,45.990002,1855600,44.965984
"531",46.259998,48.799999,46.259998,48.610001,4939400,47.527645
"532",48.700001,48.970001,47.82,48.169998,4625200,47.097443
"533",47.740002,48.369999,47.220001,48.240002,3371200,47.165886
"534",48.619999,49.209999,48.439999,48.900002,3598100,47.811192
"535",48.869999,49.84,48.52,49.380001,3157500,48.280499
"536",49.380001,49.759998,48.650002,48.950001,3681200,47.860081
"537",48.189999,49.330002,48.169998,49.220001,3664600,48.124065
"538",49.43,50.310001,49.009998,50.25,4557500,49.131134
"539",50.48,50.5,49.509998,49.639999,3130100,48.534714
"540",49.23,49.93,48.84,49.459999,2793500,48.358715
"541",49.52,49.66,48.25,48.84,3481300,47.752529
"542",48.41,48.709999,47.799999,47.98,4342700,46.911674
"543",48.34,48.52,46.169998,47.029999,4968800,45.982826
"544",47.209999,48.330002,47.209999,47.599998,3204300,46.540138
"545",47.599998,47.889999,46.119999,46.130001,3148900,45.102871
"546",46.009998,46.59,45.869999,45.900002,3311100,44.877991
"547",46.040001,47.73,45.82,47.549999,5508700,46.491249
"548",47.389999,48.389999,46.939999,47.73,3724100,46.66724
"549",47.73,48.509998,47.73,48.509998,2577600,47.429867
"550",48.59,48.700001,48.080002,48.560001,2266800,47.478767
"551",48.68,48.91,47.959999,48.07,2815600,46.999668
"552",48.060001,48.27,47.43,48.02,2746200,46.950783
"553",48.150002,48.580002,47.619999,47.73,3670800,46.66724
"554",47.82,48.060001,47.27,47.860001,2415600,46.794342
"555",47.91,48.220001,46.450001,46.59,2700000,45.552628
"556",46.509998,46.73,44.84,46.220001,4922300,45.190857
"557",46.34,47.830002,46.25,47.57,3970000,46.510799
"558",47.43,48.400002,47.09,47.84,4353800,46.774796
"559",47.919998,49.799999,47.740002,49.549999,6248200,48.446716
"560",49.560001,49.82,48.73,49.709999,6430400,48.603157
"561",51,53.279999,50.439999,51.669998,11146900,50.519512
"562",51.389999,51.610001,49.740002,49.759998,6158400,48.652042
"563",49.75,50.41,49,49.09,4429400,47.996956
"564",48.939999,49.439999,48.130001,48.91,4868700,47.820965
"565",48.700001,48.939999,48.049999,48.860001,4264900,47.772079
"566",49.169998,50.189999,48.799999,49.810001,3871900,48.700932
"567",49.759998,50.869999,49.740002,50.689999,4140200,49.561329
"568",51.220001,51.77,51,51.68,3567500,50.529282
"569",51.540001,51.919998,51.09,51.299999,2291200,50.157749
"570",51.009998,51.200001,50.139999,50.23,3515800,49.111568
"571",50.470001,51.200001,50.369999,50.84,2660600,49.707993
"572",50.869999,51.360001,50.740002,51.299999,2747100,50.157749
"573",51.610001,51.82,50.860001,50.970001,3742800,49.835094
"574",51.139999,51.349998,50.669998,51.139999,2503100,50.001312
"575",51.400002,51.540001,51.02,51.400002,2037600,50.255524
"576",51.150002,52.040001,50.950001,51.91,2772500,50.754169
"577",51.860001,53.09,51.82,52.91,2888500,51.731903
"578",52.68,52.799999,51.830002,52.09,2315400,50.930161
"579",52.380001,53.18,52.139999,52.459999,2658200,51.331337
"580",52.57,53.099998,52.259998,52.630001,2572700,51.497681
"581",51.57,52.110001,50.48,51.560001,3095300,50.450706
"582",51.630001,52.119999,51.369999,52.029999,2192200,50.910591
"583",52.009998,52.369999,51.709999,52.16,2704100,51.037796
"584",51.98,52.25,51.740002,52.029999,3170600,50.910591
"585",52.369999,53.41,51.98,52.049999,2933900,50.930153
"586",52.189999,53.009998,51.790001,52.360001,2173100,51.233494
"587",52.709999,52.82,51.810001,52.23,2136600,51.106289
"588",51.77,52.040001,51.310001,51.849998,3424100,50.734459
"589",51.669998,51.950001,51.32,51.75,2907800,50.63662
"590",51.75,51.93,51.07,51.130001,1978600,50.029957
"591",50.939999,51.799999,50.740002,51.779999,1266400,50.665958
"592",51.759998,52.099998,51.139999,51.860001,1379200,50.744251
"593",51.369999,51.599998,50.759998,51.470001,2198800,50.36264
"594",51.43,53.290001,51.169998,52.75,2648300,51.615105
"595",52.610001,52.98,52.27,52.919998,1946100,51.781445
"596",53.259998,54.5,53.150002,53.66,2680500,52.50552
"597",53.09,54.099998,53.040001,53.130001,2021100,51.986927
"598",53,53.27,51.720001,51.810001,2513300,50.695324
"599",51.939999,52.650002,51.810001,52.290001,2382800,51.164993
"600",51.310001,52.549999,51.25,51.759998,1922400,50.646393
"601",51.610001,52.16,50.990002,51.080002,2636200,49.98103
"602",51.400002,51.91,51.240002,51.91,1342900,50.793175
"603",52.029999,52.150002,51.290001,51.310001,2361000,50.206081
"604",51.34,51.84,50.23,50.549999,2910400,49.462429
"605",50.490002,51.049999,49.689999,50.310001,2417800,49.2276
"606",49.93,50.169998,49.130001,49.66,2744500,48.591579
"607",49.540001,50.970001,49.48,50.400002,3383000,49.315659
"608",50.860001,51.619999,50.540001,51.400002,3782100,50.294144
"609",51.810001,52.27,51.16,52.130001,2958000,51.008446
"610",52.310001,53.400002,52.080002,52.68,2884300,51.546608
"611",52.91,53.73,52.880001,53.360001,1610300,52.211983
"612",53.419998,53.860001,52.32,52.779999,1772700,51.644451
"613",53.02,53.02,51.779999,52.27,1454200,51.145428
"614",52.150002,53.07,52.029999,52.09,1746600,50.969299
"615",53.139999,53.639999,52.73,53.080002,1774700,51.938004
"616",52.950001,53.869999,52.82,53.549999,1900100,52.397877
"617",53.599998,53.66,52.25,53.009998,2029900,51.869507
"618",52.889999,53.52,51.860001,52.490002,2492000,51.360691
"619",52.240002,52.43,50.369999,52.09,3733000,50.969299
"620",52.720001,52.970001,52.009998,52.73,2435400,51.595528
"621",52.630001,52.66,51.279999,51.349998,3376400,50.245224
"622",51.549999,52.130001,50.950001,51.41,3086000,50.30394
"623",53,53.25,47.75,48.220001,15278900,47.18256
"624",47.75,48.439999,47.09,47.549999,5951000,46.526978
"625",48.139999,48.52,47.07,48.43,4886400,47.388046
"626",48.330002,49.310001,48.279999,48.459999,4156900,47.417397
"627",48.970001,49.25,47.439999,48.080002,3760000,47.04557
"628",48,48.639999,47.68,48.549999,3381600,47.505463
"629",48.529999,49.259998,48.34,49.220001,1610100,48.161049
"630",48.740002,49,47.91,48.279999,2754900,47.241268
"631",48.209999,48.619999,47.84,48.27,2670400,47.231491
"632",48.07,48.130001,47.240002,47.369999,4096200,46.350842
"633",48.290001,48.779999,47.549999,48.419998,3765800,47.418297
"634",48.669998,48.669998,47.189999,47.639999,3382600,46.654434
"635",47.639999,48.400002,47.639999,47.799999,2844700,46.811127
"636",47.849998,48.099998,47.150002,47.299999,2198300,46.321465
"637",47.189999,47.93,47.049999,47.77,2547600,46.781746
"638",47.950001,48.09,46.82,46.830002,2921900,45.861198
"639",46.889999,47.139999,46.400002,46.759998,3318200,45.792633
"640",46.91,47.119999,46.259998,46.27,2581100,45.312775
"641",46.529999,46.709999,45.869999,46,2215400,45.048363
"642",45.990002,46.25,45.52,45.860001,5000300,44.911263
"643",45.84,46.84,45.560001,46.77,3120300,45.802433
"644",47.169998,47.810001,47.060001,47.759998,3508000,46.771946
"645",47.759998,48.27,47.470001,47.630001,3002000,46.644646
"646",47.650002,48.099998,47.18,47.98,3823300,46.9874
"647",47.93,49.080002,47.720001,48.450001,4149600,47.447681
"648",48.43,48.639999,47.09,47.57,2865800,46.585884
"649",47.790001,49.330002,47.529999,48.5,4097100,47.496639
"650",48.41,48.529999,47.490002,47.98,2461700,46.9874
"651",47.41,47.830002,47.009998,47.529999,3265200,46.546707
"652",47.529999,48.400002,47.389999,48.189999,4024400,47.193054
"653",47.580002,49.970001,47.41,49.860001,6245600,48.82851
"654",49.860001,50.93,49.860001,50.860001,3170600,49.807823
"655",50.66,50.799999,49.75,50.009998,2712400,48.975399
"656",49.799999,50.09,48.900002,49.259998,3142600,48.240917
"657",49.139999,50.400002,49.139999,50.279999,3164900,49.239815
"658",49.810001,50.060001,48.779999,49.41,4939400,48.387825
"659",49.419998,49.580002,48.450001,48.509998,3639300,47.506432
"660",48.860001,49.389999,47.98,49.25,4478500,48.231129
"661",49.75,50.279999,49.330002,50.029999,3975600,48.994987
"662",50.110001,51.16,49.98,50.950001,2446700,49.895958
"663",51.25,51.740002,50.75,51.560001,3354800,50.493347
"664",51.540001,52.150002,51.029999,52,1844900,50.924236
"665",52.279999,52.720001,51.060001,51.209999,3539900,50.150578
"666",51.290001,51.57,50.73,51.040001,1702000,49.984093
"667",51.389999,51.389999,50.310001,50.5,3033700,49.455269
"668",50.32,50.650002,49.549999,50.41,2886500,49.367126
"669",50.889999,51.630001,50.509998,51.209999,2906700,50.150578
"670",51.189999,51.43,50.310001,51,2614400,49.944931
"671",50.709999,51.400002,50.52,51.169998,2227600,50.111408
"672",51.259998,52.259998,51.07,51.990002,1329800,50.914444
"673",52.5,52.5,51.209999,51.689999,2328500,50.620651
"674",51.939999,52.470001,51.810001,52,1612400,50.924236
"675",52.139999,53.259998,52.02,52.439999,2927600,51.355133
"676",52.490002,53.299999,52.130001,53.299999,2347000,52.197342
"677",53.490002,54.349998,53.130001,54,2769300,52.882862
"678",54.580002,54.98,53.950001,54.580002,3173900,53.450867
"679",54.849998,55,53.34,53.619999,5066300,52.510719
"680",53.52,54.07,53.240002,53.34,4264400,52.236515
"681",53.34,53.68,52.990002,53.099998,2691800,52.001476
"682",52.5,54.220001,52.43,54.150002,3806700,53.029758
"683",54.400002,54.490002,53.700001,53.790001,1541400,52.677204
"684",53.939999,54.540001,53.77,54.099998,2569700,52.980785
"685",54.009998,55.209999,53.830002,54.889999,2944400,53.754448
"686",54.939999,56.049999,54.700001,55.200001,3056800,54.058037
"687",55.950001,55.990002,54.970001,55.560001,3877900,54.410583
"688",55.919998,55.959999,55.09,55.57,2360400,54.420387
"689",55.75,55.77,54.619999,54.720001,2347600,53.587971
"690",54.93,56.139999,54.759998,55.849998,3617300,54.694584
"691",55.990002,56.189999,55.279999,55.720001,4122100,54.56728
"692",56.439999,57.919998,54.950001,57.82,13245100,56.623829
"693",57.970001,59.25,57.66,58.509998,7304300,57.299557
"694",58.540001,59.720001,58.32,59.490002,4555200,58.259293
"695",59.209999,59.700001,58.91,59.330002,3473200,58.102596
"696",59.110001,59.98,58.880001,59.139999,2878300,57.916527
"697",59.299999,59.73,58.939999,59.02,2332800,57.799011
"698",59,59.220001,58.130001,58.849998,3472700,57.632519
"699",59.25,59.43,58.470001,58.52,3819300,57.309353
"700",58.549999,59.23,58.470001,58.98,2579900,57.759834
"701",59.349998,59.75,59.009998,59.73,3327300,58.49432
"702",59.82,61.189999,59.610001,61.169998,3148900,59.90453
"703",61.360001,61.75,60.720001,61.049999,3090900,59.826134
"704",61.23,61.720001,60.900002,61.709999,4064100,60.4729
"705",61.880001,62.419998,60.860001,61.02,4603200,59.796734
"706",61.41,62.060001,60.860001,61.610001,3220500,60.374908
"707",61.610001,61.919998,61.119999,61.669998,2719700,60.433704
"708",61.630001,62.09,61.220001,61.970001,2294700,60.727688
"709",62.09,62.630001,61.66,61.810001,1497200,60.5709
"710",61.73,61.990002,60.119999,60.27,4796100,59.061771
"711",60.209999,61.209999,59.459999,59.470001,4225200,58.277813
"712",59.450001,60.209999,58.07,60.189999,4376200,58.983368
"713",60.25,60.610001,59.360001,59.599998,2156700,58.405197
"714",60,61.07,59.900002,60.880001,3125800,59.659538
"715",61,61.07,59.02,59.310001,3574800,58.121014
"716",59.169998,59.349998,57.830002,58.360001,4625100,57.190063
"717",58.439999,59.220001,58.189999,59.220001,2834900,58.032822
"718",59.200001,59.279999,57.080002,57.290001,5974400,56.141506
"719",57.27,57.939999,57.150002,57.799999,2721000,56.641285
"720",57.959999,59.119999,57.880001,58.970001,1937400,57.78783
"721",59.310001,60.09,57.549999,58.52,3570100,57.346851
"722",58.400002,59.52,58.360001,59.310001,1820100,58.121014
"723",59.07,59.869999,58.98,59.740002,2688200,58.542397
"724",60.34,60.369999,59.209999,59.349998,2901700,58.160213
"725",59.540001,60.580002,59.450001,60.040001,2412300,58.836384
"726",60.060001,60.470001,59.360001,59.639999,1668800,58.444401
"727",59.630001,60.279999,59.369999,59.73,2085000,58.532593
"728",59.709999,60.330002,58.849998,59.099998,1596800,57.915218
"729",59.27,59.470001,58.529999,58.779999,2326900,57.601639
"730",58.970001,59.740002,58.939999,59.43,2759900,58.238609
"731",59.509998,60.48,59.18,60.450001,2753600,59.238167
"732",60.41,60.689999,59.650002,59.75,2676700,58.552193
"733",59.779999,60.029999,59.470001,59.650002,1098700,58.454201
"734",59.599998,59.619999,58.290001,58.860001,1806800,57.680038
"735",58.360001,58.950001,58.110001,58.93,2533400,57.748634
"736",58.790001,59.360001,58.279999,58.830002,3308700,57.650635
"737",58.77,59.950001,58.639999,59.799999,2573100,58.601189
"738",60.23,60.27,58.639999,58.75,2946100,57.572243
"739",59.02,59.709999,58.849998,59.400002,2035500,58.209217
"740",59.220001,59.470001,58.630001,59.130001,1779200,57.944622
"741",59.060001,59.759998,58.959999,59.720001,1580500,58.522797
"742",59.66,59.830002,58.040001,58.060001,2732100,56.896076
"743",57.830002,58.68,57.73,58.299999,3057700,57.131264
"744",58.310001,58.619999,57.439999,58.110001,2994500,56.945072
"745",57.75,58.09,56.919998,57.209999,3794600,56.063114
"746",57.459999,57.490002,56.150002,56.240002,4187000,55.11256
"747",56.139999,56.43,55.099998,55.240002,4809200,54.132607
"748",55.220001,56.73,55.139999,56.639999,5503300,55.504539
"749",56.639999,56.880001,55.529999,55.639999,2442400,54.52459
"750",55.75,56.799999,55.75,56.790001,1153700,55.651535
"751",56.700001,56.91,55.869999,56.02,2763200,54.896973
"752",56.279999,56.389999,55.880001,56,3243200,54.877365
"753",55.75,55.990002,55.209999,55.740002,5508100,54.622589
"754",55.470001,56.029999,55.439999,55.790001,2428200,54.671581
"755",56.07,56.169998,55.310001,55.810001,3149200,54.691177
"756",55.639999,56.75,55.5,56.470001,2623600,55.337952
"757",56.68,58.369999,56.540001,58.049999,6703400,56.886272
"758",58.09,58.330002,56.799999,57.139999,5102700,55.994522
"759",58.68,60.240002,57.57,57.59,9236900,56.435497
"760",58.119999,59.119999,57.16,57.689999,5389800,56.533489
"761",57.689999,59.82,57.509998,59.720001,5209200,58.522797
"762",59.630001,60.599998,59.630001,60.549999,4075900,59.336159
"763",60.25,61.66,60.25,61.630001,3145700,60.394508
"764",61.75,63.080002,61.630001,62.790001,3479900,61.53125
"765",62.950001,63.330002,62.169998,63.189999,2571900,61.923225
"766",63.779999,64.040001,62.98,63.09,3610400,61.825241
"767",63.150002,65,63.150002,64.940002,3668600,63.638161
"768",65.25,66.279999,64.940002,65.769997,3135000,64.451508
"769",65.690002,67.870003,65.529999,67.269997,5182200,66.046967
"770",67.190002,68.040001,66.559998,66.639999,5237700,65.428421
"771",66.169998,67.730003,66,67.290001,3870500,66.066605
"772",67.940002,68.589996,67.400002,67.779999,4640000,66.547691
"773",67.949997,68.290001,66.82,67.779999,2716900,66.547691
"774",67.75,68.139999,66.809998,67.260002,2840300,66.037155
"775",67.260002,67.650002,66.25,66.360001,2857200,65.153519
"776",66.510002,67.190002,66.150002,66.660004,2105700,65.448059
"777",66.870003,67,65.57,65.620003,2571500,64.426956
"778",65.559998,68.050003,65.440002,67.959999,2988400,66.724419
"779",68.120003,68.690002,67.739998,68.150002,2529100,66.91098
"780",68.300003,69.449997,68.260002,68.989998,2164300,67.735695
"781",69.110001,70.199997,69.089996,70.080002,2318400,68.805878
"782",70.57,71.230003,70.389999,71.220001,2624000,69.925156
"783",70.919998,70.989998,69.900002,70.360001,3048000,69.080788
"784",70.300003,70.459999,69.650002,69.760002,2681100,68.491707
"785",69.919998,70.540001,69.220001,70.349998,1481700,69.070961
"786",70.459999,71.190002,69.860001,70.120003,2340600,68.845154
"787",70.68,70.949997,70.18,70.440002,1416000,69.159325
"788",70.610001,71.230003,69.879997,71.029999,1364300,69.738609
"789",70.93,71.379997,70.519997,70.650002,1492600,69.365517
"790",69.809998,70.389999,69.07,69.160004,2024300,67.902618
"791",69.339996,69.360001,66.18,66.449997,2968200,65.241875
"792",65.470001,66.889999,64.660004,64.82,3332900,63.64151
"793",63.93,65.470001,62.689999,62.990002,3335700,61.84478
"794",61.599998,61.779999,59.02,60.34,4983300,59.242962
"795",60.77,62.689999,59.830002,62.619999,4723400,61.48151
"796",63.139999,66.18,62.43,64.239998,5896200,63.072056
"797",65.269997,67.120003,64.370003,66.639999,5618700,65.428421
"798",65.18,66.410004,64.470001,64.699997,3075200,63.523685
"799",62.459999,63.790001,61,62.549999,4216500,61.412781
"800",58.189999,58.439999,55.349998,55.349998,5493700,54.343678
"801",57.77,59.529999,55.080002,59.349998,4895900,58.270962
"802",57.060001,57.830002,53.380001,53.41,4744200,52.438957
"803",50,50.02,43.740002,46.419998,7555300,45.576035
"804",49.34,49.540001,42.169998,45.68,6877000,44.849495
"805",39.099998,40,36.48,36.720001,9013300,36.052399
"806",37.189999,37.66,31.76,34.970001,8052200,34.334209
"807",32.209999,32.380001,25.42,30.92,8609700,30.357845
"808",29.99,35.5,28.889999,31.610001,8410500,31.035301
"809",32.259998,35.09,30.27,34.080002,8364300,33.460392
"810",31.75,32.77,28.209999,29.35,7287300,28.816387
"811",32.450001,35.790001,31.18,35.599998,5752200,34.952755
"812",36.52,41.939999,35.5,40.709999,6022700,39.96986
"813",41.75,42.869999,40.32,42.419998,4935600,41.648758
"814",40.34,42.220001,39.220001,40.259998,4115400,39.52803
"815",40.549999,40.700001,38.07,39.959999,3708900,39.23349
"816",40.369999,40.439999,37.66,38.200001,4594000,37.505486
"817",36.330002,37.07,34.41,34.73,4097300,34.098576
"818",34.139999,35.529999,32.41,33.419998,4270100,32.812389
"819",33.419998,33.869999,32.41,33.389999,3226600,32.782936
"820",36.459999,39.709999,35.689999,39.220001,4670700,38.506947
"821",42,42.939999,39.060001,39.259998,4413000,38.546211
"822",40.139999,43.75,39.560001,43.360001,4175100,42.571674
"823",45.099998,47.830002,44,44.799999,5443400,43.985493
"824",44.150002,44.150002,40.84,41.349998,3548900,40.598213
"825",43.639999,44.02,42.209999,43.02,2833500,42.237858
"826",41,41.240002,39.209999,39.82,3124300,39.096031
"827",40.5,41.150002,39.529999,40.900002,3686700,40.156395
"828",43.48,44.25,41.669998,42.93,3595500,42.14949
"829",41.380001,41.740002,39.57,39.98,2923300,39.367752
"830",39,40.459999,38.509998,40.150002,2744100,39.535149
"831",41.389999,41.619999,40.450001,41.060001,2541700,40.431217
"832",41.439999,42.82,40.389999,41.25,2563800,40.618298
"833",41.490002,43.48,41.400002,42.880001,2903000,42.223343
"834",43.450001,45.650002,42.98,45.360001,3224200,44.665367
"835",48.220001,49.779999,47.619999,49.52,4669000,48.761654
"836",51.5,53.310001,51.209999,53.240002,4041000,52.42469
"837",51.75,51.900002,49.369999,50.07,5163300,49.303238
"838",48.369999,49.669998,47.810001,49.459999,3114600,48.702572
"839",48.619999,49.799999,48,49.419998,2815400,48.663189
"840",50.349998,51.970001,50.290001,51.110001,3169200,50.327305
"841",51.07,51.73,49.82,51.07,3075900,50.287926
"842",51.860001,52.599998,50.279999,50.84,2869200,50.061447
"843",52.09,54.43,51.189999,54.009998,2615500,53.182896
"844",52.68,53.810001,52.110001,53,2850900,52.188366
"845",52.459999,53.119999,50.869999,50.880001,2943100,50.10083
"846",50.419998,50.759998,48.139999,48.919998,3839600,48.170841
"847",47.360001,48.880001,46.099998,48.75,3584300,48.003452
"848",48.18,51.110001,47.66,50.639999,2599700,49.864506
"849",53.41,57.27,53.299999,56.599998,3710600,55.733234
"850",55.790001,60.099998,55.77,58.43,5052200,57.53521
"851",59.529999,59.970001,56.23,57.549999,3851800,56.66869
"852",57.32,59.849998,57.099998,59,2469600,58.096481
"853",59.439999,60.459999,58.509998,60.09,2287700,59.169792
"854",62.709999,63.5,60.57,61.77,4557900,60.824066
"855",63.639999,65.220001,62.029999,64.989998,3448100,63.994751
"856",65.690002,65.900002,59.740002,60.189999,5152600,59.268257
"857",59.759998,62.040001,59.290001,60.459999,4281200,59.534122
"858",60.900002,62.330002,59.639999,60.139999,3854400,59.219028
"859",60.919998,60.970001,59.23,60.209999,3824300,59.287956
"860",61.330002,63.790001,60.790001,63.470001,4515200,62.498032
"861",62.939999,63.849998,60.279999,61.080002,4026200,60.14463
"862",63.75,64.730003,61.330002,63.709999,4297900,62.734352
"863",63.509998,65.480003,61.959999,62.66,2701500,61.700432
"864",61.509998,62.82,60.830002,62.209999,3368600,61.25732
"865",61.990002,64.129997,60.549999,62.48,4438600,61.52319
"866",59.040001,61,57.16,57.220001,4548000,56.343742
"867",60.130001,61.799999,58.349998,59.25,5827600,58.342659
"868",57.360001,63.66,57.09,63.5,6053000,62.527569
"869",64.459999,65.690002,62.099998,63.939999,8412800,62.960831
"870",64.949997,65.269997,63.060001,63.459999,3553600,62.488182
"871",62.720001,63.369999,61.639999,61.900002,3069500,60.952072
"872",63.380001,63.380001,59.93,60.18,5322100,59.258411
"873",60.310001,61.380001,59.25,61.18,2956800,60.243095
"874",61.860001,62.110001,60.43,61.189999,3174800,60.252941
"875",60.41,60.439999,57.459999,59.040001,4328800,58.135868
"876",57.650002,59.830002,57.130001,59.759998,4320800,58.844849
"877",59.360001,59.439999,58.009998,59,5521300,58.096481
"878",59.259998,61,57.889999,60.950001,2528800,60.016624
"879",61.16,61.919998,60.119999,61.619999,2518200,60.676357
"880",61.57,61.919998,59.299999,59.779999,2959300,58.864536
"881",61.290001,61.470001,59.709999,60.169998,2887500,59.248566
"882",61.32,62.169998,60.93,61.939999,2232800,60.991459
"883",61.439999,63.439999,61.200001,62.169998,3348700,61.21793
"884",63.009998,65.870003,62.669998,65.550003,4385200,64.546181
"885",65.550003,65.760002,63.02,63.25,3431100,62.400391
"886",63.509998,65.970001,63.459999,65.260002,3685300,64.383377
"887",65.25,66.309998,62.32,62.560001,4195200,61.719658
"888",62.349998,66.330002,62.240002,66.290001,3796300,65.399559
"889",67.970001,68.870003,66.660004,68.32,4094700,67.402283
"890",67.860001,70.050003,67.610001,69.809998,3525600,68.872269
"891",70.620003,71.68,69.25,69.599998,3569700,68.6651
"892",69.120003,69.25,67.860001,68.849998,2088500,67.925163
"893",69.019997,69.440002,67.370003,68.349998,3058600,67.431885
"894",68.32,71.190002,68.239998,70.93,2921000,69.977226
"895",71.830002,73.75,69,70.080002,3769000,69.138649
"896",69.870003,70.389999,68.449997,69.790001,2245700,68.852539
"897",70.309998,73.120003,69.93,73.029999,3440600,72.049011
"898",73.550003,74.32,70.220001,70.379997,3624400,69.434616
"899",70.790001,72.940002,70.730003,72.68,2398900,71.70372
"900",71.260002,73.059998,71.129997,72.279999,1720300,71.309082
"901",72.379997,72.489998,70.809998,72.349998,1840800,71.378159
"902",72.860001,73.800003,72.260002,73.599998,1942400,72.611366
"903",73.199997,73.93,72.510002,72.730003,1587900,71.753059
"904",73.169998,74.050003,72.410004,73.559998,1372800,72.571899
"905",73.800003,74.349998,73.059998,73.290001,1516600,72.305527
"906",72.980003,73.410004,71.93,73.239998,1765300,72.256203
"907",73.419998,76.690002,73.360001,74.5,3076200,73.499275
"908",75.18,75.470001,73.330002,73.57,2679200,72.581772
"909",74.290001,74.419998,73.279999,74.290001,2873600,73.292099
"910",73.970001,75.029999,73.470001,74.580002,1526100,73.578209
"911",74.099998,74.639999,73.75,74.25,1207500,73.252632
"912",75,77.519997,74.57,77.07,3183300,76.03476
"913",78.459999,78.589996,77.029999,77.169998,2991400,76.1334
"914",76.849998,77.279999,76.139999,76.809998,1712400,75.778244
"915",76.120003,78.150002,75.610001,76.940002,1448000,75.906494
"916",76.849998,79.639999,76.25,79.360001,3400900,78.293999
"917",80,80,78.110001,78.75,1737000,77.692184
"918",79.269997,79.269997,77.220001,77.980003,1726200,76.932533
"919",78.389999,78.919998,77.120003,77.150002,1598000,76.113678
"920",77.519997,78.279999,75.760002,75.800003,1990500,74.781807
"921",76.089996,77.360001,75.650002,75.93,1662300,74.910072
"922",75.519997,75.970001,74.220001,74.82,2043000,73.81498
"923",74.900002,78.169998,74.309998,78.129997,2331700,77.080505
"924",78.510002,78.739998,76.360001,78.370003,2506800,77.317299
"925",77.879997,78.220001,73.800003,75.309998,2518400,74.298393
"926",75.730003,76.489998,71.339996,73.620003,2120100,72.631096
"927",72,75.099998,71.779999,73.370003,2092700,72.38446
"928",74.309998,76.349998,73.5,75.790001,1761300,74.771942
"929",76.330002,77.360001,74.93,75.5,1549600,74.485847
"930",76.599998,77.910004,76.25,77.480003,2562600,76.439255
"931",79.459999,79.470001,77.519997,79,5171300,77.938828
"932",75.550003,79.360001,74.650002,75.900002,7432400,74.880478
"933",77.440002,79.839996,77.110001,78.889999,5035700,77.830307
"934",78.599998,79.279999,77.269997,78.139999,3218100,77.090378
"935",78.029999,79.879997,77.760002,79.18,5293100,78.116409
"936",77.379997,78.099998,74.75,76.75,2794400,75.719055
"937",77.150002,80.059998,76.459999,79.849998,2805000,78.777412
"938",80,80.059998,76.120003,76.279999,2993200,75.255363
"939",76.339996,79.089996,75.209999,77.540001,2584800,76.498451
"940",76.510002,77.68,75.830002,76.699997,2454900,75.669724
"941",78.190002,79.739998,77.279999,79.639999,2282800,78.570229
"942",79.629997,80.339996,78.410004,78.970001,2198500,77.909233
"943",79.25,82.720001,79.129997,81.68,4661300,80.582825
"944",82.459999,83.199997,81.300003,82.93,3298800,81.816032
"945",81.099998,84.190002,80.800003,83.860001,2321000,82.733543
"946",84.349998,85.57,80.82,83.010002,2828700,81.894966
"947",83.410004,83.690002,80.019997,80.660004,2534900,79.576538
"948",81.839996,82.349998,79.720001,80.43,2742400,79.349625
"949",81.349998,84.040001,81.349998,84.010002,2375000,82.881538
"950",84.610001,85.160004,83.379997,84.07,2090200,82.940712
"951",84.449997,84.57,83,83.949997,1473700,82.822342
"952",83.099998,83.809998,81.720001,83.029999,1371300,81.914696
"953",83.25,83.760002,82.300003,83.32,1527000,82.200798
"954",81.900002,84.879997,81.75,84.68,1828100,83.793953
"955",85.410004,86.800003,84.5,84.68,3765600,83.793953
"956",84.93,84.959999,81.970001,82.540001,2371300,81.676353
"957",82.82,84.330002,82.400002,83.290001,1673900,82.418495
"958",83.080002,83.32,79.769997,80.089996,3160300,79.251984
"959",79.970001,80,75.720001,76.540001,4498800,75.739136
"960",76.849998,78.480003,76.040001,78.269997,3407400,77.451019
"961",77,77.400002,74.199997,75.019997,2844500,74.235031
"962",75.199997,75.199997,72.199997,72.510002,3211100,71.751297
"963",71.07,73.720001,70.75,72.330002,2754800,71.573174
"964",72.790001,73.559998,71.32,71.599998,2299600,70.850822
"965",71.18,72.169998,69.410004,70.230003,2914300,69.495148
"966",71.839996,73.610001,70.970001,72.510002,2843700,71.751297
"967",73.870003,74.830002,72.43,74.370003,2544000,73.591843
"968",76.910004,80.93,76.75,79.480003,5946700,78.648369
"969",80.269997,80.910004,78.57,78.720001,2624600,77.896317
"970",78.720001,78.720001,75.339996,75.589996,2143500,74.799065
"971",76.900002,77.739998,70.290001,70.400002,4995900,69.663383
"972",70.940002,75.910004,69.690002,75.339996,5601800,74.551674
"973",75.470001,76.260002,74.589996,76.220001,1823000,75.42247
"974",76.529999,77.330002,73.5,73.989998,2434800,73.215813
"975",74.870003,76.269997,74.050003,75.599998,1559700,74.80896
"976",75.889999,76.690002,74.129997,75.760002,2442700,74.9673
"977",75.459999,76.989998,74.75,75.709999,2060600,74.917816
"978",75.360001,77.660004,75.199997,76.480003,2662100,75.679756
"979",76.82,77.849998,75.889999,76.300003,2479300,75.501633
"980",76.830002,77.459999,75.690002,75.760002,1559600,74.9673
"981",75.93,78.75,75.900002,78.230003,2075800,77.411453
"982",78.730003,78.949997,76.260002,76.529999,2134300,75.729233
"983",76.720001,77.599998,75.639999,77.040001,1538400,76.233894
"984",76.940002,78.620003,76.75,77.709999,786000,76.896881
"985",77.190002,77.559998,74.849998,75.860001,2203200,75.066238
"986",76.650002,76.870003,72.989998,73.230003,3370600,72.463768
"987",73.25,73.5,70.970001,71.199997,3165600,70.455002
"988",71.529999,75.580002,71.529999,75.419998,3528300,74.630852
"989",74.720001,75.209999,73.330002,73.879997,2818400,73.106956
"990",74.18,76.440002,73.309998,76.330002,2301700,75.531326
"991",75.330002,75.68,71.849998,72.5,3682200,71.741409
"992",72.900002,72.970001,71.25,72.389999,3843300,71.632561
"993",71.620003,73.050003,71.230003,72.290001,2221500,71.5336
"994",72.75,73.849998,72.209999,72.760002,2026700,71.99868
"995",73.949997,75.620003,73.610001,74.68,3183300,73.89859
"996",75.25,76.080002,73.57,73.870003,2961100,73.097069
"997",74.07,74.839996,73.160004,74.290001,3727900,73.512672
"998",76.989998,81.800003,76.989998,79.949997,6629200,79.113449
"999",80.839996,82.550003,79.790001,80.839996,6452500,79.994133
"1000",79.629997,80.760002,78.139999,79.510002,2937000,78.678062
"1001",79.519997,80.660004,78.900002,80.339996,2182800,79.499367
"1002",80.129997,80.519997,78.169998,78.57,1982800,77.747887
"1003",78.589996,80.5,77.830002,80.43,955500,79.588425
"1004",80.830002,80.989998,77.980003,78.339996,1561100,77.520287
"1005",79,79.349998,77.330002,77.949997,1360200,77.134377
"1006",78.300003,79.199997,77.879997,78.029999,1127500,77.213539
"1007",77.75,77.830002,76.099998,76.230003,1607300,75.432373
