"","MHK.Open","MHK.High","MHK.Low","MHK.Close","MHK.Volume","MHK.Adjusted"
"1",201.679993,204.149994,200.080002,201.75,492800,201.75
"2",202,206.410004,202,205.880005,544100,205.880005
"3",205.449997,206.179993,203.089996,204.350006,540500,204.350006
"4",204.550003,206.369995,203.320007,204.440002,590900,204.440002
"5",205.279999,205.770004,203.520004,203.729996,458300,203.729996
"6",203.139999,205.520004,203,203.179993,520100,203.179993
"7",203.820007,204.160004,200.839996,202.199997,494200,202.199997
"8",200.960007,202.039993,199.899994,201.740005,468600,201.740005
"9",201.619995,203.130005,201.110001,202.410004,387900,202.410004
"10",201.729996,202.669998,200.740005,201.809998,457400,201.809998
"11",202.169998,204.600006,201.529999,204.089996,777500,204.089996
"12",204.509995,210.210007,204.509995,205.899994,863300,205.899994
"13",206.399994,208.009995,206.399994,207.139999,617500,207.139999
"14",207.080002,210.300003,206.740005,209.520004,892000,209.520004
"15",210.630005,215.990005,210.630005,214.869995,1027700,214.869995
"16",215.630005,217.960007,215.190002,215.380005,942900,215.380005
"17",215.330002,216.520004,213.889999,215.449997,417800,215.449997
"18",214.880005,215.289993,214.039993,215.169998,334900,215.169998
"19",213.419998,216.080002,212.130005,215.460007,484500,215.460007
"20",215.630005,216.419998,213.429993,215.839996,558100,215.839996
"21",215.850006,217.25,213.070007,215.869995,493400,215.869995
"22",215.580002,216.979996,214.800003,216.029999,558600,216.029999
"23",216.309998,217.509995,214.830002,215.389999,455600,215.389999
"24",214.460007,216.479996,212.770004,213.380005,749000,213.380005
"25",214.460007,216.179993,213.75,214,566300,214
"26",214.270004,215.5,213.470001,214.100006,458100,214.100006
"27",214.100006,215.369995,211.130005,214.770004,999200,214.770004
"28",212.5,224.169998,209.899994,222.720001,2023900,222.720001
"29",224.410004,225.529999,222.679993,223.800003,688400,223.800003
"30",223.389999,224.300003,222.190002,224.229996,540700,224.229996
"31",224,224.979996,222.410004,222.979996,459000,222.979996
"32",223.199997,224.009995,220.240005,221.779999,421700,221.779999
"33",221.369995,222,219.220001,221.550003,470600,221.550003
"34",222.080002,224.880005,219.529999,224.539993,603500,224.539993
"35",225.020004,226.149994,223.559998,225.050003,532300,225.050003
"36",226.169998,226.580002,224.449997,225.309998,394800,225.309998
"37",224.919998,226.229996,223.369995,225.960007,343700,225.960007
"38",225.259995,228.300003,224.330002,228.080002,461000,228.080002
"39",228.020004,228.520004,226.059998,226.360001,489100,226.360001
"40",229.309998,233.699997,228.259995,231.529999,547000,231.529999
"41",230.399994,232.460007,229.710007,230.149994,354900,230.149994
"42",230.570007,232.449997,229.25,229.669998,368200,229.669998
"43",227.779999,229.759995,226.740005,228.039993,396700,228.039993
"44",227.929993,229.360001,226.240005,227.300003,345100,227.300003
"45",227.899994,230.889999,227,229.570007,360100,229.570007
"46",229.199997,230.550003,226.740005,228.130005,332900,228.130005
"47",229.509995,230.979996,228.940002,230.389999,344500,230.389999
"48",230.270004,231.470001,229.279999,231.070007,308500,231.070007
"49",229.460007,231.190002,228.940002,229.919998,267500,229.919998
"50",231,231.619995,228.529999,231,525200,231
"51",231,233.570007,230.160004,231.399994,626700,231.399994
"52",231.229996,231.550003,229.199997,230.199997,665200,230.199997
"53",230.830002,231.990005,228.970001,231.899994,848100,231.899994
"54",232.179993,232.199997,229.070007,229.419998,341600,229.419998
"55",227.449997,228.169998,224.009995,227.919998,693600,227.919998
"56",228.300003,230.809998,227.949997,229.380005,296200,229.380005
"57",229.570007,230.059998,225.529999,227.020004,732200,227.020004
"58",224.740005,228.070007,223.839996,227.630005,330600,227.630005
"59",227.320007,228.850006,226.029999,227.990005,438700,227.990005
"60",226.820007,230.210007,226.419998,229.960007,473500,229.960007
"61",229.839996,232.139999,228.839996,228.910004,397100,228.910004
"62",228.869995,230.289993,227.669998,229.490005,401200,229.490005
"63",229.919998,231.080002,226.660004,228.330002,422600,228.330002
"64",228.130005,229.289993,226.809998,227.850006,425100,227.850006
"65",228.869995,230.380005,226.820007,227.149994,331100,227.149994
"66",227.449997,229.860001,226.570007,228.389999,351400,228.389999
"67",228.259995,229.009995,227.5,228.350006,364300,228.350006
"68",228.309998,229.550003,227.979996,228.679993,291500,228.679993
"69",228.789993,230.080002,227.059998,229.929993,308500,229.929993
"70",232.050003,233.860001,228.929993,230.460007,389200,230.460007
"71",229.949997,230.919998,228.839996,229.75,357800,229.75
"72",230.380005,232.490005,229.429993,232.479996,301700,232.479996
"73",231.259995,232.270004,229.949997,231.660004,330400,231.660004
"74",233.139999,234.990005,231.800003,234.220001,519100,234.220001
"75",235.380005,237.580002,234.949997,236.289993,447700,236.289993
"76",236.429993,237.020004,234.770004,234.929993,708800,234.929993
"77",237.75,238.160004,234.740005,235.779999,499400,235.779999
"78",236.830002,240.199997,236.830002,238.419998,550900,238.419998
"79",239.100006,240.080002,238.020004,238.350006,618600,238.350006
"80",238.460007,241.020004,237.059998,238.880005,860200,238.880005
"81",230,236.369995,227.990005,234.789993,1745900,234.789993
"82",235.949997,236.039993,233.059998,234.679993,539600,234.679993
"83",234.679993,235.110001,231.729996,231.970001,588700,231.970001
"84",231.369995,232.389999,228.800003,229.919998,484700,229.919998
"85",230.600006,232.649994,230.419998,232.559998,547600,232.559998
"86",232.710007,233.919998,231.990005,232.199997,298900,232.199997
"87",234.119995,235.119995,232.059998,234.089996,463000,234.089996
"88",234.139999,235.300003,233.830002,234.389999,325800,234.389999
"89",233.600006,234.929993,232.570007,233.699997,290400,233.699997
"90",232.699997,234.970001,231.460007,234.809998,404300,234.809998
"91",234.300003,234.479996,229.919998,230.529999,416400,230.529999
"92",231.050003,233.360001,230.160004,232.199997,448400,232.199997
"93",233.369995,233.649994,231.100006,231.270004,487900,231.270004
"94",231.270004,231.270004,227.710007,228.75,530700,228.75
"95",228.490005,229.699997,226.649994,228.479996,343900,228.479996
"96",228.940002,231.110001,228.479996,230.020004,396400,230.020004
"97",230.649994,232,230.550003,231.580002,200200,231.580002
"98",232.529999,234.5,231.860001,232.869995,673600,232.869995
"99",232.970001,235.800003,231.929993,235.539993,414900,235.539993
"100",236.860001,238.470001,235.919998,236.979996,419300,236.979996
"101",236.350006,237.130005,235.179993,235.889999,259400,235.889999
"102",235.830002,237.630005,234.779999,237.25,219700,237.25
"103",238.479996,239.429993,236.369995,239.300003,520100,239.300003
"104",239.080002,240.589996,237.660004,238.979996,574700,238.979996
"105",239.070007,240,238.479996,239.399994,313200,239.399994
"106",239.889999,240.320007,238.580002,240.220001,247500,240.220001
"107",239,240.610001,238.369995,239.720001,297400,239.720001
"108",240.460007,241.229996,239.169998,240.179993,260400,240.179993
"109",240.179993,241.100006,237.690002,239.210007,290500,239.210007
"110",239.5,241.429993,238.889999,240.160004,250100,240.160004
"111",239.520004,240.520004,238.020004,239.539993,290000,239.539993
"112",239.75,242.330002,239.160004,241.949997,338200,241.949997
"113",243.440002,245.899994,242.070007,243.789993,546500,243.789993
"114",242.970001,243.369995,240.940002,242.490005,332700,242.490005
"115",242.940002,242.940002,238.889999,241.929993,349100,241.929993
"116",242.380005,244.5,242.190002,243.880005,179500,243.880005
"117",243.899994,244.850006,241.860001,243.009995,227700,243.009995
"118",243.199997,243.199997,241.300003,242.919998,391200,242.919998
"119",242.699997,243.179993,240.679993,242.699997,321100,242.699997
"120",244.25,246.740005,243.110001,246.5,1364200,246.5
"121",247.550003,248.240005,245.929993,246.649994,297900,246.649994
"122",246.529999,246.789993,243.440002,243.630005,239000,243.630005
"123",244.880005,244.880005,243.389999,243.940002,395000,243.940002
"124",243,244.020004,237.470001,239.710007,571200,239.710007
"125",240.509995,242.850006,239.830002,241.690002,325900,241.690002
"126",242.369995,242.380005,240.369995,241.070007,224400,241.070007
"127",241.710007,243.960007,240.559998,243.759995,253300,243.759995
"128",242.389999,244.320007,241.039993,241.669998,273700,241.669998
"129",242.770004,247.330002,242.649994,245.75,376700,245.75
"130",245.919998,247.270004,245.020004,246.639999,368100,246.639999
"131",246.679993,246.779999,244.889999,246.529999,350700,246.529999
"132",247.720001,249.25,246.279999,247.860001,394300,247.860001
"133",247.789993,249.610001,247.309998,248.020004,245700,248.020004
"134",248.369995,249.070007,246.770004,247.610001,319900,247.610001
"135",247.679993,248.570007,246.529999,248.190002,225800,248.190002
"136",248,249.300003,246.009995,246.880005,310300,246.880005
"137",247.199997,249.199997,247.199997,247.889999,429000,247.889999
"138",248.539993,248.539993,241.699997,242.580002,672200,242.580002
"139",242.240005,246.789993,241.889999,245.119995,565200,245.119995
"140",244.600006,245.729996,243.869995,244.020004,456700,244.020004
"141",245,245,240.089996,241.270004,1112100,241.270004
"142",243.740005,244.559998,239.350006,240.130005,637500,240.130005
"143",240.210007,241.080002,236.479996,238.339996,882400,238.339996
"144",243.570007,251.690002,242.279999,248.649994,1202600,248.649994
"145",249.75,249.919998,247.5,248.990005,587700,248.990005
"146",249.899994,252.229996,249.589996,252.070007,729500,252.070007
"147",251.720001,252.889999,250.240005,251.699997,394700,251.699997
"148",251.559998,251.809998,249.020004,250.979996,323200,250.979996
"149",251.179993,252.089996,249.210007,250.880005,268500,250.880005
"150",250.009995,250.139999,247.910004,249.380005,505600,249.380005
"151",249.070007,250.740005,247.339996,248.960007,339900,248.960007
"152",249.070007,250.199997,248.190002,249.679993,372300,249.679993
"153",247.910004,248.699997,246.100006,246.410004,419300,246.410004
"154",246.720001,248.5,245.320007,245.429993,313000,245.429993
"155",247.009995,249.679993,246.110001,248.570007,443500,248.570007
"156",249.679993,250.880005,248.970001,249.940002,388600,249.940002
"157",250.429993,252.759995,250.070007,252.110001,396500,252.110001
"158",251.740005,252.160004,248.059998,248.100006,493500,248.100006
"159",247.520004,249.350006,246.729996,248.970001,603300,248.970001
"160",248.520004,249.160004,246.869995,246.910004,304600,246.910004
"161",247,250.380005,246.720001,249.580002,310400,249.580002
"162",248.600006,249.669998,245.470001,248.059998,379900,248.059998
"163",248.639999,249.289993,244.770004,245.899994,338100,245.899994
"164",247.100006,248.460007,245.429993,247.059998,310900,247.059998
"165",247.580002,248.389999,246.949997,247.119995,230000,247.119995
"166",245.899994,248.630005,245.649994,248.570007,328800,248.570007
"167",248.809998,251.039993,248.089996,250.850006,316700,250.850006
"168",252.449997,254.75,252.160004,253.119995,399300,253.119995
"169",253.199997,255.539993,252.509995,254.800003,445600,254.800003
"170",253.979996,255.460007,253.979996,254.759995,466200,254.759995
"171",255.039993,256.329987,253.25,255.559998,463500,255.559998
"172",255.880005,255.880005,250.699997,252.529999,647500,252.529999
"173",252.5,258.380005,252.220001,257.920013,603400,257.920013
"174",259,259.910004,256.929993,258.070007,407600,258.070007
"175",258.609985,259.839996,257.769989,259.690002,325400,259.690002
"176",259.690002,259.690002,255.589996,256.369995,328600,256.369995
"177",255.869995,256.209991,253.339996,253.759995,439400,253.759995
"178",253.580002,254.789993,253.199997,254.669998,484200,254.669998
"179",255.059998,258.279999,253.690002,254.339996,618700,254.339996
"180",252.570007,254.490005,251.139999,254.449997,511900,254.449997
"181",254.449997,256.220001,254.089996,256,480900,256
"182",256,256.75,254.029999,254.110001,297600,254.110001
"183",248.240005,248.740005,242.490005,245.669998,1162500,245.669998
"184",244.869995,245.940002,243.789993,245.029999,611300,245.029999
"185",245.039993,247.940002,245.039993,245.720001,400800,245.720001
"186",246.279999,247.470001,243.75,244.970001,404800,244.970001
"187",245.490005,248.729996,245.490005,248.080002,566500,248.080002
"188",247.389999,248.630005,245.809998,247.509995,759800,247.509995
"189",248.160004,251.229996,247.509995,249.039993,794600,249.039993
"190",249.820007,252.479996,247.970001,252.020004,1044800,252.020004
"191",251.800003,257.209991,251.559998,256.910004,704000,256.910004
"192",258,258.359985,254.429993,256.140015,572000,256.140015
"193",255.110001,257.380005,255.110001,256.769989,419100,256.769989
"194",257.190002,257.649994,256.339996,256.73999,316200,256.73999
"195",257.440002,257.970001,254.380005,254.830002,443700,254.830002
"196",254.710007,257.220001,254.259995,257.059998,349100,257.059998
"197",257.049988,258.279999,256.48999,258.23999,396500,258.23999
"198",257.399994,258.149994,253.190002,254.990005,513800,254.990005
"199",255.889999,257.640015,255,257.179993,217000,257.179993
"200",257.299988,259.329987,257.130005,258.730011,321100,258.730011
"201",258.279999,260.690002,258.279999,260,408400,260
"202",259.480011,262.299988,257.790009,261.040009,520600,261.040009
"203",262.209991,264.679993,261.01001,264.519989,358900,264.519989
"204",265.690002,265.980011,263.380005,264.140015,403800,264.140015
"205",264.089996,267.119995,262.329987,266.51001,587200,266.51001
"206",266.679993,266.679993,261.630005,263.149994,522200,263.149994
"207",264.709991,264.709991,261.100006,262.980011,1496600,262.980011
"208",262.070007,268.459991,262,264.339996,866300,264.339996
"209",264.230011,264.899994,262.079987,262.959991,837300,262.959991
"210",262.480011,264.429993,261.269989,261.76001,547400,261.76001
"211",261.390015,263.309998,260.940002,262.450012,402200,262.450012
"212",261.48999,262.459991,256.359985,257.790009,597100,257.790009
"213",258.109985,259.950012,256.320007,257.329987,313800,257.329987
"214",258.089996,262.059998,256.899994,260.619995,539900,260.619995
"215",260.48999,261.5,259.209991,260.920013,252300,260.920013
"216",261.100006,263.670013,259.76001,263.480011,371700,263.480011
"217",262.359985,264.850006,261.950012,264.609985,358000,264.609985
"218",264.350006,265.420013,263.429993,263.850006,274500,263.850006
"219",264.029999,265.570007,263.290009,265.019989,354500,265.019989
"220",263.75,267.630005,261.660004,267.140015,366600,267.140015
"221",266.51001,268.059998,263.890015,267.100006,397000,267.100006
"222",268.130005,271.690002,267.040009,270.649994,367100,270.649994
"223",270.339996,272.459991,269.459991,272.200012,224500,272.200012
"224",272.75,278.200012,272.75,276.73999,716000,276.73999
"225",275.640015,279.850006,273.049988,274.25,546900,274.25
"226",274.440002,275.480011,273.029999,274.01001,347900,274.01001
"227",274.549988,275.980011,273.279999,275.549988,146200,275.549988
"228",276.600006,277.679993,274.670013,275.529999,467500,275.529999
"229",276.720001,280.459991,276.209991,280.089996,335300,280.089996
"230",279.920013,280.220001,278.459991,279.100006,367300,279.100006
"231",280.170013,283.220001,278.679993,282.609985,631500,282.609985
"232",283.100006,286.290009,279.089996,284.820007,653600,284.820007
"233",285.049988,286.850006,282.929993,284.649994,872500,284.649994
"234",284.119995,284.709991,279.220001,281.26001,428200,281.26001
"235",280.970001,281.570007,277.450012,277.670013,482100,277.670013
"236",277.809998,281.579987,277.019989,280.320007,414300,280.320007
"237",281.440002,282.320007,279.339996,280.570007,376300,280.570007
"238",280.369995,280.5,276.790009,277.369995,388600,277.369995
"239",277.940002,279.839996,275.200012,275.339996,577500,275.339996
"240",275.230011,277.820007,274.149994,275.51001,533700,275.51001
"241",275.070007,276.470001,272.26001,273.559998,453400,273.559998
"242",274.519989,275.519989,273.200012,274.709991,686400,274.709991
"243",275,276.519989,271.540009,275.140015,495600,275.140015
"244",275.5,277.600006,274.220001,276.559998,583400,276.559998
"245",276.890015,279.029999,276.01001,277.549988,586500,277.549988
"246",277.970001,279.769989,277.190002,277.859985,562600,277.859985
"247",278.579987,278.579987,275.279999,276.459991,413900,276.459991
"248",276.48999,277.980011,275.869995,276.450012,332100,276.450012
"249",276.380005,277.279999,273.410004,273.440002,369200,273.440002
"250",273.970001,276.5,273.119995,276.140015,371200,276.140015
"251",276.559998,278.480011,275.799988,275.899994,311700,275.899994
"252",277.040009,277.040009,273.470001,276,471400,276
"253",275.709991,276.869995,274.25,275.140015,467200,275.140015
"254",275.220001,277,274.619995,275.26001,403800,275.26001
"255",276.420013,278.399994,274.25,276.670013,550500,276.670013
"256",276.839996,279.410004,275.420013,279.149994,474400,279.149994
"257",278.540009,282.209991,278.440002,279.790009,617300,279.790009
"258",279.399994,279.690002,270.660004,272.089996,882100,272.089996
"259",272.130005,272.929993,269.25,271.720001,664700,271.720001
"260",271.390015,274.790009,269.920013,274.070007,667700,274.070007
"261",275.709991,277.950012,274.459991,274.48999,513900,274.48999
"262",276.160004,278.309998,274.630005,277.799988,438800,277.799988
"263",277.690002,278.809998,276.890015,278.130005,339500,278.130005
"264",279.149994,279.920013,276.959991,279.140015,524500,279.140015
"265",279.279999,280.799988,277.929993,279.559998,579200,279.559998
"266",280.170013,280.640015,278.079987,278.809998,591600,278.809998
"267",280.079987,280.980011,274.130005,274.559998,620800,274.559998
"268",274.48999,276.950012,272.450012,276.769989,597600,276.769989
"269",277.630005,281,276.790009,280.690002,662600,280.690002
"270",280.119995,281.290009,278.450012,279.140015,624600,279.140015
"271",276.929993,280.649994,275.980011,278.339996,484000,278.339996
"272",280,281.480011,277.160004,281.059998,661200,281.059998
"273",280.269989,280.799988,275.059998,276.079987,656900,276.079987
"274",274.399994,275.929993,268.809998,270.579987,924200,270.579987
"275",269.23999,271.829987,262.769989,263.350006,870700,263.350006
"276",257.910004,268.329987,255.610001,268.049988,1389900,268.049988
"277",267.040009,270.920013,266.059998,267.660004,758700,267.660004
"278",267.119995,268.25,255.970001,256.570007,1025800,256.570007
"279",259,261.48999,238.630005,249.460007,2167100,249.460007
"280",253.020004,257.459991,248.289993,254.550003,1524000,254.550003
"281",253.740005,254.350006,249.169998,251.279999,965200,251.279999
"282",249.490005,253.770004,249.229996,253.5,670100,253.5
"283",254.460007,254.460007,250.419998,252.5,867800,252.5
"284",251.800003,252.199997,249.339996,249.759995,1067900,249.759995
"285",250,251.880005,246.699997,247.070007,902500,247.070007
"286",247,250,246.009995,246.399994,592700,246.399994
"287",247.130005,250.360001,246.179993,249,771900,249
"288",250,251.580002,247.039993,251.389999,672100,251.389999
"289",251.929993,252.380005,247.869995,250.539993,564600,250.539993
"290",251.100006,253.009995,246.539993,246.539993,622700,246.539993
"291",246.779999,247.5,239.880005,239.880005,1123900,239.880005
"292",239.869995,243.619995,237.059998,241.100006,1010900,241.100006
"293",238.539993,238.880005,233.679993,236.559998,1196500,236.559998
"294",235.960007,238.899994,235.149994,238.440002,631900,238.440002
"295",239.100006,241.339996,237.889999,241.289993,629700,241.289993
"296",239.149994,241.350006,236.990005,237.220001,486100,237.220001
"297",237.660004,240.639999,237.660004,240.080002,500100,240.080002
"298",241.25,245.080002,239.789993,245,590100,245
"299",245,248.809998,245,247.929993,683600,247.929993
"300",249.809998,253.550003,248.919998,250.589996,1104800,250.589996
"301",251.199997,251.690002,247.619995,248.889999,499700,248.889999
"302",249.360001,250.25,245.570007,246.399994,455700,246.399994
"303",246.25,248.740005,245.149994,247.899994,500300,247.899994
"304",247.020004,247.800003,241.830002,243.020004,437100,243.020004
"305",243.979996,247.110001,243.009995,246.789993,671600,246.789993
"306",247.179993,249.649994,245.690002,247.100006,418100,247.100006
"307",246.059998,246.979996,239.470001,240.279999,761100,240.279999
"308",240.979996,240.979996,230.039993,230.570007,1172600,230.570007
"309",234.589996,237.869995,230.949997,234.199997,935600,234.199997
"310",235.360001,235.360001,226.619995,227.899994,1193600,227.899994
"311",227.899994,231.520004,227.369995,228.889999,687400,228.889999
"312",230.410004,233.610001,228.919998,232.220001,563700,232.220001
"313",232.220001,232.220001,223.990005,227.610001,778700,227.610001
"314",228.309998,231.410004,228.050003,230.699997,545000,230.699997
"315",227.850006,239.100006,226.839996,238.910004,935200,238.910004
"316",239.649994,241.089996,237.25,239.5,852900,239.5
"317",238.360001,239.690002,234.190002,236.080002,606600,236.080002
"318",238.440002,239.470001,235.149994,235.369995,554100,235.369995
"319",238.119995,240.020004,236.089996,238.830002,472200,238.830002
"320",237.149994,239.830002,236.960007,238.509995,330500,238.509995
"321",238.990005,240.690002,237.289993,239.570007,717900,239.570007
"322",240.449997,241.029999,237.949997,239.199997,399100,239.199997
"323",240.770004,241.960007,238.630005,239.539993,640800,239.539993
"324",241.729996,244.139999,240.369995,243.479996,620500,243.479996
"325",244.399994,247.130005,242.330002,245.940002,645100,245.940002
"326",245.449997,245.789993,238.520004,240.979996,648400,240.979996
"327",241.449997,241.990005,235.050003,235.570007,1156700,235.570007
"328",236.160004,237.190002,232.5,235.929993,613900,235.929993
"329",236.490005,236.490005,225.960007,227.25,1316900,227.25
"330",227.429993,227.979996,221.960007,227.119995,1032800,227.119995
"331",227.789993,227.800003,223.809998,227.199997,1132800,227.199997
"332",220.5,227.710007,216.669998,217.360001,3139900,217.360001
"333",214.470001,216.479996,209.470001,209.880005,1861100,209.880005
"334",209.75,216.220001,207.789993,215.860001,1302000,215.860001
"335",214.809998,216.630005,212.020004,212.309998,961200,212.309998
"336",212.330002,215.550003,211.490005,215.419998,932000,215.419998
"337",213.929993,219.389999,213.899994,216.360001,737700,216.360001
"338",216.600006,218.270004,214.5,215.410004,579300,215.410004
"339",216.110001,217.149994,211.889999,213.429993,773900,213.429993
"340",214.009995,214.009995,209.139999,210.380005,1094900,210.380005
"341",212.139999,213.179993,211.529999,211.529999,598100,211.529999
"342",211.529999,215.479996,210.919998,213.580002,1221300,213.580002
"343",213.889999,213.889999,209.520004,210.639999,1502700,210.639999
"344",209.960007,210.050003,207.869995,208.979996,885000,208.979996
"345",208.300003,210.970001,206.740005,210.550003,887400,210.550003
"346",210.929993,212.589996,209.880005,211.839996,794400,211.839996
"347",212.139999,217.240005,211.259995,216.149994,1838600,216.149994
"348",216.990005,218.820007,215.410004,216.119995,1111100,216.119995
"349",215.720001,217.570007,214.699997,215.089996,780700,215.089996
"350",214.660004,215.929993,213.369995,214.869995,436900,214.869995
"351",214.360001,215.550003,210.949997,212.389999,632500,212.389999
"352",211.949997,215.470001,211.550003,213.360001,799300,213.360001
"353",211.410004,212.270004,208.619995,210.639999,780900,210.639999
"354",210.910004,211.320007,207.720001,208.570007,575500,208.570007
"355",208.75,208.75,203.869995,204.039993,861200,204.039993
"356",204.529999,205.710007,203.039993,204.350006,850000,204.350006
"357",205.539993,207.410004,203.880005,206.839996,1071600,206.839996
"358",206.970001,207.919998,205.619995,205.800003,527600,205.800003
"359",204.839996,205.869995,202.75,205.820007,803400,205.820007
"360",205.990005,208.220001,205.610001,207.970001,652700,207.970001
"361",207.839996,210.669998,207.520004,210.440002,446400,210.440002
"362",210.770004,212.639999,210.229996,210.960007,556200,210.960007
"363",210.759995,214.199997,210.490005,213.949997,603600,213.949997
"364",214.029999,214.479996,209.470001,209.610001,903300,209.610001
"365",210,214.639999,209.979996,214.110001,780600,214.110001
"366",212.710007,213.130005,210.839996,213.009995,824300,213.009995
"367",210.960007,212.119995,209.550003,210.149994,974900,210.149994
"368",207.850006,210.850006,207.850006,210.589996,859300,210.589996
"369",211.220001,212.589996,209.809998,210.710007,571600,210.710007
"370",211.419998,212.089996,209.869995,210.910004,784600,210.910004
"371",211.059998,212.220001,208.199997,211.869995,963000,211.869995
"372",211.869995,211.869995,209,211.5,640400,211.5
"373",212.509995,214.270004,211.320007,213.5,604100,213.5
"374",212.860001,214.309998,210.429993,211.899994,1207100,211.899994
"375",212.539993,212.539993,208.869995,211.339996,874900,211.339996
"376",212.360001,215.809998,210.860001,214.270004,1150100,214.270004
"377",212.380005,214.199997,211.479996,213.860001,839600,213.860001
"378",215,216.509995,214.460007,215.029999,405700,215.029999
"379",215.270004,217.600006,214.509995,217.460007,414600,217.460007
"380",217.960007,220.309998,217.059998,218.740005,479100,218.740005
"381",220.009995,222.130005,218.699997,220.839996,426000,220.839996
"382",220.779999,220.779999,217.929993,219.070007,491800,219.070007
"383",217.830002,228.490005,217.699997,224.839996,2242000,224.839996
"384",225.860001,226.309998,220.479996,223.300003,2168600,223.300003
"385",223.330002,225.660004,221.630005,223.860001,934600,223.860001
"386",223.970001,224.339996,220.509995,221.520004,890000,221.520004
"387",221,224.710007,220.940002,224.369995,482800,224.369995
"388",224.009995,225.610001,222.759995,224.380005,628200,224.380005
"389",224.050003,224.339996,222.660004,223.25,660100,223.25
"390",221.800003,225.059998,221.800003,224.229996,852500,224.229996
"391",223.179993,224.179993,216.740005,217.279999,1153000,217.279999
"392",217.410004,220.830002,216.339996,219.550003,1456800,219.550003
"393",219.789993,220.330002,214.559998,217.369995,1982500,217.369995
"394",189.110001,189.110001,177,179.309998,7360500,179.309998
"395",178.529999,185.509995,177.429993,183.059998,3307800,183.059998
"396",182.529999,186.889999,182.5,184.699997,1804400,184.699997
"397",185.699997,189.570007,184.100006,188.360001,1205600,188.360001
"398",189,191.389999,188.360001,189.389999,1520900,189.389999
"399",187.580002,188.729996,185.770004,186.419998,1464900,186.419998
"400",187.089996,188.199997,185.330002,186.610001,1028600,186.610001
"401",187.449997,188.110001,186.350006,187.029999,1152800,187.029999
"402",187.580002,190.039993,186.679993,186.869995,1032100,186.869995
"403",186.25,187.75,185.660004,186.100006,854300,186.100006
"404",186.440002,187.419998,183.860001,184.289993,1130700,184.289993
"405",183.699997,185.979996,180.710007,182.320007,1099700,182.320007
"406",182.110001,184.160004,180.580002,181.889999,1157100,181.889999
"407",181.300003,184.110001,180.740005,181.860001,710200,181.860001
"408",181.479996,185.220001,180.449997,185.080002,1047000,185.080002
"409",186.550003,189.929993,184.910004,188.119995,1160800,188.119995
"410",188.440002,191.169998,187.869995,190.059998,690300,190.059998
"411",190.970001,192.449997,190.149994,190.509995,669500,190.509995
"412",192.419998,193.789993,190.270004,193.410004,670000,193.410004
"413",193.009995,194.899994,191.570007,192.979996,707900,192.979996
"414",193.179993,193.779999,190.690002,190.889999,685400,190.889999
"415",191.279999,191.639999,190.119995,190.410004,715500,190.410004
"416",191.210007,194.080002,190.240005,192.929993,497600,192.929993
"417",193.529999,193.639999,192.130005,192.860001,413100,192.860001
"418",192.850006,196.300003,192,195.979996,699800,195.979996
"419",195.509995,195.880005,192.360001,193.229996,521500,193.229996
"420",193.110001,194.190002,189.949997,191.589996,626600,191.589996
"421",191.199997,192.259995,189.830002,190.160004,1020300,190.160004
"422",189.5,192.350006,189.270004,191,578600,191
"423",190.300003,192.449997,190.179993,190.720001,532200,190.720001
"424",189.850006,190.940002,188.190002,188.619995,574300,188.619995
"425",190.110001,190.880005,188.210007,189.770004,548400,189.770004
"426",189.75,191.679993,188.429993,189.740005,504600,189.740005
"427",188.020004,188.830002,183.970001,185.559998,1899900,185.559998
"428",186.309998,186.720001,183.259995,185.889999,1508400,185.889999
"429",186.600006,188.029999,185.240005,187.100006,1021200,187.100006
"430",187.100006,188.830002,186.729996,186.910004,973200,186.910004
"431",186.580002,187.600006,184.339996,185.270004,1173300,185.270004
"432",186.679993,189.199997,185.779999,187.330002,816500,187.330002
"433",188,188.869995,185.5,186.179993,1052100,186.179993
"434",186.529999,187.630005,185.949997,186.600006,899200,186.600006
"435",185.529999,186.770004,182.610001,182.960007,936400,182.960007
"436",182.899994,183.720001,180.979996,181.380005,723200,181.380005
"437",181.679993,182.149994,180.389999,180.589996,860500,180.589996
"438",180.389999,180.800003,179.089996,179.330002,780400,179.330002
"439",179.360001,179.740005,173.820007,175.350006,1022800,175.350006
"440",175.910004,176.740005,173.589996,173.699997,726700,173.699997
"441",173.050003,174.449997,169.570007,170.029999,1094200,170.029999
"442",170.300003,172.100006,168.130005,170.850006,1971500,170.850006
"443",170.059998,171.990005,169.869995,171.110001,754000,171.110001
"444",171.190002,172.429993,167.210007,168.089996,1212700,168.089996
"445",168.080002,169.589996,167.199997,169.350006,732800,169.350006
"446",162.009995,164.779999,160.270004,160.669998,1319200,160.669998
"447",161.649994,162.960007,159.389999,159.630005,1202000,159.630005
"448",159,161.440002,157.160004,157.220001,843800,157.220001
"449",159.570007,159.570007,153.880005,156.119995,1325500,156.119995
"450",153.919998,157.179993,153.919998,155.330002,1517600,155.330002
"451",155.869995,156.910004,153.610001,156.25,1284200,156.25
"452",155.380005,156.75,152.559998,155.949997,1042800,155.949997
"453",155.539993,155.990005,151.5,152.289993,802400,152.289993
"454",152.009995,152.479996,148.470001,150.309998,801900,150.309998
"455",150.990005,151.229996,148.100006,148.380005,939100,148.380005
"456",146.300003,151.600006,143.679993,151.210007,1842700,151.210007
"457",150.419998,153.880005,147.279999,147.509995,1518400,147.509995
"458",148.990005,151.789993,148.509995,151.070007,1778200,151.070007
"459",124.059998,126.43,113.449997,115.029999,9601800,115.029999
"460",115.849998,119.389999,114.889999,116.279999,5546900,116.279999
"461",116.050003,124.139999,115.400002,123.940002,3092900,123.940002
"462",125.419998,128.619995,123.209999,124.730003,2217300,124.730003
"463",125.43,132.729996,124.910004,131.710007,2452600,131.710007
"464",132.410004,133.289993,128.539993,131.779999,1641200,131.779999
"465",131.289993,132.220001,126.870003,127.93,1185400,127.93
"466",127.620003,129.440002,125.910004,126.550003,1319800,126.550003
"467",127.989998,127.989998,124.540001,126.389999,849700,126.389999
"468",125.260002,128.639999,123.519997,127.230003,1600300,127.230003
"469",127.059998,128.759995,123.830002,125.650002,981100,125.650002
"470",124.260002,125.040001,121.349998,121.529999,887900,121.529999
"471",122.230003,125.959999,121.849998,123.25,1070700,123.25
"472",124.510002,125.849998,121.260002,121.410004,1097400,121.410004
"473",120.650002,124.699997,119.089996,123.730003,1221100,123.730003
"474",123.440002,124.550003,122.379997,123.519997,657200,123.519997
"475",123.900002,125.160004,122.339996,124.360001,1177300,124.360001
"476",122.529999,127.480003,122.529999,124.599998,738700,124.599998
"477",125.25,128.190002,124.599998,126.349998,683400,126.349998
"478",125.849998,127.910004,125.309998,126.839996,224600,126.839996
"479",128.910004,129.919998,127.440002,128.75,850200,128.75
"480",128.029999,129.449997,125.75,126.5,811800,126.5
"481",126.290001,131.210007,122.75,130.889999,1042000,130.889999
"482",129.850006,130.919998,126.110001,127.379997,760300,127.379997
"483",127.339996,128.279999,126.120003,128.059998,822400,128.059998
"484",130.229996,130.690002,124.669998,126.309998,1725200,126.309998
"485",125.629997,126.860001,121.129997,121.300003,1091800,121.300003
"486",118.230003,123.199997,116.669998,123.010002,1487600,123.010002
"487",122.199997,122.5,119.120003,120.440002,1114500,120.440002
"488",120.150002,121.370003,118.25,119.980003,1233700,119.980003
"489",122.110001,122.690002,118.690002,119.25,999400,119.25
"490",120.709999,122.949997,118.830002,118.910004,1231400,118.910004
"491",119.529999,119.959999,117.68,118.199997,780400,118.199997
"492",117.080002,119.470001,116.279999,116.980003,872800,116.980003
"493",116.480003,119.720001,115,115.75,938200,115.75
"494",116.5,119.900002,115.940002,118.379997,1173900,118.379997
"495",118.279999,123.82,116.459999,116.970001,1226300,116.970001
"496",116.339996,118.790001,114.300003,115.5,1180600,115.5
"497",116.199997,118.639999,112.82,113.209999,1747500,113.209999
"498",112.050003,114.480003,110.790001,111.309998,540700,111.309998
"499",111.620003,117.199997,109.349998,117.099998,1006000,117.099998
"500",115.43,117.860001,112.639999,117.860001,777500,117.860001
"501",118.220001,119.309998,115.760002,117.199997,762200,117.199997
"502",118.07,119.489998,115.150002,116.959999,698800,116.959999
"503",114.940002,119.769997,114.360001,118.599998,1192400,118.599998
"504",117.57,118.309998,115.580002,116.900002,651600,116.900002
"505",118.529999,123.57,118.449997,122.129997,1041600,122.129997
"506",122.650002,125.860001,121.150002,124.150002,1033300,124.150002
"507",125.720001,125.989998,122.330002,123.059998,895500,123.059998
"508",122.75,128.149994,122.739998,127.410004,1041300,127.410004
"509",126.809998,127.540001,125.400002,126.589996,671200,126.589996
"510",123.690002,126.010002,122.400002,125.669998,813300,125.669998
"511",125.080002,127.5,124.550003,126.010002,865700,126.010002
"512",125,125.559998,121.309998,124.040001,796100,124.040001
"513",124.419998,125.279999,122.739998,123.099998,688400,123.099998
"514",122.699997,124.68,122.089996,124.18,1174000,124.18
"515",125.190002,126.699997,124.019997,126.620003,739000,126.620003
"516",125.699997,127.309998,124,126.720001,1199000,126.720001
"517",127.410004,127.709999,123.230003,124.730003,785400,124.730003
"518",124.830002,127.220001,124.220001,127.150002,621900,127.150002
"519",128.559998,129.169998,126.230003,127.559998,1116600,127.559998
"520",126.779999,128.389999,125.879997,128,891300,128
"521",128,128.210007,126.129997,127.040001,1689000,127.040001
"522",127.5,127.690002,124.400002,125.790001,1251500,125.790001
"523",125.620003,128.839996,125.279999,128.789993,1536000,128.789993
"524",127.790001,129.889999,127.18,128.779999,987900,128.779999
"525",128.869995,129.100006,127.279999,127.879997,904900,127.879997
"526",127.970001,129.479996,126.449997,126.900002,1608500,126.900002
"527",126.440002,127.720001,125.540001,127.43,1220100,127.43
"528",127.459999,128.970001,126.010002,128.199997,1723700,128.199997
"529",136.139999,136.820007,132.089996,135.779999,3807500,135.779999
"530",135.570007,138.460007,129.360001,137.979996,2428400,137.979996
"531",138.619995,143.970001,138.5,143.139999,1781100,143.139999
"532",143,143.169998,139.149994,139.410004,1144000,139.410004
"533",138.75,139.279999,136.830002,138.800003,888900,138.800003
"534",139.800003,141.070007,138.889999,139.210007,855800,139.210007
"535",138.600006,141.160004,138,139.710007,793800,139.710007
"536",140.169998,141.070007,139.119995,139.770004,812000,139.770004
"537",139.770004,140.820007,138.880005,140.029999,777800,140.029999
"538",140.199997,141.259995,139.860001,140.5,608000,140.5
"539",141.100006,142.740005,141.100006,141.399994,707800,141.399994
"540",140.550003,141.720001,139.789993,140.020004,605800,140.020004
"541",140,140.380005,138.5,138.600006,683300,138.600006
"542",138.419998,138.419998,135.770004,136.119995,599600,136.119995
"543",137.710007,139.270004,136.880005,137.479996,749200,137.479996
"544",138.339996,139.009995,136.399994,138.229996,1028400,138.229996
"545",137.75,138.320007,135.100006,135.169998,692000,135.169998
"546",135,136.169998,132.850006,133.330002,650900,133.330002
"547",132.779999,132.910004,129.039993,129.610001,1359100,129.610001
"548",129.199997,132.220001,128.789993,132.080002,1052600,132.080002
"549",131.809998,133.440002,131.75,133.110001,501600,133.110001
"550",133.410004,134.059998,132.960007,133.259995,564100,133.259995
"551",133.369995,133.899994,132.740005,133,680100,133
"552",132.050003,132.289993,128.460007,129.259995,966200,129.259995
"553",129.229996,129.869995,128.039993,128.570007,970500,128.570007
"554",129.039993,129.850006,128.130005,129.509995,545300,129.509995
"555",129.759995,130.699997,127.489998,127.900002,509500,127.900002
"556",127.599998,128.190002,124.279999,126.019997,646800,126.019997
"557",125.68,128.869995,125.68,128.139999,523000,128.139999
"558",127.660004,128.470001,124.510002,124.860001,698200,124.860001
"559",124.910004,125.75,123.459999,124.75,627600,124.75
"560",124.690002,126.239998,123.300003,125.260002,875400,125.260002
"561",125.830002,127.959999,125.190002,126.129997,1004400,126.129997
"562",126.400002,127.790001,124.589996,125.980003,758900,125.980003
"563",125.800003,127.440002,124.449997,126.150002,681500,126.150002
"564",127.040001,128.759995,126.510002,127.879997,537200,127.879997
"565",127.519997,128.639999,127.050003,127.360001,399600,127.360001
"566",128.080002,128.25,126.580002,126.82,745100,126.82
"567",126.699997,129.789993,126.419998,129.690002,532600,129.690002
"568",130.25,132.020004,129.979996,131.589996,379400,131.589996
"569",131.399994,132.830002,130.649994,132.75,532100,132.75
"570",132.710007,132.710007,130.639999,131.309998,595700,131.309998
"571",131,132.240005,129.119995,131.199997,646500,131.199997
"572",130.919998,132.059998,130.710007,131.399994,320900,131.399994
"573",132.190002,133.339996,130.75,132.130005,467100,132.130005
"574",131.800003,133.589996,131.449997,131.580002,691300,131.580002
"575",131.860001,132.520004,129.240005,131.100006,587500,131.100006
"576",131.5,132.429993,130.380005,130.869995,395800,130.869995
"577",130.649994,131.940002,130.070007,131.770004,615400,131.770004
"578",131.039993,132.179993,130.889999,131.399994,709900,131.399994
"579",131.869995,134.330002,131.539993,134.139999,880600,134.139999
"580",133.979996,134.800003,132.470001,134.160004,1232200,134.160004
"581",133,134.130005,130.139999,130.710007,1318400,130.710007
"582",128.880005,130.089996,118.25,127,1971800,127
"583",127.209999,131.520004,126.879997,130.559998,720900,130.559998
"584",134.369995,137.039993,133.020004,136.25,1411800,136.25
"585",136.789993,138.490005,135.320007,135.350006,808100,135.350006
"586",135.589996,138.149994,135.380005,135.830002,675800,135.830002
"587",137.039993,139.440002,136.110001,139.089996,413700,139.089996
"588",136.460007,138.339996,135.100006,137.779999,615700,137.779999
"589",136.630005,138.119995,134.899994,136.460007,807500,136.460007
"590",136.169998,136.820007,133.949997,134.039993,400800,134.039993
"591",132.809998,133.779999,130.979996,132.839996,497100,132.839996
"592",133.029999,135.580002,130.839996,135.360001,515900,135.360001
"593",132.830002,133.089996,130.050003,131.160004,774200,131.160004
"594",131.169998,135.119995,130.779999,134.210007,599600,134.210007
"595",132.889999,136.130005,131.210007,135.970001,543900,135.970001
"596",137.679993,141.490005,136.889999,140.309998,1248000,140.309998
"597",139.270004,141.630005,138.350006,138.690002,669200,138.690002
"598",137.740005,137.949997,136.589996,137.119995,691100,137.119995
"599",137.580002,141.039993,137.440002,141.029999,560200,141.029999
"600",139.729996,140.710007,138.130005,140.490005,657800,140.490005
"601",139.490005,141.869995,138.259995,141.710007,933800,141.710007
"602",142.399994,146.470001,142.029999,145.899994,1264600,145.899994
"603",145.820007,145.880005,141.429993,141.449997,1020500,141.449997
"604",140.830002,140.830002,137.429993,138.539993,644600,138.539993
"605",139.529999,140.850006,138.470001,140.580002,511100,140.580002
"606",138.179993,138.179993,134.960007,135.550003,942400,135.550003
"607",135.440002,138.970001,134.690002,138.320007,737100,138.320007
"608",139.839996,145.139999,139.539993,145.100006,883500,145.100006
"609",145.949997,146.789993,143.330002,145.529999,556600,145.529999
"610",145.320007,147.429993,144.460007,147.139999,699600,147.139999
"611",147.770004,148.830002,146.350006,146.949997,637000,146.949997
"612",147.889999,149.5,147.229996,149.059998,529700,149.059998
"613",150.5,151.080002,148.529999,149.130005,916700,149.130005
"614",149.309998,150,148,149,576300,149
"615",150,150.639999,148.679993,150.610001,579600,150.610001
"616",151.389999,152.839996,149.610001,152.289993,750800,152.289993
"617",152.229996,152.509995,150.130005,150.220001,687300,150.220001
"618",151.419998,153.539993,149.369995,150.660004,482800,150.660004
"619",151.050003,151.300003,148.25,149.100006,918400,149.100006
"620",150.300003,150.419998,147,148.449997,717500,148.449997
"621",148.660004,148.660004,145.970001,146.029999,1150400,146.029999
"622",146.729996,146.960007,144.720001,145.929993,609800,145.929993
"623",145.520004,146.190002,142.169998,142.399994,768200,142.399994
"624",142.380005,142.380005,140.360001,141.75,802700,141.75
"625",142.600006,145.179993,141.559998,145.089996,421900,145.089996
"626",145.089996,147.649994,145.089996,147.470001,704600,147.470001
"627",149,150.889999,148.259995,150.710007,562000,150.710007
"628",150.539993,151.520004,149.020004,151.470001,389100,151.470001
"629",152.119995,153.300003,150.899994,153.25,207300,153.25
"630",152.220001,152.350006,150.410004,151.399994,325200,151.399994
"631",151.300003,152.119995,150.110001,150.270004,593700,150.270004
"632",149.720001,150.660004,147.860001,149.880005,364400,149.880005
"633",150.350006,150.559998,147.960007,148.600006,325200,148.600006
"634",149.190002,149.190002,146.080002,148.960007,301800,148.960007
"635",149.589996,151.710007,148.639999,151.130005,443600,151.130005
"636",151.639999,151.850006,148.600006,149.580002,334500,149.580002
"637",149.740005,151.380005,149.350006,150.039993,413100,150.039993
"638",150.509995,151.350006,149.25,150.949997,614600,150.949997
"639",150.889999,154.710007,149,154.509995,1040500,154.509995
"640",154.460007,155.259995,152.830002,152.979996,758400,152.979996
"641",153.729996,153.949997,151.300003,151.809998,829400,151.809998
"642",152.960007,154.039993,151.369995,153.979996,372400,153.979996
"643",153.089996,154.860001,152.460007,154.440002,662300,154.440002
"644",154.539993,156.600006,154.130005,156.360001,1008200,156.360001
"645",138,140.559998,127.269997,128.839996,4420300,128.839996
"646",127.459999,127.459999,123.839996,124.480003,2400100,124.480003
"647",124.900002,126.129997,122.269997,125.25,1353000,125.25
"648",125.169998,126.720001,123.690002,124.690002,901600,124.690002
"649",124.389999,125.32,121.379997,122.389999,941400,122.389999
"650",122,122.809998,120.330002,120.379997,759800,120.379997
"651",119.18,120.580002,117.360001,118.239998,1038200,118.239998
"652",118.800003,119.199997,116.599998,117.529999,804400,117.529999
"653",116.199997,118.800003,115.550003,118.449997,985400,118.449997
"654",118.550003,119.300003,117.080002,117.959999,850900,117.959999
"655",118.400002,118.629997,116.599998,116.769997,540200,116.769997
"656",116.110001,116.440002,113.779999,113.93,747200,113.93
"657",114.32,118.120003,113.629997,114.809998,655400,114.809998
"658",113.150002,114.519997,111.57,112.459999,972500,112.459999
"659",112.279999,112.650002,109.709999,110.449997,943400,110.449997
"660",110.449997,112.650002,108.93,111.339996,667200,111.339996
"661",112.779999,115.309998,112.57,114.07,917400,114.07
"662",113.519997,114.07,111.93,113.029999,667100,113.029999
"663",117.260002,117.349998,115.540001,115.980003,693500,115.980003
"664",116.050003,116.900002,114.279999,116.300003,442000,116.300003
"665",115.32,116.07,111.519997,112.089996,639700,112.089996
"666",113.339996,114.339996,112.190002,113.580002,709900,113.580002
"667",114.370003,114.370003,111.580002,112.580002,534500,112.580002
"668",112.040001,113.830002,111.029999,113.18,376900,113.18
"669",114.739998,117.459999,114.599998,116.709999,652600,116.709999
"670",117.849998,119.779999,117.589996,118.889999,661200,118.889999
"671",116.82,117.040001,113.040001,114.339996,725600,114.339996
"672",114.989998,116.089996,114.720001,115.010002,458400,115.010002
"673",116.419998,118.68,116.199997,117.830002,532400,117.830002
"674",118.419998,119.980003,117.82,118.809998,444800,118.809998
"675",119.589996,122.07,119.370003,121.290001,644700,121.290001
"676",121.050003,126.43,120.910004,125.900002,704700,125.900002
"677",126.849998,129.800003,123.129997,129.080002,665000,129.080002
"678",129.850006,129.850006,125.099998,125.410004,760200,125.410004
"679",123.019997,126.790001,121.199997,125.650002,508900,125.650002
"680",125.629997,125.760002,122,122.449997,846600,122.449997
"681",121.620003,122.5,121.010002,122.199997,807200,122.199997
"682",122.459999,123.540001,121.190002,122.940002,606700,122.940002
"683",123.129997,125,122.540001,124.230003,605900,124.230003
"684",124.529999,125.480003,122.57,123.389999,958000,123.389999
"685",122.07,123.5,121.279999,121.699997,580600,121.699997
"686",121.699997,122.599998,119.830002,120.139999,833600,120.139999
"687",121.010002,122.43,120.610001,122.230003,603300,122.230003
"688",122.260002,123.400002,121.339996,121.519997,467000,121.519997
"689",122.779999,124.769997,122.68,123.580002,540200,123.580002
"690",123.800003,125.169998,123.720001,124.07,396100,124.07
"691",125.029999,126.18,121.089996,121.269997,531900,121.269997
"692",120.410004,120.860001,117.519997,118.980003,825100,118.980003
"693",119.32,122.07,118.970001,121.949997,1053800,121.949997
"694",122.639999,124.120003,122,124.059998,648900,124.059998
"695",122.910004,126.029999,122.870003,124.059998,1064700,124.059998
"696",122.919998,124.120003,121.610001,122.309998,604900,122.309998
"697",123.360001,123.480003,122.459999,123.129997,635900,123.129997
"698",123.589996,123.919998,122.93,123.410004,593900,123.410004
"699",124.720001,126.389999,124.099998,124.419998,664900,124.419998
"700",121.57,123.769997,120.760002,123.260002,473500,123.260002
"701",123.489998,125.690002,123.290001,125.010002,508100,125.010002
"702",125.449997,127.290001,125.139999,125.550003,588200,125.550003
"703",126.300003,126.860001,124.370003,125.080002,536800,125.080002
"704",124.669998,125.540001,123.110001,125.169998,724300,125.169998
"705",126,126.919998,125.160004,125.870003,824200,125.870003
"706",126.18,126.790001,125.209999,125.900002,958600,125.900002
"707",126.230003,128.979996,125.5,128.5,1042400,128.5
"708",127.800003,130.809998,127.169998,129.919998,1472800,129.919998
"709",137.619995,146.660004,136,144.130005,3327700,144.130005
"710",145.779999,146.839996,144.149994,145.199997,1604900,145.199997
"711",145.149994,145.970001,144.320007,144.690002,835900,144.690002
"712",143.710007,144.800003,141.399994,144.330002,795400,144.330002
"713",143.600006,143.600006,138.440002,143.380005,928300,143.380005
"714",143.610001,144.190002,142.020004,143.029999,771300,143.029999
"715",144.25,147.880005,143.699997,147.429993,1043800,147.429993
"716",148.149994,149.699997,146.910004,148.699997,910600,148.699997
"717",148.429993,150.220001,146.729996,150.169998,726100,150.169998
"718",151.050003,153.050003,150.479996,152.119995,1036500,152.119995
"719",152.139999,152.649994,151.309998,152.029999,817700,152.029999
"720",150.860001,152.720001,149.690002,150.059998,818300,150.059998
"721",150.259995,151.029999,147.190002,148.929993,749300,148.929993
"722",147.899994,147.899994,145.639999,147.110001,653200,147.110001
"723",146.440002,146.820007,143.110001,143.220001,755700,143.220001
"724",143.970001,144.220001,140.029999,140.309998,911300,140.309998
"725",140.649994,142.589996,139.600006,141.839996,815200,141.839996
"726",142.289993,142.289993,138.660004,138.729996,632500,138.729996
"727",139.029999,141.610001,137.449997,140.009995,594600,140.009995
"728",139.330002,140.339996,138.559998,138.820007,459500,138.820007
"729",139.949997,140.720001,139.220001,140.270004,498600,140.270004
"730",140.779999,142.479996,140.75,141.429993,649500,141.429993
"731",141.789993,142.960007,140.740005,141.5,709900,141.5
"732",141.440002,141.929993,140.600006,141.259995,426100,141.259995
"733",140.910004,141.309998,138.919998,139.369995,246200,139.369995
"734",139.869995,139.869995,137.300003,137.649994,563800,137.649994
"735",135.839996,135.960007,133.419998,133.860001,648900,133.860001
"736",133.600006,136.529999,133.470001,134.830002,629600,134.830002
"737",135.199997,138.199997,134.919998,138.009995,819900,138.009995
"738",140.270004,141.399994,138.449997,138.720001,720200,138.720001
"739",138.699997,140.440002,138.440002,138.880005,654900,138.880005
"740",138.160004,138.490005,133.070007,133.539993,711500,133.539993
"741",133.089996,136.940002,133.089996,136.669998,475400,136.669998
"742",137.330002,139.729996,136.520004,139.059998,463100,139.059998
"743",138.699997,139.520004,137.080002,137.940002,402000,137.940002
"744",138,139.449997,137.309998,137.350006,387600,137.350006
"745",136.720001,137.779999,134.949997,135.309998,505000,135.309998
"746",135.729996,136.460007,134.850006,136.029999,443900,136.029999
"747",136,136.449997,135.320007,136.020004,359900,136.020004
"748",137.320007,138.009995,135.740005,136.690002,686000,136.690002
"749",136.479996,137.789993,134.509995,134.550003,328300,134.550003
"750",134.850006,135.429993,134.360001,135.139999,153800,135.139999
"751",134.979996,135.440002,133.369995,134.470001,226100,134.470001
"752",134.839996,135.160004,134.139999,134.419998,280300,134.419998
"753",134.580002,136.369995,133.940002,135.380005,319200,135.380005
"754",135.380005,136.860001,135.039993,136.380005,318500,136.380005
"755",136.550003,137.449997,134.039993,134.789993,585200,134.789993
"756",133.309998,133.470001,130.029999,130.949997,843700,130.949997
"757",130.25,132.130005,129.009995,131,1035300,131
"758",131.649994,132.169998,127.660004,128.009995,739600,128.009995
"759",128.220001,129.119995,127.080002,127.610001,594400,127.610001
"760",128.309998,128.539993,126.43,126.75,658300,126.75
"761",127.019997,128.229996,125.940002,127,723400,127
"762",127,129.929993,126.989998,129.919998,654700,129.919998
"763",129.779999,133,129.440002,132.580002,916800,132.580002
"764",132.470001,137.639999,132.009995,137.5,973100,137.5
"765",139.800003,141.279999,138.889999,140.649994,819000,140.649994
"766",140.720001,141.149994,139.009995,139.699997,772900,139.699997
"767",138.639999,141.550003,138.380005,141.289993,827400,141.289993
"768",141.910004,142.059998,140.369995,141.190002,619200,141.190002
"769",140.490005,144.050003,139.710007,143.809998,797400,143.809998
"770",143.029999,144.369995,140.809998,141.860001,530500,141.860001
"771",139.020004,141.149994,137.350006,139.919998,620000,139.919998
"772",141.029999,141.800003,139.520004,139.970001,380900,139.970001
"773",140.240005,140.820007,135.190002,135.529999,499200,135.529999
"774",134.100006,135.460007,132.970001,135.149994,532300,135.149994
"775",135.679993,135.679993,131.149994,131.679993,484800,131.679993
"776",132.220001,133.679993,131.259995,133.169998,572600,133.169998
"777",134.979996,135.919998,132.880005,133.119995,465900,133.119995
"778",133.190002,136.259995,133.119995,133.970001,782600,133.970001
"779",135.110001,135.820007,130.490005,130.5,508200,130.5
"780",129.940002,129.940002,126.959999,127.010002,432800,127.010002
"781",126.599998,128.100006,125.209999,127.300003,577000,127.300003
"782",127.57,129.279999,127.080002,128.25,712300,128.25
"783",129.539993,133.830002,129.5,133.179993,672600,133.179993
"784",132.100006,133.75,131.800003,132.639999,688800,132.639999
"785",132.759995,142.610001,128.009995,137.979996,2264600,137.979996
"786",136.800003,139.309998,131.229996,131.419998,1082400,131.419998
"787",132.039993,133.160004,130.710007,131.330002,778100,131.330002
"788",131.240005,135.580002,130.789993,134.169998,769300,134.169998
"789",133.979996,135.089996,133.119995,135,833700,135
"790",131.860001,132.300003,128.270004,128.789993,887500,128.789993
"791",129.889999,131.25,124.769997,125.360001,966700,125.360001
"792",125.790001,129.210007,125.379997,125.830002,1283400,125.830002
"793",122.769997,128.039993,121.959999,123.339996,1044300,123.339996
"794",119.669998,125.25,118.550003,121.150002,1615500,121.150002
"795",121.589996,122.620003,118.949997,120.860001,1223000,120.860001
"796",120.900002,121.660004,116.599998,117.220001,1304400,117.220001
"797",119,123.209999,117.839996,123.169998,798100,123.169998
"798",119.43,121.400002,118.870003,119.699997,683000,119.699997
"799",115.709999,119.879997,115.349998,118.57,1049500,118.57
"800",112.32,115.889999,110.059998,112.379997,979300,112.379997
"801",115.550003,117.220001,112.379997,117.199997,851500,117.199997
"802",115.050003,116.199997,108,108.5,1163900,108.5
"803",103.290001,104.830002,97.419998,97.43,1231900,97.43
"804",101.419998,102.730003,90.32,96.480003,1663600,96.480003
"805",87.580002,95.129997,81.330002,85.43,1332900,85.43
"806",86.75,89.400002,83.559998,85.870003,1219400,85.870003
"807",81.470001,81.809998,59.880001,65.050003,1463100,65.050003
"808",64.389999,67.779999,58.5,66.379997,1785500,66.379997
"809",66.620003,67.639999,58.23,58.66,1745700,58.66
"810",58.700001,64.529999,56.619999,63.330002,1289200,63.330002
"811",66.980003,77.629997,66.010002,77.290001,1183600,77.290001
"812",77.480003,86.349998,71.779999,82.370003,1410100,82.370003
"813",83.599998,85.360001,79.919998,82.290001,1177000,82.290001
"814",81.580002,82,76.300003,78.040001,1117800,78.040001
"815",78.400002,81.519997,75,80.150002,1101600,80.150002
"816",79.169998,79.620003,75.949997,76.239998,1034600,76.239998
"817",72.669998,74.379997,65.739998,66.919998,1218300,66.919998
"818",68.779999,71.93,63.509998,64.860001,1639000,64.860001
"819",64.860001,67.059998,60.049999,62.009998,1078300,62.009998
"820",65.230003,74.169998,65,73.349998,1360600,73.349998
"821",80.080002,84.669998,76.160004,81.18,1613400,81.18
"822",80.730003,86.089996,78.360001,85.089996,1083800,85.089996
"823",87.260002,90.940002,86.25,88.010002,941100,88.010002
"824",87.129997,87.129997,81.629997,83.410004,516500,83.410004
"825",84.910004,85.720001,80.720001,82.739998,639000,82.739998
"826",77.93,79.870003,76.400002,79.300003,579100,79.300003
"827",76.540001,76.970001,72.379997,74.739998,934000,74.739998
"828",79.169998,80.809998,78.389999,79.599998,1212300,79.599998
"829",75.900002,78.489998,74.970001,76.239998,590600,76.239998
"830",73.5,75.269997,72.510002,73.050003,721400,73.050003
"831",75.160004,76.150002,73.510002,75.059998,570100,75.059998
"832",76.129997,78.550003,76.019997,77.32,980800,77.32
"833",77.790001,80.360001,77.129997,78.959999,1090800,78.959999
"834",80.269997,84.410004,79.5,83.739998,953000,83.739998
"835",86.519997,88.269997,85.580002,87.510002,878800,87.510002
"836",90.849998,94.629997,90.18,93.019997,844700,93.019997
"837",90.639999,90.900002,87.589996,87.720001,477100,87.720001
"838",85.419998,86.550003,82.139999,83.379997,486400,83.379997
"839",82.580002,86.120003,81.550003,84.989998,1001400,84.989998
"840",86.230003,86.290001,79.050003,82.43,1352200,82.43
"841",81.580002,82.559998,78.699997,78.980003,741100,78.980003
"842",79.949997,82.449997,79.019997,80.370003,607600,80.370003
"843",82.349998,85.419998,81.349998,84.860001,672700,84.860001
"844",83.110001,83.349998,79.860001,80.900002,715800,80.900002
"845",81.209999,81.809998,77.620003,77.82,651100,77.82
"846",76.730003,77.610001,72.790001,73.940002,874100,73.940002
"847",72.290001,76.559998,69.870003,75.959999,754500,75.959999
"848",74.940002,77.589996,74.360001,76.580002,563400,76.580002
"849",81.239998,86.870003,80.410004,85.970001,803900,85.970001
"850",85.129997,86.550003,82.370003,82.440002,662500,82.440002
"851",83.769997,85.480003,81.300003,83.029999,483100,83.029999
"852",81.440002,85.580002,81.440002,84.139999,500200,84.139999
"853",84.629997,85.169998,81.620003,83.309998,361700,83.309998
"854",87.970001,94.330002,87.300003,93.470001,1077600,93.470001
"855",98.559998,99.790001,95.43,99.43,816300,99.43
"856",99.400002,99.989998,92.720001,93.160004,833500,93.160004
"857",92.150002,93.739998,90.019997,93.199997,1488100,93.199997
"858",93.139999,94.559998,92.099998,93.089996,563300,93.089996
"859",94.010002,97.339996,94.010002,97,592500,97
"860",98.440002,104.669998,98.370003,104.459999,848800,104.459999
"861",103.75,108.650002,102.120003,108,1177500,108
"862",115.790001,116.959999,107.529999,108.650002,1137800,108.650002
"863",113.32,116.480003,112.300003,115.690002,802500,115.690002
"864",111.669998,113.599998,109.239998,112.720001,711400,112.720001
"865",111.139999,112.949997,105.940002,106.050003,871900,106.050003
"866",97.489998,100.93,94.75,95.970001,1004600,95.970001
"867",98.669998,100.980003,94.349998,97.739998,687900,97.739998
"868",93.199997,98.57,92.489998,97.720001,726500,97.720001
"869",103.650002,103.82,96.980003,98.25,849500,98.25
"870",98.169998,99.050003,94.919998,95.349998,787600,95.349998
"871",94.510002,97.349998,93.739998,94.889999,461300,94.889999
"872",96.970001,96.970001,92.959999,93.07,1136400,93.07
"873",92,93.169998,89.889999,92.220001,461600,92.220001
"874",94.5,104.389999,94.410004,103.879997,3397700,103.879997
"875",101.379997,103.300003,98.620003,99.290001,1154100,99.290001
"876",98.199997,98.699997,94.75,98.360001,697200,98.360001
"877",97.519997,98.290001,94.050003,95.709999,902600,95.709999
"878",97.080002,100.050003,95.970001,99.800003,538900,99.800003
"879",99.360001,102.529999,97.959999,101.760002,723800,101.760002
"880",101.480003,103.199997,97.389999,97.510002,612800,97.510002
"881",99.900002,102.879997,97.879997,99.209999,542400,99.209999
"882",101.650002,103.650002,100.510002,103.260002,917500,103.260002
"883",102,102.790001,95.510002,95.980003,1519000,95.980003
"884",95.480003,96.970001,89.18,91.389999,2594100,91.389999
"885",89.410004,91.389999,68.099998,73.120003,10934600,73.120003
"886",73.260002,78.989998,69.209999,70.470001,4359100,70.470001
"887",71.809998,77.330002,69.440002,76.599998,3949000,76.599998
"888",69.889999,74.879997,67.790001,74.209999,4160700,74.209999
"889",76.639999,77.779999,75.169998,76.540001,1497400,76.540001
"890",76.040001,80.699997,75.470001,77.93,1789900,77.93
"891",78.239998,79.110001,77.239998,78.480003,1435100,78.480003
"892",78.68,79.32,77.190002,78.779999,1230200,78.779999
"893",79.099998,82.010002,78.870003,79.419998,1059700,79.419998
"894",79.089996,84.370003,78.550003,83.870003,1278100,83.870003
"895",83.720001,85.760002,82.339996,83.660004,908300,83.660004
"896",83.870003,85.540001,82.169998,85.010002,1553100,85.010002
"897",84.870003,87.410004,83.800003,87.330002,1554900,87.330002
"898",85,87.699997,83.550003,85.139999,1681900,85.139999
"899",85.839996,87.080002,85.540001,86.010002,903900,86.010002
"900",84.82,85.639999,83.25,83.290001,710600,83.290001
"901",83.910004,84.110001,79,79.849998,1045200,79.849998
"902",80.010002,80.589996,78.93,79.449997,1194300,79.449997
"903",79.769997,83.849998,79.769997,81.25,978400,81.25
"904",82.629997,85.18,81.43,85.18,942400,85.18
"905",84.510002,87.449997,83.860001,86.360001,1058900,86.360001
"906",88.440002,90.360001,83.07,85.650002,1338400,85.650002
"907",86.290001,91.410004,86.220001,90.660004,967300,90.660004
"908",92.75,94.419998,90.5,91.290001,640700,91.290001
"909",92.290001,92.889999,89.389999,91.440002,753100,91.440002
"910",90.209999,91.809998,88.410004,89.010002,468200,89.010002
"911",87.959999,90.93,87.339996,90.260002,617400,90.260002
"912",90.410004,92.260002,90,91.650002,787400,91.650002
"913",91.57,92.220001,90.120003,90.599998,976000,90.599998
"914",91.449997,91.459999,89.529999,90.169998,578000,90.169998
"915",88.860001,91.360001,88.150002,89.849998,530400,89.849998
"916",90.040001,91.300003,89.639999,90.32,560400,90.32
"917",90.660004,94.470001,90.660004,93.510002,638400,93.510002
"918",93.959999,94.419998,90.449997,93.32,629600,93.32
"919",93.540001,94.029999,92.150002,93.260002,454600,93.260002
"920",94.209999,97.860001,93.529999,96.959999,821300,96.959999
"921",96.940002,97.910004,95.559998,96.330002,675500,96.330002
"922",95.93,95.93,92.199997,92.330002,712200,92.330002
"923",92.629997,94.059998,91.110001,91.93,785100,91.93
"924",92.470001,94.309998,91.480003,93.919998,522200,93.919998
"925",94.370003,94.459999,90.209999,91.290001,570900,91.290001
"926",91.120003,94.099998,90.989998,92.43,432500,92.43
"927",92.129997,94.199997,91.269997,92.540001,499700,92.540001
"928",92,94.519997,91.82,94.089996,422000,94.089996
"929",94.980003,95.620003,93.150002,93.75,537900,93.75
"930",94.699997,97.050003,93.839996,96.940002,532800,96.940002
"931",97.879997,101.339996,97.389999,100.459999,642100,100.459999
"932",100,101.68,98.150002,98.790001,762600,98.790001
"933",99.790001,102.300003,99.410004,100.290001,527400,100.290001
"934",101.970001,103.75,100.18,103.379997,596400,103.379997
"935",102.75,103.82,100.120003,101.160004,849500,101.160004
"936",97.919998,98.559998,92.559998,95.879997,584500,95.879997
"937",95.669998,97.779999,95.290001,96.309998,422900,96.309998
"938",97.129997,99.43,94.510002,94.699997,290400,94.699997
"939",94.160004,95.860001,92.169998,94.809998,524500,94.809998
"940",94,94.599998,92.830002,94.239998,487300,94.239998
"941",97.279999,99.599998,95.720001,98.419998,569700,98.419998
"942",97.910004,98.43,95.610001,96.269997,407400,96.269997
"943",95.650002,98.75,95.580002,97.589996,732700,97.589996
"944",99.239998,100.18,96.790001,98.400002,508800,98.400002
"945",95.699997,102.480003,95.529999,102.190002,504800,102.190002
"946",103.529999,107.330002,103.529999,106.980003,454100,106.980003
"947",107.040001,109.160004,104.32,104.910004,500900,104.910004
"948",106.720001,108.639999,105.489998,106.379997,368500,106.379997
"949",107.629997,109.580002,107.25,109.010002,415300,109.010002
"950",110,110,102.949997,104.239998,740800,104.239998
"951",106.360001,106.949997,103.760002,105.150002,445700,105.150002
"952",104.699997,105.480003,101.760002,102.239998,515900,102.239998
"953",103.839996,104.639999,102.040001,103.610001,561100,103.610001
"954",102.669998,103.169998,101.919998,103,378200,103
"955",103.550003,106.519997,102.949997,105.379997,582400,105.379997
"956",105.360001,106.379997,100.879997,101.580002,540300,101.580002
"957",102.959999,105.910004,102.440002,102.889999,374200,102.889999
"958",101.910004,102.830002,99.540001,99.709999,438000,99.709999
"959",100.160004,103.540001,99,101.93,553700,101.93
"960",103.290001,105.699997,102.910004,104.68,471800,104.68
"961",102.769997,102.910004,98.120003,99.32,593400,99.32
"962",99.510002,99.860001,96.57,97.32,448300,97.32
"963",94.540001,96.669998,92.040001,92.209999,512900,92.209999
"964",92.209999,95.260002,90.980003,93.050003,762300,93.050003
"965",105.919998,109.949997,98.400002,103.190002,1809100,103.190002
"966",106.459999,115.150002,105.660004,114.690002,1886800,114.690002
"967",116.040001,118.080002,115.360001,116.989998,975700,116.989998
"968",115.839996,119.169998,114.510002,118.089996,908100,118.089996
"969",118.400002,122.610001,118.400002,122.169998,720000,122.169998
"970",121.709999,123.470001,120.25,120.580002,541700,120.580002
"971",127.050003,133.210007,122.190002,122.230003,1117900,122.230003
"972",123.699997,126,122.540001,122.800003,792600,122.800003
"973",122.93,123.139999,117.760002,118.940002,794000,118.940002
"974",119.330002,120.290001,115.790001,117.830002,621300,117.830002
"975",118.790001,123.610001,118.760002,123.139999,523200,123.139999
"976",124.879997,130.729996,124.32,129.119995,711600,129.119995
"977",127.529999,131.679993,125.220001,131.149994,656100,131.149994
"978",130.630005,132.820007,128.240005,128.25,493700,128.25
"979",127.779999,128.080002,124.25,126.980003,717700,126.980003
"980",126.870003,127.400002,124.959999,127.150002,397400,127.150002
"981",128.460007,131.460007,127.870003,130.5,547100,130.5
"982",133,135.029999,131.649994,134.860001,737300,134.860001
"983",133.710007,133.710007,129.779999,133.130005,474400,133.130005
"984",132.25,132.25,129.389999,130.550003,244900,130.550003
"985",129.660004,130.289993,125.709999,125.830002,840100,125.830002
"986",127.790001,128.729996,125.330002,126.730003,560400,126.730003
"987",125.529999,129.789993,124.160004,124.760002,684700,124.760002
"988",130.869995,134.520004,127.269997,132.279999,991100,132.279999
"989",132.130005,134.529999,131.619995,132.850006,483800,132.850006
"990",131.419998,135.350006,130.130005,134.600006,1044900,134.600006
"991",132.270004,134.570007,131.020004,132.770004,432900,132.770004
"992",133.669998,135.050003,132.699997,134.410004,823600,134.410004
"993",132.729996,135.149994,132,132.979996,838700,132.979996
"994",131.970001,137.059998,131.970001,134.75,579000,134.75
"995",136.080002,136.649994,131.410004,131.529999,832400,131.529999
"996",133.679993,134.630005,130.960007,134.139999,569500,134.139999
"997",134.949997,135.539993,131.330002,132.610001,642500,132.610001
"998",133.080002,135.259995,132.380005,135.25,798100,135.25
"999",135.860001,139.479996,135.539993,138.429993,1563000,138.429993
"1000",135.009995,137.539993,134.160004,136.600006,574500,136.600006
"1001",137.119995,138.270004,135.360001,135.669998,462500,135.669998
"1002",136.509995,138.429993,136,137.149994,424300,137.149994
"1003",136.979996,138.869995,135.460007,138.720001,161800,138.720001
"1004",140.270004,141.990005,138.850006,140.490005,333300,140.490005
"1005",140.309998,140.740005,137.949997,139.470001,397700,139.470001
"1006",139.850006,142.839996,139.559998,142.509995,349300,142.509995
"1007",141.860001,142.100006,139.589996,140.949997,363700,140.949997
