"","MKTX.Open","MKTX.High","MKTX.Low","MKTX.Close","MKTX.Volume","MKTX.Adjusted"
"1",149.789993,151.479996,147.789993,150.179993,320900,145.26709
"2",150.679993,154.550003,150.669998,152.919998,322800,147.91745
"3",152.449997,153.600006,151.5,152.710007,243400,147.714294
"4",158.539993,159.080002,156.169998,157.149994,463200,152.009064
"5",156.899994,157.699997,155.089996,156.789993,174000,151.660843
"6",156.130005,156.970001,153.740005,156.059998,215500,150.954727
"7",156.5,157.419998,154.809998,156.990005,194200,151.85434
"8",156.470001,156.720001,154.710007,156.350006,155700,151.235229
"9",157.100006,159.940002,155.350006,156.850006,189600,151.718872
"10",155.919998,157.710007,153.949997,155.509995,171900,150.422699
"11",156.289993,157.330002,155.320007,156.509995,132900,151.389969
"12",156.270004,156.619995,154.460007,155.229996,145000,150.151917
"13",155.320007,157.300003,155.320007,156.889999,178100,151.757584
"14",156.649994,159.429993,154.990005,155.389999,167500,150.306641
"15",155.949997,159.25,154.029999,158.360001,218100,153.179489
"16",170.660004,178,166,175.990005,616000,170.232758
"17",176.990005,182.860001,176.550003,180.410004,456900,174.508163
"18",181.039993,181.809998,178.100006,179.820007,274800,173.937469
"19",179.990005,181.490005,178.070007,181.339996,209700,175.4077
"20",183.470001,188.869995,183.470001,187.25,503800,181.124405
"21",190.289993,190.289993,186.5,188.139999,357700,181.985245
"22",187.779999,190.100006,185.889999,188.100006,270400,181.946609
"23",189.660004,191.309998,187.070007,191.270004,225100,185.012909
"24",191.440002,191.440002,189.020004,190.279999,197100,184.055267
"25",190.039993,194.119995,189.029999,189.339996,265600,183.464188
"26",188.660004,189.630005,185.830002,187.470001,234300,181.652222
"27",187.839996,189.470001,186.570007,188.330002,229100,182.485565
"28",188.669998,188.949997,186.429993,186.820007,161300,181.0224
"29",186.979996,190.330002,186.979996,189.800003,226900,183.909912
"30",188.880005,190.229996,187.240005,190.070007,176400,184.171524
"31",189.979996,191.990005,188.009995,191.690002,122000,185.741257
"32",191.5,193.470001,190.059998,191.679993,83000,185.731537
"33",191.449997,193.440002,190.149994,193.080002,126200,187.088135
"34",193.630005,195.229996,191.839996,192.740005,195700,186.758728
"35",192.380005,195.149994,192.270004,195.020004,146200,188.967926
"36",194.740005,195.529999,192.850006,194.850006,176400,188.803223
"37",193.800003,196.289993,193.240005,196.179993,172500,190.091888
"38",196.899994,197.059998,191.139999,194.990005,286200,188.938843
"39",195.330002,196.610001,192.539993,195.229996,234300,189.171417
"40",196.449997,200.899994,193.880005,197.740005,235800,191.603516
"41",196.960007,197.809998,191.779999,191.949997,167000,185.99321
"42",192.660004,195.940002,190.410004,193.850006,276800,187.834259
"43",192.850006,195.919998,191.820007,192.800003,145000,186.816833
"44",192.910004,194.830002,191.259995,192.539993,126800,186.56488
"45",192.220001,194,190.830002,190.970001,118500,185.043594
"46",190.949997,192.789993,190.440002,192.110001,108600,186.148254
"47",193.070007,194.179993,191.029999,191.5,106100,185.557159
"48",191.479996,192.990005,190.690002,191.679993,110700,185.731537
"49",190.690002,192.179993,189.839996,191.240005,108600,185.305206
"50",191.800003,192.889999,190.149994,191.119995,121500,185.188934
"51",191.710007,192.869995,190.470001,190.779999,138500,184.859482
"52",190.669998,191.059998,189.589996,190.050003,263800,184.152145
"53",189.809998,192.490005,189.199997,189.830002,94200,183.938995
"54",189.979996,190.009995,184.220001,184.429993,128200,178.706543
"55",184.190002,191.419998,184.190002,187.949997,144500,182.117325
"56",188.25,191.740005,186.800003,187,95000,181.196823
"57",187.020004,189.279999,186.649994,187.699997,77300,181.875076
"58",185.039993,186.139999,181.820007,184.990005,216800,179.249207
"59",185.110001,188.330002,182.669998,185.910004,300500,180.14064
"60",185.630005,186.139999,182.990005,185.110001,172400,179.365463
"61",185.630005,186.660004,183.300003,185.940002,119300,180.169724
"62",185,188.789993,183.850006,187.490005,256400,181.671616
"63",187.089996,190.690002,186.419998,187.149994,151000,181.342194
"64",186.869995,187.990005,184.910004,185.869995,163400,180.101852
"65",188,190.729996,177.639999,180.100006,415300,174.51091
"66",179.729996,182.600006,178.860001,181.539993,221200,175.906219
"67",180.300003,183.720001,180.300003,182.729996,122900,177.059296
"68",183.839996,184.389999,181.539993,183.259995,115300,177.572891
"69",183.100006,183.639999,181.330002,182.940002,133600,177.262833
"70",183.289993,183.759995,180.339996,180.820007,122600,175.208603
"71",180.889999,182.990005,177.899994,178.070007,127900,172.543945
"72",178.070007,182.970001,177.619995,182.699997,129100,177.030258
"73",181.779999,183.889999,180.509995,183.059998,171200,177.379074
"74",184.570007,184.580002,182.080002,182.990005,79200,177.311264
"75",184.050003,185.470001,182.339996,185.300003,80000,179.549576
"76",185.100006,185.240005,183.160004,184.600006,93000,178.871307
"77",187.720001,187.720001,183.419998,185.610001,134000,179.849945
"78",186.550003,187.559998,184.080002,184.669998,116100,178.939087
"79",187.949997,197.710007,186.889999,194.550003,270400,188.512482
"80",195.029999,197.740005,194.869995,195.880005,220000,189.801254
"81",195.300003,196.139999,191.110001,192.520004,168100,186.545471
"82",193.520004,194.080002,190.479996,192.119995,154600,186.157898
"83",191.610001,191.649994,188.679993,189.369995,159700,183.493301
"84",189.639999,190.169998,184.259995,186.839996,187400,181.041763
"85",187.089996,188.240005,183.520004,186.5,167700,180.712296
"86",186.800003,188.199997,184.809998,187.839996,160300,182.010773
"87",186.850006,187.690002,184.210007,186.009995,184500,180.237534
"88",185.309998,187.789993,185.309998,186.539993,143400,181.072327
"89",186.229996,189.149994,185.800003,188.160004,208300,182.644867
"90",187.779999,188.919998,184.419998,188.330002,179300,182.809875
"91",187.130005,188.070007,185.990005,186.389999,132900,180.926697
"92",187.5,190.100006,187.429993,188.389999,148800,182.868103
"93",187.970001,189.990005,183.809998,184.720001,179600,179.305664
"94",182.429993,185.830002,181.75,182.339996,190700,176.995438
"95",181.669998,183.399994,180,182.050003,126100,176.713974
"96",183.050003,186.589996,182.190002,186.399994,138700,180.936432
"97",186.539993,188.009995,184.440002,185.399994,117700,179.965714
"98",185.820007,188.259995,183,188,120300,182.489487
"99",188.199997,192.320007,188.199997,191.679993,184300,186.061615
"100",192.130005,196.600006,192.130005,195.559998,184700,189.827957
"101",195.419998,196.660004,192.270004,194.169998,192300,188.478668
"102",193.660004,194.889999,191.139999,191.210007,140300,185.605438
"103",192.220001,192.509995,188.080002,190.580002,172100,184.993927
"104",191.860001,192.580002,189.080002,191.970001,144700,186.34314
"105",192.020004,192.979996,189.300003,191.600006,145000,185.984024
"106",190.899994,194.070007,189.339996,190.5,115300,184.916229
"107",188.529999,189.220001,186.550003,187.990005,233500,182.479813
"108",188.330002,196.050003,187.050003,194.75,175400,189.041687
"109",195.710007,203.389999,193.860001,199.330002,297700,193.487427
"110",200.360001,205.5,198.300003,201.940002,198000,196.020935
"111",202.199997,204.550003,198.949997,204.339996,200100,198.350586
"112",204.830002,207.419998,203.809998,206.149994,229400,200.107529
"113",205.360001,208.350006,205.009995,206.759995,207600,200.699677
"114",205.130005,207.979996,203.389999,207.339996,89500,201.26265
"115",206.800003,209.009995,203.639999,205.679993,250300,199.651337
"116",206.199997,209.460007,205.679993,207.929993,189000,201.835327
"117",208.100006,211.059998,206.929993,207.440002,180000,201.359711
"118",207.330002,208,202.110001,202.449997,224300,196.515976
"119",201.550003,202.660004,200.669998,201.770004,141000,195.855927
"120",201.869995,203.149994,200.779999,201.389999,173900,195.487045
"121",201.949997,201.949997,199.860001,200.850006,93300,194.962875
"122",200.630005,200.75,197.240005,197.639999,165100,191.846985
"123",199,203,197.809998,201.759995,162000,195.846207
"124",202.559998,204.309998,200.039993,203.520004,198800,197.554626
"125",204.520004,205.169998,200.029999,201.100006,164800,195.205566
"126",201.699997,204.720001,201.279999,203.389999,64000,197.428436
"127",203.139999,206.149994,202.789993,205.75,131700,199.719269
"128",204.149994,204.789993,193.119995,193.380005,354300,187.711823
"129",194.199997,195.539993,191.410004,194.039993,175500,188.352493
"130",193.529999,196.100006,190.5,194.990005,234200,189.274628
"131",194.979996,196.139999,192.320007,193.240005,164500,187.575958
"132",194.179993,194.910004,192.720001,193.75,157800,188.070999
"133",194.309998,194.899994,191.470001,194.169998,176600,188.478668
"134",193.649994,196.5,190.110001,190.410004,196600,184.828934
"135",190.020004,192.110001,186.919998,190.449997,341100,184.867706
"136",190.449997,193.490005,189.110001,192.589996,196600,186.944992
"137",193.800003,196.610001,190.539993,194.619995,219600,188.915451
"138",195.149994,196.669998,192.339996,194.679993,277700,188.97374
"139",193.369995,196.960007,193.369995,194.919998,165800,189.206711
"140",195.020004,198.270004,194.75,196.75,166500,190.983078
"141",197.669998,199.990005,196.210007,199.479996,292600,193.633041
"142",200,209.690002,199.970001,205.149994,403200,199.136856
"143",206.759995,207.070007,201.110001,205.520004,189600,199.495987
"144",204.669998,208.649994,204.619995,207.839996,209600,201.748001
"145",207.429993,209.25,202.669998,202.889999,214600,196.9431
"146",203.880005,205.880005,200.759995,204.220001,201800,198.2341
"147",204.309998,206.190002,202.009995,205.570007,168300,199.54454
"148",205.940002,206.410004,202.789993,205.070007,99000,199.059189
"149",206.029999,207.020004,204.089996,206.009995,80700,199.971649
"150",206.419998,206.419998,201.669998,201.889999,139500,195.972382
"151",201.830002,205.990005,196.539993,197.429993,209600,191.956879
"152",196.460007,199.25,196.029999,199.050003,116000,193.531998
"153",197.710007,197.860001,195.300003,195.410004,144700,189.992905
"154",196.289993,197.479996,192.279999,192.460007,254400,187.12468
"155",194.360001,195.820007,192.360001,193.259995,166700,187.902496
"156",193.509995,194.619995,191.199997,192.490005,189000,187.153824
"157",192.639999,194.470001,190.179993,192.979996,238900,187.630264
"158",192.740005,193.320007,190.529999,192.029999,230200,186.706589
"159",192.270004,192.630005,187.350006,188.710007,344000,183.478622
"160",188.059998,192.039993,185.039993,191.589996,397000,186.278778
"161",192.669998,193.850006,191.5,193.339996,136000,187.980255
"162",193.029999,195.160004,192.130005,194.089996,192800,188.709457
"163",194.210007,194.649994,190.380005,190.610001,97500,185.325974
"164",191.270004,192.220001,190.110001,190.600006,140400,185.316208
"165",191.270004,191.550003,188.490005,189.919998,103900,184.655075
"166",188.559998,189.800003,186.800003,188.869995,79000,183.634171
"167",189.419998,191.580002,188.669998,191.399994,72000,186.094055
"168",191.869995,194.119995,191.190002,192.949997,144000,187.601074
"169",193.270004,193.270004,188.350006,188.979996,154300,183.741135
"170",187.559998,188.160004,186.169998,187.470001,189300,182.272995
"171",187,187,176.440002,176.580002,505200,171.684875
"172",176.210007,176.580002,172.889999,176.220001,308500,171.334854
"173",176.509995,178.580002,173.570007,178.380005,269900,173.434998
"174",180.059998,180.970001,178.169998,179.809998,199100,174.825348
"175",180.440002,181.600006,177.889999,180.080002,213100,175.087891
"176",178.970001,181.149994,178.660004,180.770004,244300,175.758728
"177",181.130005,182.029999,178.899994,181.210007,184100,176.186554
"178",180.070007,181.570007,178.639999,179.179993,438200,174.212784
"179",179.600006,180.830002,179.039993,180.429993,124000,175.428162
"180",180.770004,181.470001,179.220001,179.979996,169600,174.990616
"181",180.470001,182.25,179.580002,181.330002,140400,176.303223
"182",180.720001,181.270004,178.899994,179.509995,127000,174.533646
"183",179.139999,182.990005,179.100006,182.5,136200,177.44075
"184",182.5,183.139999,177.990005,178.5,246400,173.551666
"185",178.5,179.330002,175.820007,176.199997,179200,171.31543
"186",176.440002,179.559998,176.440002,178.850006,292000,173.891983
"187",177.460007,183.479996,177.309998,182.910004,217600,177.839432
"188",183.100006,188.419998,182.119995,184.509995,332600,179.395065
"189",184,186.699997,184,185.789993,181200,180.639572
"190",185.389999,186.630005,184.479996,185.070007,197100,179.939514
"191",183,184.669998,180.320007,184.039993,434000,178.93808
"192",184.639999,186.729996,183.220001,186.639999,167000,181.466019
"193",186.649994,187.910004,185.869995,187.449997,242000,182.253525
"194",187.190002,190,186.75,189.369995,191300,184.120346
"195",190,190.039993,186.679993,187.649994,329400,182.447998
"196",186.759995,191.929993,186.669998,191.710007,225600,186.395432
"197",191.919998,193.630005,189.630005,190.169998,178000,184.898148
"198",190.289993,192.309998,190.289993,191.279999,147700,185.977386
"199",192.300003,192.660004,189.729996,192.389999,161500,187.056625
"200",193,193.360001,191.089996,191.389999,168900,186.084335
"201",191.919998,194.279999,190.160004,193.479996,268400,188.116394
"202",192.800003,192.800003,188.339996,188.669998,178300,183.439758
"203",189.649994,190.910004,188.009995,190.259995,153300,184.985687
"204",190.410004,191.300003,189.539993,191.240005,145400,185.938492
"205",191.649994,192.399994,189.330002,190.080002,304400,184.810623
"206",182.5,185.679993,174.600006,179.679993,829400,174.698944
"207",180,183.139999,176.800003,179.429993,445500,174.455856
"208",178.699997,179.399994,171.449997,175.589996,397100,170.722321
"209",174.270004,175.169998,172.600006,173.050003,216700,168.252747
"210",173.059998,176.229996,172.690002,174,410400,169.176392
"211",175.759995,177.720001,174.660004,175.729996,328800,170.858414
"212",175.720001,177.910004,175.520004,176.5,306200,171.607101
"213",176.460007,177.690002,175.570007,177,242300,172.093246
"214",182.660004,183.639999,177.520004,179.949997,309400,174.961487
"215",180.240005,181.360001,177.449997,178.009995,305700,173.393219
"216",179,180.589996,176,178.75,344900,174.114014
"217",178.369995,178.380005,174.419998,174.5,257000,169.974289
"218",173.820007,175.020004,171.820007,173.490005,245000,168.990463
"219",173.399994,174.940002,171.600006,174.520004,195200,169.993744
"220",174.509995,175.520004,173.619995,173.940002,148600,169.428772
"221",172.960007,178.690002,171.529999,177.820007,250500,173.208145
"222",178.960007,178.960007,176,176.25,221900,171.678894
"223",176,181.520004,175.929993,180.399994,222500,175.721207
"224",180.979996,183.369995,180,183.289993,183600,178.53627
"225",184.080002,188.639999,184.080002,188.410004,362900,183.523483
"226",189.089996,189.630005,186.619995,187.979996,396900,183.10463
"227",188.279999,188.830002,187.399994,188.470001,80400,183.581955
"228",188.75,190.740005,187.899994,188.559998,238300,183.669601
"229",188.940002,193.529999,188.399994,193.429993,268400,188.4133
"230",194.009995,196.660004,193.600006,196.039993,323800,190.955597
"231",196.429993,197.529999,192.919998,195.270004,353900,190.205597
"232",195.649994,195.649994,192.610001,195.350006,254700,190.283493
"233",197.399994,199.899994,196.009995,197.190002,225100,192.075775
"234",195.880005,198.970001,195.199997,196.089996,293700,191.004288
"235",196.009995,198.270004,195.399994,197.029999,180400,191.919983
"236",196.210007,198.660004,195.070007,195.600006,196000,190.527023
"237",195.699997,197.880005,194.850006,196,194200,190.916626
"238",195.850006,197.410004,195.270004,196.820007,155600,191.715378
"239",197.070007,199.600006,195.610001,197.210007,139800,192.095276
"240",196.940002,198.490005,196.029999,196.25,158900,191.160172
"241",196.830002,196.830002,194.559998,195.070007,262000,190.010803
"242",195.339996,197.429993,193.679993,193.850006,332800,188.822418
"243",195.070007,200.509995,194.089996,199.360001,305200,194.189499
"244",199.550003,205.860001,199.25,202.100006,400800,196.858444
"245",203.070007,205.320007,200.089996,202.910004,420700,197.64743
"246",203.220001,204.860001,201.710007,201.720001,237500,196.488327
"247",200.860001,202.660004,200.449997,201.75,157000,196.517532
"248",200.740005,201.979996,199.080002,201.020004,232100,195.806427
"249",201.389999,202.199997,200.350006,201,227600,195.786972
"250",201.830002,202.009995,200.300003,201.809998,162700,196.575943
"251",202.070007,203.089996,200.919998,201.75,362400,196.517532
"252",202.360001,203.970001,198.199997,203.630005,391600,198.348755
"253",203.5,204.600006,200.789993,200.940002,275800,195.728516
"254",200.5,206.770004,200.059998,206.539993,329300,201.183289
"255",207.679993,210.630005,206.830002,207.229996,181600,201.855408
"256",205.570007,208.979996,204.970001,207.410004,182000,202.030731
"257",208.050003,209.289993,204.369995,204.559998,186400,199.254608
"258",204.380005,208.25,203.669998,206.380005,229700,201.027466
"259",206.259995,207.619995,201.169998,201.520004,207500,196.293488
"260",200.850006,203.960007,200.110001,203.720001,213700,198.436462
"261",204.490005,207.759995,204.460007,206.460007,297600,201.105347
"262",206.710007,208.729996,204,207.369995,233900,201.991776
"263",207.389999,208.740005,206.479996,207.860001,196300,202.46904
"264",208.440002,209.479996,206.929993,208.389999,182500,202.985321
"265",200,204.139999,199.770004,201.259995,430900,196.040222
"266",201.350006,202.25,195.940002,195.979996,274100,190.897141
"267",196.100006,201.589996,193.029999,195.740005,510300,190.663391
"268",197.009995,198.919998,193.470001,193.580002,258200,188.559418
"269",194.229996,194.490005,191,193.490005,289400,188.471741
"270",193.270004,195.330002,190.119995,190.789993,264500,185.841766
"271",190,196.259995,189.960007,191.850006,347400,186.874283
"272",195.839996,199.800003,190.479996,196.210007,462300,191.121185
"273",194.339996,196,189.460007,195.600006,384100,190.527023
"274",194.509995,199.539993,192.550003,196.289993,283000,191.199142
"275",195.279999,201.960007,194.399994,197.130005,597800,192.017334
"276",194.919998,197.169998,191.770004,195.259995,545600,190.195801
"277",195.270004,196.559998,193.559998,195.009995,162800,189.952286
"278",195.199997,195.970001,188.479996,189.020004,379300,184.117691
"279",190.259995,191.970001,185.25,189.160004,307000,184.254028
"280",189.990005,194.470001,189.320007,191.5,156600,186.533371
"281",190.419998,193.539993,187.089996,193.300003,206300,188.700531
"282",192.309998,198.089996,192.309998,197.600006,188000,192.898209
"283",198.210007,199.970001,196.160004,198.899994,128300,194.167267
"284",198.779999,201.860001,197.940002,201.399994,122900,196.607788
"285",201.139999,202.990005,198.009995,200.119995,242300,195.358246
"286",200.100006,204.619995,199.759995,201.990005,253600,197.183762
"287",203,203.869995,198.479996,199.399994,215200,194.655396
"288",199.429993,200.160004,197.529999,197.679993,150100,192.976303
"289",198.220001,200.190002,196.899994,199.669998,115100,194.918945
"290",199.770004,203.080002,199.770004,201.009995,130200,196.227081
"291",201.440002,204.830002,200.669998,202.399994,212000,197.584015
"292",202.570007,206.710007,200.240005,205.600006,298900,200.707855
"293",203.990005,208.460007,200.619995,202.880005,483900,198.052597
"294",201.639999,210.25,200.600006,209.199997,337400,204.222198
"295",209.25,212.550003,208.259995,211.470001,285100,206.438202
"296",210,213.410004,208.110001,212.479996,296800,207.424149
"297",212.990005,218.330002,212.199997,216.729996,224000,211.573044
"298",218,221.25,216.449997,218.880005,192100,213.67186
"299",219.429993,223.619995,218.199997,223.149994,225500,217.840302
"300",223.770004,227.059998,223.770004,223.970001,472400,218.640778
"301",224.179993,224.970001,219.929993,223.570007,159600,218.25029
"302",223.779999,225.389999,221.940002,224.089996,203800,218.757874
"303",224.460007,226.669998,223.449997,224.589996,265300,219.246002
"304",224.449997,226.630005,220.410004,222.75,165300,217.449799
"305",223.309998,229.839996,223.309998,224.220001,267400,218.884827
"306",223.770004,225.660004,220.979996,223.369995,214100,218.055023
"307",222.539993,226.190002,221.169998,221.240005,198300,215.975708
"308",221.330002,221.839996,218.119995,219.539993,322100,214.316132
"309",221.559998,222.539993,218.630005,221.710007,187500,216.43454
"310",222.320007,222.710007,216.779999,217.279999,257000,212.10994
"311",217.270004,218.149994,211.759995,212.979996,290200,207.912231
"312",213.779999,217.960007,213.440002,217.440002,153900,212.266098
"313",217.5,218.710007,210.309998,212.270004,171200,207.219162
"314",213.389999,216.270004,210.009995,213.410004,262800,208.332031
"315",210.330002,213.440002,206.619995,212.240005,290900,207.189865
"316",212.610001,213.630005,208.210007,208.440002,280300,203.48027
"317",208.059998,208.309998,202.839996,206.679993,305000,201.762161
"318",208.529999,211.660004,207.550003,207.809998,155800,202.86528
"319",209.990005,212.039993,205.990005,206.380005,177500,201.469315
"320",204.889999,206.669998,202.899994,205.850006,308500,200.951935
"321",205.289993,206,201.75,203.479996,299500,198.638306
"322",203.490005,203.669998,200.050003,202.070007,233500,197.261841
"323",202.559998,205.660004,202.559998,204.399994,155400,199.536407
"324",205.029999,207.149994,205.029999,205.990005,234700,201.088593
"325",207.320007,208.679993,200.929993,203.089996,219400,198.257599
"326",203.119995,205.309998,202.350006,202.669998,160900,197.847549
"327",203.029999,205.080002,201.979996,202.5,295600,197.681625
"328",202.949997,203.850006,198.779999,202.059998,182000,197.252106
"329",202.520004,204.449997,199.869995,200.880005,170500,196.100189
"330",201.460007,203.589996,195.369995,199.289993,276400,194.547989
"331",199.089996,202.139999,196.490005,199.479996,167500,194.733475
"332",199.490005,199.509995,196.779999,199.259995,148800,194.518692
"333",199.460007,202.759995,198.169998,198.630005,221900,193.903687
"334",198.050003,201.889999,196.279999,201.520004,190100,196.72496
"335",201.179993,203.619995,200.190002,202.020004,132600,197.213013
"336",201.580002,202.380005,197.429993,199,205300,194.264877
"337",198.169998,202.970001,196.419998,201.740005,203400,196.939697
"338",201.839996,205.5,201.839996,204.020004,85600,199.165451
"339",203.559998,204.600006,201.440002,203.300003,124800,198.871979
"340",203.320007,206.940002,201.789993,205.75,221300,201.268631
"341",205.699997,205.919998,203.779999,204.610001,107800,200.153442
"342",204.5,206.100006,203.550003,205.729996,79700,201.249069
"343",205.729996,205.729996,199.369995,199.630005,167100,195.281921
"344",199.880005,202.649994,198.610001,201.320007,177200,196.935135
"345",201.529999,203.660004,199.25,202.240005,129200,197.835083
"346",201.910004,203,200.380005,202.820007,97800,198.40242
"347",203.309998,206.199997,201.690002,204.720001,163500,200.261047
"348",205.240005,210.869995,205.240005,210.589996,167600,206.003204
"349",210.5,213.080002,208.940002,210.309998,139700,205.729309
"350",209.369995,210.190002,207.899994,210.009995,148700,205.435822
"351",210.339996,211.960007,208.649994,211.830002,138000,207.216202
"352",211.759995,211.759995,209.710007,210.550003,147300,205.964081
"353",209.649994,211.389999,208.410004,210.940002,156100,206.345581
"354",211.229996,216.320007,211.229996,216.149994,204800,211.442093
"355",214.940002,217.699997,213.210007,213.649994,161400,208.996536
"356",215.940002,218.970001,214.720001,216.850006,183500,212.126877
"357",216.889999,218.360001,214.669998,217.949997,136900,213.202866
"358",216,218.25,207.059998,208.699997,250400,204.154373
"359",208.490005,211.639999,208.490005,211.270004,142700,206.668411
"360",212.520004,215.729996,211.559998,212.449997,135700,207.822723
"361",212.830002,215.860001,211.440002,214.889999,169800,210.209564
"362",215.429993,218.699997,215.429993,218.139999,143500,213.388779
"363",217.910004,219.979996,213.070007,215.470001,111800,210.776901
"364",216.589996,218.350006,213.710007,216.720001,124300,211.99971
"365",217.690002,218.550003,215.350006,217.309998,159800,212.576813
"366",216.660004,216.660004,212.190002,215.110001,276200,210.424759
"367",214.460007,216.119995,212.490005,213.869995,176300,209.211792
"368",212.100006,214.460007,211.479996,214.330002,184700,209.661728
"369",214.330002,216.220001,210.839996,213.039993,179500,208.399826
"370",212.509995,212.919998,210.169998,211.690002,150500,207.079254
"371",213.479996,217.529999,210.259995,211,176300,206.404282
"372",210.080002,210.990005,204.449997,205.419998,152100,200.94577
"373",204.809998,205.929993,201.160004,202.710007,315300,198.294846
"374",202.199997,208.770004,199.910004,200.309998,188100,195.947113
"375",200.710007,203.210007,199.559998,202.649994,187500,198.23613
"376",202.880005,204.600006,196.809998,197.860001,200600,193.550476
"377",196.289993,201.190002,195.139999,200.720001,215900,196.348175
"378",202.009995,203.039993,198.940002,199.600006,165100,195.252579
"379",199.580002,200.199997,196.550003,199.789993,188000,195.438385
"380",199.679993,204.179993,197.789993,202.550003,144000,198.138336
"381",203.389999,205.399994,202.490005,202.800003,173400,198.382874
"382",203.479996,204.270004,200,201.630005,167300,197.238358
"383",201.210007,204.899994,200.410004,204.110001,229000,199.664337
"384",204.410004,207.270004,202.970001,206.589996,172600,202.090347
"385",207.320007,208.949997,204.119995,205.860001,181800,201.376221
"386",205.580002,207.270004,204.649994,205.979996,124900,201.493576
"387",206.229996,209.279999,205.610001,207.589996,193300,203.068542
"388",208.229996,210.910004,206.130005,209.759995,182200,205.191269
"389",208.729996,210.899994,207.110001,208.910004,120400,204.359802
"390",208.199997,210.5,207.259995,210.220001,257400,205.641312
"391",209.789993,211.690002,209,210.509995,204400,205.924911
"392",211.300003,211.940002,209,209.600006,534700,205.034775
"393",200.050003,210.529999,200.050003,202.910004,643500,198.490479
"394",202.389999,204.940002,199.949997,200.369995,235000,196.005783
"395",200.149994,201.479996,197.789993,198.600006,170700,194.274368
"396",198.699997,199.339996,188.710007,192.210007,225800,188.02356
"397",192.429993,194.270004,189.5,193.770004,298700,189.54953
"398",193.089996,197.970001,191.949997,193.529999,212100,189.314774
"399",192.960007,195.399994,190.259995,190.809998,285900,186.654053
"400",192.020004,192.020004,187.350006,189.639999,182700,185.509521
"401",189.240005,190.539993,188.460007,189.679993,203500,185.54866
"402",189.210007,190.330002,189.009995,189.440002,124200,185.313889
"403",189.039993,189.210007,185.589996,186.229996,250600,182.578552
"404",186.25,189.429993,185.789993,185.979996,159300,182.333466
"405",185.259995,187.5,184.550003,186.470001,113700,182.813858
"406",186.270004,187.729996,185.759995,185.960007,129200,182.313858
"407",186.570007,187.320007,185.850006,186.440002,134900,182.784454
"408",185.880005,187.940002,185.639999,187.240005,145800,183.568787
"409",187.690002,189.139999,187.440002,187.970001,102700,184.284454
"410",188.089996,189.360001,186.880005,189.080002,89900,185.372681
"411",188.830002,190.5,188.539993,190.020004,79600,186.294296
"412",189.690002,191.990005,189.210007,190.669998,127600,186.931503
"413",189.990005,191.470001,188.75,190.740005,75100,187.000137
"414",190.789993,191.380005,188.899994,189.179993,106200,185.470734
"415",189.729996,189.759995,186.960007,187.380005,232400,183.706024
"416",188.149994,189.559998,186.110001,187.220001,254900,183.549179
"417",187.740005,189.279999,187.5,188.520004,103500,184.823685
"418",188.330002,190.330002,187.979996,190.039993,146300,186.313858
"419",189.770004,190.630005,188.869995,189.979996,120800,186.25502
"420",189.5,190.460007,188.419998,189.820007,146800,186.09819
"421",189.710007,194.460007,188.960007,194.380005,179000,190.568756
"422",194.350006,195.529999,190.110001,191.190002,193200,187.441315
"423",190.479996,190.479996,182.710007,184.169998,413900,180.558929
"424",183.330002,187.529999,182.029999,186.960007,238500,183.29425
"425",187.369995,187.369995,182.389999,182.990005,140700,179.4021
"426",182.479996,185.009995,181.479996,184.369995,138700,180.755051
"427",182.690002,184.440002,180.029999,184.089996,157800,180.480545
"428",184.089996,185.429993,181.830002,183.300003,91800,179.706009
"429",183.699997,186.039993,183.210007,183.449997,153900,179.853073
"430",183.509995,184.75,179.360001,179.789993,188200,176.264847
"431",178.220001,182.029999,177.759995,181.639999,117900,178.078583
"432",182.160004,184.080002,181.990005,182.619995,114800,179.039337
"433",182.949997,184.220001,180.770004,183.240005,133800,179.647217
"434",183.589996,184.490005,180.610001,181.860001,283800,178.29425
"435",181.25,184.729996,180.580002,184.179993,202300,180.568771
"436",183.789993,185.179993,180.539993,181.619995,218800,178.058945
"437",182,182.979996,179.089996,179.190002,201200,175.67662
"438",179.190002,180.820007,177.220001,178.169998,206000,174.67659
"439",177.669998,179.869995,177.149994,178.490005,255700,174.990311
"440",177.789993,177.940002,173,173.889999,330600,170.480515
"441",174.309998,179.690002,172.089996,178.100006,403700,174.607986
"442",178.089996,183.929993,177.139999,183.139999,332600,179.549133
"443",184.119995,191.740005,182.880005,191.529999,488700,187.774673
"444",192.149994,193.050003,188.910004,189.539993,185900,185.823654
"445",188.759995,189.139999,184.910004,186.059998,235000,182.411926
"446",185.899994,189.919998,185.210007,188.690002,147300,184.990341
"447",188.520004,189.220001,185.309998,186.809998,221900,183.147217
"448",185.960007,188.940002,182.990005,185.199997,290400,181.568771
"449",187.850006,188.300003,184.690002,187.5,189000,183.823639
"450",186.979996,191.75,186.050003,189.729996,133400,186.009918
"451",190.119995,193.899994,189.660004,193.600006,236400,189.804077
"452",193.020004,197.490005,191.830002,196.070007,155000,192.225616
"453",196.169998,198.520004,193.660004,194.720001,160500,190.90213
"454",194.490005,197.740005,194.490005,197.429993,193600,193.55896
"455",197.860001,199.619995,196.229996,196.339996,187500,192.490341
"456",193.899994,195.570007,189.679993,192.869995,350700,189.088379
"457",199.75,212.309998,193.369995,208.929993,745900,204.833511
"458",212.050003,213.660004,207,210.649994,281600,206.51976
"459",208.839996,211.059998,205.070007,207.759995,281600,203.686417
"460",210.059998,212.339996,206.529999,209.039993,291200,204.941315
"461",209.990005,217.410004,209.990005,217.259995,349500,213.000168
"462",217.720001,219.679993,209.089996,209.669998,301200,205.559006
"463",210.639999,212.660004,208.009995,208.589996,224500,204.500168
"464",209.600006,215.330002,207.949997,213.789993,277200,209.59819
"465",208,209.949997,206.389999,207.089996,257000,203.029556
"466",206.380005,210.009995,203.320007,207.259995,244200,203.609146
"467",208.149994,209.210007,205.729996,208.080002,279300,204.414719
"468",207.809998,208.809998,203.570007,206.220001,218400,202.587509
"469",206.119995,209.100006,205.179993,208.479996,146800,204.807678
"470",208.210007,210,205.979996,207.399994,195800,203.746704
"471",208,209.600006,206.059998,207.789993,206400,204.129822
"472",209.210007,211.360001,209.210007,210.089996,185300,206.389328
"473",209.589996,210.839996,205.75,210.029999,153800,206.330368
"474",208.279999,213.960007,208.279999,213.470001,96100,209.709793
"475",213.300003,217.669998,212.020004,214.649994,233800,210.869003
"476",212.929993,219.940002,210.339996,217.029999,299400,213.207077
"477",216.850006,217.399994,214.240005,214.889999,170900,211.104767
"478",213.210007,215.929993,212.970001,213.5,51900,209.739227
"479",214.919998,218.600006,213.619995,215.110001,99900,211.320908
"480",213.970001,218.509995,213.770004,217.830002,158500,213.993011
"481",218.779999,220.580002,214.860001,216,146100,212.195206
"482",215,217.270004,211.119995,215.050003,206700,211.261948
"483",215.529999,219.679993,215.039993,217.729996,335100,213.89476
"484",212.880005,219.649994,212.550003,219.289993,294300,215.427246
"485",219.979996,224.869995,219.679993,221.990005,450900,218.079712
"486",221.369995,224.089996,217.110001,221.910004,504200,218.001083
"487",221.179993,225.089996,220.550003,224.729996,369600,220.771439
"488",223.589996,227.990005,222.5,226.399994,303600,222.412018
"489",227.100006,230.399994,227.100006,228.690002,326900,224.661682
"490",230.259995,230.940002,221.770004,228.270004,223600,224.249084
"491",228.539993,231.330002,225.279999,229.339996,233700,225.300247
"492",228.470001,229.389999,224.990005,226.5,251300,222.510269
"493",225.880005,226.139999,218.679993,219.360001,236100,215.496048
"494",219.869995,220.360001,212.910004,213.369995,301200,209.611542
"495",213.25,220.679993,211.029999,213.050003,254400,209.297165
"496",211.820007,214.690002,208.889999,209.380005,345800,205.691818
"497",210.309998,213.160004,204.600006,204.850006,403100,201.241638
"498",204.080002,204.630005,199.240005,199.330002,153900,195.818863
"499",199.589996,204.729996,199.039993,204.470001,218100,200.868301
"500",203.25,206.660004,200.25,205.850006,201000,202.224014
"501",206.220001,211.669998,205.199997,207.550003,147400,203.894058
"502",208.630005,211.320007,206.619995,211.309998,156700,207.587845
"503",209.270004,212.279999,207.570007,209.210007,218600,205.524841
"504",208.580002,210.789993,206.910004,207.759995,170600,204.100372
"505",210.100006,214.860001,208.080002,214.300003,409000,210.525192
"506",214.5,219.389999,209.509995,216.860001,361100,213.040085
"507",218.080002,219.729996,215.699997,216.690002,363500,212.873047
"508",217.949997,218.800003,212.720001,213.139999,237100,209.385559
"509",212.330002,214.509995,210.059998,212.669998,374400,208.923889
"510",212.009995,214.149994,210.759995,212.589996,242300,208.845291
"511",211.179993,212.899994,206.789993,207.580002,250800,203.923553
"512",208.399994,213.169998,207.119995,210.880005,395200,207.165421
"513",211.820007,217.259995,211.820007,216.25,244500,212.440811
"514",216.009995,219.330002,215.240005,215.990005,349000,212.185425
"515",216.860001,220.990005,214.440002,219.179993,155600,215.319199
"516",218.679993,221.300003,216.520004,218.300003,251000,214.454727
"517",219.229996,221.410004,218,219.809998,138000,215.93811
"518",219.75,222.399994,218.300003,218.75,210900,214.89679
"519",219.470001,221.809998,218.460007,219.449997,186200,215.584457
"520",218.690002,220.110001,217.320007,218.300003,159300,214.454727
"521",218.350006,218.460007,213.139999,213.5,289900,209.739227
"522",212.020004,216.960007,207.160004,210.220001,430800,206.517059
"523",209.610001,215.080002,209.610001,214.770004,245100,210.986893
"524",218.389999,218.389999,212.309998,213.619995,270500,209.857147
"525",212.539993,217.669998,209.160004,216.429993,193000,212.61763
"526",215.619995,218.679993,214.789993,218.639999,181300,214.788727
"527",218.089996,220.679993,217.350006,218.839996,159200,214.985199
"528",217.889999,221.039993,216.240005,220.509995,256800,216.625763
"529",220.509995,222.589996,216.110001,220.669998,231700,216.782959
"530",221.020004,224.580002,220.75,223.559998,201000,219.62207
"531",224.130005,226.059998,219.410004,225.410004,238400,221.945786
"532",226.589996,228.759995,226.100006,228.229996,186000,224.722427
"533",227.259995,228,222.229996,226.759995,221600,223.275024
"534",227.419998,229.899994,224.869995,229.509995,382900,225.982742
"535",228.690002,234.360001,228.300003,232.539993,283900,228.966187
"536",232.660004,234.419998,230.679993,233.570007,197200,229.980392
"537",233.860001,235.490005,231.369995,235.160004,172900,231.545944
"538",235.029999,239.509995,233.979996,238.970001,224600,235.297394
"539",239.720001,242.190002,239.029999,241.389999,193400,237.680176
"540",240.720001,242.490005,239.839996,240.449997,269400,236.754623
"541",240.470001,246.029999,239.949997,244.5,282500,240.742416
"542",244.929993,246.139999,242.610001,243.880005,320000,240.131912
"543",236.449997,244.550003,236.059998,243.089996,370500,239.35405
"544",242.960007,242.960007,237.070007,237.559998,250500,233.909058
"545",237.320007,238.630005,233.809998,233.919998,284900,230.324982
"546",234.5,235.009995,228.419998,230.520004,279500,226.977264
"547",230.630005,234.759995,224.740005,225.440002,267800,221.975311
"548",224.600006,226.419998,222.309998,225.669998,309500,222.201797
"549",226.309998,229.110001,223.490005,227.160004,291100,223.668884
"550",227.169998,231.910004,225.75,229.779999,257900,226.248611
"551",230.729996,233.830002,229.229996,230.470001,355800,226.928024
"552",230.639999,232.460007,229.240005,231.809998,195000,228.247437
"553",231.690002,234.619995,230.470001,233.440002,346200,229.852371
"554",234.089996,237.899994,234.089996,237.639999,227100,233.987823
"555",238.470001,238.470001,234.979996,235.619995,183900,231.99884
"556",235.690002,239.570007,235.690002,237.220001,233600,233.574295
"557",236.570007,241.330002,236.509995,240.160004,270300,236.469116
"558",238.979996,240.899994,237.179993,238.339996,180100,234.677048
"559",238.800003,239.990005,237.110001,239.119995,188700,235.445068
"560",240.770004,244.509995,239.179993,243.679993,189000,239.935013
"561",244.009995,246.110001,242.899994,245.080002,150000,241.313507
"562",245.520004,249.940002,244.259995,246.520004,166900,242.731339
"563",248,248.309998,245.710007,246.080002,188500,242.298111
"564",248.130005,249.449997,244.580002,246.720001,196300,242.928284
"565",247.479996,249.570007,245.820007,248.690002,246700,244.868011
"566",250.160004,258.23999,245.380005,246.679993,246000,242.888855
"567",247.169998,248.949997,241.119995,248.410004,303200,244.5923
"568",248.410004,254.119995,248.279999,253.889999,192300,249.988083
"569",253.889999,258.410004,251.690002,258.140015,220600,254.172791
"570",257.130005,260.570007,256.920013,258.98999,191500,255.009689
"571",259.820007,259.959991,257.799988,258.459991,213400,254.487823
"572",259.380005,260.190002,256.679993,257.220001,276800,253.266922
"573",258.25,260.200012,257.5,259.850006,209400,255.856522
"574",260.329987,262.179993,259.790009,261.73999,315900,257.717438
"575",262.429993,264.649994,260.850006,262.920013,625900,258.879364
"576",263.910004,264.910004,261.23999,262.230011,283700,258.199982
"577",261.920013,264.329987,261.51001,263.920013,468100,259.863953
"578",263.619995,264.390015,261.5,262.130005,339400,258.10144
"579",262.959991,263.519989,260.640015,262.5,564900,258.465729
"580",263.350006,266.899994,256.609985,264.380005,403000,260.316864
"581",263.01001,266.829987,260.820007,265.459991,211400,261.380249
"582",263.690002,270.769989,263.690002,269.679993,279400,265.5354
"583",272.440002,278.089996,270.98999,276.299988,359100,272.053619
"584",276.720001,279.899994,274.559998,278.329987,248500,274.052429
"585",279.25,283.709991,277.589996,282.040009,279900,277.705444
"586",282.410004,284.48999,280.339996,282.910004,265000,278.562073
"587",283.820007,288.459991,283.190002,286.049988,250000,281.653809
"588",282.920013,293.910004,282.920013,290.440002,403600,285.976349
"589",288.609985,291.809998,279.769989,279.869995,375600,276.053558
"590",279.970001,282.709991,278.820007,280.820007,253200,276.990601
"591",278.640015,280.359985,275.119995,278,283200,274.209015
"592",277.079987,281.839996,275.769989,280.950012,275200,277.118835
"593",277.190002,281.980011,275.920013,281.649994,271500,277.809296
"594",282.190002,289.529999,282.190002,287.390015,437300,283.471039
"595",286.100006,290.790009,285.390015,287,309400,283.086334
"596",288.48999,290.720001,287.940002,289.429993,267700,285.483154
"597",287.910004,293.079987,287.309998,292.170013,470200,288.185852
"598",290.570007,294.540009,290.570007,293.589996,242900,289.586395
"599",293.890015,299,290.269989,292.040009,341500,288.057648
"600",292.619995,294.890015,290.529999,292.48999,295300,288.501465
"601",290.51001,294.23999,288.5,291.619995,319400,287.643311
"602",292.290009,294.929993,287.799988,288.320007,376000,284.388367
"603",288.320007,291.220001,280.380005,281.070007,2146300,277.237152
"604",280,282.279999,279.01001,281.320007,355300,277.483765
"605",282.170013,288.869995,280.929993,283.959991,213100,280.087738
"606",282.970001,298.480011,282.970001,297.820007,530700,293.758789
"607",297.640015,298.589996,291.519989,294.220001,425100,290.207886
"608",296.910004,299.459991,287.73999,299.119995,345000,295.041046
"609",300.519989,316.959991,296.140015,316.799988,480600,312.479919
"610",316.799988,327.399994,314.799988,326.859985,447800,322.402771
"611",327.149994,341.589996,327.149994,334.609985,631500,330.047058
"612",333.209991,341.369995,333.209991,339.899994,420200,335.264954
"613",341.209991,342.980011,330.910004,333.98999,371800,329.435516
"614",327.279999,332,322.130005,325.279999,641800,320.844299
"615",326.640015,326.640015,314.649994,317.670013,523600,313.338104
"616",317.790009,322.890015,316.679993,320.049988,313700,315.685577
"617",320.390015,323.059998,318.100006,318.5,200100,314.156799
"618",320.25,322.470001,317.929993,318.549988,329600,314.206085
"619",319.290009,331.720001,318.290009,331.390015,433300,326.871033
"620",333.230011,336.980011,328.170013,331.359985,388800,326.8414
"621",330.149994,337.399994,329.429993,333.079987,319600,328.537933
"622",332.440002,335.559998,331.480011,333.019989,240700,328.47879
"623",325.429993,329,317.410004,319.040009,702100,314.689392
"624",320.420013,322.119995,312.519989,312.670013,537300,308.406281
"625",312.700012,320.76001,311.429993,316.339996,492100,312.026245
"626",318.269989,324.329987,315.440002,321.420013,7603200,317.036957
"627",322.369995,324.859985,318.029999,322.579987,490100,318.181122
"628",323.51001,332.029999,320.420013,330.890015,355000,326.377838
"629",332.880005,339.850006,331.179993,338.5,271500,333.884094
"630",339.269989,344.25,335.019989,341.899994,222600,337.237671
"631",341.970001,344.609985,338.350006,341.5,330200,336.843109
"632",340.910004,344.220001,336.589996,342.899994,323700,338.223999
"633",343.950012,352.070007,343.950012,349.399994,364000,344.635406
"634",349.320007,356.279999,348.769989,354.529999,295500,349.695465
"635",356.049988,359.320007,354.079987,358.279999,249500,353.394257
"636",359.940002,361.779999,356.890015,360.790009,276000,355.870026
"637",361.589996,364.320007,360.649994,363.109985,308000,358.158417
"638",364.049988,368.950012,362.279999,368.029999,254300,363.011353
"639",368.320007,373.380005,366.440002,372.799988,255700,367.716309
"640",373.980011,373.980011,366.350006,367.029999,248600,362.024963
"641",368.769989,372.429993,366.5,370.480011,259000,365.427979
"642",372.950012,372.950012,365.470001,367.809998,301600,362.794403
"643",354.809998,356.880005,331,334.25,1103300,329.691986
"644",334.380005,345.160004,333.049988,344,575700,339.30899
"645",345.929993,348.660004,344.019989,347.940002,483800,343.195343
"646",346.720001,346.720001,336.630005,336.899994,453500,332.305878
"647",335.950012,340.720001,334.380005,336.049988,260400,331.467438
"648",336,343.519989,336,337.040009,210300,332.44397
"649",339.299988,342.649994,335.950012,340.299988,318800,335.659454
"650",341,343.160004,338.459991,340.630005,436700,335.984985
"651",337.839996,348,333.869995,341.470001,387600,336.813507
"652",343.5,346.769989,341.809998,344.839996,307700,340.646362
"653",341.450012,351.920013,338.299988,348.920013,233300,344.676727
"654",349.529999,352.519989,344.350006,352.359985,340800,348.07489
"655",352.850006,363.399994,352.549988,362.149994,142600,357.745819
"656",360.179993,368.23999,357.73999,363.26001,257400,358.842346
"657",363.290009,367.839996,360.470001,367.019989,264400,362.55661
"658",363.790009,368.630005,356.26001,356.660004,276500,352.322632
"659",357.929993,366.5,357.76001,365.119995,174100,360.679688
"660",367.980011,368.890015,361.579987,366.209991,239000,361.75647
"661",368.279999,370.049988,362,368.910004,170100,364.423676
"662",368.51001,376.540009,365.119995,375.329987,239600,370.765533
"663",376.829987,389.51001,374.769989,389.230011,349400,384.496521
"664",388.200012,394.920013,386.380005,392.609985,246600,387.835358
"665",392.559998,397.5,386.440002,388.619995,301700,383.893921
"666",389.029999,397.089996,389,395.109985,225900,390.304932
"667",397.609985,406.450012,397.51001,405.679993,352100,400.74649
"668",406.179993,408.369995,401,404.459991,285300,399.54129
"669",408.170013,408.170013,384.589996,392.25,494900,387.479767
"670",395.799988,399.160004,392.140015,397.619995,269900,392.784485
"671",398.890015,407.929993,398.209991,402.109985,284200,397.219849
"672",404.470001,408.980011,401.149994,408.609985,214700,403.640808
"673",411.470001,415,408,411.959991,256100,406.950104
"674",413.820007,421.450012,409.950012,419.399994,278900,414.299591
"675",419.290009,419.690002,368.480011,369.690002,784000,365.194183
"676",367.899994,367.899994,337.600006,342.059998,1125400,337.900116
"677",342.230011,353.920013,336.850006,341.429993,550100,337.277802
"678",344.709991,351.820007,336.470001,345.140015,313700,340.942688
"679",344.579987,348.470001,329.25,330.290009,432000,326.273285
"680",328.01001,337.690002,325.859985,334.350006,323200,330.283905
"681",336.5,348.149994,336.5,342.480011,469500,338.315033
"682",343.820007,348.309998,339.480011,344,457000,339.816589
"683",344,347.570007,340.869995,342.75,437200,338.581726
"684",343.529999,347.690002,336.059998,338.179993,1133900,334.067352
"685",340.559998,341.230011,333.709991,335.549988,695300,331.46933
"686",336.940002,339.410004,332.660004,336.100006,698700,332.012634
"687",336.190002,338.170013,327.519989,333.51001,320300,329.454102
"688",333.890015,336.809998,330.329987,332,267800,327.962524
"689",334.25,337.01001,321.369995,324.709991,302900,320.761139
"690",326.420013,329.660004,323.869995,327.5,440300,323.517181
"691",325.570007,327.769989,319.230011,325.01001,447900,321.057526
"692",319.730011,325.859985,317.940002,318.730011,282200,314.853882
"693",321.279999,337.76001,319.76001,336.859985,436600,332.763397
"694",336.100006,347.880005,336.100006,346.950012,304800,342.730682
"695",346.850006,349.660004,341.619995,347.790009,233100,343.560486
"696",346.480011,349.059998,340.720001,346.670013,199000,342.454102
"697",347.359985,356.059998,347.359985,355.269989,235700,350.949493
"698",354.059998,360.429993,353.040009,359.089996,264400,354.722992
"699",361.410004,363.369995,347.940002,348.190002,386300,343.955627
"700",349.820007,352.910004,347.910004,349.429993,215700,345.180511
"701",352.480011,354.220001,346,349.320007,289600,345.071838
"702",344.679993,346.75,337.390015,340.420013,442800,336.280121
"703",344.079987,350.440002,341.26001,349.700012,440600,345.447235
"704",350.769989,355.559998,349.200012,352.880005,366700,348.588593
"705",352.839996,353.950012,345.73999,353.399994,199900,349.102234
"706",354.369995,364.529999,340.089996,340.649994,274600,336.507294
"707",344.059998,356.190002,337.519989,342.179993,311700,338.018707
"708",342.549988,350.940002,340.209991,349.459991,245300,345.210175
"709",350.880005,351.440002,340.079987,344.070007,216500,339.885681
"710",346.529999,349.299988,341.480011,348.869995,175600,344.627319
"711",349.380005,355.690002,349.380005,351.48999,168300,347.215485
"712",352.440002,359.98999,350.059998,359.149994,205700,354.782349
"713",359.230011,368.959991,358.049988,368.589996,332400,364.107483
"714",371.929993,372.890015,362.540009,366.140015,255300,361.687317
"715",368.529999,368.579987,357.51001,358.399994,220200,354.041382
"716",357.160004,357.670013,337.709991,343.730011,268300,340.033661
"717",343.519989,349.429993,343.519989,347.809998,175200,344.069824
"718",349.480011,350.209991,340.070007,349.600006,252400,345.840576
"719",348.359985,350.25,345.570007,347.149994,230700,343.416931
"720",346.670013,363.779999,346.640015,359.73999,178600,355.871521
"721",359.809998,367.929993,358.380005,365.929993,228800,361.994934
"722",365.48999,376.019989,365.470001,374.359985,170000,370.334351
"723",374,380.559998,372.429993,379.220001,185200,375.14212
"724",380.160004,381.070007,376.609985,381.059998,203900,376.962311
"725",377.230011,389.98999,377.230011,389.519989,171700,385.331329
"726",389.140015,401.459991,387.290009,400.170013,371000,395.866791
"727",402.359985,411.869995,401.980011,404.48999,432400,400.14032
"728",406.040009,406.170013,393.779999,393.890015,250300,389.654297
"729",397.529999,397.890015,388.98999,392.329987,213000,388.111115
"730",393.100006,399.519989,393,397.179993,221000,392.908936
"731",399.410004,406.609985,399.029999,401.899994,264600,397.578156
"732",403.320007,407.109985,398.309998,406.429993,179400,402.059448
"733",403.070007,407.299988,402.459991,403.820007,85000,399.47757
"734",402.549988,406.350006,397.049988,398.970001,313900,394.679688
"735",397.230011,401,394.450012,397.670013,292900,393.393707
"736",396.700012,398.929993,392.420013,393.98999,300900,389.753235
"737",394.809998,394.809998,380.609985,381.179993,365700,377.080963
"738",381.01001,382.929993,373.399994,375.899994,303700,371.857788
"739",376.98999,382.730011,366.059998,367.019989,329200,363.073273
"740",368.119995,371,366.649994,370,247300,366.02121
"741",372.23999,376.859985,368.209991,376.809998,239800,372.757965
"742",374.350006,378.220001,365.690002,369.459991,296200,365.48703
"743",367.76001,375.019989,366.130005,373.890015,229600,369.869446
"744",374.640015,381.290009,372.190002,374.690002,586600,370.660767
"745",375,375.089996,371.089996,373.540009,463900,369.523163
"746",372.609985,374.899994,369.609985,369.899994,377200,365.922272
"747",372.649994,379.640015,372.5,377.570007,484300,373.509827
"748",378.5,379.429993,375.380005,376.320007,659500,372.273224
"749",376.320007,378.390015,371.109985,371.359985,171000,367.366577
"750",371.929993,375.5,367.200012,374.079987,68700,370.057312
"751",373.820007,377.529999,373.809998,376.100006,119500,372.055634
"752",378.540009,379.100006,374.299988,375,336800,370.967438
"753",375.109985,376.23999,371.809998,374.5,148900,370.472839
"754",374.480011,379.940002,371.970001,379.109985,179100,375.033234
"755",380.26001,381.040009,376.959991,380.25,226200,376.16098
"756",377.940002,381.26001,377.459991,380.049988,192900,375.963165
"757",379.700012,379.700012,366.859985,374.079987,329000,370.057312
"758",372.540009,378.820007,370.48999,375.25,178600,371.214752
"759",375.059998,376.380005,363.679993,364.299988,383100,360.382477
"760",366.429993,377.23999,366.429993,371.700012,414100,367.702942
"761",371.700012,372.420013,362.450012,363.070007,238500,359.16571
"762",361.790009,370.549988,361.429993,368.600006,256400,364.636322
"763",369.690002,370.649994,364.609985,366.609985,203500,362.667694
"764",365.75,371.480011,363.769989,368.100006,208200,364.141663
"765",368.910004,374.649994,368.230011,370.01001,259100,366.031097
"766",370.450012,376.779999,368.25,369.059998,270000,365.091278
"767",368.279999,373.609985,368.279999,370.690002,278500,366.703796
"768",373.049988,374.790009,369.51001,370.420013,173800,366.436707
"769",369.570007,370.429993,364.880005,367.279999,274500,363.330475
"770",366.839996,369.440002,357.160004,359.269989,245800,355.406586
"771",355.079987,363.089996,350.649994,357.859985,212700,354.01178
"772",360.23999,362.690002,356.350006,359.869995,284800,356.000122
"773",362.170013,364.019989,346.609985,352.040009,516900,348.254364
"774",350.029999,360.529999,350,358.160004,245900,354.308502
"775",356.429993,359.829987,353.230011,354.179993,257000,350.371338
"776",359.850006,359.850006,352.929993,355.5,212700,351.677124
"777",357.959991,366.100006,354.279999,355,323800,351.182556
"778",355.899994,362,335.910004,341.850006,415300,338.17395
"779",342.709991,345.869995,339.630005,345.670013,271600,341.95282
"780",345.339996,349.089996,342.75,344.290009,210900,340.587708
"781",342.01001,342.5,334.579987,341.25,270000,337.580414
"782",340.769989,346.269989,340,342.279999,170100,339.195679
"783",342.559998,344.230011,333.130005,335.5,277900,332.476746
"784",332.619995,340.690002,332.459991,338.149994,264000,335.102875
"785",339,346.26001,338.73999,345.690002,288600,342.574951
"786",346.070007,350.910004,343.190002,347.179993,289500,344.051514
"787",348.160004,349.079987,341.429993,341.679993,265700,338.601074
"788",341.450012,347.869995,336.109985,344.600006,336500,341.494751
"789",342.829987,346.48999,337.399994,340.089996,342300,337.025421
"790",333.429993,346.019989,332.220001,341.910004,286100,338.829071
"791",342.73999,345.859985,328.630005,331.200012,283700,328.215546
"792",332.070007,342.119995,330.660004,338.279999,307900,335.23175
"793",332.660004,341.519989,332.190002,333.339996,408400,330.336243
"794",329.670013,336.670013,314.01001,324.329987,532900,321.407471
"795",324.920013,349.929993,321.299988,348.619995,386200,345.478546
"796",346.899994,365.820007,337.970001,351.579987,478800,348.411865
"797",356.170013,375.429993,351.160004,373.559998,430900,370.193787
"798",367.399994,388.730011,366.619995,377.529999,489100,374.128052
"799",368.910004,372.890015,348.519989,362.359985,401800,359.094727
"800",342.850006,366.149994,342.850006,352.309998,407600,349.135284
"801",356.309998,367.299988,345.690002,357.160004,399900,353.94162
"802",356.170013,357.869995,329.339996,333.649994,333500,330.643402
"803",318.670013,334.149994,307.320007,314.730011,498300,311.893951
"804",320.589996,346.609985,318,343.070007,560700,339.978546
"805",317.350006,333.019989,286.970001,311.290009,446700,308.484955
"806",318.040009,352.709991,317.910004,333,482300,329.999298
"807",300,321.869995,290.130005,305.359985,493200,302.608368
"808",303.559998,323.290009,288.01001,316.130005,334700,313.281311
"809",310.609985,326.109985,298.730011,310.630005,441800,307.830902
"810",309.910004,310,275.5,281.309998,535200,278.775085
"811",293.790009,334.519989,283.01001,326.720001,543300,323.775848
"812",323.570007,349.950012,323.570007,330.309998,366800,327.333557
"813",339.140015,354.959991,331.589996,352.790009,328800,349.610962
"814",342.700012,354.559998,332.269989,342.779999,291100,339.691193
"815",353.619995,354.559998,335.570007,351.320007,245800,348.154236
"816",347.140015,349.600006,328.029999,332.570007,526400,329.573212
"817",320.410004,338.660004,316.149994,333.98999,270800,330.980377
"818",325.040009,348.059998,324.089996,347.290009,283000,344.160583
"819",343.350006,389.140015,343.350006,387.269989,452400,383.780212
"820",394.179993,402.970001,382.190002,399.029999,399600,395.434296
"821",400.549988,404.269989,376.779999,381.5,365700,378.062225
"822",388.040009,397.299988,378.019989,395.619995,262200,392.054993
"823",399.299988,405.290009,397.48999,403.350006,221100,399.715393
"824",400,402.01001,380.279999,385.790009,234800,382.313599
"825",397.73999,404.429993,391.73999,397.709991,323300,394.12619
"826",396.299988,417.290009,393.98999,413.200012,328000,409.476654
"827",419.51001,439.220001,417.040009,436.5,387200,432.566681
"828",447.51001,449.940002,427.619995,429.779999,271800,425.907227
"829",428.730011,435.290009,425.019989,430.570007,257000,426.690094
"830",430.76001,431.899994,407.970001,410.48999,230600,406.791016
"831",417.209991,431.26001,410.76001,424.23999,208600,420.417145
"832",424.119995,426.309998,415.559998,417.779999,186600,414.01532
"833",421.279999,424.690002,416.040009,421.019989,241900,417.226166
"834",431.209991,443.51001,425.019989,441.589996,187700,437.610779
"835",443.230011,452.779999,433,441.429993,268300,437.452209
"836",441.119995,463.570007,436.869995,456.709991,357200,452.594574
"837",450.390015,465.899994,450.390015,455.01001,404100,450.909882
"838",451.230011,460,446.450012,449.790009,271700,445.736877
"839",450.209991,459.880005,447.01001,457.070007,238600,452.951294
"840",450.019989,488.220001,450,483.26001,284900,478.905334
"841",491.920013,491.920013,470.660004,471.350006,291100,467.102661
"842",483.529999,491.25,477.700012,480.75,304600,476.417908
"843",482,490.809998,475.839996,484.320007,298500,479.95578
"844",486.450012,517.929993,486.450012,505.049988,336600,500.498932
"845",514.130005,516.960022,497.369995,497.730011,301500,493.831604
"846",496.440002,512.429993,493.160004,504.73999,334000,500.786621
"847",499.950012,505.730011,483.570007,493.600006,382600,489.733917
"848",497.540009,503.160004,486.609985,488.049988,735700,484.227356
"849",500.98999,500.98999,490.320007,492.660004,317700,488.80127
"850",491,497.75,475.019989,478.559998,265700,474.811707
"851",480.519989,486.899994,473.589996,477.929993,296100,474.186615
"852",475.700012,476.51001,469.119995,472.929993,404300,469.225769
"853",472.540009,484.98999,466.859985,482.320007,196500,478.542297
"854",480.299988,487.670013,467.549988,470.51001,312700,466.824768
"855",467.149994,478.059998,453.059998,468.26001,335200,464.592377
"856",475.570007,494.519989,474.480011,483.51001,307500,479.722961
"857",489,511.950012,485.5,508.589996,577300,504.606506
"858",508.579987,526.97998,504.089996,519.780029,418900,515.708984
"859",521.960022,525.26001,510.220001,515.960022,248800,511.918793
"860",518.48999,521.109985,509.850006,521.109985,193900,517.028442
"861",511.799988,520.880005,490.109985,499.040009,236800,495.131317
"862",494.73999,503.929993,487.850006,493.899994,307900,490.031586
"863",487.079987,491.380005,478.029999,488.369995,266300,484.54483
"864",497.420013,506.859985,488.230011,499.929993,240100,496.014374
"865",497.73999,510.730011,494.450012,506.98999,235600,503.018982
"866",509.070007,509.070007,481.5,482.059998,243700,478.284302
"867",486.559998,496.720001,482.579987,492.790009,187700,488.930267
"868",488.329987,502.279999,485.899994,501.130005,165800,497.204956
"869",504.600006,506.570007,490.559998,498.98999,145900,495.081696
"870",503,515.840027,501.839996,508.98999,190700,505.003387
"871",503.970001,506.820007,497.5,500.859985,183200,496.937012
"872",511.309998,523.090027,501.390015,520.280029,461100,516.204895
"873",521.710022,524.97998,512.849976,519.070007,225000,515.004456
"874",522.22998,527.130005,517.179993,519.52002,176400,515.450989
"875",519.150024,522.469971,503.420013,505.190002,215700,501.233154
"876",505.51001,513.52002,497.149994,507.359985,233200,503.386108
"877",505.600006,510,485.040009,489.829987,534400,485.993408
"878",493.420013,500.959991,486.089996,498.609985,186000,494.70462
"879",506.720001,506.720001,493.769989,500.920013,321500,496.996552
"880",500.160004,509.980011,493.600006,506.01001,295100,502.046722
"881",512.880005,512.880005,500.470001,501.880005,196000,497.949036
"882",509.359985,531.429993,509.190002,520.789978,235700,516.710938
"883",517.469971,537.880005,516.700012,533.159973,211900,528.984009
"884",539.349976,546.030029,537.049988,544.419983,216000,540.155823
"885",547.039978,561.679993,544,548.609985,132800,544.312988
"886",547.5,549.98999,535.710022,537.22998,170600,533.022217
"887",541.320007,542.849976,515.179993,517.570007,230600,513.516174
"888",517.599976,522.51001,506.359985,522.219971,241000,518.129761
"889",525.840027,535.299988,520.030029,531.859985,190600,527.694214
"890",528.349976,539.940002,525.719971,530.76001,161900,526.602844
"891",535.26001,536.26001,529.950012,532.539978,163700,528.368896
"892",534.659973,540.330017,532.669983,534.049988,440600,529.867004
"893",534.080017,536.049988,531.390015,533.450012,287200,529.271912
"894",510,536.820007,510,527.109985,334200,522.981445
"895",531.109985,532.049988,506.829987,509.179993,243800,505.191895
"896",508.75,512,501.019989,505.809998,202900,501.848267
"897",509.339996,522.039978,509.230011,521,168200,516.919312
"898",517.859985,518.02002,502.679993,509.600006,147400,505.608643
"899",510.820007,518.97998,510.820007,517.390015,99500,513.337524
"900",510.179993,517.77002,505.320007,516.549988,141200,512.50415
"901",518.080017,519,505.559998,516.700012,119100,512.653015
"902",520.590027,525.960022,510.579987,511.690002,153000,507.68222
"903",507.410004,512.599976,502.609985,508.670013,209300,505.278381
"904",504.839996,511.019989,502.350006,510.089996,120600,506.688904
"905",505.480011,508.920013,501.179993,503.649994,108700,500.29184
"906",500.700012,510.600006,500.700012,508.200012,205400,504.811523
"907",508.880005,508.880005,480.570007,482.670013,276500,479.451721
"908",483.380005,488.630005,471.089996,482.790009,198800,479.570923
"909",482.019989,495.559998,482.019989,492.540009,166100,489.255951
"910",491.779999,498.059998,483.700012,496.76001,126200,493.447784
"911",501.76001,502.850006,494.570007,496.5,106600,493.189514
"912",495.200012,502.579987,494.730011,500.589996,212600,497.252258
"913",500.519989,502,497.799988,499.029999,108500,495.702637
"914",505.779999,506.910004,491.170013,491.880005,156000,488.600342
"915",493.859985,504.5,493.019989,501.369995,180000,498.027039
"916",504.049988,504.700012,498.940002,499.839996,155200,496.507233
"917",499.859985,501.119995,486.75,489.480011,113100,486.216309
"918",486.450012,487.029999,479.5,484.48999,132600,481.259613
"919",487.279999,505,484.420013,499.410004,182500,496.080078
"920",495.299988,506.769989,494.380005,496.200012,132800,492.891571
"921",501.600006,501.600006,482.98999,484.369995,158500,481.140411
"922",484.640015,492.019989,484.380005,485.940002,278300,482.699951
"923",489.51001,491.070007,486.450012,490.420013,144500,487.150055
"924",489.440002,499.200012,487.529999,494.089996,234300,490.795563
"925",489.230011,489.609985,467.600006,471.230011,211200,468.088013
"926",469.089996,470.109985,451.019989,454.450012,247900,451.419922
"927",449.339996,455,441.119995,449.619995,357800,446.622101
"928",457.179993,463.75,450.410004,458.670013,209900,455.611755
"929",462.079987,467.640015,450.679993,451.529999,191700,448.519348
"930",455.079987,459.799988,448.570007,453.070007,166800,450.049103
"931",457.929993,465.410004,457.890015,461.850006,267900,458.770538
"932",463.910004,465.529999,461.640015,464.059998,188500,460.96579
"933",468.850006,472.709991,461.359985,461.920013,175800,458.840088
"934",458.029999,458.029999,444.220001,447.48999,260900,444.506287
"935",446.839996,449.399994,437.890015,438.660004,381900,435.735199
"936",434.329987,443.709991,434.329987,443,296500,440.046234
"937",442.769989,447.079987,437.070007,446.950012,248900,443.96991
"938",449.839996,458.390015,447.299988,449.459991,209000,446.463135
"939",448.230011,463.589996,447.839996,452.119995,202300,449.105408
"940",450.690002,465.660004,450.690002,465.100006,152700,461.998871
"941",467.179993,478.130005,464.76001,476.049988,242300,472.875885
"942",473.700012,491.179993,473.070007,485.429993,328300,482.193329
"943",487.519989,492.589996,477.910004,481.589996,270400,478.378937
"944",483.910004,487.779999,480.410004,482.970001,171900,479.749756
"945",477.970001,489.98999,472.600006,482.519989,168700,479.302734
"946",488.869995,498.070007,486.720001,497.279999,198700,493.964325
"947",499.570007,501.410004,492.420013,498.579987,195800,495.255646
"948",505,512.929993,504.859985,510.230011,248900,506.827972
"949",513.01001,519.409973,511.670013,518.419983,124300,514.963257
"950",519.859985,524.25,519.380005,522.049988,110800,518.569153
"951",525.27002,536.349976,523.150024,532.22998,195700,528.681274
"952",534.070007,542.359985,534.070007,540.090027,204500,536.488892
"953",541,546.25,534.27002,535.429993,143500,531.859924
"954",530.969971,544.109985,528.630005,540.47998,174800,536.876282
"955",543.359985,547.650024,535.450012,538.070007,188300,534.482361
"956",541.51001,549.5,537.320007,539.26001,157300,535.664429
"957",543.01001,558.320007,541.169983,549.98999,231200,546.322876
"958",555.789978,570.169983,553.570007,558.080017,176400,554.358948
"959",562.669983,572.450012,558.609985,567.369995,221700,563.586975
"960",567,568.469971,553.380005,558.909973,173800,555.18335
"961",558.25,559.01001,541.669983,547.309998,196700,543.660706
"962",544.969971,575.599976,539.869995,573,294600,569.179382
"963",567.76001,567.76001,548.940002,557.02002,298200,553.305969
"964",556.76001,564.390015,550.27002,555.859985,208100,552.153748
"965",550.340027,556.309998,532.599976,538.849976,309600,535.25708
"966",544.409973,552.77002,533.570007,538.789978,306700,535.19751
"967",542.950012,545.799988,535.409973,539.690002,230200,536.091553
"968",549.27002,585.179993,545.090027,579.919983,243000,576.053284
"969",586.909973,602.77002,580.659973,581.169983,276600,577.294922
"970",580.919983,592.440002,567.299988,579.179993,145000,575.318298
"971",604.609985,606.450012,534.049988,534.840027,353800,531.824768
"972",526.099976,529.919983,506.459991,525.039978,324200,522.080017
"973",536.320007,547.119995,525.049988,544.909973,243300,541.838013
"974",550.26001,550.429993,531.820007,534.809998,163500,531.794983
"975",539.700012,541.429993,519.710022,522.929993,225700,519.981934
"976",528.390015,528.390015,502.649994,521.98999,259400,519.047241
"977",522.97998,522.97998,509.029999,514.090027,250000,511.191864
"978",515.26001,520.809998,506.119995,512.26001,251700,509.372101
"979",517.77002,539.039978,511.75,534.219971,413200,531.208313
"980",528.150024,548.27002,525.070007,546.140015,347700,543.061157
"981",551.169983,551.330017,518.02002,519.909973,194700,516.979004
"982",522.159973,534.98999,515.570007,518.460022,311000,515.53717
"983",518.460022,523.429993,507.100006,514.349976,280000,511.450317
"984",515.039978,534.969971,515.039978,533.890015,136600,530.880188
"985",530.840027,541.539978,526.039978,539.179993,330500,536.140381
"986",547.789978,549.349976,538.460022,546.609985,268800,543.528442
"987",545.570007,548.5,535.919983,540.780029,370600,537.731323
"988",545.349976,562.869995,541.320007,555.630005,489700,552.49762
"989",558.5,573.840027,535.97998,539.169983,480400,536.130371
"990",539.330017,571.049988,539.330017,569.940002,543900,566.726929
"991",566.130005,569.280029,560.669983,566.01001,610100,562.819092
"992",562.349976,569.130005,557.25,564.669983,290800,561.486633
"993",562.48999,566.72998,545.580017,551.580017,247100,548.47052
"994",551.25,561.650024,538.049988,547.669983,273500,544.582458
"995",553.609985,574.799988,549.780029,551.150024,412900,548.042847
"996",552.849976,556.830017,545.26001,553.789978,287200,550.667969
"997",557.030029,563.200012,551.210022,560.5,314800,557.340088
"998",563.52002,578.940002,562.929993,577.349976,253200,574.095154
"999",579.619995,580.659973,571.590027,578.880005,463000,575.616577
"1000",575.640015,579.400024,560.25,578.440002,400800,575.178955
"1001",580.150024,590.780029,578.119995,590.320007,318200,586.992004
"1002",594.48999,601.419983,571.820007,572.969971,179200,569.739868
"1003",576.47998,582.679993,567.859985,573.080017,148100,569.849243
"1004",579.890015,579.890015,559.169983,565.77002,217400,562.580505
"1005",570,571.52002,560.320007,564.789978,144100,561.605957
"1006",568,573.130005,560.359985,562.27002,197300,559.100159
"1007",563.409973,572.109985,558.830017,570.559998,215100,567.343384
