"","MSI.Open","MSI.High","MSI.Low","MSI.Close","MSI.Volume","MSI.Adjusted"
"1",83.389999,83.919998,83.019997,83.599998,1029000,76.980042
"2",83.550003,83.93,83.120003,83.489998,778200,76.878761
"3",83.239998,83.629997,82,82.639999,734700,76.096069
"4",82.879997,83.410004,82.510002,82.889999,587700,76.326256
"5",82.889999,83.110001,82.580002,83.019997,853300,76.445953
"6",82.959999,83.080002,82.129997,82.629997,626900,76.086853
"7",82.300003,82.910004,82.300003,82.879997,522300,76.317078
"8",82.610001,82.610001,81.629997,82.18,624400,75.672508
"9",82.389999,83.089996,82.07,82.269997,542500,75.755356
"10",81.809998,82.099998,80.57,80.730003,865700,74.337311
"11",80.970001,81.68,80.550003,81.650002,708800,75.184448
"12",81.690002,82.260002,81.279999,81.860001,566700,75.377823
"13",82.07,82.510002,81.830002,82.360001,616400,75.838242
"14",82.639999,83.5,81.949997,82.440002,855700,75.911911
"15",82.580002,84.82,82.32,84.349998,1126400,77.670662
"16",84.690002,85.440002,84.489998,85.290001,994800,78.53624
"17",85.110001,85.290001,83.349998,83.360001,1298400,76.759048
"18",83.379997,83.379997,81.68,82.980003,1237800,76.409164
"19",82.389999,83.07,81.18,81.699997,1685600,75.230499
"20",81.349998,81.699997,79.900002,80.709999,1381200,74.318909
"21",81.160004,81.779999,79.75,80.029999,1528100,73.692741
"22",79.860001,81.059998,79.629997,81,1961600,74.585938
"23",82.93,83.75,78.949997,81.599998,3440200,75.13842
"24",81.370003,82.309998,80.199997,81.730003,3032600,75.258133
"25",81.720001,81.980003,76.919998,77.339996,11475000,71.215759
"26",77.82,79.449997,77.82,78.25,2484800,72.053696
"27",78.5,78.779999,77.75,77.809998,1740400,71.648521
"28",77.900002,78.519997,77.230003,78.370003,1596100,72.164192
"29",78.790001,79.389999,78.419998,78.480003,1412600,72.265495
"30",78.269997,78.699997,77.919998,78.68,1271200,72.449654
"31",78.610001,79.589996,78.370003,79.400002,1379400,73.112625
"32",79.470001,79.599998,78.440002,78.660004,1131000,72.431229
"33",78.419998,79.360001,78.230003,79.309998,796300,73.029747
"34",79.230003,80.419998,79.199997,80.150002,1073200,73.803261
"35",80.07,80.790001,79.610001,79.650002,994300,73.342819
"36",80.010002,80.360001,78.769997,79.360001,1071300,73.07579
"37",78.970001,80.330002,78.419998,80.269997,1118900,73.91375
"38",80.25,80.379997,79.190002,79.279999,874400,73.002129
"39",79,79.550003,78.910004,78.970001,1427000,72.716682
"40",79.769997,80.269997,78.980003,79.980003,1158000,73.646713
"41",79.730003,80.099998,79.07,80.019997,903800,73.683533
"42",80.019997,80.720001,79.57,80.550003,1051100,74.171577
"43",79.970001,80.300003,79.690002,79.970001,1292000,73.637505
"44",79.650002,80.169998,78.75,79.660004,1459900,73.352051
"45",79.760002,80.510002,79.639999,80.199997,1408600,73.849266
"46",80.129997,81.389999,80.019997,81.370003,1209700,74.92662
"47",81.279999,82.449997,81.279999,82.099998,1221400,75.598831
"48",81.629997,82.120003,81.120003,81.650002,1213400,75.617332
"49",81.400002,83.860001,81.199997,83.360001,2022800,77.201012
"50",83.459999,85.43,83.449997,85.239998,1927900,78.942123
"51",85.339996,86.230003,84.800003,85.150002,1755800,78.858757
"52",85.300003,85.75,84.669998,84.720001,1485100,78.460533
"53",84.529999,84.769997,83.650002,84.300003,1277500,78.071564
"54",86.75,87,83.559998,83.760002,2523400,77.571449
"55",84.129997,84.889999,83.290001,83.589996,1868700,77.414017
"56",83.529999,84.25,83.410004,83.739998,1253100,77.552925
"57",83.959999,84.300003,83.389999,83.669998,929700,77.488098
"58",83.150002,84.199997,82.75,84,847000,77.793739
"59",84,84.480003,83.779999,84,851200,77.793739
"60",84,84.370003,83.900002,84.129997,994500,77.914116
"61",84.129997,84.93,84.099998,84.870003,1180100,78.599442
"62",84.599998,86.510002,84.389999,86.220001,2114100,79.849709
"63",86.220001,86.389999,84.519997,84.830002,1253900,78.562393
"64",84.379997,85.099998,84.25,84.519997,1216000,78.275284
"65",84.779999,85.190002,83.68,83.830002,1022300,77.636299
"66",83.900002,84.760002,83.379997,84.199997,665200,77.978928
"67",84.169998,84.580002,83.690002,84.25,1059200,78.025246
"68",84.32,84.379997,83.669998,83.709999,555400,77.525146
"69",83.68,83.68,83.050003,83.449997,801800,77.28437
"70",83.400002,83.470001,82.489998,82.839996,753000,76.719429
"71",83,83.150002,82.290001,82.339996,827000,76.256363
"72",82.529999,83.139999,82.459999,83.080002,596800,76.941704
"73",82.849998,83.18,82.480003,82.639999,636400,76.534203
"74",82.730003,83.480003,82.730003,83.370003,712700,77.210274
"75",83.68,84.25,83.389999,84.099998,638300,77.886337
"76",84.019997,84.080002,83.589996,83.720001,761400,77.534416
"77",84.769997,84.970001,84.32,84.720001,538400,78.460533
"78",84.769997,85.639999,84.769997,85.389999,754200,79.081024
"79",85.459999,85.980003,85.300003,85.379997,578700,79.071754
"80",85.470001,86.209999,85.410004,86.07,523700,79.7108
"81",86.110001,86.169998,85.309998,85.970001,1087100,79.618156
"82",86.269997,86.629997,85.879997,86.160004,735300,79.794128
"83",86.269997,86.459999,85.400002,85.919998,825800,79.571854
"84",85.639999,86.379997,85.639999,86.370003,676700,79.988617
"85",86.32,86.790001,85.400002,86.099998,908400,79.738564
"86",87.43,87.690002,83.599998,84.440002,2176700,78.201218
"87",84.300003,84.580002,83.110001,83.589996,1776900,77.414017
"88",83.599998,84.790001,83.480003,84.769997,1100400,78.506821
"89",84.629997,85.769997,84.040001,85.769997,1256300,79.432961
"90",85.339996,86.970001,84.529999,85.360001,928600,79.05323
"91",85.050003,85.269997,84.190002,84.209999,657800,77.988205
"92",84.5,84.989998,84.32,84.480003,589100,78.238266
"93",84.389999,84.720001,83.599998,83.699997,1135000,77.515884
"94",83.699997,83.699997,81.580002,81.849998,1327000,75.802567
"95",81.220001,81.699997,80.68,80.830002,1302300,74.857948
"96",81.050003,81.199997,79.629997,80.830002,1571300,74.857948
"97",81.949997,83.129997,81.629997,82.93,1475800,76.802773
"98",82.93,82.93,81.779999,82.110001,980300,76.043358
"99",82.050003,82.349998,80.970001,82.220001,941800,76.145226
"100",82.669998,83.220001,81.889999,82.269997,1346200,76.191536
"101",82.279999,82.720001,81.669998,81.860001,952900,75.811836
"102",82.809998,83.93,82.239998,82.830002,1317000,76.710182
"103",82.870003,83.599998,82.43,83.57,2092500,77.395493
"104",83.949997,85.650002,83.489998,85.639999,1490800,79.312561
"105",85.580002,86.790001,85.199997,86.620003,1318800,80.220146
"106",86.589996,87.449997,86.379997,87.309998,1077400,80.859169
"107",87.209999,87.959999,86.519997,87.459999,1001900,80.998093
"108",87.779999,87.970001,85.669998,86.18,1151600,79.812637
"109",86.18,86.739998,85.209999,86.650002,834200,80.247925
"110",86.75,87.769997,85.389999,86.169998,1173800,79.803391
"111",85.739998,86.209999,85.099998,86.110001,1638300,79.747818
"112",86.300003,86.889999,85.639999,86.040001,1200000,80.1203
"113",86.029999,86.029999,84.5,84.870003,875800,79.030807
"114",84.290001,84.660004,83.860001,84.449997,993400,78.639702
"115",84.660004,84.919998,84.300003,84.720001,1172300,78.891129
"116",85.050003,86.300003,84.919998,86.199997,783000,80.269295
"117",86,86.029999,85.410004,85.739998,730800,79.840942
"118",86.07,86.379997,85.82,86.239998,1100200,80.306534
"119",86.25,87.699997,85.949997,87.360001,1038900,81.34948
"120",87.410004,88.760002,87.080002,88.639999,1641400,82.541428
"121",88.75,89.150002,88.389999,88.419998,758200,82.336555
"122",88.559998,88.790001,87.720001,87.720001,792000,81.6847
"123",88.160004,88.669998,87.809998,88.129997,1108300,82.066513
"124",88.089996,88.300003,86.190002,86.800003,1436700,80.828026
"125",87,87.559998,86.68,86.739998,1229300,80.772156
"126",86.989998,87.279999,86.669998,86.68,472300,80.71627
"127",86.830002,87.220001,86.419998,86.830002,815200,80.855949
"128",86.699997,86.709999,85.589996,85.959999,860700,80.045807
"129",86.349998,87.599998,86.290001,87.309998,617400,81.302933
"130",86.839996,87.599998,86.839996,87.230003,548500,81.228439
"131",87.379997,87.779999,86.68,87.650002,479900,81.61953
"132",88.199997,88.790001,87.910004,88.650002,581500,82.550743
"133",88.580002,88.910004,88.059998,88.330002,683400,82.252762
"134",88.239998,88.650002,87.769997,88.610001,460700,82.513489
"135",88.43,88.550003,88.059998,88.279999,444700,82.206177
"136",88.089996,88.470001,87.5,88.449997,540400,82.364479
"137",88.809998,90,88.519997,89.779999,726400,83.602974
"138",89.779999,89.989998,89.220001,89.959999,531500,83.770599
"139",89.989998,91.419998,89.639999,90.519997,1081500,84.292061
"140",90.510002,91.080002,90.150002,90.669998,552600,84.431755
"141",90.889999,91.5,90.650002,91.389999,669400,85.102211
"142",91.510002,92.190002,91.230003,91.839996,686800,85.521248
"143",91.989998,92.32,91.379997,92.209999,732500,85.865807
"144",91.989998,92.669998,91,91.010002,1015400,84.748352
"145",91.220001,91.449997,89.739998,90.68,1004700,84.441063
"146",91.050003,92.169998,90.900002,91.949997,726200,85.62368
"147",91.900002,91.989998,90.309998,90.43,646400,84.208275
"148",90.510002,91.349998,90.209999,90.400002,971400,84.180328
"149",91.589996,93.75,89.629997,90.370003,2085500,84.152405
"150",90.349998,90.349998,88.639999,89.199997,1307000,83.062897
"151",89.18,89.480003,88.300003,88.580002,989000,82.485558
"152",88.129997,88.529999,87.699997,88.510002,773400,82.420364
"153",87.849998,88.169998,86.970001,86.989998,901000,81.004944
"154",87.150002,88.32,86.959999,87.480003,806000,81.461243
"155",88.110001,88.879997,88,88.599998,683400,82.504173
"156",88.720001,88.870003,87.900002,87.919998,895900,81.870949
"157",88.050003,88.620003,86.440002,88.190002,1548700,82.122375
"158",87.639999,88.410004,87.080002,87.129997,1292000,81.1353
"159",86.989998,88.459999,86.349998,87.370003,1185300,81.358803
"160",86.709999,87.639999,85.68,87.199997,1406300,81.200485
"161",87.449997,87.5,86.029999,86.410004,1275800,80.464867
"162",86.160004,87.459999,85.150002,86.209999,3547300,80.27861
"163",86.440002,86.709999,85.910004,86.510002,870100,80.557968
"164",86.760002,87.470001,86.440002,86.879997,872800,80.902504
"165",87.019997,87.959999,87.019997,87.300003,725900,81.29361
"166",86.889999,87.199997,86.559998,86.940002,880800,80.958389
"167",86.980003,87.730003,86.519997,87.660004,572500,81.628845
"168",87.900002,88.330002,87.57,88.120003,1269400,82.057198
"169",88.339996,88.389999,87.620003,87.870003,620400,81.824402
"170",87.580002,87.889999,86.32,86.660004,637200,80.697655
"171",86.660004,86.699997,85.379997,85.720001,1085400,79.822327
"172",85.790001,86.449997,85.110001,86.349998,1006400,80.408974
"173",86.099998,86.160004,85.050003,85.120003,1583200,79.263603
"174",85.669998,87.400002,85.349998,87.010002,1008400,81.02356
"175",87.230003,87.93,86.620003,87.739998,834100,81.703339
"176",87.489998,87.489998,85.919998,85.970001,762500,80.055122
"177",85.190002,85.690002,84.43,84.580002,957300,79.19371
"178",84.589996,85.540001,84.279999,85.480003,1799100,80.036377
"179",85.760002,85.93,85.290001,85.480003,1005700,80.036377
"180",85.769997,86,85.269997,85.839996,771600,80.373459
"181",85.980003,86,84.910004,85.650002,614600,80.195549
"182",85.57,85.629997,84.720001,84.989998,470900,79.577591
"183",84.93,85.040001,84.18,84.290001,746000,78.92218
"184",84.139999,84.389999,83.139999,83.5,520600,78.18248
"185",83.650002,83.809998,82.860001,83.019997,748100,77.733047
"186",83.349998,84.449997,83.110001,84.099998,877500,78.744278
"187",83.769997,84.260002,83.589996,83.690002,677200,78.360405
"188",83.919998,84.870003,83.610001,84.870003,953700,79.465233
"189",84.739998,85.839996,84.559998,85.839996,1039600,80.373459
"190",85.739998,85.790001,85.260002,85.690002,604100,80.233025
"191",85.800003,86.010002,85.459999,85.639999,572500,80.186195
"192",85.669998,86.540001,85.599998,86,749100,80.52327
"193",86.900002,89.690002,86.75,89.440002,2118200,83.744217
"194",89.699997,90.050003,88.919998,89.099998,991300,83.425858
"195",89.540001,89.720001,88.760002,89.080002,824100,83.407127
"196",89.169998,89.5,88.779999,89.260002,570300,83.575668
"197",89.190002,90.230003,88.889999,89.800003,725600,84.081276
"198",90,90.160004,89.510002,89.93,681000,84.203003
"199",89.93,90.019997,89.279999,89.360001,583400,83.669296
"200",89.089996,89.300003,88.529999,88.879997,589100,83.219872
"201",89.150002,89.190002,88.059998,89.089996,720200,83.416489
"202",88.849998,90.07,88.709999,89.650002,611700,83.940842
"203",90.370003,90.669998,89.639999,90,1136000,84.268539
"204",90.349998,90.43,89.790001,89.940002,563200,84.212364
"205",90,90.879997,89.699997,90.230003,466700,84.483894
"206",89.970001,90.5,89.650002,90.050003,572100,84.315369
"207",90.129997,90.43,89.309998,90.279999,410600,84.530701
"208",90.449997,91.790001,90.019997,91.190002,701100,85.382751
"209",91.07,91.169998,90.160004,90.370003,725600,84.61499
"210",90.32,90.800003,90.029999,90.540001,750500,84.774147
"211",91.139999,91.739998,90.160004,90.559998,789800,84.792877
"212",90.330002,90.599998,89.82,90.019997,1058400,84.287285
"213",91.519997,94.940002,90.400002,94.25,1576900,88.247887
"214",94.019997,94.059998,92.190002,92.43,1385600,86.543793
"215",92.400002,92.650002,91.68,92.110001,678900,86.244179
"216",91.989998,93.110001,91.400002,92.660004,672900,86.759155
"217",92,92.110001,91.260002,91.610001,627800,85.776016
"218",91.279999,92,91,91.07,584900,85.270409
"219",90.599998,91.760002,90.599998,91.370003,782200,85.5513
"220",90.870003,91.18,90.25,91.019997,760700,85.223587
"221",90.980003,91.620003,90.209999,90.389999,807500,84.633705
"222",90.620003,91.209999,90.050003,90.970001,947300,85.176773
"223",90.599998,91.449997,90.419998,90.949997,1161900,85.158043
"224",91.370003,92.690002,91.260002,92.330002,500300,86.450172
"225",92.589996,93.43,92.370003,92.449997,1040200,86.562515
"226",92.599998,92.599998,91.209999,91.830002,508600,85.98201
"227",92.040001,92.599998,91.989998,92.360001,235000,86.478249
"228",92.610001,93.239998,92.32,92.879997,519000,86.965141
"229",93.129997,94.629997,93.099998,94.529999,909100,88.510071
"230",94.389999,94.959999,94,94.169998,793100,88.172974
"231",94.300003,94.660004,93.82,94.110001,854400,88.116806
"232",94,94.18,92.110001,93.029999,1004400,87.105598
"233",93.440002,94,93.139999,93.629997,1308700,87.667366
"234",93.120003,93.790001,90.510002,90.660004,1428500,84.886528
"235",90.449997,91.879997,90.25,91.290001,743700,85.476395
"236",91.089996,93.959999,90.860001,92.800003,2148100,86.890244
"237",93.470001,93.730003,92.169998,92.519997,1231900,86.628067
"238",92.32,92.760002,91.940002,92.330002,1231300,86.450172
"239",92.419998,93.949997,91.82,93.370003,872800,87.423943
"240",93.309998,94.690002,93,93.940002,907200,87.957657
"241",93.800003,93.800003,92.080002,92.199997,1052300,86.808968
"242",92.620003,93.879997,92.230003,93.150002,1438900,87.703415
"243",93.269997,94.68,93.269997,94.489998,1566700,88.965073
"244",94.699997,95.300003,93.260002,93.279999,1781300,87.825813
"245",93.589996,93.769997,92,92.099998,1041400,86.714828
"246",92.18,92.720001,91.360001,91.620003,814100,86.262871
"247",91.620003,91.629997,90.639999,90.760002,559100,85.453148
"248",90.82,91.07,90.330002,90.669998,609100,85.368423
"249",90.650002,90.919998,90.010002,90.800003,555500,85.490837
"250",90.959999,91.449997,89.919998,90.57,1095700,85.274269
"251",90.800003,90.93,90.040001,90.339996,630600,85.057716
"252",90.839996,91.139999,90.050003,90.550003,800400,85.255447
"253",90.470001,90.580002,89.18,89.910004,1591200,84.65287
"254",89.889999,91.620003,89.889999,90.660004,1295900,85.359009
"255",91.209999,91.980003,90.690002,91.879997,679600,86.507668
"256",91.68,92.849998,91.599998,92.82,727700,87.392715
"257",93,93.480003,91.93,92.120003,814300,86.733665
"258",91.959999,92.709999,91.720001,92.379997,537000,86.978447
"259",92.330002,93.629997,92.139999,93.550003,811900,88.080025
"260",94.980003,97.18,94.650002,96.57,1874900,90.923454
"261",97.099998,97.120003,95.279999,95.860001,1192700,90.254959
"262",96.449997,97.699997,96.349998,97.279999,708400,91.591934
"263",97.410004,97.650002,96.839996,97.5,1061300,91.79908
"264",97.980003,98.269997,97.449997,97.800003,1069800,92.081543
"265",98.220001,98.269997,97.019997,97.330002,976200,91.639008
"266",97.330002,97.330002,96.370003,96.760002,808700,91.102325
"267",97.150002,97.260002,95.760002,95.839996,837200,90.236122
"268",96.739998,98.190002,96.379997,97.68,1117500,91.968552
"269",98.110001,99,97.93,99,976300,93.211357
"270",99.110001,100.800003,99.010002,99.18,986100,93.380844
"271",98.879997,99.93,98.339996,99.800003,906500,93.964607
"272",99.860001,100.260002,98.860001,99.459999,887900,93.644463
"273",99.489998,99.980003,97.68,99.120003,1483400,93.324356
"274",100.849998,107.779999,100.580002,103.870003,4455900,97.796623
"275",103.550003,106,101.059998,101.059998,3017100,95.150902
"276",99.660004,103.18,99.040001,102.760002,3183300,96.751511
"277",102.779999,104.160004,102.339996,102.629997,2096200,96.62912
"278",102.949997,103,98.720001,98.739998,2042600,92.966568
"279",99.510002,100.32,96.940002,99.129997,3309500,93.333763
"280",99.82,102.010002,99.639999,101.300003,1243500,95.376892
"281",100.839996,102.089996,100.199997,101.940002,1024500,95.979469
"282",101.620003,105.220001,101.300003,105.019997,1658500,98.879356
"283",105.639999,106.370003,104.620003,106.129997,1694000,99.924461
"284",105.830002,107.080002,105.010002,105.910004,1075500,99.717331
"285",105.260002,106.970001,104.839996,105.75,1420200,99.566696
"286",106.099998,106.650002,104.970001,104.989998,1114700,98.85112
"287",105.330002,106.25,104.269997,104.730003,1131900,98.606331
"288",105.43,107.110001,105.269997,106.730003,1226600,100.489395
"289",107.150002,107.290001,106.269997,106.82,973400,100.574135
"290",106.989998,107.639999,106.220001,106.620003,1206000,100.385811
"291",106.720001,107.779999,106.150002,106.150002,1066000,99.943298
"292",107.169998,107.529999,105.25,106.32,1335200,100.10334
"293",105.669998,106.610001,105.300003,106.290001,818200,100.075111
"294",106.089996,107.949997,105.589996,107.269997,957400,100.997803
"295",107.589996,108.75,107.32,108.379997,955400,102.0429
"296",107.57,109.18,107.57,108.839996,899000,102.476006
"297",109.199997,109.230003,107.370003,108.470001,888300,102.127625
"298",108.5,109.489998,108.230003,109.089996,1629100,102.711388
"299",109.120003,109.419998,108.529999,108.849998,1327900,102.48542
"300",109.239998,110.290001,108.639999,109.220001,1425900,102.833801
"301",109.43,109.739998,108.550003,108.949997,933500,103.070297
"302",108.949997,109.489998,108.519997,108.800003,930100,102.928398
"303",109,109.82,108.620003,108.830002,1290500,102.956772
"304",108.32,109.040001,107.720001,108.75,1027900,102.881088
"305",109.050003,109.830002,108.730003,109.389999,1077100,103.486557
"306",109.029999,109.790001,108.849998,109.089996,1070300,103.202751
"307",108.309998,108.769997,107.129997,107.199997,1031300,101.414734
"308",107.529999,107.809998,104.279999,104.279999,975700,98.652321
"309",105.580002,106.480003,104.949997,105.790001,1286400,100.080833
"310",106.349998,107.120003,105.279999,105.93,2009800,100.213287
"311",105.669998,106.379997,103.919998,103.959999,867900,98.349609
"312",104.489998,105.849998,104.059998,105.300003,920500,99.617287
"313",105.010002,105.720001,103.18,104.519997,1445100,98.879372
"314",105.269997,106.419998,104.400002,104.93,1325200,99.26725
"315",103.779999,106.419998,103.68,106.07,1603100,100.345718
"316",106.93,107.690002,106.120003,106.690002,1409500,100.932274
"317",105.769997,106.459999,103.699997,103.980003,1080400,98.368515
"318",104.709999,105.769997,104.550003,104.709999,1018400,99.059128
"319",106.010002,107.800003,105.769997,107.550003,1073400,101.74585
"320",106.949997,108.269997,106.419998,107.629997,773900,101.821548
"321",108.239998,108.949997,107.68,108.330002,729800,102.483749
"322",108.379997,108.580002,107.290001,107.690002,548900,101.878304
"323",107.949997,109.459999,106.910004,108.919998,743500,103.041931
"324",109.25,110.93,108.989998,110.650002,798600,104.678558
"325",110.839996,111.910004,110.389999,111.419998,721100,105.406998
"326",110.860001,111.400002,110.540001,110.709999,832300,104.735336
"327",111.059998,111.459999,110.150002,110.57,719200,104.602867
"328",110.849998,111.68,109.650002,109.82,762800,103.893341
"329",109.970001,111.290001,108.919998,109.639999,1096300,103.723068
"330",109.25,109.620003,108.43,109.419998,819000,103.514931
"331",109.589996,110.339996,109.18,109.830002,548100,103.902817
"332",109.849998,110.25,109.139999,110.150002,921800,104.205536
"333",110.400002,110.940002,109.459999,109.830002,899800,103.902817
"334",109.830002,109.879997,106.839996,108.480003,1209600,102.625656
"335",108.699997,109.099998,107.470001,107.629997,959700,101.821548
"336",107.519997,107.959999,105.5,107.690002,1843200,101.878304
"337",107.959999,109.150002,105.059998,108.029999,2377700,102.199928
"338",108.529999,108.559998,106.650002,107.309998,1615200,101.518791
"339",107.300003,108.480003,106.889999,107.839996,1137000,102.020195
"340",107.889999,108.209999,105.410004,105.779999,1866700,100.071381
"341",106.32,108.919998,106.25,108.75,1517800,102.881088
"342",108.589996,108.669998,107.5,108.370003,1065500,102.521614
"343",108.43,109.339996,107.110001,107.379997,1239300,101.58503
"344",107.019997,108.059998,106.769997,107.980003,1145600,102.152641
"345",107.919998,108.349998,107.169998,107.300003,968300,101.509331
"346",106.650002,107,106.110001,106.25,1122000,100.516006
"347",106.120003,106.970001,105.889999,106.410004,2433400,100.667374
"348",107.110001,108.480003,106.82,108.379997,1337600,102.531052
"349",109,109.790001,108.309998,109.309998,1964400,103.410881
"350",108.629997,110.849998,108.379997,110.839996,1282700,104.858299
"351",110.43,111.07,110.040001,110.860001,1345000,104.877228
"352",111.099998,111.519997,110.139999,110.57,907500,104.602867
"353",110.059998,110.43,109.099998,109.68,1298000,103.760895
"354",109.800003,110.650002,109.459999,109.470001,1063200,103.562248
"355",109.900002,109.900002,107.220001,107.339996,3675800,101.547188
"356",108.019997,109.150002,107.730003,109.110001,819300,103.221672
"357",109.160004,110.019997,108.779999,109.910004,646400,103.9785
"358",109.989998,112.43,109.510002,112.339996,1342300,106.277351
"359",112.290001,113.599998,111.529999,113.580002,1660700,107.450424
"360",113.660004,113.690002,111.389999,112.220001,1378700,106.163834
"361",112.230003,112.919998,111.239998,112.300003,789800,106.239525
"362",112.220001,112.900002,112.010002,112.510002,732900,106.438171
"363",112.900002,113.360001,112.139999,113.279999,695200,107.166626
"364",113.620003,114.459999,113.059998,113.629997,702900,107.497742
"365",113.330002,114.449997,113.330002,113.900002,822300,108.248543
"366",113.68,114.699997,112.82,114.519997,1693800,108.837776
"367",113.610001,115.580002,113.589996,115.5,889200,109.769135
"368",114.550003,115.879997,114.360001,115.800003,1051300,110.054268
"369",115.940002,116.68,115.269997,115.970001,729800,110.215843
"370",116.639999,117.620003,116.019997,117.050003,850000,111.242241
"371",117.239998,118.370003,117.110001,117.709999,1704000,111.869492
"372",117.620003,117.879997,115.410004,116.050003,1072300,110.291855
"373",115.980003,116.400002,115.440002,115.480003,1155800,109.750145
"374",115.779999,116.029999,114.93,115.410004,1125400,109.683624
"375",115,117.360001,114.860001,117.110001,976700,111.299263
"376",117.449997,117.849998,116.279999,116.370003,1345900,110.595978
"377",115.870003,116.550003,114.949997,116.510002,871800,110.729042
"378",116.970001,117.669998,115.75,115.900002,648800,110.149307
"379",116.5,117.650002,115.919998,117.480003,1019000,111.650894
"380",117.330002,118.779999,117.139999,118.410004,818700,112.534767
"381",118.730003,118.779999,117.110001,118.300003,934800,112.430237
"382",119.260002,119.650002,118.190002,118.639999,1047300,112.753342
"383",119.150002,121.300003,118.410004,120.32,2776800,114.349998
"384",120.739998,120.940002,120.349998,120.769997,812500,114.777664
"385",120.769997,121.690002,120.129997,120.769997,587700,114.777664
"386",121.139999,121.480003,120.419998,121.349998,801200,115.32888
"387",121.120003,122.57,120.82,122.449997,985500,116.37429
"388",122.43,123.309998,121.459999,123.190002,919700,117.077583
"389",122.580002,123.010002,121.989998,122.18,738500,116.117699
"390",122.099998,122.410004,121.370003,121.68,686800,115.642517
"391",121.809998,122.059998,121.120003,122.019997,589200,115.965637
"392",122,122.379997,120.75,121.470001,974000,115.44294
"393",121.18,124.139999,121.18,124.050003,1026100,117.89492
"394",123.900002,125.309998,123.800003,125.150002,801000,118.940338
"395",124.839996,125.019997,123.18,123.449997,1378100,117.324677
"396",122.940002,123.459999,120.150002,120.480003,898500,114.50206
"397",120.860001,121.669998,120.309998,121.300003,926000,115.281372
"398",121.199997,122.160004,120.040001,120.900002,1062000,114.901215
"399",120.290001,121.949997,120.129997,121.519997,1233300,115.49044
"400",116.25,119.889999,116,117.669998,2021700,111.831474
"401",117.349998,119.470001,117.349998,119.220001,1377200,113.304565
"402",120,121.540001,119.760002,121,1029700,114.996246
"403",121.559998,121.580002,119.379997,119.82,1020400,113.874809
"404",119.440002,121.940002,119.239998,121.449997,1144800,115.423927
"405",121.150002,122.029999,120.790001,121.010002,555700,115.005753
"406",121.379997,122.580002,120.669998,121.349998,754400,115.32888
"407",121.5,121.720001,120.629997,121,942000,114.996246
"408",120.550003,121.099998,119.290001,120.279999,780200,114.311974
"409",120.839996,121.769997,120.839996,121.309998,788400,115.290878
"410",121.32,123.68,121.010002,122.989998,896800,116.887505
"411",124.099998,125.68,124.099998,124.989998,979700,118.788284
"412",124.919998,125.779999,124.32,124.489998,455500,118.313095
"413",124.510002,124.760002,123.919998,124.410004,638700,118.237053
"414",124.489998,125.260002,124.410004,125.089996,533200,118.883308
"415",125.599998,126.989998,125.019997,126.650002,959700,120.365913
"416",126.849998,127.559998,126.110001,127.25,972700,120.936127
"417",127.589996,128.479996,127.360001,127.830002,910900,121.487366
"418",127.830002,128.850006,127.620003,128.720001,555300,122.333206
"419",128.940002,129.199997,127.150002,127.540001,1086400,121.211754
"420",126.980003,128.559998,126.760002,128.360001,984000,121.991066
"421",127.57,128.190002,126.720001,128.169998,706100,121.810486
"422",127.860001,128.25,126.720001,127.419998,772500,121.097694
"423",128.110001,128.380005,126.779999,127.610001,758700,121.278275
"424",127.599998,127.980003,126.5,126.790001,863800,120.498962
"425",127.470001,127.690002,126.690002,127.129997,678000,120.82209
"426",127.129997,127.860001,126.790001,127.440002,632300,121.116707
"427",126.940002,127.330002,125.309998,125.989998,859900,119.738647
"428",125.800003,126.849998,125.800003,126.139999,672500,120.378052
"429",127.57,127.610001,126.150002,126.760002,819800,120.969727
"430",127.120003,127.120003,125.669998,126.489998,987000,120.712059
"431",126.129997,128.389999,126.129997,126.610001,888000,120.826584
"432",126.5,126.779999,123.919998,124.529999,644500,118.841599
"433",124.900002,126.129997,124.279999,126.089996,620500,120.330338
"434",126.089996,128.589996,125.989998,128.410004,2252000,122.544365
"435",127.699997,129.440002,126.68,128.960007,1363400,123.069244
"436",129,130.259995,128.949997,129.919998,1271400,123.985397
"437",130,130.320007,128.520004,128.740005,1167300,122.859291
"438",128.660004,129.630005,128.410004,128.529999,462900,122.658882
"439",128.25,130.339996,128.119995,130.139999,831900,124.195335
"440",131,131.479996,127.769997,128.190002,1167300,122.334412
"441",127.860001,128.649994,126,126.870003,1407200,121.074715
"442",127.519997,128.320007,126.709999,126.790001,796100,120.99836
"443",126.449997,126.5,125.029999,125.940002,678000,120.187187
"444",125.809998,126.980003,124.769997,125.589996,651300,119.85318
"445",125.510002,125.540001,122.739998,123.5,630800,117.858635
"446",123.25,124.730003,122.910004,124.449997,727400,118.765236
"447",124.139999,124.209999,120.580002,120.68,1001600,115.167465
"448",120.32,121.150002,117.790001,117.940002,1024200,112.552605
"449",119.589996,120.830002,118.709999,120.239998,874700,114.747566
"450",119.980003,120.940002,118.639999,120.010002,782000,114.528061
"451",120.610001,124.089996,120.220001,123.760002,745000,118.106773
"452",124.089996,124.110001,122.010002,123.559998,580200,117.915901
"453",123.449997,124.849998,122.849998,123.849998,951900,118.192657
"454",124.129997,124.93,123.199997,123.360001,942100,117.72506
"455",123.669998,123.839996,121.830002,123.019997,599600,117.400574
"456",121.629997,123.25,120.230003,122.290001,646400,116.703918
"457",122.040001,124.620003,119.459999,119.580002,946100,114.117714
"458",120.110001,122.589996,119.970001,121.620003,804700,116.064529
"459",120.25,121.32,118.43,119.68,799300,114.213142
"460",120.949997,121.980003,115.620003,117.059998,1092400,111.712814
"461",117.25,119.480003,115.919998,119.239998,1093100,113.793243
"462",120.709999,123.830002,120.150002,122.559998,1092200,116.961578
"463",122.800003,124.089996,121.370003,123.779999,955700,118.125854
"464",124.93,129.520004,123.93,128.839996,2171300,122.954735
"465",128.289993,128.669998,121.169998,124.029999,1720900,118.364441
"466",123.650002,125.989998,123.190002,125.889999,934100,120.139473
"467",126.529999,128.929993,125.949997,128.669998,892000,122.79248
"468",128.089996,129.75,127.379997,129.589996,818500,123.670456
"469",129.419998,129.990005,127.989998,129.649994,942600,123.727699
"470",129.449997,129.449997,126.510002,126.989998,574600,121.189232
"471",127.540001,129.350006,126.739998,126.900002,853000,121.103348
"472",127.330002,130.240005,125.230003,128.729996,1054000,122.849731
"473",128.639999,130.100006,127.349998,129.389999,948700,123.479591
"474",128.809998,130.490005,128.300003,130.020004,815600,124.080833
"475",129.559998,129.949997,126.059998,126.290001,723900,120.521217
"476",123.800003,126.220001,123.25,123.57,1092300,117.925453
"477",124.57,125.199997,123.169998,124.110001,766900,118.440773
"478",122.970001,124.760002,122.970001,124.349998,247600,118.669823
"479",125.300003,127.370003,125.059998,127.370003,862900,121.551872
"480",126.690002,130.240005,126.690002,129.300003,1267600,123.393723
"481",129.690002,132.100006,129.009995,132.070007,986900,126.037178
"482",131.75,133.089996,131.279999,132.580002,770800,126.523872
"483",132.179993,132.949997,130.440002,131.25,1367100,125.254631
"484",133.179993,133.830002,131.960007,133.789993,1082000,127.678612
"485",133.550003,133.970001,129.850006,130.080002,1601900,124.138069
"486",128.690002,129.919998,125.440002,129.759995,1258900,123.832695
"487",129.440002,129.699997,126.349998,127.529999,1279800,121.704567
"488",127.07,130.199997,125.660004,129.600006,975100,123.680008
"489",131.050003,131.330002,129.270004,129.460007,955100,123.546394
"490",130.419998,132.320007,130.199997,130.25,959500,124.300308
"491",130,131.210007,127.650002,129.050003,822000,123.696442
"492",127.849998,128.5,125.389999,126.650002,655200,121.396019
"493",126.599998,127.139999,122.730003,123.239998,1040800,118.127464
"494",123.610001,124.330002,120.410004,121.889999,1234300,116.833466
"495",121.790001,122.919998,118.599998,119.050003,1022200,114.111282
"496",118.730003,119.620003,113.769997,115.5,1198200,110.708565
"497",115.5,118.519997,111.720001,111.730003,2606400,107.094971
"498",110.93,112.339996,108.970001,108.970001,788500,104.449448
"499",109.510002,112.309998,108.25,112.169998,1229900,107.516701
"500",110.669998,112.43,108.43,112.410004,815900,107.74675
"501",112.510002,113.669998,111.18,112.25,654100,107.593376
"502",113.029999,115.040001,112.629997,115.040001,1051600,110.267647
"503",113.900002,115.879997,113.629997,114.779999,1078600,110.018425
"504",113.629997,114.400002,110.610001,110.760002,935400,106.165199
"505",112.459999,116.769997,112.059998,115.559998,920500,110.76609
"506",115.5,116.809998,114.660004,116.099998,1220600,111.283661
"507",116.900002,119.510002,116.269997,119.510002,1430000,114.552231
"508",119.349998,120.07,116.120003,116.160004,1473100,111.341187
"509",115.300003,117.660004,114.959999,117.559998,1041900,112.683098
"510",116.900002,117.760002,115.919998,116,1122100,111.18782
"511",115.529999,116.370003,114.919998,115.120003,1187500,110.344337
"512",115.059998,116.150002,114.440002,115.769997,1189700,110.967346
"513",115.730003,116.900002,114.5,114.550003,1250600,109.797974
"514",114.629997,115.809998,113.25,113.75,1137100,109.031151
"515",114.239998,116.18,114.099998,115.599998,1239800,110.804413
"516",115.230003,115.860001,113.919998,114.470001,1167600,109.721298
"517",115.220001,115.599998,113.910004,114.459999,742800,109.711708
"518",114.769997,115.169998,113.730003,114.790001,711800,110.028008
"519",115.839996,116.809998,115.5,116.18,744200,111.360344
"520",114.849998,115.269997,113.699997,115.230003,595500,110.449745
"521",115.169998,116.120003,114.540001,115.720001,855700,110.919434
"522",115.57,117.18,115.540001,116.809998,930400,111.964203
"523",116.639999,117.669998,116.449997,116.910004,981000,112.060059
"524",117.410004,119.190002,116.860001,118.370003,1184000,113.459503
"525",118.25,120.25,117.870003,120.050003,1599800,115.069809
"526",120.080002,120.339996,118.860001,119.379997,942900,114.427589
"527",119.370003,120.669998,119.260002,120.43,907500,115.434044
"528",119.790001,119.809998,117.790001,118.620003,1031400,113.69912
"529",129.940002,136.779999,128.800003,135.369995,4429300,129.754257
"530",135.380005,136.539993,134.039993,134.179993,1903100,128.613617
"531",134.289993,138.320007,134.289993,137.220001,1823400,131.527512
"532",137.449997,137.919998,136.369995,137.639999,1178000,131.930099
"533",137.639999,137.979996,136.490005,137.190002,956300,131.498749
"534",138.339996,138.919998,137.539993,138.630005,1077200,132.879028
"535",137.960007,139.490005,137.940002,138.910004,773900,133.14743
"536",139.169998,139.910004,138.529999,139.210007,1067800,133.434967
"537",139.380005,139.649994,138.110001,138.389999,981300,132.648987
"538",138.889999,140.059998,138.589996,139.979996,942700,134.172989
"539",140.550003,141.470001,140.050003,141.210007,742400,135.35199
"540",141.169998,142.179993,141.169998,141.639999,1130100,135.764145
"541",141.380005,143.020004,141.380005,142.990005,757100,137.058151
"542",143.190002,144.309998,142.720001,143.119995,1444100,137.18277
"543",143.740005,144.570007,143.029999,143.610001,678400,137.65242
"544",144.839996,144.940002,141.039993,142,1087700,136.109238
"545",141.979996,142.429993,141.050003,141.600006,808900,135.725845
"546",141.619995,141.779999,139.839996,140.279999,690700,134.460571
"547",140.520004,140.639999,138.690002,139.490005,886800,133.703354
"548",137.910004,138.940002,135.970001,138.850006,708000,133.08989
"549",138.240005,141.979996,138.240005,141.449997,1013700,135.582031
"550",141.770004,142.259995,140.039993,140.199997,919800,134.383896
"551",140.860001,141.850006,139.929993,141.009995,809500,135.160309
"552",141,141,139.570007,140.089996,1305800,134.823441
"553",139.990005,141.619995,139.839996,140.639999,1092700,135.352768
"554",140.559998,141.149994,139.320007,140.5,721400,135.218048
"555",141.220001,141.220001,139.970001,140.460007,662500,135.179535
"556",140.350006,140.800003,138.509995,138.699997,811600,133.485703
"557",138.960007,141.25,138.820007,140.639999,708200,135.352768
"558",140.009995,140.779999,138.190002,138.639999,722800,133.427994
"559",138.639999,138.970001,137.210007,138.639999,732800,133.427994
"560",139.869995,140.490005,139,140.399994,1088600,135.121796
"561",140.399994,141.449997,138.710007,139.369995,922200,134.130493
"562",139.470001,140.5,138.669998,139.190002,858600,133.957275
"563",139.850006,140.610001,139.350006,140.419998,897600,135.141006
"564",141.509995,142.460007,140.190002,141.320007,701100,136.007233
"565",141.899994,142.350006,140.759995,141.669998,662700,136.34404
"566",142.429993,143.610001,141.639999,142.289993,957400,136.94075
"567",142.690002,142.75,139.740005,140.679993,442600,135.391266
"568",141.330002,141.449997,140.289993,140.660004,1030700,135.372025
"569",140.649994,140.910004,139.490005,140.630005,578600,135.343155
"570",140.529999,141.5,139.710007,140.779999,756800,135.487488
"571",141,142.75,140.899994,142.699997,646100,137.335342
"572",143.220001,143.520004,142.139999,143.050003,905000,137.672165
"573",143.470001,143.669998,142.179993,143.229996,732400,137.845413
"574",143.029999,143.699997,142.440002,143.570007,461900,138.172607
"575",143.830002,144.910004,143.419998,144.809998,714300,139.365982
"576",145,145.759995,143.449997,143.619995,539700,138.220779
"577",144.139999,144.789993,143.229996,143.360001,601300,137.970505
"578",143.110001,144.619995,142.509995,144.119995,663200,138.70195
"579",144.240005,146.410004,143.899994,146.070007,897600,140.578629
"580",145.710007,147.589996,145.710007,146.990005,1106600,141.46405
"581",146.309998,146.309998,143.720001,145.539993,890300,140.068558
"582",145.690002,146.729996,144.740005,146.259995,756300,140.761475
"583",145.899994,146.070007,144.720001,145.259995,712600,139.799072
"584",145.479996,145.479996,143.479996,144.910004,666100,139.462219
"585",144.960007,145.210007,142.710007,142.729996,1056400,137.364182
"586",142.539993,143.279999,141.169998,142.350006,1018000,136.998505
"587",143.210007,148.429993,140.649994,143.619995,1564000,138.220779
"588",141.369995,142.660004,139.210007,142.279999,1011700,136.931122
"589",140.839996,141.990005,140.539993,141.75,1026100,136.421051
"590",141.729996,143.979996,141.199997,143.050003,809600,137.672165
"591",141.940002,145.360001,141.210007,145.229996,1375600,139.770218
"592",144.520004,148.5,144.440002,148.429993,1468500,142.849915
"593",145.229996,145.690002,142.570007,143.229996,1199500,137.845413
"594",143.75,145.199997,143.470001,144.630005,1045300,139.19278
"595",143.830002,145.289993,143.080002,145.179993,795800,139.722076
"596",145.869995,148.979996,145.600006,148.389999,847900,142.811432
"597",146.970001,148.410004,146.639999,146.949997,1623200,141.425552
"598",146.440002,147.110001,145.190002,146.899994,1098200,141.377426
"599",147.610001,149.649994,147.610001,148.729996,989600,143.138641
"600",148.029999,152.990005,148.029999,152.630005,1310800,146.892044
"601",151.380005,153.589996,150.059998,150.479996,1807900,144.822845
"602",151.320007,151.660004,149.270004,150.630005,736300,144.967209
"603",150.860001,152.229996,149.190002,150.410004,1271600,144.755478
"604",149.779999,150.800003,148.570007,149.270004,659800,143.658371
"605",149.410004,151.970001,149.410004,151.289993,867300,145.602371
"606",149.789993,150.699997,148.550003,149.949997,808500,144.312775
"607",150.029999,152.169998,149.910004,152.089996,1351400,146.372299
"608",152.850006,157.059998,152.75,156.940002,1536600,151.039978
"609",157.919998,161.309998,157.710007,160.630005,1447800,154.591278
"610",160.649994,161.350006,158.919998,160.979996,863900,154.928116
"611",161.600006,163.779999,160.979996,163.580002,637200,157.430374
"612",163.589996,164.270004,161.179993,161.509995,1019500,155.438171
"613",162.220001,162.839996,160.050003,160.559998,830900,154.523895
"614",160.919998,161.529999,160,161.309998,911900,155.245697
"615",161.979996,162.460007,159.199997,159.949997,764000,154.482712
"616",160,161.050003,158.770004,160.350006,900900,154.869034
"617",161.070007,163.990005,160.539993,163.839996,1164000,158.239731
"618",164.160004,166.039993,163.559998,165.089996,1186600,159.446991
"619",165.25,166.850006,164.029999,166.539993,1052300,160.847427
"620",168.270004,169.300003,165.630005,166.860001,1332700,161.156509
"621",167.160004,167.479996,165,165.089996,1615400,159.446991
"622",165.389999,167.369995,164.330002,165.610001,765100,159.949249
"623",165.889999,166.809998,164.070007,164.190002,958000,158.577789
"624",165.25,166.970001,164.740005,164.880005,1071800,159.244202
"625",165.389999,165.990005,163.589996,164.600006,706800,158.97377
"626",164.990005,166.949997,163.429993,166.729996,2931200,161.03096
"627",168.009995,168.800003,164.460007,166.889999,959300,161.185471
"628",166.889999,168.960007,166.139999,168.309998,1227100,162.556946
"629",168.169998,170.630005,168.169998,170.369995,425800,164.546539
"630",170.179993,170.679993,168.25,170.649994,599700,164.816971
"631",169.600006,169.800003,168.309998,169.059998,580500,163.281311
"632",168.929993,170.509995,167.679993,170.350006,926200,164.527222
"633",171,172.320007,170.270004,170.729996,885700,164.894211
"634",170.990005,171.080002,168.75,171.070007,765600,165.222595
"635",171.360001,172.350006,170.800003,172.279999,510000,166.391235
"636",172.279999,173.190002,171.539993,172.800003,655100,166.893463
"637",173.130005,173.440002,171.020004,171.529999,624900,165.666885
"638",170,171.089996,169.149994,170.160004,519400,164.343719
"639",170.389999,171.580002,169.5,171.520004,541900,165.657211
"640",172.649994,172.649994,168.809998,168.910004,733700,163.136429
"641",169.520004,171.070007,169.110001,169.979996,452900,164.169861
"642",170.699997,170.839996,168.5,170.800003,485100,164.961823
"643",170.570007,170.570007,167.429993,167.589996,1000300,161.861557
"644",167.649994,169.330002,166.850006,168.929993,642000,163.155762
"645",169.600006,170.339996,168.789993,170.100006,542700,164.285767
"646",170.800003,170.800003,168.279999,168.770004,790900,163.001221
"647",168.169998,169.360001,165.970001,166,1011600,160.325882
"648",166.300003,167.800003,165.080002,165.960007,1036200,160.287262
"649",165.990005,167.919998,164.380005,164.759995,1506600,159.128311
"650",163.470001,172.289993,160.809998,170.080002,1732400,164.266449
"651",167.509995,169.050003,166.119995,168.729996,1459100,162.962585
"652",169.270004,172.179993,169.270004,171.580002,900100,165.715164
"653",170.789993,174.369995,169.470001,174,1186300,168.052429
"654",175.289993,179.139999,175,179.059998,950900,172.939514
"655",178.669998,178.729996,175.779999,176.300003,703500,170.273849
"656",175.470001,176.809998,174.149994,175.539993,975500,169.53981
"657",175.300003,177.270004,175.210007,176.050003,818700,170.032364
"658",173.770004,174.910004,170.940002,171.029999,1140800,165.18396
"659",171.259995,173.229996,170.169998,172.059998,672800,166.178787
"660",173,174.740005,172.330002,173.320007,937300,167.395691
"661",175.309998,177.5,174.190002,176.869995,640600,170.824371
"662",176.529999,177.210007,175.020004,175.389999,440300,169.394958
"663",177.25,179.240005,176.600006,179.199997,769300,173.074738
"664",179.199997,179.539993,177.929993,178.729996,856300,172.620743
"665",178,178.970001,174.759995,175.270004,875500,169.279037
"666",176.380005,178.399994,176.380005,178.350006,723500,172.253769
"667",178.589996,179.699997,177.199997,178.509995,1096100,172.40831
"668",177.75,178.309998,176.279999,178.240005,554300,172.147522
"669",179.789993,181.830002,179.520004,181.160004,560200,174.967728
"670",182.229996,182.279999,180.029999,180.910004,690300,174.726257
"671",180.009995,180.660004,178.149994,178.600006,841200,172.495224
"672",179.729996,180.059998,178.089996,178.919998,721900,172.804306
"673",176.490005,176.729996,172.149994,173.570007,3141500,167.637161
"674",174.279999,175.729996,173.479996,174.800003,2589900,168.825119
"675",175.149994,175.309998,171.320007,171.669998,1080100,165.802094
"676",170.619995,170.619995,163.100006,164.429993,2085700,158.80957
"677",164.419998,166.320007,164.259995,165.309998,1486400,159.65947
"678",165.960007,167.289993,164.470001,166.139999,1950200,161.016312
"679",165.940002,168.350006,165.550003,167.039993,1092900,161.888535
"680",166.220001,167.089996,165.649994,166.029999,1167700,160.909698
"681",166.559998,169.190002,166.470001,168.839996,1296500,163.633041
"682",168.949997,169.419998,166.699997,168.470001,960200,163.274475
"683",168.619995,169.559998,167.050003,167.419998,760900,162.256836
"684",167.839996,169.179993,166.199997,166.210007,1397700,161.084167
"685",166.259995,169.429993,166.259995,168.470001,1190000,163.274475
"686",169.860001,172.669998,168.850006,169.229996,1223200,164.011002
"687",169.029999,172.020004,168.009995,171.619995,730000,166.327332
"688",171.5,172.75,170.960007,172.369995,766900,167.054184
"689",172.720001,172.720001,169.529999,170.190002,618600,164.941422
"690",170.139999,171.289993,169.720001,170.410004,937000,165.154663
"691",170.429993,170.830002,165.229996,165.440002,1349000,160.337921
"692",164.75,164.75,162.440002,164.429993,1665100,159.359055
"693",163.759995,165.020004,162.270004,164.679993,1100400,159.601334
"694",165.369995,168.279999,164.470001,168.210007,950000,163.022476
"695",168,168.429993,166.720001,167.789993,803500,162.615417
"696",168.839996,173.240005,167.520004,170.75,1877600,165.484146
"697",171.479996,172.449997,170.210007,171.100006,963200,165.823364
"698",170.389999,170.75,168.729996,170.009995,709400,164.766968
"699",172.050003,172.389999,167.529999,167.529999,1291900,162.363434
"700",167.520004,169.119995,167.330002,167.339996,1064200,162.179306
"701",167.639999,170.610001,167.539993,169.710007,674600,164.476227
"702",170.490005,172.800003,169.050003,172.759995,1158800,167.432159
"703",173.550003,176.949997,172.600006,175.720001,1150300,170.300873
"704",176.369995,176.529999,173.389999,175.050003,786800,169.651566
"705",175.639999,176.270004,174.240005,176.009995,810000,170.581924
"706",176.009995,176.429993,168.940002,169.080002,897500,163.865646
"707",169.240005,169.529999,168.020004,169.089996,1091200,163.87532
"708",166.210007,167.199997,157.720001,163.25,2840100,158.215454
"709",163.389999,164.729996,162,163.410004,937600,158.370499
"710",164.770004,164.770004,161.970001,162.820007,1055800,157.798706
"711",162,164.789993,162,164.75,852300,159.669174
"712",164.850006,165.830002,164.009995,165.360001,1078800,160.260361
"713",166,167.809998,158.309998,166.320007,2650600,161.19075
"714",167.039993,168.490005,166.360001,167.559998,960500,162.392517
"715",168.259995,168.449997,160.289993,160.589996,1438000,155.637497
"716",159.75,160.429993,154.020004,157.089996,3000300,152.245407
"717",157.089996,159.169998,156.300003,158.600006,1252900,153.708878
"718",159.660004,163.899994,159.199997,162.199997,1563200,157.1978
"719",161.979996,165.070007,161.639999,164.960007,1183600,159.872742
"720",162.339996,163.410004,160.149994,161.149994,1187700,156.180206
"721",160.990005,161.339996,159.509995,161.119995,1242100,156.151138
"722",160.600006,164.080002,160.600006,161.600006,1133900,156.616318
"723",160.699997,163.100006,160.179993,161.740005,652100,156.751999
"724",162.179993,162.369995,160.440002,162.080002,909300,157.081528
"725",162,163.440002,161.470001,162.960007,923800,157.934387
"726",163.990005,166.550003,163.259995,166,925600,160.880615
"727",166.070007,168.240005,164.649994,166.360001,1032700,161.229538
"728",165.729996,166.690002,164.330002,165.059998,970600,159.969635
"729",165.289993,166.369995,164.479996,165.850006,702500,160.73526
"730",166.559998,166.990005,164.449997,165.720001,781800,160.609268
"731",165.929993,167.979996,164.800003,166.360001,2948800,161.229538
"732",166.860001,167.869995,166,167.399994,778300,162.237457
"733",166.619995,167.940002,166.259995,167.300003,434600,162.140518
"734",166.789993,167.100006,162.330002,165.039993,860800,159.950241
"735",164.270004,165.899994,162.940002,164.860001,998400,159.775787
"736",165.550003,166.509995,164.839996,165.139999,1002700,160.04718
"737",164.669998,164.979996,160.360001,160.440002,1697100,155.492096
"738",160.550003,161.75,159.770004,160.710007,1482400,155.753784
"739",161.279999,162.679993,160.270004,161.5,1127000,156.519424
"740",161.449997,162.039993,160.410004,160.919998,1688700,155.957291
"741",161.5,162.350006,161.229996,161.779999,2194300,156.790802
"742",161.509995,162.970001,160.910004,161.970001,1885000,157.598358
"743",161.100006,162.600006,159.830002,160.5,1542300,156.168045
"744",161.880005,162.960007,160.820007,161.399994,1413400,157.043747
"745",162.039993,164.399994,160.850006,160.979996,1530900,156.635071
"746",161.740005,162.369995,158.960007,159.389999,1665000,155.087982
"747",159.350006,161.929993,158.770004,161.110001,2528000,156.761581
"748",162.190002,162.710007,160.320007,161.009995,3443000,156.664276
"749",162.440002,162.800003,161.5,162.199997,1389200,157.822159
"750",162.050003,162.369995,161.5,161.679993,264200,157.316193
"751",161.869995,162.600006,160.949997,161.380005,578000,157.024292
"752",161.589996,161.839996,160.789993,161.449997,570800,157.092392
"753",161.190002,161.309998,160.009995,160.960007,817500,156.615631
"754",160.889999,161.339996,160.009995,161.139999,897200,156.790787
"755",162.169998,162.309998,160.770004,161.630005,1356900,157.267563
"756",160.029999,164.580002,159.369995,164.380005,962400,159.943344
"757",163.929993,167.029999,163.110001,166.919998,1544400,162.414764
"758",165.880005,166.449997,165,165.720001,1131000,161.247147
"759",165.899994,166.899994,165.039993,165.889999,1386800,161.412552
"760",166.679993,169.75,166.679993,168.690002,1281700,164.136993
"761",168.830002,168.830002,166.729996,167.300003,675400,162.784531
"762",167.929993,171.330002,167.130005,170.869995,1309000,166.258148
"763",170.399994,170.889999,167.830002,168.339996,1020300,163.796432
"764",168.419998,171.869995,168.289993,170.550003,909500,165.946793
"765",171.610001,173.119995,170.360001,172.860001,918100,168.194458
"766",173.929993,176.529999,172.009995,176.119995,1231500,171.366455
"767",175.240005,177.559998,174.610001,176.940002,1384000,172.164337
"768",178.110001,178.449997,177.100006,177.740005,717900,172.942734
"769",178.199997,178.399994,176.300003,177.039993,685500,172.261612
"770",177.910004,179.759995,177.539993,179.660004,669100,174.810913
"771",176.929993,178.339996,176.009995,178,695100,173.195694
"772",178.690002,180.300003,178.059998,179.070007,809800,174.236847
"773",179.460007,180.210007,178.770004,179.419998,447400,174.577393
"774",177.440002,180.229996,177.440002,180.070007,592100,175.209839
"775",179.229996,179.5,176.580002,177,828800,172.222702
"776",177.660004,178.199997,175.949997,176.029999,718000,171.278885
"777",177.139999,179.539993,176.729996,178.320007,810500,173.507095
"778",178.850006,179.490005,176.5,176.690002,1216800,171.921082
"779",176.839996,180.130005,176.070007,178.929993,1087700,174.100601
"780",180.149994,185.899994,178.860001,179.460007,1473200,174.616302
"781",179.009995,184.429993,179.009995,184.070007,1107300,179.101898
"782",185.839996,186.970001,184.369995,184.460007,1111400,179.481354
"783",183.949997,185.089996,181.449997,184.669998,1176400,179.685684
"784",184,185.339996,183.289993,184.119995,666700,179.150528
"785",183.619995,184.470001,182.610001,184.410004,882300,179.432709
"786",184.300003,185.570007,183.660004,184.869995,746500,179.88028
"787",185.320007,186.979996,184.850006,186.119995,786900,181.096558
"788",186.020004,187.490005,183.029999,185.600006,902800,180.590576
"789",185.110001,185.820007,183.75,185.270004,965300,180.269501
"790",181.869995,185.160004,180.809998,181.800003,830300,176.893143
"791",182.339996,183.490005,178.080002,178.110001,1042700,173.30275
"792",178.869995,180.529999,176.449997,177.75,811600,172.952454
"793",175.440002,176.729996,168.75,168.809998,1305200,164.253754
"794",164.889999,166.509995,159.759995,165.679993,2873300,161.208221
"795",166.809998,173.550003,166.169998,173.490005,1510200,168.807434
"796",174.279999,178.600006,171.630005,174.990005,1466200,170.266937
"797",177.279999,182.429993,176.669998,182.410004,1120500,177.486694
"798",178.649994,181.279999,178.020004,180.449997,1288700,175.579575
"799",175.940002,176.960007,172.399994,175.919998,1640600,171.171844
"800",165.279999,170.789993,162.029999,165.690002,2003900,161.217957
"801",169.720001,170.779999,162.919998,170.729996,1825000,166.121933
"802",166.720001,167.380005,159.419998,161.210007,1270200,156.858871
"803",150.490005,152.869995,136.009995,141.369995,2452000,138.102631
"804",149.710007,154.990005,144.229996,154.949997,2111000,151.368774
"805",138.580002,150.100006,138.470001,145.240005,2416300,141.883209
"806",148.389999,157.080002,144.179993,149.330002,1939600,145.878662
"807",142.820007,148.990005,136.289993,148.199997,1413400,144.774765
"808",147.940002,154.809998,145.949997,149.720001,1629100,146.259644
"809",148.649994,150.080002,132.789993,136.610001,2639600,133.452667
"810",135.820007,136.449997,120.769997,124.559998,2023100,121.68116
"811",129.110001,136.600006,127.440002,130.809998,1993800,127.786697
"812",130.470001,135.679993,129.509995,133.660004,2293900,130.570831
"813",135.419998,149.690002,134.479996,148.990005,1618700,145.546524
"814",144.910004,145.789993,133.580002,135.070007,1783000,131.948242
"815",135.940002,136.679993,130.190002,133.369995,2067300,130.287537
"816",133.050003,134.929993,130.389999,132.919998,2817400,129.847946
"817",128.220001,129.360001,123.559998,126.089996,2292400,123.175789
"818",125.599998,130.960007,124.739998,130.399994,1239100,127.386169
"819",129.75,131.589996,125.970001,126.620003,1344700,123.693542
"820",132.100006,141.880005,131.550003,140.899994,1769400,137.643478
"821",144.970001,148.309998,142.25,142.440002,1483500,139.147919
"822",144.100006,149.520004,143.440002,147.770004,1049900,144.354721
"823",149.240005,153.470001,147.589996,152.889999,1236700,149.3564
"824",150.300003,152.660004,145.110001,146.240005,822200,142.860092
"825",149.279999,153.210007,149.039993,152.789993,821300,149.258682
"826",149.710007,150.639999,147.860001,148.619995,867000,145.185059
"827",148.869995,153.199997,148.190002,152.75,767300,149.21962
"828",155.720001,157.949997,154.699997,157.770004,941700,154.123581
"829",156.110001,159.149994,155.020004,155.380005,747100,151.788834
"830",152.210007,153.100006,144.350006,144.679993,1410600,141.336121
"831",148.289993,153,146.389999,151.589996,957700,148.086441
"832",153.110001,154.740005,151.110001,153.610001,1204700,150.059753
"833",154.589996,154.75,151.589996,152.800003,1395800,149.268478
"834",153.779999,155.960007,152.820007,154.440002,558100,150.87056
"835",155.770004,156.229996,145.220001,145.429993,2203300,142.068787
"836",147,150.029999,145,148.919998,1685400,145.478134
"837",148.360001,148.380005,143.559998,143.809998,1259000,140.486237
"838",141.5,143.139999,138.460007,138.830002,1202500,135.621338
"839",138.729996,141.220001,137.009995,141.160004,1801200,137.897476
"840",141.910004,143.470001,140.660004,140.820007,1013300,137.565338
"841",141.789993,142,135.279999,135.300003,1620100,132.172928
"842",137.130005,138,135.5,136.210007,2499400,133.061905
"843",130.490005,135.619995,124.599998,131.270004,5279800,128.236069
"844",130.050003,133.130005,128.860001,130.139999,2388000,127.132179
"845",131.490005,133.309998,130.210007,131.229996,1974000,128.197006
"846",131.139999,132.440002,126.709999,128.369995,2539400,125.403091
"847",127,127.690002,124.360001,127.32,1589700,124.377357
"848",126.370003,129.149994,125.339996,129.070007,1172200,126.086922
"849",131.979996,135.880005,131.910004,135.520004,1684900,132.387848
"850",136.940002,138.979996,135.850006,137.029999,1649800,133.862946
"851",137.360001,139.460007,135.740005,138.589996,1587700,135.386871
"852",138.880005,139.929993,136.970001,137.190002,1199400,134.019226
"853",137.029999,137.289993,134.089996,134.190002,1021400,131.088593
"854",137.830002,139.639999,137.080002,137.389999,1730200,134.214615
"855",138.210007,138.210007,133.240005,134.020004,1890700,130.922516
"856",135.520004,138.490005,134.509995,135.869995,1334300,132.729752
"857",136.289993,136.710007,132.800003,135.330002,2404100,132.20224
"858",136.199997,139.899994,135.429993,138.940002,1260500,135.72879
"859",139.220001,139.949997,137.809998,139.660004,1422500,136.432175
"860",141.179993,148.169998,140.320007,147.869995,2766600,144.452393
"861",146.649994,149.369995,146.300003,149.229996,2194100,145.78096
"862",151.820007,156.059998,151.320007,155.899994,1292700,152.296799
"863",156,159.759995,155.429993,158.320007,1894700,154.660889
"864",157.009995,157.190002,151.399994,151.770004,1223100,148.262253
"865",151.589996,152.050003,147.449997,148.229996,2985200,144.804077
"866",143.889999,144.369995,136.059998,136.080002,2484300,132.934891
"867",141.080002,142.860001,137.990005,140.600006,2441900,137.999466
"868",137.270004,138.949997,135.389999,137.559998,1830200,135.015671
"869",142.610001,144.559998,140.75,141.919998,1820900,139.295029
"870",141.809998,143.520004,138.570007,140.059998,1042300,137.469452
"871",138.889999,142.119995,138.889999,141.369995,1072900,138.755219
"872",142.199997,142.850006,138.479996,138.880005,2989600,136.311279
"873",138.869995,141.289993,137.630005,141.130005,1767400,138.519653
"874",142.339996,142.75,140.940002,141.029999,1175800,138.421494
"875",140.289993,141.029999,137.279999,139.300003,1431300,136.723495
"876",138.119995,140.649994,136.369995,140.490005,1508700,137.89151
"877",140.509995,140.929993,136.270004,138.779999,3932900,136.21312
"878",139.559998,139.559998,137.100006,138.139999,819200,135.584961
"879",138.399994,140.919998,138.399994,140.130005,1219300,137.538162
"880",139.490005,139.740005,135.649994,135.970001,1779800,133.455093
"881",137.660004,139.100006,134.820007,135.089996,1444600,132.59137
"882",136.570007,137.210007,135.720001,136.009995,1506700,133.49437
"883",134.479996,134.770004,131.009995,131.080002,1869300,128.655548
"884",131.059998,133.089996,130.699997,132.130005,1498800,129.686111
"885",131.839996,132.740005,128.429993,130.929993,1270100,128.508316
"886",129.860001,130.410004,127.580002,128.419998,1921300,126.044739
"887",129.660004,132.440002,129.039993,131.059998,2373800,128.63591
"888",130.429993,133.190002,129.5,132.970001,1172700,130.51059
"889",133.979996,136.470001,133.970001,134.559998,910100,132.071167
"890",133.699997,134.869995,133.119995,134.710007,1221400,132.218399
"891",135.830002,138.470001,135.240005,137.679993,1217200,135.133453
"892",137.190002,137.960007,134.720001,135.649994,1771700,133.141006
"893",136.330002,138.470001,136.210007,138,1072700,135.44754
"894",137.699997,141.970001,137.259995,141.199997,1144600,138.588348
"895",141.369995,145.850006,141.350006,144.220001,1640500,141.552521
"896",144.139999,144.229996,140.800003,141.729996,1370000,139.108551
"897",141.809998,143.529999,141.490005,141.960007,1077100,139.334305
"898",140.679993,141.550003,135.779999,136.800003,1517100,134.269745
"899",138.009995,140.550003,137.800003,140.039993,838200,137.449814
"900",137.410004,139.350006,135.899994,139.190002,541200,136.61554
"901",139.699997,139.910004,137.100006,139.800003,703300,137.214264
"902",140.649994,141.25,137.460007,137.539993,906000,134.996048
"903",138.360001,139.990005,136.770004,137.570007,1211200,135.025497
"904",138.350006,139.529999,137.440002,138.330002,1379900,135.771439
"905",137.889999,144.050003,137.889999,144.029999,1994000,141.366028
"906",147.710007,151.990005,141.949997,144.259995,2828900,141.591751
"907",144,144.5,140.899994,142.220001,1472100,139.589493
"908",142.160004,143.520004,140.210007,142.869995,1458900,140.227478
"909",142.470001,146.339996,142.399994,145.009995,948000,142.327881
"910",143.800003,146.5,142.75,145.960007,716100,143.26033
"911",144.889999,145.600006,143.830002,145.369995,704500,142.681198
"912",145.770004,147.399994,145.770004,147.360001,981900,144.63443
"913",147.580002,149.979996,147.080002,149.800003,1377600,147.029297
"914",150,151.490005,149.529999,150.460007,1288400,147.677109
"915",148.679993,151.720001,148.440002,151.610001,1069800,148.805817
"916",151.149994,152.039993,150.300003,151.919998,794200,149.110092
"917",151.479996,153.990005,151.479996,153.970001,905800,151.122177
"918",154.440002,155.309998,153.919998,154.779999,654300,151.917175
"919",155.300003,155.300003,152.660004,153.330002,835500,150.493988
"920",154.259995,154.350006,151.350006,151.809998,1418700,149.002121
"921",151.690002,153.940002,151.550003,153.580002,759500,150.73938
"922",153.039993,155.25,152.330002,154.75,1411700,151.887726
"923",154.279999,154.289993,152.669998,153.770004,964100,150.925858
"924",154,157.970001,153.529999,157.089996,902800,154.184433
"925",156.509995,157.220001,152.100006,153.520004,1015400,150.680496
"926",154.039993,155.460007,151.240005,153.039993,1361600,150.209351
"927",151.149994,154,150.320007,152.490005,1080200,149.66954
"928",154.080002,155.369995,152.729996,153.570007,685500,150.729584
"929",153.460007,154.979996,150.050003,150.339996,941300,147.559311
"930",152.029999,154.300003,151.600006,153.860001,1232900,151.014191
"931",153.820007,157.080002,153.820007,156,1574900,153.754196
"932",156.809998,157.770004,156.399994,156.800003,557600,154.542664
"933",157.699997,158.990005,157.029999,157.089996,896600,154.828491
"934",154.639999,158.449997,153.539993,158.179993,1382500,155.902802
"935",157.020004,158.309998,155.729996,157.309998,1483000,155.045334
"936",155.039993,155.039993,151.330002,152.570007,1382800,150.373581
"937",153.169998,157.389999,152.389999,157.270004,893100,155.00589
"938",157.139999,157.889999,152.110001,152.199997,1065800,150.008881
"939",151.649994,152.869995,149.809998,151.690002,1041400,149.506241
"940",150.669998,154.580002,150.149994,154,624000,151.782974
"941",155.860001,158.389999,155.25,156.630005,1163300,154.375107
"942",157.279999,158.960007,157.259995,157.649994,692400,155.380417
"943",157.710007,158.039993,156.070007,156.809998,813800,154.552505
"944",158,158.850006,155.339996,156.789993,715500,154.532806
"945",153.699997,157.580002,153.699997,156.910004,592800,154.651077
"946",158,158.649994,156.589996,157.509995,721400,155.242447
"947",158.270004,159.240005,156.610001,156.960007,772300,154.700363
"948",158.460007,160.509995,157.539993,160.309998,833100,158.002121
"949",161.679993,163.710007,161.679993,162.770004,682900,160.426712
"950",164.389999,167.169998,164,166.779999,1274700,164.378983
"951",167.529999,168.839996,166.009995,168.330002,653200,165.906677
"952",167.860001,169.679993,165.570007,166.240005,954100,163.846756
"953",167.389999,168.710007,166.259995,166.919998,436300,164.516983
"954",165.899994,174.940002,165.889999,171.589996,1811200,169.119751
"955",171.419998,172.820007,169.789993,170.910004,1126400,168.449524
"956",171.449997,173.360001,169.710007,170.160004,728500,167.710342
"957",170.149994,171.600006,168.789993,168.899994,893600,166.46846
"958",170.440002,171.809998,169.449997,170.490005,530000,168.035583
"959",170.880005,171.479996,168.850006,169.059998,727800,166.62616
"960",173.179993,176.919998,171.710007,174.779999,1030300,172.263824
"961",172.479996,173.029999,169.419998,172.300003,845400,169.819519
"962",172.039993,175.240005,171.919998,172.360001,854600,169.878662
"963",169.139999,170.419998,164.350006,164.490005,1116900,162.121948
"964",163.899994,165.389999,160.889999,162.889999,1145500,160.544983
"965",160.5,161.820007,156.300003,158.059998,1093300,155.784531
"966",160,164.770004,159.880005,163.470001,1089800,161.116653
"967",165.660004,169.279999,165.410004,166,968100,163.610214
"968",166.229996,166.380005,160.190002,160.330002,1408200,158.021835
"969",163.130005,165.570007,160.520004,160.850006,1098200,158.534363
"970",162.270004,165.789993,161.199997,164.479996,992500,162.112106
"971",171.940002,175.710007,169.919998,170.259995,1275400,167.808899
"972",170.070007,170.660004,165.960007,166.800003,979800,164.398712
"973",169.039993,170,167.240005,169.729996,533600,167.286514
"974",168.580002,169.729996,166.5,167.529999,411100,165.118195
"975",169.320007,172.419998,168.699997,170.5,493100,168.045425
"976",172.360001,173.919998,171.25,173.899994,575600,171.396484
"977",172.080002,172.929993,169.429993,169.570007,769900,167.128815
"978",169.949997,170.190002,167.279999,167.449997,542800,165.039337
"979",166.610001,169.279999,165.389999,169.160004,400800,166.724731
"980",169.350006,170.580002,166,167.300003,1254900,164.89151
"981",168.089996,169.809998,166.179993,169.380005,654900,166.941574
"982",170.960007,172.580002,170.470001,171.869995,858300,169.395706
"983",172,175.410004,171.330002,172.130005,1198300,169.651978
"984",173.630005,174.729996,172.380005,173.460007,287600,170.96283
"985",172.600006,174.630005,170.270004,171.529999,1513700,169.060608
"986",172.779999,173.440002,169.779999,170.5,1202100,168.045425
"987",170.630005,171.75,169.020004,171.059998,721700,168.597382
"988",170.830002,172.550003,168.600006,171.119995,776100,168.656509
"989",171.589996,172.440002,169.5,170.399994,810300,167.946869
"990",170.449997,171.960007,169.919998,170.460007,457500,168.006012
"991",169.320007,172.860001,168.339996,172.479996,1262500,169.996933
"992",173.440002,175.199997,172.089996,172.899994,566700,170.410889
"993",173.059998,174.289993,170.649994,171.860001,846500,169.385849
"994",170.539993,171.309998,166.929993,168.399994,2205800,165.975662
"995",168.699997,169.809998,165.770004,165.919998,1903500,164.223755
"996",167.020004,168.869995,166.300003,168.029999,1604000,166.31218
"997",168.080002,168.839996,164.770004,166.919998,1559300,165.213531
"998",167.630005,170.389999,166.860001,169.649994,1322700,167.915619
"999",169.149994,171.029999,168.710007,170.259995,1989500,168.519394
"1000",167.529999,168.360001,163.160004,165.220001,954200,163.530914
"1001",165.059998,167.880005,164.779999,167.449997,717900,165.738113
"1002",168.050003,170.339996,167.919998,168.610001,633000,166.886261
"1003",169,169.190002,167.369995,168.470001,239000,166.747681
"1004",169.919998,170.440002,167.830002,169.410004,615200,167.678085
"1005",170.539993,170.699997,166.380005,166.940002,461900,165.233322
"1006",167.509995,168.860001,166.889999,166.979996,561300,165.272934
"1007",166.679993,170.169998,166.509995,170.059998,485400,168.321426
