"","NCLH.Open","NCLH.High","NCLH.Low","NCLH.Close","NCLH.Volume","NCLH.Adjusted"
"1",43.130001,43.869999,42.639999,42.790001,1618500,42.790001
"2",43.099998,44.889999,42.779999,44.77,1854500,44.77
"3",44.509998,44.790001,44.02,44.549999,933700,44.549999
"4",44.75,44.919998,44.060001,44.25,932900,44.25
"5",44.139999,44.700001,43.900002,44.389999,855800,44.389999
"6",44.330002,45.360001,44.330002,45.220001,1065500,45.220001
"7",45.009998,45.82,44.720001,45.75,870500,45.75
"8",45.470001,45.830002,44.669998,45.349998,731500,45.349998
"9",45.490002,45.490002,44.84,44.950001,547700,44.950001
"10",45.080002,45.220001,44.200001,44.740002,905400,44.740002
"11",44.970001,45.77,44.560001,45.669998,943000,45.669998
"12",45.759998,46.360001,45.389999,45.619999,1031300,45.619999
"13",45.93,46.41,45.41,45.630001,736000,45.630001
"14",45.470001,46.150002,45.150002,46,826800,46
"15",45.919998,46.950001,45.830002,46.84,1239400,46.84
"16",47.220001,48.240002,46.959999,48.09,1275800,48.09
"17",49.220001,50.049999,48.77,49.330002,2613500,49.330002
"18",49.349998,49.560001,48.610001,49.02,945300,49.02
"19",48.799999,48.880001,47.939999,48.029999,1337100,48.029999
"20",47.880001,48.110001,46.830002,47,1625200,47
"21",47.299999,48.450001,46.830002,48.080002,1296500,48.080002
"22",48.169998,48.5,47.549999,47.66,694700,47.66
"23",48.130001,48.360001,47.41,47.740002,760800,47.740002
"24",47.759998,48.02,47.279999,47.52,1139100,47.52
"25",47.580002,48.09,47.470001,47.700001,1477200,47.700001
"26",47.880001,48.139999,47.509998,47.860001,1065800,47.860001
"27",47.810001,48.310001,47.700001,48.060001,1249200,48.060001
"28",48.43,48.91,47.540001,47.799999,1611000,47.799999
"29",48.02,48.099998,47.560001,47.869999,1449900,47.869999
"30",47.82,47.970001,47.580002,47.77,1048700,47.77
"31",47.66,48.119999,47.009998,47.919998,1464800,47.919998
"32",47.950001,48.139999,47.240002,47.630001,1236300,47.630001
"33",47.619999,47.849998,47.27,47.689999,1653700,47.689999
"34",47.740002,48.52,47.740002,48.200001,1801900,48.200001
"35",49.240002,52.139999,48.68,51.639999,4043000,51.639999
"36",52.48,52.5,50.610001,50.68,1869800,50.68
"37",50.509998,50.630001,49.77,50.02,1442900,50.02
"38",49.93,50.830002,49.57,50.77,1326600,50.77
"39",50.82,51.200001,50.450001,50.700001,935000,50.700001
"40",51.119999,51.610001,50.419998,51.049999,1199400,51.049999
"41",50.790001,51.25,50.630001,50.98,878700,50.98
"42",51,51,49.790001,50.110001,849100,50.110001
"43",49.900002,50,49.16,49.759998,1207300,49.759998
"44",49.560001,49.759998,49.049999,49.419998,806900,49.419998
"45",49.59,49.830002,49.400002,49.52,776700,49.52
"46",49.77,50.060001,49.48,49.919998,765700,49.919998
"47",50.23,51.220001,50.07,51.099998,1160800,51.099998
"48",51.830002,51.830002,51.110001,51.32,1086300,51.32
"49",51.209999,51.23,50.400002,50.959999,1066000,50.959999
"50",51.049999,51.490002,50.709999,51.41,1141500,51.41
"51",51.349998,51.450001,51.060001,51.43,844500,51.43
"52",51.709999,51.849998,51.25,51.310001,1236400,51.310001
"53",51.360001,51.529999,50.810001,51.099998,846800,51.099998
"54",51.299999,51.720001,49.950001,50,1158100,50
"55",50.110001,51.130001,49.549999,50.970001,1129000,50.970001
"56",50.98,51.669998,50.880001,51.110001,1081500,51.110001
"57",51.34,51.529999,50.299999,50.48,1306900,50.48
"58",50.150002,51.169998,49.919998,51.02,887400,51.02
"59",51.799999,52.099998,51.130001,51.299999,1548100,51.299999
"60",51.09,51.299999,50.650002,50.860001,1261500,50.860001
"61",50.889999,51.369999,50.889999,51.240002,754000,51.240002
"62",50.990002,51.200001,50.439999,50.73,1108200,50.73
"63",50.740002,50.950001,50,50.189999,1303000,50.189999
"64",50.040001,50.150002,49.32,49.759998,1484400,49.759998
"65",49.93,50.75,49.59,49.779999,1141600,49.779999
"66",49.75,50.009998,49.389999,49.91,997200,49.91
"67",50.009998,50.040001,48.150002,48.310001,5706600,48.310001
"68",48.490002,48.939999,48.119999,48.540001,1520100,48.540001
"69",48.639999,48.639999,47.290001,47.470001,1464300,47.470001
"70",47.549999,48,46.959999,47.849998,1933700,47.849998
"71",47.830002,48.639999,47.759998,48.029999,1706500,48.029999
"72",48.07,49.009998,47.959999,48.959999,1129300,48.959999
"73",48.900002,48.91,48.299999,48.82,717300,48.82
"74",48.950001,49.630001,48.700001,49.209999,1069200,49.209999
"75",49.529999,50.75,49.529999,50.139999,1289800,50.139999
"76",50.349998,50.439999,49.599998,50.130001,970900,50.130001
"77",50.84,51.130001,50.119999,50.349998,1054300,50.349998
"78",50.57,51.369999,50.540001,51.080002,1036400,51.080002
"79",51.02,52.860001,51.02,52.759998,1665700,52.759998
"80",52.75,53.27,52.619999,52.68,1698500,52.68
"81",53.919998,54.869999,53.09,53.93,2909000,53.93
"82",54,56.290001,53.720001,54.900002,2339300,54.900002
"83",55.009998,55.330002,54.450001,55.060001,1160900,55.060001
"84",55.02,55.32,54.59,54.900002,1187200,54.900002
"85",55.169998,55.490002,54.82,54.84,1128800,54.84
"86",55,55.799999,55,55.490002,914300,55.490002
"87",55.57,55.830002,54.91,55.099998,1490200,55.099998
"88",55.25,56.150002,55.049999,55.779999,2651500,55.779999
"89",54.439999,55.93,53.099998,54.07,4096900,54.07
"90",53.849998,54.459999,52.5,52.950001,2622600,52.950001
"91",52.900002,53.09,51.209999,51.5,2743600,51.5
"92",51.540001,51.950001,51.200001,51.5,2064300,51.5
"93",51.48,51.549999,50.18,50.310001,2226500,50.310001
"94",50.029999,50.25,47.959999,48.07,2399400,48.07
"95",48,49.290001,47.759998,49.119999,2613200,49.119999
"96",49.23,49.75,48.830002,49.34,1467900,49.34
"97",49.240002,50.619999,49.110001,50.509998,1928300,50.509998
"98",50.259998,50.529999,49.459999,49.580002,1421200,49.580002
"99",49.799999,49.799999,49.200001,49.639999,1069900,49.639999
"100",49.830002,51.009998,49.790001,50.68,1273200,50.68
"101",51.970001,52.32,50.810001,50.84,1798800,50.84
"102",50.779999,51.18,50.060001,50.07,1576100,50.07
"103",50.25,50.279999,49.560001,49.970001,1419600,49.970001
"104",50.23,51.099998,49.98,50.93,1716500,50.93
"105",51.16,51.639999,50.970001,51.16,1169900,51.16
"106",51.169998,51.169998,50.07,50.310001,1584700,50.310001
"107",50,50.599998,49.66,49.720001,2200400,49.720001
"108",50.080002,50.810001,49.75,50.790001,1942700,50.790001
"109",50.93,52.099998,50.68,51.790001,2061200,51.790001
"110",51.970001,52.310001,50.799999,51.130001,2220300,51.130001
"111",50.98,51.259998,49.52,50.419998,2055600,50.419998
"112",50.779999,52.23,50.77,51.84,1462700,51.84
"113",51.990002,52.740002,51.700001,52.169998,1432900,52.169998
"114",51.610001,52.950001,51.610001,52.91,1184400,52.91
"115",52.709999,53.009998,52.09,52.900002,2390600,52.900002
"116",53.200001,53.84,53.060001,53.630001,1043000,53.630001
"117",53.509998,53.919998,52.950001,53.099998,1091500,53.099998
"118",53.240002,55.23,53.200001,54.900002,2426600,54.900002
"119",55.009998,56.259998,54.900002,55.459999,2668500,55.459999
"120",55.57,55.869999,54.740002,54.810001,2457600,54.810001
"121",54.82,56.119999,54.82,55.310001,1228200,55.310001
"122",55.009998,55.290001,53.84,53.860001,1522500,53.860001
"123",54.18,55.73,54.18,55.279999,1014000,55.279999
"124",55.16,55.330002,54.080002,54.419998,849800,54.419998
"125",54.959999,55,54.27,54.290001,1076600,54.290001
"126",54.630001,55.209999,54.380001,54.549999,496200,54.549999
"127",54.52,55.75,54.5,55.41,998400,55.41
"128",55.060001,55.060001,53.93,54.060001,1559600,54.060001
"129",54.200001,55.040001,54.200001,54.68,950200,54.68
"130",54.529999,55.09,53.66,54.029999,1263900,54.029999
"131",53.790001,54.299999,53.400002,53.959999,790800,53.959999
"132",54.32,54.639999,53.580002,54.09,1178300,54.09
"133",54.119999,54.490002,53.650002,54.240002,1061600,54.240002
"134",54.43,54.48,53.400002,53.470001,961300,53.470001
"135",53.509998,54.450001,53.16,54.130001,1197000,54.130001
"136",54.220001,54.439999,53.709999,54.18,623200,54.18
"137",54.27,54.509998,54.09,54.380001,690400,54.380001
"138",54.529999,55.330002,54.330002,55.049999,989000,55.049999
"139",54.900002,55.23,54.759998,55.07,665800,55.07
"140",55.299999,55.77,55.040001,55.73,1086300,55.73
"141",55.900002,56.360001,55.43,55.75,1001900,55.75
"142",56,56.009998,55.200001,55.650002,645700,55.650002
"143",55.700001,55.849998,54.290001,55.110001,1209200,55.110001
"144",54.709999,55.259998,54.389999,55.209999,984900,55.209999
"145",55.450001,55.73,54.98,55.07,895600,55.07
"146",56.490002,57.25,56.150002,56.91,2494000,56.91
"147",56.889999,57.25,55.450001,55.84,1256700,55.84
"148",55.77,56.959999,55.77,56.25,1157300,56.25
"149",56.470001,57.48,56.27,56.900002,1265800,56.900002
"150",57.150002,57.619999,56.490002,56.650002,2837200,56.650002
"151",59.049999,61.48,58.849998,59.419998,5342700,59.419998
"152",58.880001,58.990002,58.049999,58.360001,2077900,58.360001
"153",58.040001,58.16,56.900002,57.07,1667800,57.07
"154",54.75,57.169998,54.150002,56.77,12879900,56.77
"155",57.139999,57.830002,57.009998,57.459999,2619900,57.459999
"156",57.610001,58.560001,57.220001,57.450001,2855900,57.450001
"157",57.799999,58.41,57.439999,57.900002,1434800,57.900002
"158",57.98,58.07,56.009998,56.18,2086400,56.18
"159",56.330002,56.330002,55.259998,55.779999,1434600,55.779999
"160",55.810001,56.150002,55.59,55.860001,1015900,55.860001
"161",56.009998,57.029999,56.009998,56.900002,1074000,56.900002
"162",56.529999,57.91,56.529999,57.150002,1903700,57.150002
"163",57.330002,57.91,57.290001,57.73,1563100,57.73
"164",57.990002,58,57.580002,57.720001,1936500,57.720001
"165",57.98,58.029999,57.48,57.880001,879600,57.880001
"166",57.43,57.740002,56.470001,57.639999,1537700,57.639999
"167",57.529999,58.799999,57.25,58.220001,1430200,58.220001
"168",58.419998,59.5,58.41,59.459999,1793300,59.459999
"169",59.619999,60,58.48,58.540001,1159900,58.540001
"170",58.509998,58.540001,55.299999,56.689999,2812400,56.689999
"171",56.529999,57.169998,55.91,57.119999,1964500,57.119999
"172",57,57.43,55.77,55.860001,1642300,55.860001
"173",55.84,56.98,55.009998,55.119999,1537900,55.119999
"174",56.189999,58.200001,56,56.650002,2873400,56.650002
"175",56.919998,57.220001,56.41,57.200001,1021500,57.200001
"176",56.939999,57.84,56.75,57.790001,1400200,57.790001
"177",57.349998,58.580002,57.25,57.720001,1419100,57.720001
"178",56.549999,56.740002,55.279999,56.740002,3940600,56.740002
"179",56.700001,57.209999,56.279999,56.349998,1460700,56.349998
"180",56.27,56.27,55.290001,55.459999,1512700,55.459999
"181",55.360001,55.419998,53.709999,54.360001,2225300,54.360001
"182",54.540001,54.830002,53.950001,54.400002,1231300,54.400002
"183",54.09,54.810001,53.75,54.02,1392900,54.02
"184",53.740002,54.110001,53.23,53.599998,1422800,53.599998
"185",54.459999,55.68,54.259998,54.889999,2551600,54.889999
"186",54.990002,55.040001,52.740002,52.830002,1974900,52.830002
"187",52.52,53.93,51.990002,53.650002,2528600,53.650002
"188",53.459999,54.150002,52.439999,54.049999,2518800,54.049999
"189",53.939999,54.529999,53.599998,54.419998,1112000,54.419998
"190",54.459999,55.110001,54.029999,54.73,1212500,54.73
"191",54.580002,56.200001,54.529999,55.98,1583100,55.98
"192",58.009998,58.540001,57.529999,58.41,7774900,58.41
"193",58.25,59.400002,58.25,58.84,3026900,58.84
"194",58.75,59.66,58.709999,58.889999,2211700,58.889999
"195",59.189999,59.540001,58.990002,59.16,2665000,59.16
"196",59.150002,59.419998,58.580002,58.799999,2730600,58.799999
"197",58.560001,59.299999,58.43,58.860001,33545900,58.860001
"198",59.43,59.599998,58.220001,58.740002,3970000,58.740002
"199",58.830002,59.150002,58.400002,58.919998,2088700,58.919998
"200",58.689999,59,58.439999,58.610001,2382800,58.610001
"201",58.450001,58.450001,57.130001,57.470001,4215000,57.470001
"202",56.400002,56.52,53.799999,54.169998,7962000,54.169998
"203",54.869999,54.939999,53.450001,53.73,3472000,53.73
"204",53.759998,54.099998,53.529999,53.720001,1992700,53.720001
"205",53.630001,54.779999,53.5,54.66,2486900,54.66
"206",54.669998,55.189999,54.380001,54.790001,2425100,54.790001
"207",54.799999,55.25,54.529999,54.919998,1375400,54.919998
"208",54.799999,56.279999,54.490002,55.639999,2319600,55.639999
"209",55.290001,55.669998,54.669998,54.799999,974300,54.799999
"210",54.82,55.98,54.720001,55.75,1446300,55.75
"211",56.060001,56.099998,54.040001,54.200001,2249100,54.200001
"212",54.27,55.169998,54.209999,54.91,2139100,54.91
"213",54.91,55.09,54.529999,55.029999,923200,55.029999
"214",55,56.119999,54.91,55.259998,1520100,55.259998
"215",56.549999,57.369999,54.970001,55.360001,1828700,55.360001
"216",55.369999,55.630001,54.810001,55.560001,1423600,55.560001
"217",55.740002,58.27,55.290001,56.889999,3116300,56.889999
"218",55.75,56.060001,54.07,55.23,2282200,55.23
"219",54.91,55.34,54.650002,55.27,1723500,55.27
"220",55.080002,55.220001,54.099998,55.099998,1310700,55.099998
"221",55.09,55.189999,54.580002,55.07,1357100,55.07
"222",53.849998,54.299999,53.5,53.970001,6225200,53.970001
"223",54.119999,54.900002,53.689999,54.84,3963100,54.84
"224",54.779999,55.09,54.279999,54.689999,2325900,54.689999
"225",54.93,55.880001,54.799999,55.48,2029800,55.48
"226",55.419998,56,55.110001,55.310001,1277500,55.310001
"227",55.41,55.740002,55.009998,55.5,550800,55.5
"228",55.549999,56.029999,55.470001,55.610001,1232800,55.610001
"229",55.619999,55.830002,54.919998,55.310001,1767800,55.310001
"230",55.48,56.209999,55.119999,55.290001,1640100,55.290001
"231",54,54.689999,52.360001,54.16,3497100,54.16
"232",53.939999,54.91,53.68,54.810001,1317600,54.810001
"233",55.68,56.84,55.299999,55.41,2510700,55.41
"234",55.529999,55.669998,54.27,54.330002,942500,54.330002
"235",54.490002,54.799999,53.700001,54.310001,1168000,54.310001
"236",54.5,54.619999,54.080002,54.34,1132800,54.34
"237",54.740002,55.57,54.360001,55.029999,1255900,55.029999
"238",54.75,55.369999,54.330002,54.720001,1536100,54.720001
"239",54.639999,54.639999,53.549999,53.650002,1644200,53.650002
"240",53.93,53.93,53.09,53.16,1239300,53.16
"241",53.16,53.459999,52.700001,52.810001,1450100,52.810001
"242",53.139999,54.299999,52.580002,54,9077600,54
"243",54.509998,55.360001,54.5,54.98,2187900,54.98
"244",55.369999,56.049999,55.02,55.59,1592900,55.59
"245",55.639999,56.41,54.740002,54.82,1797700,54.82
"246",55.07,55.310001,54.009998,54.139999,1351000,54.139999
"247",53.75,54.470001,53.720001,54.029999,1276100,54.029999
"248",53.93,54.25,53.650002,53.73,906900,53.73
"249",53.950001,54.189999,53.700001,54,798300,54
"250",54.009998,54.029999,53.34,53.610001,1188100,53.610001
"251",53.450001,53.959999,53.200001,53.25,892400,53.25
"252",53.759998,54.970001,53.580002,54.959999,1617900,54.959999
"253",54.950001,55.619999,54.650002,55.369999,1399700,55.369999
"254",55.349998,55.779999,54.66,54.68,1432600,54.68
"255",55.110001,55.110001,54.220001,54.869999,1178300,54.869999
"256",54.919998,55,54.380001,54.66,1056500,54.66
"257",54.830002,55.290001,54.509998,54.939999,1002000,54.939999
"258",55,55.82,54.900002,55.599998,1396500,55.599998
"259",55.84,56.5,55.759998,56.16,2125800,56.16
"260",56.380001,58.040001,56.25,57.849998,2057600,57.849998
"261",58.049999,58.450001,57.130001,57.389999,1639000,57.389999
"262",58.540001,59.299999,57.73,59.27,2614700,59.27
"263",59.040001,59.139999,58.450001,58.860001,1442500,58.860001
"264",58.880001,59.689999,58.740002,59.43,2143200,59.43
"265",59.450001,59.450001,58.380001,59.369999,1633300,59.369999
"266",59.490002,59.490002,58.290001,58.330002,1614900,58.330002
"267",58.709999,60.610001,58.32,59.77,3544200,59.77
"268",60.009998,60.389999,58.91,59.610001,1272700,59.610001
"269",60,60.959999,59.549999,60.93,1319500,60.93
"270",60.610001,61.029999,60.110001,60.57,1125000,60.57
"271",60.049999,60.91,59.509998,59.959999,1062900,59.959999
"272",60,61.049999,60,60.740002,1568900,60.740002
"273",60.77,61.07,60.080002,60.59,1220300,60.59
"274",60.490002,60.869999,58.91,59,1370200,59
"275",59.529999,61.18,56.939999,56.950001,2323200,56.950001
"276",55.990002,58.349998,55.200001,58.200001,2468000,58.200001
"277",57.93,59.009998,57.529999,57.740002,1518500,57.740002
"278",57.75,58.040001,56,56.009998,1793400,56.009998
"279",56.57,57.040001,54.25,56.209999,1744500,56.209999
"280",56.84,57.860001,56.439999,57.450001,1833000,57.450001
"281",57.240002,57.669998,56.869999,57.5,1500000,57.5
"282",56.950001,58.939999,56.880001,58.880001,1465300,58.880001
"283",59.279999,59.639999,58.77,59.360001,1908200,59.360001
"284",59.009998,59.5,58.610001,59.110001,1036700,59.110001
"285",58.689999,59.66,58.599998,58.950001,1505800,58.950001
"286",59.189999,59.48,58.720001,58.720001,1744600,58.720001
"287",59.529999,59.610001,56.950001,57.290001,2591100,57.290001
"288",58.080002,58.200001,57.290001,57.900002,1259000,57.900002
"289",58.349998,58.5,57.25,57.950001,1380300,57.950001
"290",57.939999,58.439999,56.169998,56.27,1845600,56.27
"291",56.259998,58,56.080002,56.900002,13538200,56.900002
"292",57,57.5,56.09,56.77,3016700,56.77
"293",56.130001,56.779999,55.529999,56.439999,4246100,56.439999
"294",56.279999,56.389999,54.860001,55.580002,2327400,55.580002
"295",55.759998,56.139999,55.419998,56,1980400,56
"296",55.400002,56,54.990002,55.5,1877300,55.5
"297",55.799999,56.080002,55.25,55.450001,1832000,55.450001
"298",55.779999,57.200001,55.580002,57.150002,2756900,57.150002
"299",57.200001,57.43,56.380001,56.580002,1907000,56.580002
"300",56.93,57.240002,56.490002,56.650002,1594800,56.650002
"301",56.75,57.029999,55.669998,55.950001,1580500,55.950001
"302",56.060001,56.09,55.259998,55.34,1528900,55.34
"303",55.240002,56.240002,55.23,56.119999,2470900,56.119999
"304",56.119999,56.27,55.099998,55.419998,1552100,55.419998
"305",55.73,56.310001,55.349998,55.720001,1309000,55.720001
"306",55.75,55.93,54.09,54.169998,2225200,54.169998
"307",54.27,55.029999,52.549999,52.709999,2560300,52.709999
"308",52.880001,53.099998,51.299999,51.400002,2380400,51.400002
"309",52.209999,52.470001,51.310001,52.439999,1601200,52.439999
"310",52.52,54.16,52.32,52.869999,2723100,52.869999
"311",52.869999,53.299999,51.740002,52.48,5258000,52.48
"312",52.700001,53.400002,52.259998,52.970001,1782400,52.970001
"313",53,53.240002,51.369999,51.970001,1545400,51.970001
"314",52.220001,52.630001,51.810001,52.389999,1542600,52.389999
"315",51.650002,53.169998,51.389999,53.040001,1362400,53.040001
"316",53.290001,54.68,52.900002,54.389999,3784500,54.389999
"317",54.040001,54.349998,52.73,53.209999,2407700,53.209999
"318",53.400002,53.959999,52.970001,53.029999,1033700,53.029999
"319",53.580002,53.619999,50.98,52,3221800,52
"320",51.990002,52.709999,51.759998,52.330002,1940700,52.330002
"321",52.689999,53.689999,52.639999,53.34,1718300,53.34
"322",53.549999,53.939999,52.290001,52.419998,1487600,52.419998
"323",52.77,53.799999,52.77,53.439999,1223900,53.439999
"324",54,54.27,53.630001,53.880001,1652700,53.880001
"325",56.130001,56.5,54.84,55.43,2829000,55.43
"326",55.41,55.490002,54.560001,54.959999,1342500,54.959999
"327",54.970001,55.73,54.849998,55.650002,1410300,55.650002
"328",55.779999,57.080002,55.450001,56.75,2245600,56.75
"329",57.18,57.369999,55.77,56.110001,1416600,56.110001
"330",56.169998,56.610001,55.459999,56.380001,1231600,56.380001
"331",57,57.150002,54.740002,55.049999,2228300,55.049999
"332",55.049999,55.849998,54.52,54.75,1514300,54.75
"333",54.959999,55.029999,53.330002,53.470001,2295400,53.470001
"334",53.240002,53.889999,52.790001,53.860001,2029400,53.860001
"335",54.93,55.779999,51.709999,52.029999,3130200,52.029999
"336",52.110001,52.130001,50.689999,51.099998,2026900,51.099998
"337",51.150002,51.799999,50.799999,51.509998,1847500,51.509998
"338",51.009998,51.459999,50.16,50.310001,2467100,50.310001
"339",50.310001,51.450001,50.25,50.650002,1853500,50.650002
"340",50.860001,51.169998,50.48,51.16,1808800,51.16
"341",51.380001,51.959999,51.200001,51.400002,1119000,51.400002
"342",51.259998,51.549999,51,51.459999,992800,51.459999
"343",51.48,51.740002,51.259998,51.419998,1185300,51.419998
"344",51.32,51.82,51.240002,51.709999,1494300,51.709999
"345",52,53,51.52,52.5,2375800,52.5
"346",52.220001,52.860001,52.220001,52.490002,2048200,52.490002
"347",52.5,53.189999,52.169998,52.970001,1315100,52.970001
"348",53.189999,53.779999,53.040001,53.32,1570200,53.32
"349",53.310001,53.549999,53.119999,53.18,1278800,53.18
"350",52.830002,53.400002,52.419998,52.849998,1438700,52.849998
"351",52.950001,53.889999,52.810001,53.669998,1569100,53.669998
"352",53.580002,54.369999,53.419998,54.130001,2213500,54.130001
"353",53.68,54.07,52.639999,52.810001,2906000,52.810001
"354",53.16,53.220001,52.619999,52.77,1503500,52.77
"355",52.869999,52.970001,52.040001,52.34,1763200,52.34
"356",52.549999,53.200001,52.549999,53.18,1714200,53.18
"357",53.259998,53.450001,52.860001,53.029999,1468000,53.029999
"358",51.139999,51.650002,50.259998,50.799999,3590800,50.799999
"359",50.73,51.580002,50.360001,51.549999,1541400,51.549999
"360",51.810001,52.560001,51.599998,51.950001,2833000,51.950001
"361",51.799999,51.82,51.32,51.75,888900,51.75
"362",51.919998,52.509998,51.759998,52.27,763400,52.27
"363",52.48,53.299999,52.169998,52.73,1071600,52.73
"364",53.189999,54.610001,52.759998,53.439999,2929000,53.439999
"365",54.07,55.110001,53.939999,54.450001,2680700,54.450001
"366",53.830002,54.950001,53.349998,54.950001,2345600,54.950001
"367",54.419998,54.650002,53.880001,54.549999,1108400,54.549999
"368",54,54.119999,53.439999,53.610001,3222300,53.610001
"369",53.439999,53.84,52.93,52.990002,1197000,52.990002
"370",53.060001,53.099998,51.869999,51.900002,926300,51.900002
"371",51.970001,52.200001,51.66,51.959999,3261800,51.959999
"372",50.950001,50.950001,47.330002,48.77,5794700,48.77
"373",48.73,49.700001,47.66,49.48,2771600,49.48
"374",49.73,49.990002,48.02,48.099998,3094200,48.099998
"375",48.16,48.16,47.060001,47.650002,2232000,47.650002
"376",47.650002,47.970001,47.18,47.25,2972200,47.25
"377",46.790001,47.23,46.400002,47.060001,1973800,47.060001
"378",47.259998,47.389999,46.549999,46.650002,926900,46.650002
"379",46.98,46.98,46.16,46.619999,2244700,46.619999
"380",46.450001,47.209999,46.450001,47.049999,919400,47.049999
"381",47.419998,48.060001,47.169998,47.77,1176400,47.77
"382",47.709999,48.18,47.490002,47.599998,1511700,47.599998
"383",47.130001,47.799999,46.959999,47.610001,2035400,47.610001
"384",47.990002,48.380001,47.790001,47.959999,1275300,47.959999
"385",47.889999,48.09,47.02,47.080002,1927700,47.080002
"386",47.310001,47.669998,46.919998,47.189999,1617700,47.189999
"387",47.150002,47.900002,46.93,47.57,1546200,47.57
"388",49.220001,51.700001,49,50.139999,6735000,50.139999
"389",50.040001,50.150002,49.259998,49.849998,2211600,49.849998
"390",49.73,49.790001,49.330002,49.540001,1180600,49.540001
"391",49.900002,50.150002,49.66,49.849998,2530600,49.849998
"392",50.23,50.380001,49.25,49.849998,2826800,49.849998
"393",49.610001,50.200001,49.16,50.16,1686400,50.16
"394",50.040001,50.610001,49.900002,50.049999,1017500,50.049999
"395",50.639999,50.68,49.639999,49.759998,1236600,49.759998
"396",49.59,50.169998,49.450001,49.759998,1238700,49.759998
"397",49.950001,50.27,49.52,50.029999,2079500,50.029999
"398",50.029999,50.360001,49.220001,49.220001,1273700,49.220001
"399",48.75,49.720001,47.779999,49.68,2028300,49.68
"400",49.830002,50.259998,49.5,49.810001,1313000,49.810001
"401",49.599998,49.860001,49.27,49.75,1099500,49.75
"402",49.599998,50.049999,49.540001,49.610001,1365400,49.610001
"403",49.759998,49.91,48.880001,48.93,1794000,48.93
"404",51.459999,51.599998,49.869999,50.950001,4387800,50.950001
"405",51.360001,51.360001,49.880001,50.610001,1852900,50.610001
"406",50.59,51.509998,50.43,51.16,2530400,51.16
"407",51.119999,52.189999,50.82,52.02,2275800,52.02
"408",51.470001,52.029999,51.209999,51.970001,1886100,51.970001
"409",52.200001,52.599998,51.830002,51.889999,1132400,51.889999
"410",51.939999,52.599998,51.57,52.490002,2498000,52.490002
"411",52.369999,53.34,52.369999,53.080002,2169500,53.080002
"412",53.02,53.779999,53.02,53.360001,1509800,53.360001
"413",53.240002,53.240002,52.57,52.59,1175200,52.59
"414",52.34,52.68,52.16,52.380001,1085900,52.380001
"415",52.68,53.27,52.299999,53.07,966400,53.07
"416",53.400002,53.84,53.32,53.43,1203800,53.43
"417",53.459999,53.66,53.080002,53.610001,899500,53.610001
"418",53.869999,54.549999,53.810001,54.25,2187200,54.25
"419",54.150002,54.240002,53.279999,53.32,1416300,53.32
"420",53.290001,53.709999,53.09,53.610001,1921400,53.610001
"421",53.529999,53.689999,52.68,53.02,1425500,53.02
"422",52.970001,53.389999,52.689999,52.98,1182800,52.98
"423",53.52,53.830002,53.150002,53.200001,1371400,53.200001
"424",52.950001,53.459999,52.529999,53.369999,965400,53.369999
"425",53.720001,53.889999,53.23,53.419998,1116600,53.419998
"426",53.25,53.380001,52.799999,53.16,1203500,53.16
"427",53,53.669998,52.619999,53.52,1066400,53.52
"428",53.599998,54.23,53.43,53.990002,1059700,53.990002
"429",54.16,55.689999,54.130001,55.470001,3041300,55.470001
"430",55.470001,56.529999,55.27,55.830002,1947600,55.830002
"431",55.66,57.040001,55.549999,56.919998,2060700,56.919998
"432",57.16,57.41,56.740002,57.049999,1402200,57.049999
"433",57.380001,57.599998,57.150002,57.459999,1297000,57.459999
"434",57.459999,58.09,57.279999,57.880001,2787300,57.880001
"435",57.599998,57.599998,56.41,56.939999,1698200,56.939999
"436",56.849998,56.849998,56.349998,56.419998,1201200,56.419998
"437",56.869999,57.459999,56.720001,57.18,2357700,57.18
"438",54.549999,57.049999,53.57,56.889999,4532600,56.889999
"439",57.200001,57.91,56.799999,57.43,1925100,57.43
"440",57.599998,57.860001,56.689999,56.759998,1290800,56.759998
"441",56.830002,57.07,56.380001,56.48,896600,56.48
"442",56.66,56.869999,56.130001,56.16,1040300,56.16
"443",55.91,56.189999,54.740002,55.049999,1981400,55.049999
"444",55.049999,55.560001,53.91,54.240002,1475200,54.240002
"445",54.16,54.369999,53.43,54.279999,1476900,54.279999
"446",54.16,54.41,53.830002,53.970001,790200,53.970001
"447",53.779999,53.84,52.02,52.110001,1797000,52.110001
"448",52,52.18,50.389999,50.619999,2488400,50.619999
"449",51.43,51.610001,49.990002,50.700001,3275400,50.700001
"450",50.68,51.389999,50.57,50.709999,1809900,50.709999
"451",51.299999,52.07,50.900002,51.900002,1848400,51.900002
"452",51.799999,52.080002,51.009998,51.419998,1593900,51.419998
"453",51.220001,51.349998,49.720001,49.889999,3164800,49.889999
"454",49.959999,50.32,48.889999,49,2723000,49
"455",49.240002,49.549999,48.060001,48.209999,1979800,48.209999
"456",47.32,48.380001,46.549999,48.09,3009700,48.09
"457",47.880001,48.040001,45.02,45.080002,3023300,45.080002
"458",45.669998,45.740002,44.279999,45.43,3646200,45.43
"459",44.84,44.869999,43.459999,43.880001,3232000,43.880001
"460",44.450001,44.82,41.73,42.330002,3366800,42.330002
"461",42.52,42.66,41.610001,42.400002,4543600,42.400002
"462",43.209999,44.509998,42.880001,44.07,4588600,44.07
"463",44.560001,46.419998,44.279999,46.400002,3723900,46.400002
"464",46.52,46.84,45.34,45.799999,4422100,45.799999
"465",45.799999,46.450001,45.549999,46.09,3311500,46.09
"466",45.970001,46.939999,45.59,46.57,2532000,46.57
"467",47.029999,48.09,46.82,48,3053200,48
"468",49.009998,50.400002,48.360001,49.27,3642600,49.27
"469",49.040001,49.490002,48.330002,48.75,2910100,48.75
"470",48.599998,49.330002,48.400002,48.57,3405900,48.57
"471",48.93,50.099998,48.759998,49.490002,3316700,49.490002
"472",49.919998,50.66,49.380001,49.709999,2649500,49.709999
"473",49.150002,50.52,48.759998,50.439999,1997100,50.439999
"474",50.119999,51.060001,49.84,50.43,1444500,50.43
"475",50.450001,50.709999,49.139999,49.27,2324600,49.27
"476",48.41,49.720001,47.990002,49.490002,2126400,49.490002
"477",49.900002,50.549999,49.66,50.150002,1146500,50.150002
"478",49.849998,51.330002,49.849998,50.740002,880900,50.740002
"479",51.16,51.630001,50.720001,51.560001,1464900,51.560001
"480",51.209999,51.57,50.66,50.959999,1338100,50.959999
"481",51.150002,51.98,50.75,51.59,1727600,51.59
"482",52.16,52.73,51.380001,51.560001,10919100,51.560001
"483",51.349998,51.650002,50.09,51.32,4278800,51.32
"484",52,52.880001,51.419998,51.540001,4229000,51.540001
"485",50.98,51.080002,48.52,48.77,5194200,48.77
"486",48.630001,49.380001,47.830002,49.360001,2523200,49.360001
"487",49.049999,49.68,47.169998,47.59,2154000,47.59
"488",47.66,48.18,46.700001,47.73,1557100,47.73
"489",48.529999,48.889999,46.869999,47.23,1900200,47.23
"490",47.950001,48.490002,47.610001,47.669998,1040500,47.669998
"491",47.720001,48.040001,46.849998,47.27,1333500,47.27
"492",46.75,48.290001,46.75,47.619999,1840300,47.619999
"493",47.560001,47.98,46.84,47.139999,1789000,47.139999
"494",47.650002,48,46.450001,46.77,2365400,46.77
"495",46.950001,47.779999,44.939999,45.169998,3833500,45.169998
"496",43.720001,44.599998,41.709999,42.299999,4627400,42.299999
"497",42.220001,42.630001,40.540001,40.790001,4771100,40.790001
"498",40.360001,40.720001,39.540001,39.549999,1190400,39.549999
"499",39.75,41.939999,39.360001,41.939999,2278300,41.939999
"500",41.099998,41.560001,39.84,41.560001,1868200,41.560001
"501",41.82,42.41,41.299999,41.98,1715000,41.98
"502",42.290001,42.470001,41.509998,42.389999,2119900,42.389999
"503",41.880001,42.84,41.52,42.380001,1917400,42.380001
"504",41.869999,42.119999,40.5,40.709999,2654500,40.709999
"505",41.52,43.34,41.41,43.029999,2318700,43.029999
"506",43,44.130001,42.810001,43.709999,1519500,43.709999
"507",44.98,45.68,44.5,45.029999,2224900,45.029999
"508",45.630001,46.049999,45.029999,45.740002,1882600,45.740002
"509",45.349998,46.240002,44.970001,46.169998,1700900,46.169998
"510",45.990002,46.41,45.779999,46.189999,1611700,46.189999
"511",45.700001,46.099998,45.419998,45.540001,1276300,45.540001
"512",45.540001,46.16,45.459999,46.029999,1562800,46.029999
"513",45.93,46.34,45.48,45.849998,1884600,45.849998
"514",45.669998,46.990002,45.59,46.790001,1695500,46.790001
"515",47.049999,47.610001,46.91,47.529999,2390700,47.529999
"516",47.18,47.369999,46.25,46.599998,1844700,46.599998
"517",46.779999,47.080002,46.080002,46.720001,1317100,46.720001
"518",46.860001,47.32,46.720001,46.990002,966600,46.990002
"519",47.689999,47.990002,47.349998,47.93,1192300,47.93
"520",47.290001,48.59,47.25,48.369999,3226700,48.369999
"521",48.439999,48.93,48.049999,48.720001,3060800,48.720001
"522",49.73,51.16,49.32,50.849998,6069300,50.849998
"523",50.57,51.799999,50.43,51.43,3760900,51.43
"524",51.400002,51.970001,51.290001,51.470001,2196800,51.470001
"525",51.330002,52.110001,51.330002,52.080002,2140600,52.080002
"526",52.200001,52.459999,51.549999,51.810001,1631600,51.810001
"527",53.040001,53.18,52.189999,52.619999,1911000,52.619999
"528",52.09,52.099998,50.66,51.349998,1766000,51.349998
"529",50.84,51.450001,50.84,51.310001,1324200,51.310001
"530",51.549999,52.02,51.349998,51.880001,828400,51.880001
"531",52.23,52.450001,51.599998,51.82,1477800,51.82
"532",52.5,52.900002,52.07,52.540001,1416900,52.540001
"533",52.139999,52.389999,51.700001,52.189999,909400,52.189999
"534",52.599998,53.029999,52.110001,53.029999,1943400,53.029999
"535",53.77,53.779999,52.959999,53.380001,2145800,53.380001
"536",53.23,53.900002,53.119999,53.700001,2155600,53.700001
"537",54.75,55.93,54.75,55.52,3847200,55.52
"538",55.700001,55.970001,55.16,55.349998,3815300,55.349998
"539",56.259998,56.43,55.330002,55.939999,3708800,55.939999
"540",55.970001,56.099998,55.439999,55.57,3056300,55.57
"541",55.369999,55.599998,54.619999,54.919998,3125200,54.919998
"542",54.779999,55.91,54.540001,55.529999,3249800,55.529999
"543",55.959999,56.299999,55.049999,55.27,1663600,55.27
"544",55.290001,55.619999,54.299999,54.599998,1790000,54.599998
"545",54.639999,55.639999,54.580002,55.450001,2581600,55.450001
"546",55.540001,55.639999,54.970001,55.119999,2545100,55.119999
"547",54.869999,55.07,54.299999,54.66,2682900,54.66
"548",54.23,55.040001,54.040001,55.009998,1857600,55.009998
"549",55.060001,55.799999,55.029999,55.459999,2049600,55.459999
"550",55.52,55.709999,54.799999,55.349998,1685400,55.349998
"551",55.599998,55.959999,54.799999,55.080002,1646200,55.080002
"552",54.970001,55.330002,54.560001,55.16,1550100,55.16
"553",55.139999,55.869999,54.84,55.549999,2326500,55.549999
"554",55.740002,56.16,55.470001,56.16,1337300,56.16
"555",56.209999,56.549999,55.790001,56.110001,1717800,56.110001
"556",55.970001,56.16,55.060001,55.869999,2656000,55.869999
"557",55.580002,56.669998,55.57,56.5,1502300,56.5
"558",56.349998,56.560001,55.380001,55.619999,2998300,55.619999
"559",55.529999,55.75,54.77,55.169998,1977600,55.169998
"560",53.310001,55.34,53.259998,54.48,3147900,54.48
"561",54.650002,54.759998,53.540001,53.939999,2322300,53.939999
"562",53.970001,54.73,53.900002,54.330002,1770700,54.330002
"563",54.66,55.130001,54.209999,54.959999,2577900,54.959999
"564",55.470001,56.240002,55.419998,56.110001,1708300,56.110001
"565",56.029999,56.560001,55.650002,56.5,1321000,56.5
"566",56.810001,57,56.580002,56.759998,1016900,56.759998
"567",56.84,57.09,56.669998,56.73,1175300,56.73
"568",56.889999,57.419998,56.82,57.130001,1469900,57.130001
"569",57.099998,57.310001,56.52,57.290001,2000900,57.290001
"570",56.990002,57,55.66,55.880001,1569100,55.880001
"571",55.959999,56.689999,55.700001,56.5,1292900,56.5
"572",56.77,57.68,56.709999,57.48,1906600,57.48
"573",57.959999,58.810001,57.93,58.599998,2154200,58.599998
"574",58.689999,58.900002,58.139999,58.669998,2460500,58.669998
"575",58.919998,59.639999,58.900002,59.560001,1558900,59.560001
"576",59.490002,59.709999,57.630001,57.84,2661800,57.84
"577",57.759998,57.939999,56.599998,56.919998,2784600,56.919998
"578",56.57,56.779999,56.220001,56.599998,988500,56.599998
"579",56.740002,57.43,56.439999,57.299999,1569600,57.299999
"580",57.220001,57.509998,56.790001,56.98,1627500,56.98
"581",57,57.150002,56.360001,56.799999,1518400,56.799999
"582",56.970001,57.470001,56.740002,57.27,1469600,57.27
"583",57.299999,57.610001,57.060001,57.080002,1389700,57.080002
"584",57.139999,57.139999,56.110001,56.389999,2274500,56.389999
"585",58.709999,59.599998,57.919998,58,3898700,58
"586",57.669998,57.799999,56.580002,56.900002,2163600,56.900002
"587",57.110001,58.43,57.02,58.25,2403100,58.25
"588",57.040001,58.57,56.959999,58.290001,1942300,58.290001
"589",57.689999,58.009998,56.689999,57.189999,1733300,57.189999
"590",57.040001,57.610001,56.790001,57.34,2909100,57.34
"591",58,58.259998,55.77,57.59,3546800,57.59
"592",57.630001,58.400002,55.919998,57.900002,2560100,57.900002
"593",57.02,57.02,55.09,55.290001,3309300,55.290001
"594",55.5,56.900002,55.419998,56.299999,2938600,56.299999
"595",55.77,56.950001,55.389999,56.73,1511000,56.73
"596",57,57.869999,56.759998,57.549999,1262200,57.549999
"597",56.790001,57.77,56.75,56.919998,1255400,56.919998
"598",56,56.099998,55.630001,55.889999,1492200,55.889999
"599",56.380001,56.970001,56.299999,56.77,2098200,56.77
"600",56.41,56.990002,56.299999,56.810001,1133600,56.810001
"601",56.060001,56.43,55.189999,55.549999,1444400,55.549999
"602",56,56.189999,55.32,55.380001,1175600,55.380001
"603",55.48,55.830002,55.02,55.220001,1258700,55.220001
"604",55,55.360001,54.380001,54.66,1888400,54.66
"605",54.880001,55.34,54.779999,55.16,711600,55.16
"606",54.5,54.93,54.27,54.709999,1002100,54.709999
"607",54.639999,54.869999,53.98,54.299999,1790700,54.299999
"608",53.959999,54.41,51.560001,54.259998,5897000,54.259998
"609",53.360001,53.830002,51.25,52.380001,6167200,52.380001
"610",52.049999,52.279999,51.029999,51.939999,3791300,51.939999
"611",51.700001,53.669998,51.009998,52.59,2570000,52.59
"612",52.59,54.02,52.529999,53.830002,2294700,53.830002
"613",54.130001,54.380001,53.540001,53.59,1775600,53.59
"614",53.43,53.950001,53.110001,53.84,1270700,53.84
"615",53.82,53.91,53.200001,53.720001,1288200,53.720001
"616",53.779999,54.540001,53.59,54.279999,1634400,54.279999
"617",54.23,54.41,53.009998,53.040001,1790200,53.040001
"618",53.459999,54.240002,53.220001,53.75,2019700,53.75
"619",54,54.009998,53.470001,53.91,1022100,53.91
"620",52,53.189999,51.630001,52.560001,3373500,52.560001
"621",52.040001,52.040001,51.09,51.110001,3530100,51.110001
"622",50.91,51.169998,49.880001,50.830002,3243300,50.830002
"623",50.700001,51.189999,50.369999,50.860001,2240900,50.860001
"624",51.169998,51.330002,50.330002,50.41,1624200,50.41
"625",50.490002,51.869999,50.279999,51.84,1531500,51.84
"626",51.900002,53.630001,51.849998,53.630001,3881100,53.630001
"627",54.299999,54.299999,52.66,52.82,2564000,52.82
"628",52.970001,53.73,52.619999,53.73,1841200,53.73
"629",53.560001,53.869999,52.349998,52.759998,1739400,52.759998
"630",52.73,52.790001,51.84,51.950001,1347200,51.950001
"631",51.650002,51.740002,50.049999,50.25,2458100,50.25
"632",50.009998,50.779999,49.549999,50.759998,2464500,50.759998
"633",50.970001,51.049999,49.549999,49.650002,3089200,49.650002
"634",49.650002,49.790001,48.900002,49.619999,2446000,49.619999
"635",49.639999,49.919998,49.369999,49.790001,1249600,49.790001
"636",49.900002,50.73,49.900002,50.360001,1393100,50.360001
"637",50.27,51.130001,50.029999,50.82,2962300,50.82
"638",50.869999,50.869999,49.290001,49.400002,1861800,49.400002
"639",49.150002,49.669998,48.950001,49.279999,1066600,49.279999
"640",49.540001,49.82,48.540001,48.599998,1509100,48.599998
"641",48.509998,48.880001,47.849998,47.919998,3108400,47.919998
"642",48.139999,48.560001,47.740002,48.450001,3248500,48.450001
"643",48.41,49.619999,48.18,49.459999,3016800,49.459999
"644",48.68,49.669998,48.470001,48.759998,2010400,48.759998
"645",49.200001,49.560001,48.93,49.040001,1191800,49.040001
"646",48.990002,49.330002,48.889999,49.099998,949800,49.099998
"647",48.639999,48.950001,48.450001,48.5,1604500,48.5
"648",48.540001,49.700001,48.389999,49.439999,3470700,49.439999
"649",49.48,49.91,48.41,48.57,3272300,48.57
"650",48.299999,48.330002,47,47.450001,2341200,47.450001
"651",46.400002,46.560001,45.639999,46.049999,2309100,46.049999
"652",46.349998,46.939999,45.93,46.919998,2884600,46.919998
"653",46.450001,47.880001,46.150002,47.639999,4154700,47.639999
"654",47.349998,49.360001,46.810001,48.599998,4443800,48.599998
"655",49.380001,50.139999,49,49.66,3796700,49.66
"656",49.310001,49.830002,48.869999,49.830002,2655300,49.830002
"657",48.68,50.720001,48.419998,50.439999,3277100,50.439999
"658",49.720001,50.099998,48.779999,48.91,3365600,48.91
"659",49.060001,49.549999,48.84,49.110001,2027300,49.110001
"660",49.610001,50.639999,49.470001,50.48,1958900,50.48
"661",51.32,51.650002,51.02,51.349998,2113000,51.349998
"662",51.209999,51.400002,50.799999,50.98,1537300,50.98
"663",51.470001,51.470001,50.709999,50.900002,1241300,50.900002
"664",50.799999,50.990002,50.16,50.5,1687500,50.5
"665",50.360001,50.880001,49.57,49.720001,2823500,49.720001
"666",50.150002,50.34,49.310001,49.48,1495100,49.48
"667",49.860001,49.959999,49,49.09,2508000,49.09
"668",48.93,49.93,48.540001,49.57,1282500,49.57
"669",50,50.459999,49.919998,50.23,1088200,50.23
"670",50.52,50.880001,50.389999,50.75,2610400,50.75
"671",50.27,50.59,49.439999,50.580002,1890500,50.580002
"672",51,51.619999,50.759998,51.040001,1199400,51.040001
"673",51.529999,52.360001,51.490002,52.310001,1941900,52.310001
"674",52.389999,52.470001,51.799999,52.119999,1557900,52.119999
"675",52.439999,52.959999,52.439999,52.939999,2028600,52.939999
"676",53.02,54.689999,52.849998,54.669998,3031100,54.669998
"677",54.610001,55.18,53.970001,54.599998,1476300,54.599998
"678",54.869999,55.029999,53.599998,54.419998,1577000,54.419998
"679",54.830002,55.75,54.540001,54.68,1547400,54.68
"680",53.619999,54.529999,53.119999,53.34,2268100,53.34
"681",53,54.34,52.720001,53.959999,1687800,53.959999
"682",53.82,54.139999,53.330002,53.880001,1744200,53.880001
"683",54.209999,54.41,53.77,53.77,1391800,53.77
"684",54.060001,54.330002,53.240002,53.669998,1724000,53.669998
"685",53.360001,53.720001,52.799999,53.509998,1415900,53.509998
"686",53.73,54.41,52.950001,53.110001,1631800,53.110001
"687",52.84,53.369999,52.130001,53.299999,1293000,53.299999
"688",51.869999,52.009998,50.650002,51.259998,1664300,51.259998
"689",51.48,52.080002,50.5,51.02,1295900,51.02
"690",51.34,52.07,51.220001,51.77,1143600,51.77
"691",52,52.529999,50.419998,50.759998,1249000,50.759998
"692",50.470001,50.93,49.130001,49.139999,2122500,49.139999
"693",48.84,49.200001,47.830002,48.139999,3425100,48.139999
"694",48.119999,48.669998,47.740002,48.439999,2518500,48.439999
"695",48.439999,49.189999,48.060001,48.560001,1174700,48.560001
"696",48.130001,48.220001,47.099998,47.169998,1410000,47.169998
"697",47.5,47.619999,46.959999,47.209999,1307100,47.209999
"698",47.349998,48.32,47.299999,48.09,1157800,48.09
"699",48.900002,49.860001,48.779999,49.16,1052900,49.16
"700",48.889999,49.540001,48.799999,49.330002,739100,49.330002
"701",49.5,50.220001,49.419998,49.610001,1250900,49.610001
"702",49.68,49.849998,49.130001,49.330002,896100,49.330002
"703",49.43,50.5,49.23,49.779999,1363500,49.779999
"704",49.57,50.389999,49.57,50.209999,1496100,50.209999
"705",50.98,51.48,50.66,50.950001,2047200,50.950001
"706",51.07,51.07,49.950001,49.970001,909600,49.970001
"707",49.98,50.700001,49.759998,50.689999,875000,50.689999
"708",50.790001,51.32,50.669998,50.970001,1366200,50.970001
"709",50.740002,51.66,50.740002,51.470001,928400,51.470001
"710",51.529999,52.330002,51.529999,51.889999,1084200,51.889999
"711",52.049999,52.639999,51.73,52.619999,1821700,52.619999
"712",53.060001,53.150002,50.75,51.189999,3017400,51.189999
"713",50.959999,50.970001,49.970001,50.759998,1722800,50.759998
"714",51.119999,51.48,50.689999,51.330002,1383600,51.330002
"715",51.709999,52.299999,51.330002,52.290001,1224500,52.290001
"716",52.360001,52.740002,51.950001,52.490002,2509900,52.490002
"717",52.75,52.77,51.52,52.060001,2753600,52.060001
"718",53.209999,54,50.049999,52.220001,3215300,52.220001
"719",51.959999,52.279999,51.18,51.82,1945000,51.82
"720",51.560001,52.150002,51.459999,51.919998,1076100,51.919998
"721",52,52.169998,51.119999,51.259998,1694700,51.259998
"722",50.990002,52.209999,50.830002,52.119999,1437700,52.119999
"723",52.060001,52.669998,51.59,52.41,1291100,52.41
"724",52.610001,53.240002,52.48,53.060001,1532300,53.060001
"725",53.099998,53.549999,52.560001,53.490002,1242000,53.490002
"726",53.700001,54.27,53.509998,53.66,1912900,53.66
"727",53.290001,53.610001,52.529999,52.779999,2196100,52.779999
"728",52.48,53.5,52.259998,53.419998,3269400,53.419998
"729",53.75,54.32,53.599998,54.009998,1667500,54.009998
"730",54.360001,54.52,53.919998,53.970001,1143700,53.970001
"731",53.900002,54.439999,53.779999,53.93,2092100,53.93
"732",54.299999,54.709999,53.939999,54.639999,1075300,54.639999
"733",54.43,54.669998,53.580002,53.639999,606600,53.639999
"734",53.700001,53.970001,52.98,53.150002,1197200,53.150002
"735",52.34,52.990002,52.099998,52.860001,1695700,52.860001
"736",52.860001,53.810001,52.860001,53.610001,1256900,53.610001
"737",53.970001,54.389999,53.880001,54.25,1159500,54.25
"738",54.759998,55.18,54.5,54.709999,1310200,54.709999
"739",54.75,54.990002,54.529999,54.860001,813300,54.860001
"740",54.790001,54.860001,54.349998,54.779999,906800,54.779999
"741",55,55.669998,54.900002,55.41,1250200,55.41
"742",55.450001,56.259998,55.209999,56.130001,1403400,56.130001
"743",56.259998,56.720001,55.650002,55.779999,1057700,55.779999
"744",56.360001,56.360001,55.189999,55.220001,1468200,55.220001
"745",55.240002,55.48,54.799999,55.27,1470300,55.27
"746",55.32,55.32,54.59,54.830002,1594000,54.830002
"747",54.790001,55.740002,54.790001,55.34,2071800,55.34
"748",56.029999,57.98,56,57.560001,2974800,57.560001
"749",57.52,58.529999,57.360001,58.509998,1972200,58.509998
"750",58.57,58.57,58.040001,58.380001,497100,58.380001
"751",58.48,59.130001,58.099998,59.110001,909400,59.110001
"752",59.200001,59.34,58.810001,59.110001,842600,59.110001
"753",59.099998,59.110001,58.25,58.59,609700,58.59
"754",58.5,58.650002,58.279999,58.41,940600,58.41
"755",58.790001,59.110001,58.150002,58.830002,977700,58.830002
"756",57.740002,58.220001,57.25,57.599998,1611800,57.599998
"757",57.080002,57.27,56.52,56.799999,2302500,56.799999
"758",56.549999,57.27,56.48,56.970001,1623100,56.970001
"759",57.029999,57.919998,56.919998,57.57,1187300,57.57
"760",58.060001,58.130001,57.52,58.060001,782900,58.060001
"761",58.23,58.389999,57.57,57.959999,1051900,57.959999
"762",57.98,58.009998,57.299999,57.84,1357200,57.84
"763",57.77,58.09,57.68,57.900002,1147400,57.900002
"764",57.869999,58.25,57.150002,57.540001,1212400,57.540001
"765",57.75,58.610001,57.689999,58.580002,1305200,58.580002
"766",58.849998,59.779999,58.540001,59.650002,1701100,59.650002
"767",59,59.029999,57.57,57.950001,2252800,57.950001
"768",58.130001,58.68,57.48,57.630001,3227200,57.630001
"769",56.799999,58.279999,55.919998,58.220001,1323800,58.220001
"770",58.119999,58.119999,55.23,55.84,2244700,55.84
"771",53.119999,54.59,53.099998,54.16,2779200,54.16
"772",54.82,55.639999,54.419998,55,1484700,55
"773",55.16,56.220001,55.130001,56.02,1430400,56.02
"774",53.130001,55.290001,52.77,54.799999,3359700,54.799999
"775",54.75,54.91,53.41,53.849998,2146700,53.849998
"776",54.189999,54.669998,52.75,54.189999,2456100,54.189999
"777",55.43,55.68,54.650002,54.75,1984800,54.75
"778",55.169998,55.630001,54.900002,55.110001,2200200,55.110001
"779",55.779999,55.849998,55.080002,55.099998,1596500,55.099998
"780",53.490002,54.040001,52.310001,52.810001,2369900,52.810001
"781",52.25,52.25,50.970001,51,2534900,51
"782",51.599998,52.91,51.310001,52.490002,2002800,52.490002
"783",52.849998,54.279999,52.84,54.209999,1982900,54.209999
"784",53.41,53.639999,52.91,53.43,2246200,53.43
"785",52.439999,53,52.439999,52.459999,2044500,52.459999
"786",52.09,52.349998,51.490002,51.689999,2179300,51.689999
"787",51.700001,52.349998,51.700001,52.02,2285700,52.02
"788",51.490002,51.580002,48.369999,48.509998,5621400,48.509998
"789",48.119999,48.16,46.849998,46.970001,4549900,46.970001
"790",44.490002,44.650002,42.18,42.580002,6497100,42.580002
"791",42.950001,43.060001,39.18,39.310001,5898800,39.310001
"792",39.560001,39.57,36.16,36.209999,8127700,36.209999
"793",35.07,37.09,33.169998,34.740002,10504600,34.740002
"794",33.279999,37.259998,33.209999,37.259998,9192400,37.259998
"795",37.099998,37.099998,33.98,35.59,7318900,35.59
"796",35.389999,35.900002,33.080002,33.619999,5704600,33.619999
"797",34.25,34.25,31.469999,33,7154900,33
"798",31.309999,31.379999,28,28.59,8778700,28.59
"799",27.4,30.25,26.549999,27.1,12408800,27.1
"800",23.93,24.09,19.709999,19.809999,12091800,19.809999
"801",22.24,22.25,17.120001,20.5,21711700,20.5
"802",19.360001,19.450001,14.78,15.03,21631700,15.03
"803",11.49,13.43,9.6,9.65,29445000,9.65
"804",13.33,13.6,9.87,11.1,43494100,11.1
"805",10.46,13.41,10.1,10.94,35890800,10.94
"806",11.51,11.62,9.83,10.03,25250500,10.03
"807",9.73,9.99,7.03,7.77,24363500,7.77
"808",8.03,8.85,7.25,8.23,16537300,8.23
"809",9.09,10.98,8.23,8.72,27443900,8.72
"810",8.95,10.59,8.44,9.67,27174100,9.67
"811",12,15.76,11.3,13.75,46798300,13.75
"812",17.15,18,14.33,16.959999,47730700,16.959999
"813",16.799999,20.280001,15,15.71,51130200,15.71
"814",14.31,14.31,12.01,12.02,44214100,12.02
"815",11.11,11.84,9.82,10.68,32858300,10.68
"816",10.54,12.4,10.41,10.96,35119800,10.96
"817",10.5,10.59,9.45,9.55,31934400,9.55
"818",9.16,9.9,8.08,8.4,33277200,8.4
"819",9.06,9.25,8.12,8.46,24203800,8.46
"820",9.2,10.18,8.8,10.01,40974200,10.01
"821",12.27,13,10.36,11.01,56733100,11.01
"822",11.46,11.95,10.91,11.72,28293100,11.72
"823",12.72,14.18,12.25,13.11,53320000,13.11
"824",12.05,12.05,11,11.36,34352100,11.36
"825",12.49,12.98,11.63,12.35,38677100,12.35
"826",11.6,12.25,11.39,12.08,20560300,12.08
"827",11.94,12.14,11.13,11.35,20442300,11.35
"828",12.2,12.5,11.8,12.38,25069500,12.38
"829",11.96,12.3,11.46,11.49,26653400,11.49
"830",11.1,11.57,10.81,11,22928600,11
"831",11.3,11.47,10.65,10.87,18037600,10.87
"832",10.95,11.69,10.92,11.47,23018700,11.47
"833",11.37,11.48,10.66,10.86,22271600,10.86
"834",11.04,11.87,10.91,11.44,28614000,11.44
"835",12.33,13.38,11.93,13.09,37342600,13.09
"836",14.44,16.459999,14.08,16.41,62157700,16.41
"837",16.219999,17.48,15.18,16.4,57984400,16.4
"838",15.25,15.74,13.7,13.84,43335600,13.84
"839",12.57,14.48,12.22,14.44,39664500,14.44
"840",12.75,13.22,11.03,11.18,155971800,11.18
"841",11.79,11.94,10.88,11.12,128458000,11.12
"842",11.4,12.5,11.39,12,82249000,12
"843",12.83,13.13,12,12.43,76876100,12.43
"844",12.16,12.29,11.53,11.73,42615400,11.73
"845",11.89,11.96,11.07,11.09,36548900,11.09
"846",11,11.03,9.9,10.31,55477600,10.31
"847",9.94,11.33,9.24,10.76,68694300,10.76
"848",10.52,11.37,10.32,10.92,45461300,10.92
"849",11.88,13.47,11.76,12.88,104486300,12.88
"850",12.92,13.15,11.88,12.43,65613300,12.43
"851",12.76,13.01,12.08,12.78,63558500,12.78
"852",12.96,14.35,12.81,14.03,77421100,14.03
"853",14.72,15,13.72,13.9,65214400,13.9
"854",15.36,16.17,15.25,16.030001,76937900,16.030001
"855",17.76,17.84,15.83,17.59,102210000,17.59
"856",17.379999,17.440001,15.93,16.07,78503000,16.07
"857",15.28,16.059999,15.05,15.66,77407100,15.66
"858",15.88,17.35,15.71,17.290001,62400000,17.290001
"859",17.98,18.290001,16.969999,17.389999,62632200,17.389999
"860",16.799999,18.43,16.700001,17.98,78460800,17.98
"861",18.16,20,17.389999,19.59,88301400,19.59
"862",24.209999,24.290001,21.6,22.43,109690000,22.43
"863",25.280001,26.91,24,26.860001,105202600,26.860001
"864",25.049999,25.5,23.15,24.129999,85767900,24.129999
"865",22.709999,22.709999,19.4,20.65,126632800,20.65
"866",16.76,19,16.450001,17.25,119113500,17.25
"867",19.58,20.58,18.67,20.5,114996400,20.5
"868",18.360001,20.5,18.17,19.99,81509700,19.99
"869",22.459999,22.469999,20.110001,20.959999,89311000,20.959999
"870",18.969999,20.040001,18.860001,19.200001,68441600,19.200001
"871",18.5,20.08,18.43,19.309999,56711700,19.309999
"872",19.889999,20,17.719999,18.219999,78742400,18.219999
"873",17.530001,17.74,16.629999,17.09,62807300,17.09
"874",17.299999,18.18,17.040001,18.030001,51733600,18.030001
"875",17.219999,17.25,15.33,15.8,77704400,15.8
"876",14.55,16.15,14.5,16.08,56764000,16.08
"877",16.200001,16.4,14.85,15.28,50406500,15.28
"878",15.19,16.66,14.61,16.559999,51431800,16.559999
"879",16.209999,16.58,15.57,16.43,42330100,16.43
"880",16.93,18.18,16.299999,16.42,56033300,16.42
"881",17.07,17.360001,15.86,15.97,42555200,15.97
"882",16.059999,16.49,15.41,16.129999,36917000,16.129999
"883",15.88,16.02,15.22,15.27,24714500,15.27
"884",15.15,16.16,14.91,15.99,32430000,15.99
"885",16.190001,16.459999,15.03,15.2,29313400,15.2
"886",15.07,16.450001,14.87,16.4,43942500,16.4
"887",16.389999,16.629999,15.5,15.6,34578500,15.6
"888",15.22,15.54,14.85,15.33,29311400,15.33
"889",16.33,18.68,16.24,18.5,86360500,18.5
"890",16.58,17.1,15.6,15.61,76351200,15.61
"891",15.34,15.68,15.01,15.27,74412700,15.27
"892",15.51,15.95,14.82,14.89,50349000,14.89
"893",15.11,15.31,14.68,14.98,50576500,14.98
"894",14.85,15.11,14.58,14.66,28875400,14.66
"895",14.57,14.86,13.96,14.41,43441500,14.41
"896",14.22,14.68,14.07,14.38,25494200,14.38
"897",14.28,14.3,13.26,13.38,33689900,13.38
"898",13.34,14.52,13.32,14.22,43793700,14.22
"899",14.22,14.49,13.81,14.34,27760900,14.34
"900",13.97,14.32,13.78,14.17,24503400,14.17
"901",13.99,14.1,13.46,13.64,28346300,13.64
"902",13.31,13.38,12.56,13.06,40525300,13.06
"903",13.04,13.91,13.01,13.56,28813100,13.56
"904",13.97,14.2,13.43,13.72,33478900,13.72
"905",13.34,14.42,13.27,14.24,39913200,14.24
"906",14.09,14.18,13.47,13.99,31073500,13.99
"907",13.99,15.38,13.98,15.13,44266500,15.13
"908",16.469999,16.58,15.55,15.64,54538400,15.64
"909",16.110001,16.190001,14.72,15.23,36454400,15.23
"910",14.95,15.91,14.93,15.34,24496700,15.34
"911",15.1,15.89,14.91,15.75,24861700,15.75
"912",15.85,15.86,15.04,15.39,20503000,15.39
"913",15.39,15.54,15.05,15.2,14170900,15.2
"914",15.21,16.370001,15.06,15.68,30456700,15.68
"915",15.41,15.7,15.09,15.58,17282200,15.58
"916",15.5,15.87,15.45,15.56,15940000,15.56
"917",15.94,17.209999,15.41,16.74,48402000,16.74
"918",16.84,17.1,16.190001,16.75,26657600,16.75
"919",16.57,16.639999,15.45,15.72,35788000,15.72
"920",16.219999,17.299999,16.139999,16.65,45413800,16.65
"921",17.16,17.780001,16.860001,17.690001,43052900,17.690001
"922",17.67,17.84,17.07,17.110001,28361300,17.110001
"923",16.75,17.27,16.440001,16.940001,20325500,16.940001
"924",16.93,17.09,16.379999,16.99,19333600,16.99
"925",17.66,19.200001,17.299999,17.629999,57080500,17.629999
"926",18.27,18.610001,17.49,18.42,45101900,18.42
"927",18.02,18.85,17.99,18.530001,30798300,18.530001
"928",18.299999,18.48,17.48,17.93,23650100,17.93
"929",18.049999,19.16,17.92,17.93,32735800,17.93
"930",18.120001,18.120001,17.18,17.51,21562200,17.51
"931",17.82,17.969999,17.42,17.790001,18679800,17.790001
"932",17.77,17.84,16.780001,16.969999,30618100,16.969999
"933",17.110001,17.860001,16.719999,17.5,26509600,17.5
"934",16.98,17.559999,16.709999,17.26,21691000,17.26
"935",17.01,17.299999,15.95,16.25,34292600,16.25
"936",15.46,15.72,14.73,14.99,32507000,14.99
"937",15.05,15.59,14.92,15.33,21506800,15.33
"938",15.5,16.17,15.13,15.17,21249100,15.17
"939",14.95,15,14.15,14.63,23348900,14.63
"940",15.82,16.639999,15.57,16.629999,48616000,16.629999
"941",16.92,16.950001,16.01,16.68,28960900,16.68
"942",16.6,16.85,16.280001,16.559999,14090800,16.559999
"943",17.09,18.23,16.940001,17.110001,38387400,17.110001
"944",17.4,17.41,16.74,17.34,22208800,17.34
"945",16.280001,17.43,16.15,17.27,22461000,17.27
"946",17.059999,17.360001,16.690001,16.99,15330900,16.99
"947",17.219999,18.24,17.09,17.23,31714300,17.23
"948",17.75,18.16,17.459999,18.01,16898500,18.01
"949",18.32,18.440001,17.700001,18.200001,17459900,18.200001
"950",18.299999,18.91,17.98,18.73,24449200,18.73
"951",18.52,18.620001,18.07,18.08,15878600,18.08
"952",17.299999,17.370001,16.42,16.59,28061700,16.59
"953",16.68,17.16,16.360001,16.48,19207800,16.48
"954",16.18,16.24,15.65,16.1,19229800,16.1
"955",16.280001,16.440001,15.9,16.200001,13688700,16.200001
"956",16.32,16.76,16.18,16.450001,12919300,16.450001
"957",16.66,17.16,16.469999,17.08,15685600,17.08
"958",17,17.139999,16.73,16.99,11362300,16.99
"959",17.1,17.75,17.02,17.709999,16692200,17.709999
"960",17.719999,18.41,17.450001,18.35,21988100,18.35
"961",17.74,17.74,16.35,16.799999,27651100,16.799999
"962",16.85,17.07,16.51,16.530001,12990900,16.530001
"963",15.84,16.030001,15,15.03,26446200,15.03
"964",15.05,15.85,14.77,15.77,19523900,15.77
"965",15.49,17.07,15.3,16.629999,41916000,16.629999
"966",16.059999,16.219999,15.29,16.17,25069900,16.17
"967",16.200001,16.73,16.120001,16.549999,15148300,16.549999
"968",16.5,16.73,16.120001,16.16,13519800,16.16
"969",16.4,17.309999,16.4,17.25,17527400,17.25
"970",17.07,17.299999,16.65,16.969999,14037000,16.969999
"971",21.02,23.049999,20.360001,21.51,75069900,21.51
"972",20.799999,21.129999,19.379999,20.120001,37843700,20.120001
"973",20.530001,20.84,19.35,19.52,26873800,19.52
"974",18.790001,19.870001,18.610001,18.85,26427400,18.85
"975",19.280001,20.27,19.16,20.059999,22894200,20.059999
"976",21.93,22.02,21.030001,21.309999,40909500,21.309999
"977",21.1,22.620001,20.77,22.059999,32189600,22.059999
"978",20.67,21.379999,20.41,20.459999,71591700,20.459999
"979",20.58,21.290001,20.49,21.02,36017800,21.02
"980",21.110001,21.27,19.940001,19.99,30469700,19.99
"981",20.620001,21.030001,20.07,20.889999,30434400,20.889999
"982",22.049999,22.639999,21.799999,22.549999,38926200,22.549999
"983",22.83,23.35,22,23.200001,30769200,23.200001
"984",23.469999,24.32,23.450001,23.68,17081000,23.68
"985",24.059999,24.200001,22.32,22.870001,25635800,22.870001
"986",23.549999,23.67,22.82,22.940001,20283500,22.940001
"987",22.4,23.5,21.82,23.4,20709000,23.4
"988",23.6,25.799999,23.549999,25.42,44080500,25.42
"989",26.110001,26.450001,25.17,26.299999,33185000,26.299999
"990",26.32,26.65,25.700001,26.5,23744800,26.5
"991",26.299999,28.17,26.25,28.15,27515500,28.15
"992",28.969999,28.98,26.200001,27.26,43942900,27.26
"993",26.65,27.540001,26.549999,27.440001,24569400,27.440001
"994",27.530001,27.870001,26.26,26.51,21177900,26.51
"995",27.219999,27.540001,25.219999,25.41,24467000,25.41
"996",24.93,25.51,23.790001,25.219999,33097200,25.219999
"997",25.23,25.74,24.68,25.459999,21274500,25.459999
"998",25.700001,25.700001,25.030001,25.41,12857000,25.41
"999",25.49,26.09,24.860001,25.18,20648600,25.18
"1000",23.620001,24.9,23.450001,24.780001,22591400,24.780001
"1001",24.85,24.870001,23.040001,23.08,24903000,23.08
"1002",23.27,24.700001,23.16,24.5,18389600,24.5
"1003",24.5,24.790001,24.120001,24.58,7884200,24.58
"1004",25.15,25.940001,24.799999,25.530001,16371400,25.530001
"1005",26,26.110001,25.049999,25.389999,12962800,25.389999
"1006",25.379999,26.09,25.209999,25.639999,11142100,25.639999
"1007",25.540001,25.68,24.43,25.43,14616900,25.43
