"","NXPI.Open","NXPI.High","NXPI.Low","NXPI.Close","NXPI.Volume","NXPI.Adjusted"
"1",98.25,98.25,97.550003,97.660004,2392800,93.90654
"2",97.669998,98.360001,97.650002,98.300003,3949700,94.521942
"3",98.480003,98.790001,98.18,98.400002,2181800,94.618111
"4",98.699997,98.720001,97.989998,98.209999,2849000,94.435402
"5",98.25,98.470001,97.970001,98.110001,2189600,94.339241
"6",98.540001,98.790001,98.260002,98.629997,2767700,94.839272
"7",98.489998,98.610001,98.279999,98.480003,1726500,94.695038
"8",98.489998,98.580002,98.260002,98.300003,1574900,94.521942
"9",98.209999,98.620003,97.970001,98.379997,2074800,94.598892
"10",98.5,98.620003,97.610001,97.620003,5503300,93.868088
"11",98.089996,98.339996,97.860001,98.010002,1936200,94.243095
"12",98.139999,98.260002,97.809998,98.059998,2464300,94.291176
"13",98.199997,98.309998,97.68,97.800003,2743500,94.041168
"14",97.5,97.699997,96,96,9077800,92.310356
"15",96.230003,97.32,96.059998,96.699997,4200400,92.983444
"16",96.830002,97.809998,96.830002,97.5,3859500,93.752693
"17",97.43,97.620003,97.110001,97.260002,3113400,93.521942
"18",97.400002,97.989998,97.300003,97.879997,2484500,94.118073
"19",98.050003,98.199997,97.25,98.019997,2971400,94.252701
"20",97.75,98.169998,97.459999,97.849998,2699400,94.089241
"21",98.389999,98.580002,97.75,97.75,4621000,93.993088
"22",98.099998,99.339996,98.099998,99.010002,3450400,95.204666
"23",99,99.5,98.900002,99.459999,1840300,95.637383
"24",99.849998,101.25,99.760002,100.050003,12649600,96.204681
"25",100.650002,101.279999,100.440002,101.269997,2716600,97.377808
"26",101.470001,102.160004,101.040001,102.080002,3419200,98.156677
"27",102,102.169998,101.550003,101.599998,1995400,97.695122
"28",101.760002,102.309998,101.75,101.989998,2131100,98.070129
"29",102.099998,102.489998,101.849998,102.260002,1460300,98.32975
"30",102,102.489998,101.910004,102.279999,2148800,98.348984
"31",102.25,102.739998,102.25,102.580002,1725100,98.637459
"32",102.650002,102.739998,102.410004,102.489998,1070000,98.550911
"33",102.309998,102.779999,102.18,102.400002,1335400,98.464371
"34",102.209999,102.75,102.209999,102.599998,1530000,98.656685
"35",102.599998,102.889999,102.400002,102.650002,1576900,98.704758
"36",102.650002,102.889999,102.459999,102.589996,1368300,98.647057
"37",102.199997,102.860001,102.190002,102.830002,2153600,98.877831
"38",102.580002,102.889999,102.57,102.809998,881100,98.858604
"39",102.650002,103.18,102.300003,102.809998,1650200,98.858604
"40",103.199997,103.440002,102.959999,103.199997,1797600,99.233627
"41",103.120003,103.790001,103.050003,103.610001,4282400,99.627884
"42",103.720001,103.940002,103.440002,103.860001,1483700,99.86824
"43",103.550003,104.099998,103.300003,103.889999,1535300,99.897118
"44",103.860001,104.110001,103.559998,103.769997,2881800,99.781715
"45",103.68,104.029999,103.650002,103.870003,5757300,99.877884
"46",103.760002,104.019997,103.75,103.919998,3101400,99.925972
"47",104.099998,104.230003,103.900002,104.220001,3012900,100.214409
"48",104.099998,104.449997,103.800003,103.989998,3592500,99.993248
"49",103.900002,103.980003,103.709999,103.800003,1669500,99.810555
"50",103.800003,103.970001,103.720001,103.75,2702000,99.762482
"51",103.879997,103.970001,103.279999,103.400002,3891400,99.425941
"52",103.199997,103.379997,102.910004,103.269997,3096600,99.300934
"53",103.25,103.5,103.160004,103.330002,1158100,99.358643
"54",103.199997,103.510002,102.650002,102.940002,3273500,98.983612
"55",102.830002,102.989998,102.599998,102.730003,2040700,98.7817
"56",102.739998,102.980003,102.620003,102.699997,1720600,98.752838
"57",102.809998,103.160004,102.599998,102.989998,2153500,99.031693
"58",102.919998,103.360001,102.699997,103.220001,1182200,99.252861
"59",103.07,103.529999,102.970001,103.18,1246300,99.214386
"60",103.160004,103.669998,103.150002,103.620003,1622900,99.637466
"61",103.330002,104.290001,103.139999,103.75,1697000,99.762482
"62",103.940002,104,103.379997,103.5,3326800,99.522102
"63",103.68,104.419998,103.5,104.269997,2955100,100.262497
"64",104.75,105.260002,104.349998,105.050003,7817400,101.012505
"65",105.480003,105.480003,104.610001,104.800003,3961200,100.772141
"66",104.949997,105,104.339996,104.400002,3719200,100.387505
"67",104.5,104.800003,104.449997,104.550003,4128600,100.531746
"68",104.5,104.68,104.169998,104.169998,2051200,100.166344
"69",104.050003,104.440002,103.870003,103.970001,2272100,99.974022
"70",103.919998,103.989998,103.660004,103.690002,3112300,99.704811
"71",103.699997,103.900002,103.190002,103.230003,2697600,99.262474
"72",103.5,103.690002,103.169998,103.169998,1998900,99.204773
"73",103.199997,103.589996,103.160004,103.309998,1495300,99.339401
"74",103.5,104.419998,103.389999,104.230003,3463200,100.224045
"75",104.449997,104.510002,103.900002,104.43,2904200,100.416351
"76",104.449997,104.449997,104.110001,104.360001,1813200,100.349045
"77",104.5,104.910004,104.410004,104.769997,1644800,100.743286
"78",104.860001,105.279999,104.800003,105.209999,2253100,101.166367
"79",105.110001,105.599998,105.110001,105.470001,2824800,101.416382
"80",105.5,105.580002,105.300003,105.449997,1981000,101.397156
"81",105.400002,105.800003,105.300003,105.75,2050000,101.685616
"82",105.900002,106.160004,105.599998,105.959999,1946800,101.88755
"83",106,106.190002,105.669998,105.760002,2297800,101.695236
"84",106,106.099998,105.599998,105.790001,1199200,101.724083
"85",105.760002,106.970001,105.730003,106.779999,4468100,102.676025
"86",106.57,106.959999,106.379997,106.580002,2512700,102.483711
"87",106.529999,106.970001,106.449997,106.900002,2710900,102.791428
"88",106.660004,107.019997,106.650002,106.769997,2151900,102.66642
"89",106.720001,106.889999,106.580002,106.68,3243000,102.579872
"90",106.550003,106.940002,106.400002,106.860001,2924400,102.752953
"91",106.769997,106.910004,106.5,106.870003,4860600,102.762573
"92",106.779999,107.199997,106.669998,107.040001,1854800,102.926018
"93",106.970001,107.760002,106.93,107.699997,6256900,103.560669
"94",107.260002,107.830002,107.25,107.389999,5324200,103.262581
"95",107.279999,107.5,107.139999,107.269997,3252800,103.147186
"96",107.449997,107.830002,107.449997,107.75,2773300,103.608757
"97",107.870003,108.239998,107.75,108.169998,3259300,104.012611
"98",107.959999,108.199997,107.959999,108.089996,2996400,103.935661
"99",108.110001,108.290001,107.849998,108,3686000,103.849152
"100",108,108.150002,107.800003,107.949997,3058800,103.801071
"101",107.889999,108.239998,107.889999,108,2620100,103.849152
"102",107.910004,108.209999,107.910004,108.139999,2111900,103.983765
"103",109.050003,109.900002,108.980003,109.900002,12507100,105.676125
"104",109.650002,109.709999,109,109.32,7465900,105.118408
"105",109.199997,109.349998,108.860001,109.150002,3789000,104.954941
"106",109,109.32,109,109.220001,2537400,105.022255
"107",109.220001,109.349998,108.849998,108.849998,2724700,104.666473
"108",108.849998,109.32,108.809998,109.209999,2903200,105.012634
"109",109.07,109.400002,108.919998,109.230003,2064500,105.031883
"110",109.230003,109.5,108.169998,108.580002,4308300,104.406853
"111",108.910004,108.910004,108,108.220001,2889900,104.060692
"112",108.449997,109.110001,108.32,109.110001,1959100,104.916473
"113",108.959999,109.419998,108.650002,109.269997,2478000,105.07032
"114",108.779999,109.110001,108.75,109,1315700,104.810699
"115",109,109.400002,108.849998,109.089996,2075700,104.897255
"116",109,109.290001,108.900002,109.150002,1808900,104.954941
"117",109.050003,109.860001,108.970001,109,3010300,104.810699
"118",109.019997,109.220001,108.879997,109.169998,2796600,104.974174
"119",109.150002,109.5,108.989998,109.5,3156500,105.291496
"120",109.5,109.980003,109.470001,109.980003,23837000,105.753044
"121",109.75,109.919998,109.449997,109.730003,2437900,105.51265
"122",109.669998,109.790001,109.419998,109.519997,4010400,105.310715
"123",109.879997,109.949997,109.57,109.900002,2210600,105.676125
"124",109.769997,109.800003,109.029999,109.400002,4944800,105.195343
"125",109.330002,109.510002,109.139999,109.449997,2853900,105.243416
"126",109.5,109.5,109.099998,109.269997,1170800,105.07032
"127",109.269997,109.370003,109.040001,109.199997,2315600,105.003029
"128",109.110001,109.300003,109.050003,109.260002,1708600,105.060722
"129",109.269997,109.379997,109,109.110001,3532500,104.916473
"130",109.050003,109.459999,109.050003,109.32,1428800,105.118408
"131",109.25,109.25,109,109.25,1803800,105.051109
"132",109.199997,109.370003,109.059998,109.169998,2861400,104.974174
"133",109.150002,109.5,109.080002,109.209999,2247200,105.012634
"134",109.199997,109.480003,109.160004,109.400002,1782000,105.195343
"135",109.400002,109.620003,109.370003,109.449997,2083200,105.243416
"136",109.449997,109.639999,109.370003,109.459999,1521700,105.253021
"137",109.449997,109.650002,109.410004,109.599998,1302300,105.387642
"138",109.5,109.809998,109.410004,109.709999,1497800,105.493416
"139",109.599998,109.889999,109.550003,109.860001,1321200,105.637657
"140",109.830002,109.839996,109.550003,109.550003,1583800,105.339569
"141",109.559998,109.93,109.550003,109.709999,2426000,105.493416
"142",109.75,109.949997,109.75,109.93,2711500,105.704971
"143",109.849998,110.43,109.839996,110.339996,2846900,106.099197
"144",110.120003,110.400002,110.050003,110.220001,2041500,105.983818
"145",110.25,110.389999,110.080002,110.330002,2535100,106.089577
"146",110.300003,111.199997,110.199997,111.099998,3760200,106.829994
"147",111.080002,111.220001,110.849998,110.879997,3406700,106.618454
"148",110.519997,111.059998,110.43,110.660004,1908400,106.406906
"149",112.019997,112.790001,111.75,112.419998,5618300,108.099243
"150",112.650002,113.199997,112.419998,112.959999,2353300,108.618515
"151",113.019997,113.389999,112.82,112.980003,1577000,108.637749
"152",112.599998,113.099998,112.57,113.089996,1113600,108.743507
"153",112.849998,112.849998,112.080002,112.120003,2215200,107.810799
"154",111.57,112.279999,111.57,112.199997,2038100,107.887703
"155",112.5,112.800003,112.330002,112.519997,1024400,108.195427
"156",112.650002,112.830002,112.510002,112.830002,838200,108.493523
"157",112.809998,112.849998,112.550003,112.790001,498500,108.45504
"158",112.790001,112.849998,112.339996,112.470001,1318200,108.147354
"159",112.699997,112.699997,112.389999,112.449997,704800,108.128105
"160",112.589996,112.68,112.18,112.349998,888500,108.03196
"161",112.449997,112.739998,112.339996,112.349998,514800,108.03196
"162",112.510002,112.510002,112.300003,112.300003,892500,107.983871
"163",112.379997,112.480003,111.940002,112.010002,1174400,107.705017
"164",112.099998,112.349998,111.900002,112.230003,1086000,107.916573
"165",112.160004,112.739998,112,112.57,1287600,108.243507
"166",112.25,112.599998,112.220001,112.309998,1193900,107.993492
"167",112.309998,112.580002,112.290001,112.400002,981100,108.08004
"168",112.43,113.059998,112.370003,112.959999,2329300,108.618515
"169",112.800003,113.190002,112.800003,112.900002,1229800,108.560799
"170",112.559998,112.849998,112.290001,112.419998,1525400,108.099243
"171",112.57,112.57,111.75,112.160004,2330500,107.849274
"172",112.230003,112.75,112.139999,112.660004,933600,108.33004
"173",112.400002,112.480003,112.160004,112.300003,640500,107.983871
"174",112.5,112.699997,112.260002,112.550003,630900,108.224251
"175",112.660004,112.809998,112.639999,112.779999,1041100,108.445435
"176",112.709999,112.809998,112.599998,112.629997,1103000,108.301193
"177",112.459999,112.75,112.32,112.400002,1773600,108.08004
"178",112.5,112.839996,112.43,112.839996,1775700,108.503113
"179",112.860001,113.230003,112.800003,112.989998,1648000,108.647362
"180",112.910004,113.050003,112.830002,112.919998,935400,108.580032
"181",112.849998,112.949997,112.5,112.550003,1244100,108.224251
"182",112.489998,112.849998,112.339996,112.720001,1369000,108.387733
"183",112.550003,112.769997,112.489998,112.639999,733900,108.310814
"184",112.550003,112.629997,112.360001,112.419998,2387500,108.099243
"185",112.400002,112.599998,112.309998,112.370003,1232400,108.051178
"186",112.400002,112.889999,112.400002,112.730003,1190000,108.397346
"187",112.699997,113.07,112.610001,112.870003,1592200,108.531967
"188",112.959999,113.400002,112.830002,113.089996,1806300,108.743507
"189",113.150002,113.389999,112.849998,113.120003,2505600,108.772354
"190",113.220001,113.43,113.010002,113.360001,1228700,109.003143
"191",113.300003,113.800003,113.099998,113.709999,1681900,109.339684
"192",113.75,113.830002,113.559998,113.68,913600,109.310837
"193",114,114.419998,113.900002,113.949997,2859200,109.570442
"194",114.099998,114.669998,113.989998,114.519997,1834600,110.118546
"195",114.650002,115.169998,114.459999,115,2833300,110.580116
"196",114.940002,115.610001,114.830002,115.459999,2268700,111.022415
"197",115.150002,115.349998,114.800003,115.18,1273700,110.753189
"198",115.68,115.68,115.040001,115.169998,1311300,110.743568
"199",115.510002,115.519997,114.760002,114.940002,1369500,110.522423
"200",114.970001,115.199997,114.919998,115.150002,1402500,110.724335
"201",115.029999,115.510002,115.029999,115.360001,2151300,110.926277
"202",115.150002,115.489998,115.010002,115.489998,1196300,111.051262
"203",115.699997,115.940002,115.400002,115.879997,3369000,111.426277
"204",115.709999,116.440002,115.709999,116.400002,1818400,111.9263
"205",116.5,117,116.400002,116.790001,1674000,112.301323
"206",116.589996,116.790001,116.239998,116.489998,1902900,112.01284
"207",117.660004,118,116.610001,116.620003,4338700,112.137856
"208",116.870003,117.300003,116.82,116.93,3128800,112.435928
"209",116.43,116.970001,116.279999,116.730003,2878200,112.243622
"210",116.699997,117.07,116.5,117.050003,2188100,112.551331
"211",117.050003,117.730003,116.889999,117.300003,2902500,112.791725
"212",117.029999,117.730003,116.57,117.459999,3185900,112.94558
"213",117.449997,118.199997,111.370003,115.019997,25791200,110.599319
"214",115.019997,116.879997,115.019997,116.720001,8836900,112.233994
"215",116.32,116.980003,116,116.660004,3361600,112.1763
"216",116.699997,117.559998,116.25,116.339996,5526300,111.868599
"217",116.120003,116.599998,114.989998,115.309998,3342800,110.878197
"218",115.260002,116.25,115.040001,116.050003,2392800,111.589752
"219",116.120003,116.199997,115.529999,115.650002,2472600,111.205139
"220",115.599998,115.949997,115.019997,115.5,3542500,111.06089
"221",115.419998,115.43,114.720001,115,2949700,110.580116
"222",115.199997,115.879997,115.050003,115.190002,3501100,110.762802
"223",115.379997,115.699997,115.199997,115.5,2030600,111.06089
"224",115.510002,115.910004,115.139999,115.18,1414800,110.753189
"225",115.220001,115.610001,115.150002,115.32,1881100,110.887817
"226",115.32,115.860001,115.07,115.150002,1434500,110.724335
"227",114.809998,115.199997,114.540001,114.650002,1942400,110.243553
"228",114.5,115.080002,114.440002,114.529999,2368900,110.128174
"229",114.650002,114.849998,113.779999,113.790001,3850700,109.416611
"230",113.849998,114.169998,112.5,113,6117100,108.65699
"231",113.110001,114.18,112.949997,113.389999,3727800,109.031967
"232",114.010002,115,113.93,114.779999,4934900,110.368546
"233",115,115.050003,113.75,113.870003,2772600,109.493538
"234",113.699997,114.290001,113.529999,113.75,3482900,109.378151
"235",114.139999,115,113.400002,114.330002,2388300,109.93586
"236",114.5,115.279999,114.25,115.129997,2100700,110.705109
"237",115.150002,115.849998,115.129997,115.290001,2112300,110.858971
"238",116.400002,116.599998,115.629997,115.839996,2542600,111.387817
"239",116.110001,116.32,115.5,115.639999,1345800,111.195503
"240",115.650002,116.099998,115.610001,116.059998,1560700,111.599358
"241",115.959999,116.099998,115.629997,115.879997,4910000,111.426277
"242",115.849998,116.349998,115.470001,116.349998,1989700,111.878212
"243",116.220001,116.919998,116.07,116.790001,1332400,112.301323
"244",116.629997,117,116.300003,116.449997,1348000,111.974373
"245",116.559998,116.889999,116.400002,116.739998,1450400,112.253227
"246",116.730003,116.910004,116.599998,116.699997,1012300,112.214783
"247",116.720001,117.379997,116.610001,116.699997,1442500,112.214783
"248",116.610001,116.839996,116.489998,116.57,736600,112.089775
"249",116.699997,116.870003,116.470001,116.690002,9765500,112.205154
"250",116.629997,117.120003,116.550003,116.980003,812400,112.484009
"251",116.93,117.400002,116.910004,117.089996,1577400,112.589767
"252",117,117.980003,116.800003,117.949997,1784200,113.416718
"253",118.349998,118.529999,117.68,118.080002,2873200,113.541725
"254",118.089996,118.330002,117.660004,117.870003,2153500,113.339813
"255",118.089996,118.309998,117.910004,118.050003,1631700,113.512871
"256",118.650002,118.650002,117.949997,118.279999,1258000,113.734032
"257",118.300003,118.830002,118.260002,118.449997,1408600,113.897514
"258",118.370003,119.269997,118.07,119.150002,1868300,114.570625
"259",119.150002,119.480003,118.75,119.25,2576800,114.666763
"260",119.290001,119.699997,118.989998,119.580002,2027200,114.984093
"261",119.519997,119.900002,119.400002,119.400002,2516900,114.810997
"262",119.339996,119.470001,118.800003,119.339996,4177600,114.753304
"263",119.400002,120.199997,119.400002,120,3981600,115.387932
"264",120.110001,120.669998,120,120.449997,4837600,115.820633
"265",120.699997,121.25,120.550003,121.080002,2026200,116.426437
"266",121.370003,121.459999,120.849998,120.849998,2000400,116.205269
"267",120.75,121.120003,120.25,120.459999,1470500,115.830261
"268",121.239998,121.239998,120.199997,120.199997,1526600,115.580261
"269",120.5,120.989998,120.209999,120.339996,2357000,115.714859
"270",120.07,120.650002,119.510002,120.550003,1376600,115.916794
"271",120.010002,120.410004,119.900002,120.209999,2079900,115.589867
"272",120.550003,120.699997,119.889999,120.32,2942100,115.695633
"273",120.849998,121.5,120.629997,121.300003,3660600,116.63797
"274",121.120003,121.290001,120.5,120.620003,2626200,115.984108
"275",119.540001,120.32,117.860001,118.190002,5072500,113.647499
"276",117.099998,118.769997,117,118.150002,4431900,113.609039
"277",118.150002,118.300003,116.239998,116.410004,3993200,111.935921
"278",118.25,118.75,115.760002,115.940002,5688000,111.483978
"279",116.290001,116.550003,114.769997,115.779999,4053400,111.330139
"280",116.300003,116.900002,115.980003,116.540001,1876100,112.060913
"281",116.209999,117.080002,115.989998,116.199997,1903400,111.733978
"282",115.879997,116.25,114.550003,114.879997,4370300,110.464706
"283",115.389999,117.050003,115.209999,116.919998,2289300,112.426315
"284",116.5,119.029999,116.5,118.5,5097200,113.945587
"285",125.800003,125.93,125.5,125.559998,30986300,120.73423
"286",125.779999,125.919998,125.589996,125.599998,11299500,120.772705
"287",125.75,125.82,125.650002,125.709999,7547100,120.878471
"288",125.68,125.730003,125.330002,125.440002,5231000,120.618866
"289",125.349998,125.449997,124.18,124.459999,8208300,119.676514
"290",124.419998,124.889999,124.400002,124.650002,3645500,119.859222
"291",124.699997,124.779999,124.639999,124.660004,2745200,119.868858
"292",124.370003,124.699997,123.5,123.769997,4977000,119.013039
"293",123.760002,124.300003,123.5,124.089996,2903300,119.320747
"294",125.449997,125.529999,124.699997,124.779999,5036900,119.98423
"295",124.959999,125.089996,124.010002,124.400002,4066700,119.618828
"296",124.029999,124.129997,123.599998,123.779999,3054800,119.022659
"297",124,124.169998,123.650002,123.699997,1715200,118.945717
"298",123.959999,124,123.309998,123.68,2533700,118.926514
"299",123.449997,123.940002,123.279999,123.620003,1984100,118.868813
"300",123.980003,124,122.050003,122.629997,6211400,117.916855
"301",122.75,123.209999,120.989998,122.300003,6210700,117.599541
"302",122.290001,123.089996,121.860001,121.879997,2211200,117.195686
"303",121.900002,122.580002,121.150002,122.25,3385900,117.55146
"304",122.099998,123.5,121.760002,122.629997,1529700,117.916855
"305",122.720001,123.239998,122.709999,123.099998,1353500,118.36879
"306",121.900002,122.440002,121.690002,121.959999,3147300,117.272583
"307",121.559998,121.68,120.5,120.919998,3138300,116.272591
"308",121.800003,121.800003,119.5,120.190002,2174700,115.570648
"309",121.379997,121.949997,121,121.610001,3412800,116.936058
"310",122.160004,122.480003,121.32,121.519997,3367900,116.849518
"311",121.529999,121.760002,116.019997,116.260002,11205000,111.791687
"312",117.25,117.660004,115.449997,117,4969400,112.503235
"313",117,117.07,114.57,115.220001,4566100,110.791656
"314",115.529999,116.489998,115.230003,116.410004,3379900,111.935921
"315",115.199997,115.940002,113.769997,115.43,4889200,110.993584
"316",115.290001,116.150002,114.220001,114.779999,4686700,110.368546
"317",114.239998,114.800003,113.379997,113.730003,3927500,109.35891
"318",114.32,114.75,113.650002,114.339996,3190800,109.945465
"319",115.519997,117.360001,115.400002,116.610001,6659100,112.12822
"320",116.709999,116.940002,115.099998,115.879997,4931800,111.426277
"321",115.879997,115.879997,112.25,114.169998,10004100,109.782013
"322",114.089996,115.650002,112.669998,113.440002,6605600,109.080055
"323",113.470001,113.639999,112.650002,112.830002,2488500,108.493523
"324",112.989998,113.940002,112.830002,113.160004,2497600,108.810829
"325",113.010002,113.589996,112.589996,112.989998,1512100,108.647362
"326",110.080002,110.150002,106.75,107.169998,12747600,103.051025
"327",107.889999,108.080002,103.190002,105.150002,16428000,101.108681
"328",105.599998,106.309998,102.82,103.169998,9049400,99.204773
"329",103.160004,103.400002,100.230003,101.709999,12601900,97.800888
"330",102.300003,102.699997,100.360001,101.190002,8249400,97.300873
"331",102,104.760002,101.970001,102.489998,9264100,98.550911
"332",103.900002,105.82,102.970001,105.400002,10043300,101.349068
"333",105.760002,106.370003,104.75,104.900002,4016300,100.868286
"334",104.910004,105.120003,103.360001,103.989998,5134100,99.993248
"335",104.470001,104.550003,102.040001,102.720001,5151800,98.772087
"336",94.220001,95,90.830002,92.360001,31709000,88.810242
"337",93.349998,100.290001,93.209999,100.279999,15639000,96.425842
"338",100,100.239998,98.099998,98.459999,3710500,94.675812
"339",98.309998,98.989998,96.800003,98.790001,3644500,94.993126
"340",99,99.129997,98.239998,98.639999,2425400,94.848885
"341",98.75,99.290001,98.610001,99.290001,2832200,95.473907
"342",99.080002,99.330002,98.300003,99.010002,2280500,95.204666
"343",109.75,114.660004,108.050003,110.739998,23168000,106.483826
"344",112.080002,112.879997,109.580002,110.050003,9077200,105.820358
"345",108.5,109.800003,106.809998,108.839996,9651200,104.656853
"346",109.75,110.370003,103.07,106.709999,8530900,102.608727
"347",106.400002,113,106.300003,111.019997,12282700,106.753075
"348",114.199997,114.970001,113.07,114.650002,9542100,110.243553
"349",117.690002,117.709999,114.760002,115.459999,13172900,111.022415
"350",114,114.190002,111.889999,112.550003,5107700,108.224251
"351",113,113.239998,109.769997,111.510002,4273400,107.224243
"352",111.480003,117.029999,111.360001,116.790001,9197500,112.301323
"353",119,119.110001,115.18,116.279999,10126000,111.810913
"354",114.730003,116.019997,113.360001,115.580002,9240100,111.13781
"355",115.019997,115.400002,112.510002,114,8042700,109.618538
"356",113.309998,114.75,113.120003,114,6789300,109.618538
"357",110.349998,111.290001,109.32,110.699997,5488600,106.445381
"358",110.769997,118,110.239998,116.360001,5544000,111.887825
"359",115.870003,116,113.370003,114.519997,4700300,110.118546
"360",121.75,122.239998,119.900002,120.07,23139100,115.455231
"361",119.449997,120.43,118.5,120.169998,6819800,115.551407
"362",119,119.150002,117.510002,118.290001,4626600,113.743668
"363",117.050003,117.25,114.830002,115.25,6723400,110.820496
"364",113.379997,114.18,111.279999,111.449997,10868500,107.166542
"365",111.470001,113.300003,110.230003,113.010002,9244900,108.666588
"366",115.75,117.620003,112.510002,113.160004,11933700,108.810829
"367",112.300003,112.349998,110.239998,111.449997,6443500,107.166542
"368",108.470001,109.959999,108.099998,108.989998,6860600,104.801094
"369",108.800003,114.989998,108.800003,112.919998,7062400,108.580032
"370",113.18,113.989998,112.25,112.839996,3304600,108.503113
"371",113.349998,115.110001,112.139999,115.07,7211100,110.647408
"372",113.199997,113.260002,108.870003,110.139999,5144400,105.906891
"373",110.690002,111.269997,108.300003,109.779999,4405100,105.560738
"374",111,112,108.599998,109.360001,4133800,105.156876
"375",109.760002,110.5,109,110.25,3259300,106.01265
"376",110.5,110.989998,109.190002,109.269997,4574300,105.07032
"377",108.599998,108.959999,106.699997,108.800003,3916300,104.618393
"378",108.949997,108.949997,106.25,106.870003,2212500,102.762573
"379",107,107.650002,105.580002,106.68,3712600,102.579872
"380",106.870003,107.860001,106.25,107.470001,2870500,103.339516
"381",107.989998,108,106,107.370003,2822600,103.243362
"382",107.5,111.489998,106.809998,110.360001,4193600,106.118439
"383",105.5,109.099998,105.209999,107.599998,5709200,103.464516
"384",108.809998,108.809998,105.5,108.389999,4158200,104.224152
"385",108.199997,109.800003,106.599998,107.519997,4265800,103.387596
"386",107,107,103.650002,104.050003,5967300,100.050972
"387",103.5,104.900002,100.989998,103.669998,9014600,99.685539
"388",103.709999,108.019997,103.529999,106.489998,4799100,102.397186
"389",103.150002,104.010002,102.110001,103.540001,7100500,99.560562
"390",103,106,102,103.349998,9270500,99.377853
"391",102.080002,105.980003,99.800003,105.089996,12777400,101.050987
"392",105.190002,105.949997,100.209999,100.660004,9091000,96.791237
"393",97.959999,100.910004,94.910004,98.370003,19769600,94.589256
"394",91.839996,94.080002,90.25,92.809998,49298100,89.242958
"395",94,96.57,93.669998,94.970001,21620400,91.319939
"396",95.160004,95.75,94.230003,94.830002,14652900,91.185326
"397",95.5,95.989998,94.779999,95.339996,11682100,91.675713
"398",96,96.080002,95.150002,95.400002,8527300,91.733414
"399",95,95.730003,94.620003,95.599998,7547900,91.925728
"400",95.68,96.089996,94.830002,95.919998,7016100,92.233421
"401",95.970001,96.529999,95.400002,96.290001,6821400,92.589218
"402",96.57,96.57,95.82,95.970001,4264900,92.281509
"403",96.089996,96.150002,95.360001,95.800003,4124500,92.118034
"404",95.360001,95.760002,94.970001,95.68,4801200,92.002655
"405",93.959999,94.699997,93.699997,94.559998,9381000,90.925682
"406",94.690002,94.690002,92.379997,93.160004,8900200,89.579498
"407",93.089996,93.239998,90.300003,91.190002,10669900,87.685226
"408",89.709999,89.949997,86.669998,89.760002,15241200,86.310181
"409",90.059998,90.25,89.260002,89.639999,4169200,86.194794
"410",89.370003,90.169998,88.599998,89.769997,5833000,86.319786
"411",89.93,90.730003,88.400002,90.129997,6460100,86.665955
"412",90.540001,92.540001,90.07,91.959999,7318100,88.425613
"413",91.349998,91.900002,90.550003,91.220001,5669500,87.714066
"414",91.769997,91.769997,90.099998,90.68,5518900,87.194809
"415",90.82,92.269997,90.690002,91.980003,7316300,88.444862
"416",92.32,92.580002,91.699997,92.309998,5964000,88.762169
"417",92.639999,93.459999,92.419998,93.190002,7418500,89.608345
"418",93.199997,94.110001,92.690002,93.82,5507700,90.214142
"419",93.199997,93.480003,91.779999,92.190002,5222500,88.64679
"420",92.080002,93.339996,92,93.139999,4057600,89.560265
"421",93.300003,94.900002,93.150002,94.660004,7915400,91.021866
"422",94.599998,94.709999,92.919998,93.879997,7533500,90.27182
"423",93.879997,94.389999,93.290001,93.989998,9140900,90.377602
"424",94.5,95.059998,93.160004,94.019997,10214100,90.406441
"425",94.099998,95.139999,93.559998,93.68,8539900,90.079498
"426",93,93,88.260002,89.57,15011100,86.127464
"427",88.410004,88.839996,84.589996,88.800003,15937100,85.387077
"428",90,92.25,89.589996,91.910004,9852500,88.377556
"429",92.25,93.419998,91.449997,92.760002,7293800,89.194885
"430",93.620003,93.75,90,90.150002,4110200,86.685188
"431",90.150002,91.940002,89.900002,91.68,4465000,88.156395
"432",91.269997,92.279999,91.269997,92.18,3977200,88.637169
"433",92.919998,94,92.550003,93.889999,5995900,90.281425
"434",94,94.18,92.620003,93.730003,9068400,90.127609
"435",92.790001,93.160004,90.800003,91.089996,4525800,87.823296
"436",90.120003,90.389999,86.309998,86.510002,12705200,83.407539
"437",86.370003,86.860001,84.349998,85.290001,9662400,82.231308
"438",85.900002,86.690002,85,85.519997,5012200,82.453064
"439",85.139999,85.959999,84.519997,85.5,4910300,82.433777
"440",86.43,86.989998,84.93,85.029999,6007500,81.980629
"441",84.730003,86.199997,84.449997,85.080002,4058600,82.028854
"442",85.620003,86.370003,84.470001,86.120003,4423100,83.031548
"443",85.599998,85.669998,82.18,82.949997,7525600,79.97522
"444",83,83.489998,80.709999,83.209999,6544000,80.225899
"445",82.559998,82.959999,81.540001,82.150002,3324800,79.203918
"446",81.809998,82.5,80.699997,80.980003,3237600,78.075882
"447",80,80,77.699997,78.160004,7068300,75.35701
"448",78.720001,80.169998,76.639999,77.290001,7109600,74.518211
"449",80.010002,80.5,77.349998,78.559998,5817300,75.742661
"450",78.440002,78.900002,77.839996,77.889999,2977600,75.096687
"451",78.870003,81.260002,78.5,81.190002,5462800,78.278336
"452",81.860001,81.980003,79.639999,79.870003,4110500,77.005692
"453",79.599998,79.980003,77.459999,77.699997,4918800,74.913506
"454",78.669998,79.389999,76.260002,77.699997,5204800,74.913506
"455",78.519997,79,76.370003,76.480003,4223000,73.737267
"456",75,78.68,74.019997,77.720001,6462700,74.932785
"457",75.230003,75.559998,71.029999,71.230003,9901300,68.675545
"458",72.099998,74.199997,71.410004,73.75,7015000,71.105164
"459",72.779999,73.040001,70.25,70.949997,6515300,68.405563
"460",73.150002,74.300003,69.720001,70.720001,6699800,68.183823
"461",70.300003,75.699997,70.160004,75.489998,6276100,72.782761
"462",76.32,76.610001,74.059998,74.989998,6109100,72.300674
"463",80.919998,85.919998,79.970001,84.089996,19551300,81.074341
"464",84.5,85.199997,82.690002,84.080002,12556100,81.064697
"465",83.730003,83.860001,81.43,82.860001,4253500,79.888466
"466",82.800003,84.589996,82.660004,84.540001,3643700,81.508202
"467",85.139999,85.620003,83.75,85.449997,3734900,82.385551
"468",84.620003,86.32,84.400002,84.620003,4054500,81.585327
"469",83.809998,84.07,81.830002,83.690002,3508000,80.688683
"470",82.160004,82.5,79.209999,79.279999,4321900,76.436836
"471",80,83.129997,79.5,81.75,3269600,78.81826
"472",82.779999,83.900002,81.279999,82.080002,2373200,79.136421
"473",81.68,85.410004,81.339996,84.620003,5076700,81.585327
"474",83.129997,85.150002,82.730003,84.970001,3970800,81.922783
"475",84.580002,85.370003,81.269997,81.360001,3510100,78.442238
"476",80.660004,82.800003,79.529999,81.410004,8756500,78.490456
"477",82.839996,84.150002,82.040001,83.139999,3638900,80.158417
"478",82.470001,83.82,82.139999,82.610001,729700,79.647423
"479",84.190002,84.339996,81.769997,81.940002,3353700,79.001442
"480",81.529999,82.419998,80.889999,80.889999,3151700,77.989098
"481",81.519997,83.07,80.349998,83.019997,3618300,80.042709
"482",82.419998,84.059998,82.419998,82.910004,2429700,79.936668
"483",82.910004,83.419998,80.599998,83.370003,4447600,80.380165
"484",86.959999,87.400002,85.269997,85.669998,6123500,82.597672
"485",85.110001,86.32,81.75,81.82,6129400,78.88575
"486",79.830002,82.080002,79.330002,82.050003,3820900,79.107498
"487",81.120003,82,76.400002,76.5,4156900,73.756531
"488",76.410004,77.599998,74.160004,76,5060900,73.274475
"489",78.389999,80.660004,77.870003,78.879997,4347100,76.051186
"490",80.059998,81.360001,79.410004,79.739998,6120500,76.880348
"491",80.43,80.43,78.07,78.830002,5182800,76.242012
"492",77.449997,79.449997,77.279999,77.57,3194400,75.023384
"493",77.099998,78.110001,74.629997,75.269997,3467200,72.798882
"494",76.209999,78.540001,75.989998,77.010002,5195400,74.48175
"495",76.5,77.309998,71.269997,71.309998,6093200,68.968895
"496",71.440002,73.309998,71.040001,71.949997,5987700,69.58786
"497",72.269997,73.019997,70.080002,70.339996,5976600,68.030746
"498",70.339996,70.5,67.68,67.709999,2267900,65.487068
"499",68.5,72.300003,67.620003,71.769997,5229200,69.413803
"500",70.709999,73.010002,69.93,73.010002,3472600,70.613083
"501",72.779999,73.720001,71.709999,72.129997,4134900,69.761963
"502",72.589996,73.279999,71.769997,73.279999,3739100,70.874214
"503",71.910004,75.290001,71.559998,75.029999,4720900,72.566772
"504",73.309998,74.199997,71.730003,71.970001,5356900,69.607216
"505",73.360001,75.790001,73,75.449997,4866700,72.972977
"506",75.610001,77.010002,74.889999,76.010002,3515700,73.514603
"507",76.459999,77.040001,75.559998,76.440002,4009000,73.930481
"508",77.449997,79.989998,77.18,79.940002,6325800,77.315567
"509",79.099998,80.139999,78.25,80.029999,3116100,77.402618
"510",79.260002,80.949997,78.959999,79.480003,3447900,76.870674
"511",78.300003,79.410004,77.809998,78.610001,3335900,76.029243
"512",78.839996,79.300003,77.470001,78.07,5438800,75.506958
"513",78.5,79.959999,78.300003,78.339996,5619500,75.768082
"514",78.900002,79.449997,77.589996,79.139999,5297000,76.54184
"515",80.050003,81.940002,79.620003,80.790001,8818900,78.137672
"516",80.18,80.25,78.529999,79.089996,5039900,76.493477
"517",80.010002,80.5,78.290001,78.900002,3480800,76.309708
"518",81.510002,85.190002,81.18,84.25,8390300,81.48407
"519",85.599998,86.620003,85.059998,85.239998,5673700,82.441574
"520",83.629997,85.75,82.610001,85.660004,3655600,82.847794
"521",85.419998,86.120003,84.809998,85.739998,3496300,82.925156
"522",86.650002,88,85.639999,87.720001,5051400,84.840157
"523",87.25,87.830002,86.529999,87.029999,3046900,84.172806
"524",87.139999,89.699997,87.099998,88.400002,4916000,85.497826
"525",88.040001,88.699997,87.220001,88.699997,3253500,85.787971
"526",88.57,90.690002,88.5,90.239998,5821400,87.27742
"527",92.489998,94.639999,91.82,92.449997,9862900,89.414856
"528",87.43,91.629997,87.150002,90.730003,8803900,87.751343
"529",88.639999,89.639999,86.779999,87.510002,5589200,84.637054
"530",87.550003,89.459999,87.449997,89.25,4085300,86.319923
"531",90.25,93.660004,89.839996,93.230003,6275900,90.169266
"532",93.5,93.580002,91.599998,91.879997,4025300,88.863594
"533",91.5,92.839996,91.5,91.75,3347400,88.737846
"534",92.580002,93.300003,92.019997,93.040001,3500700,89.985497
"535",93,93.07,91.959999,92.5,2694900,89.463219
"536",92.989998,94.309998,92.599998,94.25,4072400,91.155769
"537",93.82,94.410004,92.93,94.349998,4865800,91.25248
"538",95,95.32,93.970001,94.510002,3496600,91.407242
"539",95.93,98.199997,95.32,97.139999,5013400,93.950897
"540",96.43,96.779999,93.830002,94.099998,4286800,91.010681
"541",93.669998,93.669998,91.269997,91.830002,4966200,88.815208
"542",91.400002,91.889999,90.919998,91.32,2358100,88.321968
"543",92.18,94.739998,91.970001,94.25,4001100,91.155769
"544",94.75,95.110001,92.589996,93.480003,2251000,90.411057
"545",93.389999,93.769997,91.93,93.300003,2272900,90.236954
"546",92.989998,93.489998,91.860001,91.879997,2962700,88.863594
"547",93,94.32,91.879997,94.080002,6070100,90.991356
"548",92.279999,93.43,91.440002,93.18,3961600,90.120903
"549",93.599998,94.989998,93.400002,94.279999,3117300,91.184776
"550",94.790001,94.790001,93.540001,93.989998,2006800,90.90432
"551",94.449997,94.790001,93.32,93.400002,1525500,90.333679
"552",93.129997,94.019997,92.599998,92.849998,2099900,89.801727
"553",93.410004,95.849998,92.860001,93.379997,4103000,90.558167
"554",93.449997,93.739998,91.349998,92.269997,1867100,89.481697
"555",92.809998,93.650002,92.610001,92.82,1938400,90.015091
"556",92.650002,93.080002,90.559998,91.029999,1699000,88.279182
"557",91.459999,94.900002,91.040001,94.290001,2413800,91.440659
"558",93.769997,93.769997,90.559998,90.660004,1987700,87.920372
"559",90.029999,90.370003,88.230003,88.93,2364000,86.242645
"560",89.440002,89.849998,88.559998,89.290001,1821000,86.591766
"561",89.080002,89.699997,85.720001,87.349998,3900900,84.710388
"562",87.400002,87.800003,85.379997,85.919998,3056100,83.323601
"563",87.07,89,87.010002,88.389999,3212800,85.718956
"564",90,94.57,90,94.389999,4016400,91.537643
"565",94.339996,94.5,92.599998,92.790001,2713000,89.986
"566",94.690002,96.790001,94.25,96.18,4286500,93.273552
"567",95.690002,97.900002,95.690002,96.57,2867200,93.651764
"568",97.730003,98.279999,96.580002,98.150002,2818800,95.184029
"569",97.75,98.779999,96.900002,98.610001,2297300,95.630112
"570",98.5,98.690002,97.370003,97.589996,2685000,94.640945
"571",97.449997,98.720001,96.300003,98.129997,2297200,95.164612
"572",98.199997,99.209999,97.300003,97.650002,2076700,94.699127
"573",99.18,100.419998,98.510002,100.339996,3327300,97.307838
"574",100.400002,100.690002,98.980003,99.230003,2563900,96.231384
"575",100.589996,101.269997,100.150002,100.660004,2682500,97.618164
"576",102.099998,103.050003,100.419998,101.169998,3210100,98.112762
"577",102.18,102.190002,99.720001,100.589996,2832000,97.550278
"578",100.230003,100.230003,98.43,98.470001,2083300,95.494354
"579",98.510002,99.540001,98.279999,99.029999,4126100,96.037422
"580",98.849998,101.330002,98.5,100.129997,3802900,97.104187
"581",99.419998,99.720001,96.400002,97.68,2899300,94.728226
"582",96.599998,99.099998,95.699997,99,2755900,96.008339
"583",98.449997,99.400002,97.290001,97.900002,4440000,94.941574
"584",105.220001,107.699997,102.860001,105.620003,10559400,102.428284
"585",106.599998,108.330002,104.919998,104.989998,4463500,101.817322
"586",104.93,107.470001,104.339996,106.599998,3989100,103.37867
"587",107.080002,108.510002,106.879997,108.080002,3445600,104.81395
"588",104.720001,106.160004,103.720001,106.019997,2967600,102.816193
"589",104.489998,104.739998,100.68,102.459999,4390800,99.363777
"590",101.190002,103.650002,99.620003,101.5,4099500,98.432777
"591",100.120003,100.779999,96.889999,100.330002,4142800,97.298149
"592",99.879997,100.980003,97.559998,100.169998,2745900,97.142975
"593",96.43,97.360001,92.809998,93.120003,5061300,90.306038
"594",94.879997,98.349998,94.599998,98.169998,4875900,95.203415
"595",97.489998,101.110001,97.010002,100.169998,4148000,97.142975
"596",98.379997,99.629997,97.18,97.650002,3410800,94.699127
"597",96.480003,98.790001,94.970001,95.129997,3348300,92.255272
"598",92.800003,93,91.059998,92.599998,4759000,89.801727
"599",94.32,96.910004,93.610001,96.68,5394400,93.758446
"600",95.480003,96.639999,93.57,93.639999,3760400,90.81031
"601",91.68,92.489998,89.800003,91.910004,5022900,89.132591
"602",92.699997,93.459999,91.75,91.809998,3230800,89.035606
"603",92.57,92.57,89.080002,89.610001,11811900,86.9021
"604",88.489998,89.800003,87.260002,89.120003,4207300,86.426903
"605",89.209999,91.099998,89.129997,90.879997,2737500,88.13372
"606",89.260002,91.370003,88.089996,88.160004,4020400,85.495911
"607",91.169998,91.169998,89,89.629997,3424000,86.921486
"608",91.760002,94.809998,91.290001,94.629997,4331000,91.770393
"609",95.129997,95.459999,91.669998,93.449997,2224500,90.626053
"610",93.260002,93.949997,91.779999,92.290001,3751800,89.501122
"611",92.809998,92.93,91.900002,92.639999,1877700,89.84053
"612",93.919998,97.370003,93.610001,95.389999,3008600,92.507431
"613",97.900002,98.290001,95.120003,95.459999,2311500,92.575317
"614",97.5,97.5,93.68,93.760002,3891500,90.926697
"615",94.32,94.589996,93.099998,94.440002,2047700,91.830986
"616",91.889999,92.989998,90.879997,90.889999,3758500,88.379066
"617",91,91.599998,89.529999,89.699997,2695600,87.221931
"618",91.260002,94.980003,90.660004,94.779999,3697300,92.161591
"619",95.150002,97.199997,94.760002,96.220001,2695200,93.561813
"620",98.5,98.970001,96.940002,98.010002,3523500,95.302368
"621",98.129997,98.760002,96.419998,98.059998,3567300,95.35099
"622",98.580002,99.589996,97.559998,97.650002,3141700,94.952301
"623",97.800003,98.5,94.889999,95.110001,2882100,92.482483
"624",97.129997,98.5,96.080002,97.139999,2976300,94.456406
"625",98.290001,100.589996,97.959999,99.230003,4482900,96.488655
"626",101.370003,101.370003,97.470001,97.610001,23376300,94.913414
"627",101.910004,103.330002,99.510002,99.919998,6131500,97.159599
"628",99.410004,99.889999,97.68,98.080002,2834700,95.37043
"629",97.169998,97.980003,96.830002,97.68,1597500,94.981483
"630",96.389999,97.269997,95.900002,96.529999,2688100,93.863251
"631",95.690002,96.790001,95.190002,95.550003,2905000,92.910316
"632",95.050003,96.260002,94.760002,95.919998,3327600,93.270111
"633",96.839996,97.940002,95.989998,96.129997,2803500,93.474304
"634",96.300003,96.5,93.949997,94.120003,2893500,91.519836
"635",94.660004,97.050003,94.110001,96.989998,2620900,94.310547
"636",97.230003,99.360001,97.120003,99.160004,3266300,96.420586
"637",97.75,97.760002,96.089996,97.010002,2925100,94.329987
"638",97,97.550003,96.110001,96.400002,1982200,93.736847
"639",96.489998,97.519997,96.050003,97.120003,2974600,94.436958
"640",97.540001,98.629997,96.480003,97.959999,3547600,95.253754
"641",98.709999,99.639999,98.459999,98.739998,2173900,96.012192
"642",99.889999,100.940002,99.160004,100.940002,3086000,98.151421
"643",102.75,106.25,102.709999,105.5,6759400,102.585434
"644",104.529999,104.900002,101.519997,101.769997,4053500,98.958473
"645",102.5,102.980003,101.25,102.360001,2940800,99.532188
"646",103.660004,104.800003,102.18,104.230003,4042800,101.350525
"647",103.5,106.260002,101.120003,105.790001,5185800,102.867439
"648",104.129997,104.5,101.650002,103.389999,5025700,100.533737
"649",103.339996,106.32,99.440002,100,6705000,97.237381
"650",99.559998,100.82,97.889999,100.459999,3231300,97.684669
"651",97.699997,98.330002,96,96.900002,4565300,94.223022
"652",98.120003,100.379997,97.860001,100.269997,3871400,97.499924
"653",98.75,102.839996,98.410004,102.370003,3998500,99.541908
"654",102.610001,102.610001,100.5,101.480003,2916500,98.676498
"655",100.440002,100.68,99.059998,99.879997,2389200,97.120697
"656",99.410004,100.07,97.940002,98.25,2106100,95.535728
"657",98.099998,102.860001,97.330002,102.169998,3488200,99.347427
"658",99.260002,101.300003,99.169998,99.989998,3573400,97.227661
"659",100.269997,100.989998,99,99.769997,2311000,97.013733
"660",100.989998,103.860001,100.230003,103.559998,3176700,100.699036
"661",105.400002,106.550003,103.330002,103.459999,2987600,100.601799
"662",103.849998,103.849998,102.540001,102.870003,1799400,100.028091
"663",103.059998,104.669998,102.610001,103.360001,1398200,100.504562
"664",103.559998,104.190002,102.32,103.290001,1265400,100.436493
"665",101.660004,102.129997,97.160004,97.989998,5239600,95.282913
"666",99.639999,99.940002,98.169998,98.709999,2519100,95.983025
"667",99.959999,101.080002,98.32,98.720001,2475800,95.992752
"668",98.339996,100.5,97.730003,100.279999,1689600,97.509644
"669",101.980003,102.970001,101.25,101.559998,1725600,98.75428
"670",102.230003,103.209999,101.550003,102.139999,1639500,99.318268
"671",100.589996,101.32,99,99.169998,1902700,96.430313
"672",100.279999,102.099998,100.18,101.849998,1936800,99.036285
"673",102.660004,106.790001,102.650002,106,3276900,103.071625
"674",105.639999,105.989998,104.540001,105.809998,1422500,102.886879
"675",106.5,108.489998,104.800003,107.389999,2929300,104.423225
"676",106.559998,108.959999,105.910004,107.860001,3374200,104.880241
"677",107.629997,110.529999,107.599998,110,3418500,106.961121
"678",110.400002,112.059998,109.769997,110.029999,3031000,106.990303
"679",109.620003,111.419998,108.830002,110.730003,1751100,108.039177
"680",109.239998,109.93,107.379997,107.57,1980600,104.955963
"681",106.730003,107.980003,106.309998,107.760002,1482500,105.141335
"682",107.25,108.93,106.400002,107.82,1252100,105.19989
"683",108.139999,109.080002,107.919998,108.360001,1368000,105.726784
"684",108.459999,108.940002,104.489998,104.800003,3249700,102.253281
"685",104.800003,107.010002,104.309998,106.050003,1637500,103.4729
"686",106.309998,107.199997,103.660004,103.900002,1997100,101.375153
"687",104.139999,108.379997,102.830002,108.220001,3003800,105.590157
"688",108.370003,109.82,107.839996,108.410004,3239700,105.775543
"689",108.169998,108.730003,105.419998,106.529999,2809000,103.941231
"690",107.589996,109.379997,106.610001,109.120003,2538100,106.4683
"691",111.639999,113.5,108.269997,108.970001,4619400,106.321953
"692",108.400002,109.230003,106.389999,106.699997,2947800,104.107094
"693",107.080002,107.410004,104.639999,107.32,2947200,104.712029
"694",107.559998,109.980003,107.160004,109.879997,1729200,107.209831
"695",109.379997,110.339996,107.809998,107.989998,1560000,105.365746
"696",106.669998,107.419998,103.629997,103.75,3628800,101.22879
"697",106.209999,106.620003,104.75,105.959999,2062800,103.385086
"698",106.370003,108.290001,105.849998,107.25,2442500,104.64373
"699",108.809998,112.239998,108.809998,110.760002,4065100,108.068436
"700",109.860001,111.550003,109.440002,111.239998,1894000,108.536774
"701",111.169998,112.470001,110.599998,111.970001,1870400,109.249046
"702",111.370003,112.419998,108.519997,108.610001,2974200,105.970688
"703",110.010002,110.510002,108.559998,109.809998,2131400,107.141541
"704",109.699997,110.419998,108.480003,109.010002,1927200,106.36097
"705",109.769997,110.339996,108.669998,109.980003,1750800,107.307396
"706",110.190002,110.449997,107.669998,107.779999,2152800,105.160851
"707",105.059998,105.489998,101.889999,103.209999,5798500,100.70192
"708",104.25,106.290001,103.690002,106.07,3152200,103.492409
"709",105.68,106.309998,103.970001,105.860001,3594800,103.287514
"710",106.25,110.25,106.25,108.650002,5513600,106.00972
"711",114.5,118.5,113.949997,114.410004,9320200,111.629745
"712",114.550003,116.099998,113.900002,114.809998,4095400,112.020035
"713",113.910004,114.730003,113.099998,113.68,3482500,110.917488
"714",115.470001,118.550003,114.830002,118,4965600,115.1325
"715",118.529999,119.889999,116.459999,117.879997,3739800,115.015419
"716",118.629997,120.029999,117.510002,118.660004,5598800,115.776451
"717",118.169998,118.5,115.529999,116.470001,3394500,113.639694
"718",118.190002,119.010002,116.660004,117.400002,3119100,114.547089
"719",116.220001,117.709999,115.550003,117.620003,2067100,114.761742
"720",116.889999,118.470001,116.269997,118.260002,2902600,115.386177
"721",118.949997,120.839996,118.440002,118.940002,4317300,116.049667
"722",117.720001,120.25,117.230003,118.769997,2278000,115.883781
"723",118.269997,119,116.449997,117.989998,2497200,115.122742
"724",119.080002,119.489998,116.82,117.480003,2067200,114.625145
"725",116.540001,117.529999,115.660004,115.919998,2169800,113.103035
"726",116.93,117.470001,113.830002,114.010002,3840000,111.239471
"727",114.5,116.120003,113.07,114.739998,3714700,111.951736
"728",114.309998,114.989998,112.43,114.260002,3008600,111.483391
"729",114.389999,115.959999,114,115.220001,2336300,112.420059
"730",116.459999,119.230003,115.989998,117.080002,3176800,114.234863
"731",116.870003,117.480003,115,116.629997,3628200,113.795792
"732",116.879997,117.910004,116.199997,117.410004,1220500,114.556839
"733",116.470001,116.940002,115.019997,115.580002,1102700,112.771309
"734",115.75,116.010002,113.5,114.760002,2320700,111.971237
"735",113,114.849998,111.57,114.610001,2436100,111.82489
"736",115.940002,117.690002,115.580002,116.279999,2832400,113.4543
"737",116.309998,118.139999,115.610001,117.110001,1492400,114.264122
"738",118.800003,119.980003,118.330002,118.669998,2253200,115.786217
"739",118.25,119.129997,117.32,117.849998,1150900,114.986145
"740",118.260002,120.599998,118.220001,119.099998,2526300,116.205765
"741",118.940002,122.279999,118.800003,121.400002,3290000,118.449883
"742",121.199997,126.059998,120.5,123.980003,4633700,120.967194
"743",123.32,125.239998,122.120003,123.879997,2894800,121.23632
"744",125,125.220001,123.980003,124.300003,2722800,121.647362
"745",124.360001,126.970001,123.029999,125.93,3725500,123.242561
"746",125.550003,126.449997,124.769997,125.790001,2528300,123.105568
"747",125.660004,126.150002,124.419998,125.949997,2032800,123.262138
"748",126.080002,127.839996,125.959999,127.690002,3772700,124.965012
"749",128.309998,129.470001,127.169998,128.029999,2897500,125.297745
"750",128.429993,129.360001,127.510002,129.199997,958500,126.44278
"751",129.5,129.5,127.529999,128.679993,972500,125.933868
"752",129.039993,129.259995,127.800003,128.190002,1011500,125.454346
"753",128.270004,128.350006,126.349998,127.550003,935300,124.828003
"754",127.43,127.900002,126.800003,127.260002,957800,124.544189
"755",128.610001,129.5,127.190002,128.539993,2247900,125.796875
"756",126.230003,128.279999,126.120003,127.300003,1546100,124.583328
"757",125.400002,126.989998,124.68,126.400002,2157900,123.70253
"758",127.5,129.779999,127,128.039993,2595500,125.307533
"759",128.210007,129.110001,127.129997,128.360001,1589100,125.620712
"760",129.800003,130.949997,128.690002,129.179993,2429600,126.423225
"761",130.110001,130.830002,129.179993,129.639999,2294000,126.873383
"762",131,132.509995,130.149994,131.979996,2313900,129.163437
"763",131.399994,133.679993,131.289993,132.710007,2499200,129.877884
"764",132.449997,132.910004,131.559998,132.5,2206200,129.672363
"765",133.979996,134.960007,132.800003,134.179993,2495100,131.316513
"766",134.990005,135.479996,132.470001,133.839996,2268300,130.983749
"767",133.399994,134.449997,132.690002,133.960007,2018200,131.101227
"768",134.520004,136.300003,133.479996,134.639999,2422000,131.766693
"769",134.889999,137.220001,134.850006,136.410004,2534100,133.498917
"770",137.490005,137.919998,134.550003,135.279999,2887600,132.393036
"771",131.559998,131.729996,128.059998,130.449997,3781200,127.6661
"772",132.5,133.649994,131.240005,132.679993,2207500,129.848495
"773",133.050003,134.770004,131.740005,132.660004,2273000,129.828949
"774",130.809998,132.009995,128.850006,131.619995,2039700,128.811142
"775",130.020004,130.970001,126.050003,126.860001,4448500,124.152725
"776",127.690002,129.029999,125.010002,125.699997,4205200,123.017464
"777",133,134.5,127.75,130.509995,5560000,127.724815
"778",133.399994,136.839996,132.429993,134.229996,4386700,131.365433
"779",135.369995,135.75,133.050003,135.339996,2082800,132.451767
"780",134.490005,134.860001,132,132.259995,2522400,129.437469
"781",130.75,133.309998,130.460007,133.190002,1769600,130.347641
"782",134.130005,137.160004,133.789993,135.520004,2407000,132.62793
"783",136.580002,138.429993,136.149994,137.830002,2592900,134.888596
"784",136.869995,139.259995,135.979996,138.690002,1426200,135.73024
"785",138.880005,139.589996,134.690002,137.080002,1846700,134.154617
"786",134.410004,135.490005,132.610001,133.869995,1919900,131.013123
"787",134.910004,137.320007,134.309998,134.949997,2028200,132.070068
"788",134.330002,135.139999,131.619995,134.800003,2295000,131.923248
"789",134.589996,137.119995,129.539993,130.5,3521900,127.715042
"790",124.550003,125.580002,123.220001,124.040001,5135500,121.392899
"791",125.589996,125.900002,119,120.82,4628400,118.241615
"792",121.540001,122.870003,118.230003,119.470001,4415400,116.920425
"793",115.339996,117.839996,113.900002,114.639999,4950600,112.193504
"794",110.019997,115.599998,110,113.690002,5492900,111.263786
"795",117.589996,120.339996,114.43,120.080002,4306000,117.517403
"796",119.410004,122.779999,116.339996,116.559998,3969600,114.072517
"797",118.220001,121.339996,117.510002,121.269997,2755600,118.682007
"798",116.550003,118.919998,114.029999,115.269997,3161500,112.810043
"799",110.739998,114.07,109.129997,111.690002,3544400,109.306465
"800",104.699997,108,101.459999,101.970001,5696500,99.793892
"801",104.43,107.400002,101.629997,106.849998,4622400,104.569756
"802",103.629997,105.330002,98.870003,100.519997,4957800,98.374832
"803",86.400002,97.230003,86,91.970001,7271900,90.007301
"804",96,99.699997,87.550003,95.540001,7099000,93.883911
"805",84.540001,86.82,78.260002,80.32,7781200,78.927757
"806",81.650002,81.980003,75.599998,80.080002,9133800,78.691902
"807",73.349998,76.779999,58.41,64.559998,10744500,63.440926
"808",64.830002,77.239998,63.049999,76.120003,6107900,74.800545
"809",78.839996,83.989998,72.699997,73.580002,5722100,72.304573
"810",74.209999,78.610001,69.160004,77.269997,3664800,75.930603
"811",83.029999,88.300003,81.300003,85.730003,3691000,84.243973
"812",87.160004,89.989998,82.510002,84.860001,3173900,83.389038
"813",86.459999,89.860001,83.760002,89.720001,4068300,88.164795
"814",86.129997,87.870003,80.870003,81.300003,2923100,79.890762
"815",81.650002,85.150002,79.110001,84.93,2963000,83.45784
"816",84.830002,87.650002,82.089996,82.93,2696900,81.4925
"817",79.480003,79.989998,73.809998,74.730003,3434000,73.434631
"818",74.150002,79.269997,73.510002,77.779999,2455300,76.43177
"819",77.260002,79.110001,72.860001,75.75,2330700,74.436958
"820",80.07,87.190002,79.900002,86.940002,3657900,85.432991
"821",91.870003,91.870003,83.730003,84.279999,3938300,82.819084
"822",86,93.82,85.440002,91.580002,4222100,89.992569
"823",92.760002,96.970001,89.410004,89.970001,4008200,88.410461
"824",88.589996,89.489998,87.279999,89.110001,1717800,87.565376
"825",90.970001,92.709999,89.050003,92.279999,2561200,90.680428
"826",90.360001,90.489998,86.059998,87.139999,3902200,85.629517
"827",87.400002,89.199997,85.989998,89.010002,2985600,87.46711
"828",91.849998,93.349998,88.709999,90.169998,3477200,88.607002
"829",89.540001,89.730003,86.470001,86.699997,2798700,85.197144
"830",84.099998,85.470001,80.459999,81.059998,5091700,79.654907
"831",85.449997,89.449997,84.800003,89.059998,3599000,87.516243
"832",88.559998,91.160004,87.57,88.080002,2398700,86.55323
"833",87.839996,95.129997,87.839996,94.43,4025200,92.793159
"834",95.199997,97.669998,94.93,97.129997,4775900,95.44635
"835",105.019997,105.480003,98.279999,98.339996,5908800,96.635376
"836",101,107.830002,101,106.769997,6470700,104.91925
"837",105.900002,106.220001,98.540001,99.57,4967900,97.844063
"838",97.480003,99,95.010002,95.5,2799800,93.844612
"839",94.230003,96.699997,92.599998,96.559998,3739200,94.886246
"840",98.660004,100.730003,98.230003,99.199997,2913300,97.480476
"841",99.709999,102.519997,98.82,100.379997,2703200,98.640015
"842",102.199997,103.120003,100.129997,102.660004,2336900,100.880508
"843",102.690002,105.360001,101.690002,104.839996,2694100,103.022705
"844",103.769997,103.849998,102.019997,102.559998,1839500,100.782227
"845",102.82,103.480003,98.129997,98.330002,2000200,96.625565
"846",95.019997,96.800003,91.699997,93.029999,5532500,91.417435
"847",91.75,94.790001,89.099998,93.589996,3380100,91.96772
"848",89.910004,92.379997,89.330002,90.449997,4376400,88.882149
"849",94.139999,102.410004,93.419998,102.07,5700400,100.300728
"850",100.839996,102.099998,98.379997,99.040001,3498700,97.323242
"851",101.739998,105.160004,101.68,103.599998,4409300,101.804207
"852",102.849998,103.589996,97.620003,98.889999,3395100,97.175842
"853",98.860001,99.43,96.849998,98.330002,2694800,96.625565
"854",103.169998,105.260002,101.610001,102.010002,4900700,100.24176
"855",102.279999,104.739998,101.360001,104.389999,5118100,102.580513
"856",103.779999,103.809998,99.120003,99.260002,3774300,97.539436
"857",99.209999,100.699997,96.099998,96.099998,42770800,94.434204
"858",97.699997,100.379997,96.589996,99.190002,6320700,97.47065
"859",100.199997,103.099998,99.269997,101.449997,5259400,99.691467
"860",106,110.18,105.779999,108.550003,7679600,106.668404
"861",107.75,111.139999,106.800003,109.550003,6754200,107.65107
"862",115.93,118.849998,113.300003,113.82,7954100,111.847054
"863",117.480003,117.889999,113.290001,114.099998,4465100,112.1222
"864",111.550003,113.860001,110.160004,111.510002,3161300,109.577087
"865",112.089996,112.410004,109.879997,110.290001,2926000,108.378235
"866",105.559998,107.470001,102.360001,102.470001,2980400,100.693794
"867",106.639999,107.300003,103.199997,106.169998,3346800,104.71286
"868",104.889999,110.449997,103.199997,109.459999,4030600,107.957718
"869",114.150002,116.260002,110.540001,113.260002,5838000,111.705544
"870",114.629997,117.739998,114.400002,116.75,4844200,115.147659
"871",115.339996,119.269997,115.339996,117.190002,5303400,115.581627
"872",118.949997,121.68,117,117.269997,22349900,115.660522
"873",117.709999,118.089996,114.610001,117.040001,3762300,115.433685
"874",118.5,120.339996,117.809998,119.919998,2487200,118.274147
"875",117.639999,118.889999,112.599998,113.059998,4056000,111.508301
"876",113.209999,113.959999,110.980003,113.370003,3482100,111.814049
"877",112.349998,113.150002,106.75,108.150002,4922100,106.665688
"878",109.610001,112.599998,107,111.580002,2510300,110.048622
"879",113.349998,114.790001,111.349998,114.040001,2681500,112.474854
"880",114.050003,114.599998,111.68,111.910004,1824300,110.3741
"881",114.220001,115.669998,112.580002,112.720001,2030500,111.172974
"882",115.68,116.860001,115.019997,116.529999,2002000,114.930672
"883",116.25,117.459999,115.220001,115.43,1327200,113.845787
"884",116.169998,116.730003,114.529999,116.43,1499100,114.832054
"885",116.57,119,113.25,117.900002,2320800,116.281883
"886",118.489998,119.5,116.07,117.099998,1621600,115.492859
"887",120.709999,122.709999,116.870003,117.040001,3100500,115.433685
"888",116.400002,120.800003,115.489998,120.449997,2583200,118.796875
"889",121.959999,122.970001,120.25,121.830002,2037800,120.157936
"890",119.230003,121.699997,118.529999,121.129997,1534700,119.467545
"891",122.669998,122.82,120.660004,122.709999,2173100,121.025864
"892",121.889999,124.010002,120.410004,123.559998,1731200,121.864197
"893",125,126.120003,122.949997,123.489998,2380100,121.795151
"894",122.970001,124.190002,120.889999,121.360001,2333500,119.694382
"895",121.580002,121.669998,117.309998,119.18,2605400,117.544312
"896",116.860001,118.040001,114.379997,115.75,3147700,114.161385
"897",117.050003,120.379997,116.290001,120.239998,2978600,118.58976
"898",116.57,119,115,115.239998,6709100,113.658386
"899",115.75,119.75,115.75,119.089996,2861600,117.455536
"900",116.889999,117.870003,115.660004,117.220001,3057700,115.611206
"901",118.360001,118.629997,114.769997,117.529999,3344800,115.916954
"902",118.410004,119.75,117.889999,119.150002,1606200,117.514732
"903",119.470001,121.559998,119.290001,120.910004,2327700,119.250572
"904",118.18,120.050003,117.25,119.860001,2182900,118.214981
"905",119.57,122.580002,119.050003,122.449997,2337900,120.769432
"906",121.889999,122.669998,119.400002,120.709999,1842700,119.053314
"907",120.519997,121.839996,119.690002,121.389999,1224400,119.723976
"908",122.18,124.480003,121.150002,121.330002,1764300,119.664795
"909",122.139999,125.410004,121.860001,124.910004,1735500,123.195671
"910",124.300003,124.559998,122.519997,122.739998,1096800,121.055443
"911",122.360001,123.660004,122.18,123.040001,739300,121.351334
"912",124.440002,125.019997,123.730003,124.800003,1171800,123.087181
"913",125.940002,126.199997,122.889999,124.379997,2000800,122.672935
"914",125.099998,125.559998,123.120003,123.75,1561000,122.051582
"915",122.07,122.760002,120.610001,121.449997,1112900,119.78315
"916",120.93,121.5,119.800003,121.5,1376000,119.832466
"917",122.699997,123.849998,122.160004,123.779999,1042400,122.081169
"918",125.919998,127.800003,124.919998,127.309998,2054900,125.562729
"919",127.199997,128.419998,126.110001,127.529999,1422900,125.779709
"920",128.139999,128.350006,125.440002,126.050003,1376400,124.320015
"921",125.93,127.449997,125.260002,127.230003,1736600,125.483826
"922",126.959999,127.709999,124.849998,125.760002,2257300,124.034004
"923",126,129.020004,125.949997,128.199997,2090500,126.440514
"924",129.679993,132.949997,128.699997,132.100006,1541400,130.287003
"925",130.990005,130.990005,125.050003,126.099998,2010100,124.369331
"926",126.370003,127.080002,122.32,126.330002,1607600,124.596184
"927",121.019997,122.650002,119.209999,119.720001,2541600,118.076897
"928",122.169998,125.629997,121.400002,124.239998,2269000,122.534859
"929",125.199997,127.769997,122.550003,123.099998,1487800,121.410507
"930",124.470001,126.650002,123.160004,124.75,1397200,123.037857
"931",126.169998,127.620003,124.480003,125.699997,1538600,124.348618
"932",127.389999,128.800003,126.82,127.410004,1601100,126.040245
"933",129,131.309998,128.360001,128.589996,2053200,127.20755
"934",123.620003,128.139999,122.860001,127.760002,2066300,126.386475
"935",128.679993,128.990005,123.389999,126.089996,4200600,124.734428
"936",122.949997,123.510002,119.279999,121.349998,2024500,120.045387
"937",122.790001,123.480003,120.690002,122.629997,1606800,121.311623
"938",123.169998,124,119.43,119.940002,1595700,118.650551
"939",118.639999,121.220001,118.150002,119.160004,1810500,117.878937
"940",118.559998,120.169998,117.25,119.830002,2039600,118.541725
"941",122.459999,124.169998,121.910004,124,2143400,122.666893
"942",126.099998,126.139999,123.160004,123.290001,1626400,121.964539
"943",123.870003,126.769997,123.220001,124.809998,2005200,123.468193
"944",129.630005,132.179993,128,130.990005,3429300,129.581757
"945",127.169998,130.479996,126.639999,127.389999,2130600,126.020454
"946",129.479996,132.070007,129,132,2269200,130.580902
"947",131.699997,135.009995,130.389999,130.899994,2187500,129.492706
"948",133.330002,134.910004,133.009995,133.600006,1838900,132.163696
"949",135.070007,135.919998,134.130005,134.830002,2208200,133.380478
"950",142.479996,145.149994,138.800003,141.529999,5037400,140.008423
"951",143,143.25,140.410004,142.080002,2861300,140.552521
"952",141,141.990005,136.580002,136.839996,2605400,135.368851
"953",136.800003,138.100006,135.839996,137.110001,2317200,135.635941
"954",134.589996,137.589996,133.690002,136.869995,1555900,135.398529
"955",139.330002,139.669998,136.960007,137.229996,1300600,135.754669
"956",137.630005,138.850006,135.529999,136.330002,1606800,134.864349
"957",137.669998,137.800003,134.889999,135.210007,1353900,133.756393
"958",137.929993,138.119995,135.270004,135.860001,1681900,134.399384
"959",136.059998,136.429993,133.320007,134.889999,1512800,133.439835
"960",135.509995,137.75,134.360001,137.179993,1439700,135.7052
"961",135.190002,136.100006,132.710007,134.889999,2856100,133.439835
"962",136.380005,136.570007,131.649994,133.229996,2530500,131.797668
"963",130.070007,130.910004,126.800003,129.770004,3015700,128.374878
"964",128.789993,137.509995,128.789993,136.169998,2721700,134.706055
"965",133.520004,135.789993,132.979996,135.119995,2286300,133.667343
"966",137.089996,138.339996,136.009995,137.309998,1903100,135.833786
"967",137.649994,141.490005,137,138.880005,1747400,137.386932
"968",141.050003,141.490005,136.699997,139.380005,2354400,137.881546
"969",142,145.240005,141.080002,144.380005,2242200,142.827805
"970",144.279999,147.470001,143.619995,146.720001,2748200,145.142639
"971",149.740005,152.479996,144.550003,144.860001,3523700,143.302628
"972",142.779999,144.490005,139.940002,140.240005,2172300,138.732315
"973",143.309998,145.940002,142.699997,145.070007,1659800,143.510376
"974",146,146.589996,143.630005,144.300003,1431800,142.748657
"975",146.009995,147.580002,145.660004,146.490005,1085000,144.915115
"976",149.389999,151.220001,148.300003,149.990005,1888300,148.377487
"977",150.75,151.550003,147.919998,149.389999,1798100,147.783936
"978",149.490005,150.610001,147.820007,148.149994,1218400,146.557266
"979",148,151.830002,147.070007,151.350006,1765400,149.722855
"980",151.929993,153.029999,150.550003,150.570007,1533200,148.951248
"981",152.520004,156.350006,151.279999,155.910004,2137000,154.233841
"982",158.369995,158.619995,154.740005,158.470001,2314000,156.766312
"983",159,159.279999,156.660004,157.669998,1700300,155.974915
"984",158.449997,161.839996,158.169998,158.940002,1038600,157.231262
"985",159,160.919998,156.850006,158.419998,2268000,156.716858
"986",160.399994,161.770004,158.649994,159.080002,1932900,157.369766
"987",159.089996,160.830002,157.470001,160.539993,1145000,158.814056
"988",161.110001,162.149994,158.75,158.789993,1576800,157.08287
"989",159.619995,164.169998,159.089996,163.990005,2248700,162.226974
"990",165.610001,167.270004,164.300003,165.089996,2213400,163.315155
"991",164.919998,167.110001,163.809998,166.369995,1329300,164.58139
"992",163.960007,164.910004,155.889999,157.320007,3678700,155.628677
"993",156.5,160.360001,156.5,158.270004,3002400,156.568481
"994",157.5,158.699997,154.570007,157.100006,1442600,155.411072
"995",159.669998,159.740005,155.520004,158.460007,2075000,157.131485
"996",157.259995,160.690002,156.050003,160.059998,2499500,158.718079
"997",161.139999,161.199997,156.610001,157.279999,2195200,155.96138
"998",158.479996,158.800003,156.360001,158.059998,1686400,156.734848
"999",158.070007,158.919998,154.679993,155.509995,4232000,154.206238
"1000",153.179993,157.25,152.929993,157.029999,1529500,155.71347
"1001",157.130005,159.600006,155.759995,156.380005,1489900,155.068939
"1002",157.940002,158.630005,156.809998,156.860001,1571300,155.544891
"1003",157.720001,157.929993,156.509995,157.330002,480500,156.010971
"1004",159.5,161.800003,157.910004,158.169998,1063400,156.843918
"1005",158.800003,159.529999,154.75,155.910004,1043400,154.602875
"1006",157.5,159.740005,156.710007,159.389999,888900,158.053696
"1007",159.860001,160.229996,158.610001,159.009995,839100,157.67688
