"","PNR.Open","PNR.High","PNR.Low","PNR.Close","PNR.Volume","PNR.Adjusted"
"1",38.226997,38.932171,38.132977,38.918736,1901900,35.614262
"2",38.912022,39.079918,38.723976,39.053055,1524140,35.737175
"3",38.912022,39.2411,38.509068,38.999329,1234083,35.688011
"4",38.965748,39.328407,38.89859,38.959034,1014158,35.651134
"5",38.797852,38.952316,37.965076,37.99194,1300790,34.766155
"6",38.240429,38.509068,38.052383,38.233715,1416486,34.987411
"7",38.240429,38.797852,38.15984,38.596375,957725,35.319271
"8",38.576225,38.730694,38.085964,38.462055,926903,35.196365
"9",39.073204,39.509739,38.999329,39.429146,1298706,36.081333
"10",39.402283,39.623909,38.959034,39.288113,1985284,35.952278
"11",39.274681,39.476158,39.12693,39.449295,1037535,36.099773
"12",39.388851,39.791805,39.214237,39.576897,1325359,36.216534
"13",39.731361,39.791805,39.314976,39.48959,904121,36.136642
"14",39.341839,39.785091,38.985897,39.48959,1111092,36.136642
"15",39.623909,40.496979,39.469444,40.449966,1372858,37.015488
"16",40.429817,41.370049,40.362659,41.302887,1877927,38.013733
"17",41.141705,41.551376,40.664875,40.852921,1417677,37.599594
"18",40.832775,41.188717,40.812626,41.000671,1740045,37.735573
"19",40.711887,40.960377,40.214909,40.805908,1799754,37.556316
"20",40.503693,40.805908,39.234386,39.37542,4902235,36.23975
"21",39.361988,39.986568,38.603088,39.032909,3124667,35.924519
"22",39.046341,39.100067,38.576225,38.831429,1775781,35.739086
"23",39.147079,39.26125,38.938885,39.214237,1915301,36.091415
"24",39.059772,39.093349,38.576225,38.878441,1577744,35.782352
"25",39.053055,39.254532,38.791134,39.046341,1540817,35.936878
"26",38.932171,38.965748,38.717258,38.925453,1693886,35.825615
"27",38.912022,39.402283,38.912022,39.153793,2195828,36.035786
"28",39.26125,39.462727,39.059772,39.435863,1570002,36.295395
"29",39.442577,40.087307,39.442577,39.946274,1966671,36.765152
"30",39.858967,39.932842,39.288113,39.368706,1814644,36.233578
"31",39.247818,39.764942,39.12693,39.724648,959214,36.561176
"32",39.704498,39.704498,38.979179,39.314976,2041866,36.184128
"33",39.167225,39.167225,38.703827,39.039623,1298259,35.930695
"34",39.026192,39.899261,38.965748,39.852249,1304513,36.678604
"35",39.590328,39.751511,39.361988,39.556747,1037535,36.406647
"36",39.778374,39.979851,39.006042,39.274681,1775335,36.147045
"37",38.925453,39.160511,38.750839,39.053055,2893276,35.943058
"38",39.147079,39.48959,38.878441,39.368706,3094887,36.233578
"39",39.2411,39.48959,38.844864,38.992611,1599186,35.887428
"40",39.536602,40.355946,39.456013,40.201477,3092206,37.000034
"41",40.033581,40.188046,39.435863,39.469444,1283369,36.326294
"42",39.496307,39.764942,39.180656,39.724648,1245995,36.561176
"43",39.368706,39.818668,39.348557,39.529884,1242422,36.381916
"44",39.48959,39.751511,39.348557,39.556747,1363328,36.406647
"45",39.691067,39.905975,39.516453,39.832104,1810773,36.660065
"46",39.832104,40.087307,39.576897,39.758228,1903389,36.592072
"47",40.11417,40.449966,40.080589,40.369373,3741261,37.154549
"48",40.416386,40.913364,40.416386,40.839489,3112903,37.587234
"49",40.51041,40.638012,39.899261,40.564137,1701183,37.333817
"50",41.054398,42.444595,40.785763,42.115513,3821370,38.761639
"51",42.229683,42.424446,41.994629,42.068501,1701629,38.718372
"52",42.175957,42.377434,42.102081,42.222969,2050651,38.860538
"53",42.249832,42.303558,41.598389,41.773003,1283518,38.446404
"54",41.961048,42.162525,40.819344,40.893215,2150861,37.636684
"55",40.940228,41.21558,40.698456,40.926796,1487213,37.667591
"56",40.711887,41.316319,40.711887,40.940228,949982,37.679947
"57",41.034252,41.188717,40.503693,40.779045,994801,37.531605
"58",40.141033,41.202148,39.879112,41.007389,1402340,37.741764
"59",41.007389,42.397583,40.805908,42.149094,2098894,38.792549
"60",42.041637,42.59906,41.846878,42.357288,1699991,38.984165
"61",42.216251,42.612492,42.189388,42.236401,1709223,38.872906
"62",42.041637,42.464741,41.779716,42.162525,1877778,38.804913
"63",42.303558,42.424446,41.376762,41.820011,1490489,38.489674
"64",41.793152,42.216251,41.470787,42.20282,1614821,38.842003
"65",42.377434,42.672935,41.719276,41.89389,1882543,38.557678
"66",41.981194,42.565479,41.799866,42.189388,1007011,38.829636
"67",42.068501,42.451309,42.028206,42.169243,1025028,38.811096
"68",42.128944,42.679649,42.061787,42.390865,1119877,39.015068
"69",42.350571,42.706512,42.081936,42.605778,1210855,39.212872
"70",42.625923,42.625923,41.74614,41.873741,1298110,38.539127
"71",41.766285,42.175957,41.685696,41.74614,1154422,38.42168
"72",42.014774,42.518471,41.719276,42.518471,1169014,39.132511
"73",42.155807,42.498322,42.048355,42.269981,1335335,38.903812
"74",42.25655,42.330421,41.625252,41.786434,1041704,38.670734
"75",41.97448,42.31699,41.97448,42.175957,2023551,39.031216
"76",42.283413,42.290127,41.799866,42.021492,1736621,38.888268
"77",42.726662,42.981869,42.431164,42.491604,2583564,39.323326
"78",42.646072,43.505711,42.041637,43.425117,3849363,40.187241
"79",43.384823,44.09671,43.384823,43.633312,3052301,40.379902
"80",43.566151,43.834789,43.398254,43.425117,1452371,40.187241
"81",43.485561,43.693752,43.176628,43.324379,2105744,40.094013
"82",43.143047,43.478844,42.874413,43.203491,1577596,39.98214
"83",43.270653,43.613163,43.270653,43.47213,1372262,40.23074
"84",43.270653,44.103424,43.176628,43.955673,2024444,40.678242
"85",43.895233,43.995972,43.606445,43.848221,1828790,40.578793
"86",43.989254,44.627266,43.888515,44.613834,2020424,41.287319
"87",44.412357,44.721291,44.217594,44.385494,1923639,41.076008
"88",45.319008,46.359974,45.171257,45.486904,4303210,42.095295
"89",45.466755,45.480186,44.23103,44.311619,2721148,41.007641
"90",44.103424,44.103424,43.438549,43.693752,1779653,40.435841
"91",43.465412,43.70047,43.364674,43.411686,1211748,40.174805
"92",43.734051,44.049698,43.619881,43.98254,1587274,40.703094
"93",44.089993,44.103424,43.673607,43.989254,1283220,40.709316
"94",43.989254,44.04298,43.297516,43.801208,2340410,40.53529
"95",44.660847,44.775017,43.895233,44.29147,1764316,40.988983
"96",44.57354,45.319008,44.385494,45.070518,1292154,41.709949
"97",45.339153,45.567493,45.19812,45.433178,994354,42.04557
"98",45.453323,45.466755,44.278038,44.425789,1994813,41.1133
"99",44.499664,44.875755,44.492947,44.721291,988249,41.386757
"100",44.795166,44.949631,44.365345,44.694427,847241,41.361908
"101",44.627266,44.627266,44.257893,44.492947,1623308,41.175449
"102",44.472801,44.869041,44.311619,44.761585,654118,41.424057
"103",44.660847,44.674278,44.049698,44.472801,2084004,41.156799
"104",44.432507,44.822029,43.680321,44.486233,2200593,41.169239
"105",44.472801,44.788448,44.257893,44.45937,1225298,41.144375
"106",44.412357,44.539959,43.875084,43.895233,1003437,40.622303
"107",43.640026,43.666889,43.082607,43.445267,1671105,40.205879
"108",43.478844,43.707188,42.874413,43.22364,1183457,40.000782
"109",43.22364,43.653458,42.881126,43.478844,1379707,40.236954
"110",43.465412,44.613834,43.451981,44.499664,1885074,41.181667
"111",44.640697,45.063801,44.432507,44.546677,994503,41.22517
"112",44.432507,44.768299,44.237743,44.680992,773089,41.349476
"113",44.875755,44.902618,44.385494,44.660847,1075356,41.330826
"114",44.257893,44.674278,44.23103,44.560108,820439,41.237598
"115",44.660847,45.023506,44.479515,44.781734,1538733,41.442699
"116",44.882469,45.157825,44.620552,45.157825,874192,41.79076
"117",44.835461,44.895905,44.43922,44.654129,829075,41.324615
"118",44.721291,44.721291,43.539288,43.599731,944175,40.348831
"119",43.593014,43.955673,43.505711,43.626595,1256269,40.373688
"120",43.673607,44.110142,43.673607,44.076561,1659937,40.790108
"121",44.204163,44.519814,43.854935,44.083279,625082,40.796326
"122",44.110142,44.29147,43.693752,43.713902,657245,40.454491
"123",44.063129,44.472801,43.989254,44.358631,931816,41.05114
"124",44.472801,44.620552,43.942242,44.069847,970679,40.783894
"125",44.244457,44.963062,44.076561,44.68771,875830,41.35569
"126",45.003357,45.211552,44.701141,45.016788,615404,41.660233
"127",45.057083,45.171257,44.627266,44.788448,1045725,41.448917
"128",44.68771,44.808598,44.036266,44.063129,1276520,40.777676
"129",44.137005,44.842175,44.137005,44.748154,963979,41.411625
"130",44.761585,45.366016,44.479515,44.902618,889529,41.554569
"131",44.85561,45.104095,44.546677,44.734722,887742,41.399189
"132",45.157825,45.513767,45.14439,45.204834,806294,41.834251
"133",45.298859,45.332439,44.842175,44.85561,968892,41.51107
"134",44.889187,44.936199,44.647415,44.694427,1022050,41.361908
"135",44.620552,44.741436,44.472801,44.68771,842030,41.35569
"136",44.560108,44.667561,44.150436,44.513096,882233,41.194092
"137",44.365345,44.486233,44.116856,44.378777,934496,41.284687
"138",44.378777,44.43922,43.593014,43.740765,1493467,40.691154
"139",43.666889,43.666889,43.136333,43.498993,1289176,40.466236
"140",43.505711,43.606445,43.230354,43.371391,1529352,40.347534
"141",42.800537,43.230354,42.095367,42.491604,2489310,39.529083
"142",42.518471,42.592342,41.846878,41.887173,1727091,38.966808
"143",41.95433,42.095367,41.69241,41.97448,1681677,39.048012
"144",42.00806,42.565479,41.914036,42.491604,1299301,39.529083
"145",42.505035,42.820686,42.236401,42.357288,1438076,39.404137
"146",42.437878,42.71323,41.793152,41.947617,1303471,39.023026
"147",41.813297,42.263264,41.685696,42.081936,1705650,39.14798
"148",42.095367,42.323708,41.987911,42.209538,1220236,39.266693
"149",42.296844,42.605778,42.20282,42.417728,1481555,39.460361
"150",42.431164,42.498322,42.068501,42.196106,962936,39.254204
"151",42.115513,42.25655,41.806583,41.84016,652480,38.923061
"152",41.89389,42.034924,41.685696,41.887173,939559,38.966808
"153",41.786434,41.786434,41.269306,41.316319,1193434,38.435741
"154",41.269306,41.685696,40.980522,41.349899,830862,38.466976
"155",41.61182,42.055073,41.558094,41.981194,842774,39.054264
"156",41.961048,41.961048,41.484219,41.658833,988845,38.754375
"157",41.72599,42.095367,41.591671,41.89389,874639,38.973053
"158",41.69241,41.920753,41.202148,41.208866,1315383,38.335777
"159",40.993958,41.356613,40.879784,40.946945,1073420,38.092121
"160",40.926796,41.121559,40.752182,40.879784,776365,38.029644
"161",41.061115,41.343182,41.000671,41.235729,1021305,38.360775
"162",41.014103,41.229012,40.792477,40.792477,588304,37.948425
"163",40.886501,41.040966,40.799194,40.946945,823417,38.092121
"164",41.141705,41.410343,41.141705,41.309605,619573,38.429497
"165",41.564808,41.631969,40.846207,40.933514,836520,38.079624
"166",40.597717,41.094692,39.711216,41.007389,998970,38.148357
"167",40.926796,41.121559,40.73875,40.960377,869129,38.104614
"168",41.128273,41.74614,40.906651,41.672264,1698651,38.766876
"169",41.84016,42.20282,41.732708,41.961048,1030239,39.035522
"170",41.920753,41.920753,41.276024,41.349899,1141765,38.466976
"171",41.537945,41.69241,41.242447,41.464069,889231,38.573193
"172",41.571526,41.571526,41.134991,41.396912,842030,38.510723
"173",41.282742,41.759571,41.121559,41.652115,687918,38.748123
"174",41.846878,42.867695,41.69241,42.746811,1206983,39.766502
"175",42.921425,43.263935,42.867695,43.263935,681515,40.247578
"176",43.156483,43.613163,43.082607,43.344528,861684,40.322544
"177",43.324379,43.747482,43.230354,43.626595,1254631,40.584942
"178",43.505711,43.633312,43.163197,43.384823,2301547,40.360023
"179",43.478844,44.083279,43.344528,44.016117,1160080,40.947311
"180",44.016117,44.748154,43.875084,44.728004,1276073,41.609554
"181",44.889187,45.251846,44.707859,45.063801,2860369,41.921951
"182",45.063801,45.258564,44.822029,44.848892,901590,41.722034
"183",44.85561,45.08395,44.754868,45.030224,1180330,41.890709
"184",45.016788,45.171257,44.607121,44.983212,1276371,41.846977
"185",44.983212,45.010075,44.331764,44.566822,1128662,41.459621
"186",44.701141,45.050369,43.995972,45.010075,1909047,41.871967
"187",44.996643,45.110813,44.633984,45.110813,1648472,41.965683
"188",45.191402,46.004028,45.003357,45.641369,2334008,42.459248
"189",45.601074,46.561451,45.533916,46.561451,1821792,43.315186
"190",46.635326,46.877098,46.453995,46.762928,1468750,43.502613
"191",46.803223,47.353928,46.588314,47.03828,1690462,43.758774
"192",47.011417,47.051712,46.534588,46.729347,1387301,43.471378
"193",46.548019,47.065144,46.521156,47.024849,1196709,43.746269
"194",47.085293,47.159168,46.742779,47.011417,1054212,43.733772
"195",47.179314,47.179314,46.789791,46.977837,1244953,43.702534
"196",46.964405,47.179314,46.856953,46.977837,855579,43.702534
"197",46.77636,47.273338,46.722633,46.937542,1880607,43.665054
"198",47.206181,47.246475,46.856953,46.997986,1431227,43.721287
"199",47.347214,47.777031,47.125587,47.750168,1201474,44.421028
"200",47.609135,47.924782,47.165882,47.293488,1253291,43.996189
"201",47.259907,47.461384,47.05843,47.347214,873745,44.046165
"202",46.930824,47.488247,46.769646,47.488247,814185,44.394611
"203",47.736736,47.884487,47.447952,47.79718,1046023,44.68343
"204",47.837475,47.978508,47.447952,47.562122,1307640,44.463676
"205",46.339825,48.119541,46.339825,47.40094,2252261,44.312992
"206",47.582272,47.951645,47.105438,47.642712,1604249,44.539024
"207",47.985226,48.085964,47.750168,47.790462,1300790,44.677143
"208",47.736736,47.850906,47.0047,47.098724,1326252,44.030468
"209",47.011417,47.226326,46.77636,47.078575,1155613,44.011635
"210",47.105438,47.609135,47.011417,47.320351,1343525,44.237659
"211",47.340496,47.434521,46.494289,46.514439,1585934,43.484241
"212",46.615177,47.011417,46.333111,46.964405,1276222,43.904896
"213",46.856953,46.937542,46.259235,46.581596,1252696,43.547024
"214",46.628609,46.830086,46.447281,46.662189,1342631,43.622379
"215",46.675621,46.689053,46.037609,46.29953,1058232,43.283337
"216",46.252518,46.467426,46.098053,46.453995,712933,43.427738
"217",46.044327,46.339825,45.56078,45.782406,1367349,42.799885
"218",45.56078,45.748825,45.177971,45.701813,1553623,42.724548
"219",45.439892,45.977165,45.258564,45.849564,1093968,42.862686
"220",45.54063,45.715244,45.319008,45.681667,976784,42.705719
"221",45.527199,45.681667,45.191402,45.31229,997034,42.360416
"222",45.473473,45.84285,45.204834,45.822701,1574915,42.837574
"223",45.527199,46.18536,45.339153,45.963734,1688079,42.969418
"224",46.091335,46.480862,45.876427,46.447281,1321041,43.421455
"225",46.830086,47.179314,46.400269,46.574883,1373305,43.540752
"226",46.601746,46.850235,46.561451,46.682339,938219,43.641212
"227",46.877098,46.964405,46.326393,46.447281,257895,43.421455
"228",46.4137,46.541302,46.232372,46.4137,974848,43.390064
"229",46.601746,46.69577,46.306248,46.554733,3205817,43.521912
"230",46.521156,46.635326,46.178642,46.554733,2204613,43.521912
"231",46.830086,47.891201,46.816654,47.790462,2695983,44.677143
"232",47.951645,48.193417,46.581596,47.139019,1564790,44.068134
"233",47.481529,47.615849,46.447281,46.447281,1384770,43.421455
"234",46.548019,46.548019,45.943584,46.037609,1097393,43.038483
"235",45.84285,46.675621,45.84285,46.494289,2195233,43.465408
"236",46.386837,46.89053,46.319679,46.621895,1411572,43.584705
"237",46.796509,47.327065,46.702484,46.977837,1190456,43.917454
"238",46.89053,47.246475,46.803223,46.856953,1228425,43.804432
"239",46.856953,47.360645,46.769646,46.796509,1637602,43.747932
"240",46.709202,47.125587,46.521156,46.769646,1732303,43.72282
"241",46.877098,46.917393,46.225655,46.232372,1659639,43.220554
"242",46.319679,46.568169,45.668236,45.782406,2501520,42.799885
"243",46.098053,46.521156,46.024178,46.265949,2080431,43.251942
"244",46.339825,46.689053,46.118198,46.467426,1435098,43.440292
"245",46.830086,47.125587,46.662189,46.863667,1013413,43.810711
"246",47.044998,47.313633,46.823372,47.125587,747776,44.05558
"247",47.28677,47.28677,46.668903,46.830086,563438,43.779327
"248",46.94426,46.94426,46.541302,46.595032,349022,43.559593
"249",46.628609,46.702484,46.440563,46.608463,685982,43.572144
"250",46.843517,47.239758,46.595032,47.105438,963532,44.036743
"251",47.239758,47.649429,47.051712,47.427803,984676,44.338112
"252",47.68301,47.99194,46.94426,47.165882,1498827,44.09325
"253",47.165882,47.588985,47.018131,47.548691,1593081,44.451122
"254",47.602417,48.764271,47.548691,48.723976,1498381,45.549843
"255",48.831429,48.878441,48.394897,48.797852,1098733,45.618904
"256",48.818001,48.925453,48.468773,48.750839,967106,45.574959
"257",48.663532,49.12693,48.529213,48.945602,992270,45.757027
"258",48.885159,49.482876,48.603088,49.301544,1459965,46.089775
"259",49.442577,49.892544,49.301544,49.785091,1013265,46.541824
"260",49.879112,50.013432,49.429146,49.536602,2128079,46.309525
"261",49.697784,50.261921,49.288113,49.402283,1061508,46.18396
"262",49.697784,49.697784,49.26125,49.415714,1268330,46.196518
"263",49.462727,49.529884,49.227669,49.402283,1089948,46.18396
"264",49.60376,50.141033,49.382137,49.684353,1152933,46.447643
"265",49.610477,49.677635,48.992611,49.65749,1001650,46.422535
"266",49.187374,49.267963,48.656818,49.140362,1964289,45.939114
"267",49.482876,49.684353,49.053055,49.328407,1473217,46.114891
"268",49.341839,49.670921,48.797852,49.26125,1215620,46.27261
"269",49.516453,49.785091,49.281399,49.711216,948493,46.695274
"270",49.469444,49.966419,49.227669,49.570183,2313757,46.562805
"271",47.145737,48.368031,45.802551,48.119541,4376916,45.200165
"272",49.731361,49.731361,47.595703,48.018806,2912186,45.105545
"273",47.68301,48.569511,47.28677,48.462055,1774888,45.521904
"274",48.247147,48.448624,47.783749,47.844193,2024891,44.941521
"275",47.689724,47.91135,45.802551,45.856277,2769540,43.074211
"276",45.14439,46.279381,44.694427,45.990597,2997506,43.200382
"277",45.748825,46.736065,45.748825,46.104767,2447618,43.307629
"278",46.118198,46.212223,44.748154,44.775017,2100681,42.058556
"279",45.298859,45.554062,43.532574,45.057083,2224417,42.323513
"280",45.285427,46.870384,45.204834,46.359974,2692112,43.547348
"281",46.178642,46.75621,45.943584,46.601746,1535010,43.77446
"282",46.232372,47.582272,46.212223,47.555405,2293805,44.670246
"283",47.803894,47.803894,47.044998,47.447952,1647876,44.569317
"284",47.333782,48.179989,47.105438,47.568836,1828343,44.682873
"285",47.28677,47.91135,47.192745,47.407658,977677,44.531475
"286",47.347214,48.247147,47.347214,47.441235,947749,44.563015
"287",47.730019,48.341167,47.528542,47.74345,1123748,44.846897
"288",47.924782,48.059101,47.595703,47.944927,1016838,45.03614
"289",48.092682,48.132977,47.474815,47.918064,1387152,45.010914
"290",47.897919,48.300873,47.374077,47.374077,1068209,44.499931
"291",47.562122,47.562122,46.131634,46.131634,1561365,43.332859
"292",46.218941,46.218941,44.533245,44.969776,1372114,42.241497
"293",44.539959,45.265278,44.432507,45.151108,1202665,42.411827
"294",44.949631,45.627937,44.660847,45.439892,1260587,42.683094
"295",45.668236,46.138348,45.480186,46.01746,948791,43.225616
"296",45.480186,46.675621,45.379448,46.554733,1587274,43.730297
"297",46.574883,47.226326,45.936871,47.192745,1924235,44.329601
"298",47.454666,48.294155,47.313633,48.233715,1793054,45.307415
"299",48.341167,48.341167,47.662861,47.810612,1418719,44.909981
"300",47.864338,48.193417,46.729347,46.991268,1296770,44.140343
"301",47.320351,47.709873,46.937542,47.441235,1613034,44.563015
"302",47.575554,48.965748,47.575554,48.441906,2181236,45.502975
"303",48.488918,49.073204,48.314304,48.851578,2198657,45.887791
"304",48.757553,48.757553,47.588985,48.146408,1561217,45.225403
"305",48.341167,48.777702,48.038952,48.213566,1872715,45.288483
"306",48.287441,48.764271,48.072533,48.186703,1321934,45.263248
"307",47.669579,47.938213,46.682339,46.749496,1343823,43.913235
"308",46.94426,46.94426,45.08395,45.204834,1760891,42.462296
"309",45.795837,46.568169,45.42646,46.453995,1393853,43.63567
"310",46.507725,46.783077,45.580929,45.856277,1474855,43.074211
"311",45.876427,46.091335,45.278709,45.59436,1712499,42.828186
"312",45.883144,46.326393,45.460041,45.755543,2575077,42.979588
"313",46.400269,46.722633,44.452652,45.171257,1748235,42.430752
"314",45.298859,46.312962,45.157825,46.279381,2729635,43.471653
"315",45.621223,46.991268,45.621223,46.937542,2299909,44.089882
"316",47.051712,47.427803,46.823372,47.313633,1467558,44.443157
"317",46.997986,47.011417,45.271996,45.721962,1336824,42.948048
"318",45.950302,46.608463,45.76897,45.95702,901887,43.168842
"319",46.601746,47.118874,46.312962,46.830086,994950,43.988941
"320",46.433849,46.769646,46.131634,46.689053,1069847,43.856461
"321",46.722633,47.353928,46.568169,47.065144,1022943,44.433441
"322",47.414371,47.481529,46.903961,47.018131,1037684,44.389057
"323",47.421089,47.481529,46.950974,47.239758,980804,44.598282
"324",47.481529,48.018806,47.374077,47.824043,1340100,45.14991
"325",48.065815,48.542645,47.924782,48.287441,1592337,45.587391
"326",48.723976,48.999329,47.387508,47.777031,4002581,45.105518
"327",47.669579,47.669579,46.897247,47.313633,2186745,44.668037
"328",47.447952,47.62928,46.487576,46.541302,1846807,43.938889
"329",46.830086,47.1726,44.499664,45.070518,1976648,42.550343
"330",45.070518,45.567493,44.613834,45.42646,1470090,42.886387
"331",45.473473,45.520485,44.607121,45.386166,1284560,42.848331
"332",45.265278,45.533916,44.660847,45.171257,2373764,42.645451
"333",45.439892,45.486904,44.875755,45.184689,2254942,42.658134
"334",45.220001,45.709999,43.759998,44.82,4870600,42.313839
"335",44.630001,45.75,44.509998,45.419998,4830400,42.880283
"336",45.060001,45.150002,43.59,43.939999,5311900,41.483044
"337",43.849998,44.48,43.509998,44.299999,2750700,41.822903
"338",44.369999,44.919998,44.32,44.43,2421500,41.945648
"339",44.540001,44.639999,43.900002,44.439999,2818800,41.955086
"340",44.610001,44.709999,44.139999,44.549999,1737000,42.058937
"341",44.689999,44.740002,44.209999,44.389999,1735300,41.907879
"342",44.389999,44.740002,44.279999,44.669998,1911700,42.172222
"343",44.68,45.27,44.549999,44.830002,1582600,42.323273
"344",45,45.299999,44.610001,45,2248700,42.483772
"345",45.009998,45.810001,45.009998,45.619999,1812400,43.069103
"346",45.040001,46.07,45.040001,45.720001,1838900,43.163513
"347",45.57,46.18,45.52,46.02,1690000,43.446735
"348",46.34,46.93,46.330002,46.5,1683700,43.899899
"349",46.549999,46.580002,45.82,45.849998,1057900,43.286236
"350",45.59,45.73,45.080002,45.48,936200,42.936928
"351",45.32,45.529999,45.060001,45.419998,1033900,42.880283
"352",45.259998,45.34,44.82,45.029999,803600,42.512096
"353",44.759998,45.049999,43.869999,44.169998,1096000,41.70018
"354",44.41,45.009998,44.169998,44.720001,1231500,42.219429
"355",44.810001,44.810001,43.240002,43.639999,2010300,41.199818
"356",43.950001,44.459999,43.66,43.860001,1168300,41.407513
"357",44.110001,44.23,43.299999,43.650002,1556100,41.209263
"358",43.740002,43.939999,43.59,43.830002,1318900,41.379189
"359",44.040001,44.32,43.709999,44.32,1788600,41.841793
"360",44.360001,45.099998,44.299999,44.84,2192800,42.332718
"361",44.77,45.150002,44.630001,45,1184400,42.483772
"362",45.049999,45.34,44.779999,44.889999,1109400,42.379925
"363",44.759998,44.959999,43.759998,44.16,1980400,41.690742
"364",44.189999,44.25,43.52,43.57,2121900,41.133736
"365",43.689999,43.939999,43.09,43.779999,1337300,41.331989
"366",43.540001,43.880001,42.889999,43.860001,2373700,41.407513
"367",43.450001,44.080002,43.299999,43.880001,1032500,41.426403
"368",43.349998,43.5,42.759998,43.130001,1271100,40.718342
"369",43.310001,43.529999,43,43.400002,1306200,40.97324
"370",43.220001,43.27,42.09,42.150002,1310900,39.793133
"371",42.619999,43.25,42.48,42.57,2272700,40.18964
"372",42.34,42.540001,41.900002,42.349998,1590400,39.981941
"373",42.43,42.619999,42.150002,42.189999,1694500,39.830891
"374",42.400002,42.720001,41.830002,41.849998,1412100,39.509907
"375",41.849998,41.919998,41.279999,41.740002,1476900,39.406055
"376",41.889999,42.52,41.77,42.080002,1493300,39.727043
"377",41.669998,42.09,41.439999,41.959999,1005000,39.613754
"378",42.200001,42.830002,42.130001,42.34,891400,39.972504
"379",42.68,42.68,42.049999,42.459999,2117800,40.085796
"380",42.34,42.34,41.75,42.279999,887400,39.915863
"381",42.380001,43.330002,42.360001,43.279999,1087200,40.859947
"382",43.32,43.75,43.279999,43.52,1225300,41.086529
"383",43.080002,43.259998,42.52,42.610001,885200,40.227413
"384",42.799999,43.040001,42.380001,42.849998,1257900,40.453987
"385",42.810001,43.619999,42.810001,43.52,1188000,41.086529
"386",43.34,43.5,42.919998,43.07,890400,40.661686
"387",43.009998,43.34,42.939999,43.16,1730100,40.746651
"388",43.52,43.93,43.279999,43.779999,956400,41.331989
"389",43.490002,43.830002,43.240002,43.720001,1310600,41.440994
"390",43.540001,44.240002,43.43,43.889999,1070100,41.602135
"391",43.639999,43.970001,43.360001,43.849998,1783600,41.564213
"392",44.119999,44.779999,43.919998,44.18,2225000,41.877018
"393",43.639999,44.419998,41.639999,41.91,4403500,39.725342
"394",41.959999,43.93,41.919998,43.25,5031600,40.995502
"395",43.439999,44.43,42.939999,43.259998,2731300,41.004967
"396",43.389999,44.049999,43.200001,43.369999,1736900,41.109241
"397",43.790001,44.799999,43.639999,44.650002,3140300,42.322525
"398",44.48,44.630001,42.970001,43.200001,1476200,40.948101
"399",42.880001,43.450001,42.560001,43.34,1665900,41.080803
"400",43.639999,44.040001,43.380001,43.959999,1343600,41.668488
"401",44.02,44.360001,43.459999,43.919998,1455900,41.630566
"402",44.139999,44.41,44.080002,44.099998,1388300,41.801186
"403",44.110001,44.169998,43.439999,43.849998,1401400,41.564213
"404",43.880001,43.950001,43.549999,43.68,1573600,41.40308
"405",43.459999,43.639999,42.869999,43.279999,1296600,41.023937
"406",43.259998,43.419998,42.509998,42.630001,1813200,40.407814
"407",42.720001,42.880001,42.419998,42.5,1914000,40.284588
"408",42.25,42.25,41,41.959999,2453900,39.772736
"409",42,42.439999,41.869999,42.150002,1651400,39.952839
"410",42.220001,42.880001,42.009998,42.799999,1410000,40.568954
"411",42.900002,43.369999,42.830002,43.27,1558400,41.01445
"412",43.209999,43.610001,43.209999,43.52,999800,41.251419
"413",43.459999,43.5,42.889999,42.900002,1100700,40.663746
"414",42.810001,42.970001,42.41,42.66,974800,40.436253
"415",42.900002,42.93,42.580002,42.880001,1000700,40.644791
"416",43.07,43.779999,42.889999,43.400002,934700,41.13768
"417",43.52,43.689999,43.360001,43.450001,971700,41.185074
"418",43.529999,43.830002,43.150002,43.73,857900,41.450478
"419",43.709999,43.970001,43.200001,43.360001,1143800,41.099758
"420",43.240002,43.549999,43.130001,43.48,1149400,41.213509
"421",43.259998,43.330002,42.540001,42.900002,1247300,40.663746
"422",42.900002,43.5,42.639999,43.470001,1854400,41.204021
"423",43.529999,43.919998,43.349998,43.48,1531600,41.213509
"424",43.290001,43.48,42.93,43.09,1345600,40.843834
"425",43.299999,43.900002,43.299999,43.580002,1704800,41.308285
"426",43.259998,43.259998,42.459999,42.779999,1828600,40.549992
"427",42.68,43.169998,42.5,42.889999,1681500,40.654259
"428",43.169998,43.32,42.919998,43.200001,1079500,40.948101
"429",43.279999,44.189999,43.220001,44.07,1508500,41.772751
"430",44.189999,44.5,44.029999,44.360001,1441200,42.04763
"431",44.5,46,44.25,45.310001,2123800,42.948124
"432",45.439999,45.98,44.939999,45.09,2050300,42.739578
"433",45.279999,45.57,44.439999,44.77,1244500,42.436256
"434",44.869999,45.099998,44.619999,44.880001,1796900,42.540527
"435",44.740002,44.799999,43.75,43.84,925500,41.554737
"436",43.869999,44.049999,43.630001,43.720001,1563700,41.440994
"437",43.5,44.09,42.619999,43.66,1440600,41.384113
"438",43.790001,43.889999,43.349998,43.48,1073400,41.213509
"439",43.48,43.630001,43.209999,43.349998,1213100,41.090275
"440",43.650002,43.849998,43.130001,43.310001,816100,41.052368
"441",43.16,43.619999,43.02,43.43,1101900,41.166111
"442",43.66,43.860001,43.290001,43.41,2084800,41.14716
"443",43.299999,43.939999,43.18,43.709999,1139700,41.431515
"444",43.619999,43.799999,42.700001,42.73,968600,40.502602
"445",42.549999,42.73,42.07,42.650002,1118600,40.426777
"446",42.52,42.59,41.689999,41.709999,1148100,39.535767
"447",41.73,41.73,40.450001,40.48,1365300,38.369888
"448",40.41,40.41,39.18,39.200001,2187500,37.156616
"449",39.740002,39.880001,38.360001,39,1545900,36.967037
"450",38.959999,39.369999,38.84,38.98,1272000,36.948078
"451",39.18,39.59,38.880001,39.52,1401100,37.459927
"452",39.360001,39.509998,38.880001,39.169998,1330700,37.128174
"453",38.639999,39.02,38.389999,38.77,2279400,36.91394
"454",38.700001,38.849998,38.110001,38.41,1739400,36.571178
"455",38.549999,38.73,38.029999,38.040001,1866500,36.218899
"456",36.060001,39.349998,36.060001,38.759998,5275400,36.904423
"457",39.619999,40.279999,38.060001,38.099998,3142800,36.27602
"458",38.459999,39.080002,38.18,38.84,2124700,36.980587
"459",38.369999,39.75,38.23,39.349998,2236800,37.466179
"460",39.889999,40.060001,38.66,39.07,1690500,37.199589
"461",39.380001,40.009998,39.09,39.82,2334000,37.913677
"462",40.310001,40.639999,39.93,40.150002,2417100,38.227879
"463",40.34,41.240002,40.099998,41.139999,1566400,39.17049
"464",41.529999,41.93,41.07,41.630001,1310800,39.637032
"465",41.759998,42.080002,41.48,41.849998,1575100,39.846489
"466",41.73,42.529999,41.630001,42.369999,1126200,40.341599
"467",42.5,43.099998,42.27,43.040001,1011400,40.979527
"468",42.950001,43.389999,42.889999,43.259998,1005800,41.188995
"469",42.880001,43.080002,42.18,42.529999,1430400,40.493938
"470",42.599998,42.599998,41.700001,41.84,1273700,39.836979
"471",41.970001,42.57,41.689999,41.82,1067900,39.817932
"472",42.189999,42.669998,41.560001,41.84,922900,39.836979
"473",41.52,42.73,41.380001,42.5,1070900,40.465374
"474",42.220001,42.759998,42.099998,42.290001,1464100,40.265434
"475",42.279999,42.639999,41.91,41.990002,1295300,39.979794
"476",41.59,42.009998,41.27,41.349998,927700,39.37043
"477",41.529999,42.290001,41.43,41.59,723200,39.598942
"478",41.240002,42.110001,41.200001,41.790001,377400,39.789371
"479",42.009998,42.279999,41.369999,41.77,1150300,39.770329
"480",41.459999,41.720001,41.169998,41.630001,1183300,39.637032
"481",41.709999,42.889999,41.43,42.889999,1344700,40.836708
"482",42.75,42.889999,42.34,42.470001,1351300,40.436813
"483",42.43,42.970001,42.18,42.700001,1712300,40.655804
"484",43.400002,43.779999,42.450001,42.5,3708400,40.465374
"485",42.5,42.529999,40.540001,40.580002,2172300,38.637295
"486",39.91,40.34,38.709999,40.279999,3120200,38.351665
"487",40.450001,40.59,39.619999,39.720001,2255400,37.818466
"488",39.639999,39.950001,38.810001,39.68,2475400,37.780384
"489",40.220001,40.34,39.599998,39.75,2043600,37.847027
"490",40.360001,40.360001,39.560001,39.59,1979000,37.694695
"491",39.810001,40.130001,39.560001,39.689999,1176300,37.789902
"492",39.459999,39.900002,38.939999,39.110001,1643500,37.237675
"493",39.080002,39.209999,38.07,38.32,1406500,36.485481
"494",38.48,39.02,38.220001,38.57,1701500,36.723518
"495",38.82,39.349998,37.75,38.16,2008600,36.333153
"496",38.139999,38.529999,37.240002,37.549999,2236000,35.752354
"497",37.419998,37.849998,36.68,36.73,2526600,34.971603
"498",36.66,36.759998,35.779999,35.810001,679300,34.09565
"499",35.84,37.049999,35.299999,37.02,1222400,35.24773
"500",36.240002,37.450001,36.119999,37.439999,1098500,35.647617
"501",37.59,37.77,37.09,37.310001,887600,35.523842
"502",37.450001,37.84,37.389999,37.779999,809000,35.97134
"503",37.119999,37.970001,36.860001,37.77,1052000,35.961823
"504",37.610001,37.610001,36.580002,36.639999,1620600,34.885914
"505",37.099998,38.169998,36.830002,38.150002,3221600,36.323627
"506",38.279999,39.02,37.970001,38.540001,1694400,36.694954
"507",38.990002,39.700001,38.619999,39.66,1406900,37.761333
"508",39.889999,40.48,39.759998,40.240002,1103500,38.313568
"509",40.049999,40.73,39.82,40.470001,1760000,38.532558
"510",40.119999,40.509998,39.869999,40.450001,1244100,38.513515
"511",40.150002,40.529999,40.02,40.380001,964600,38.446873
"512",40.5,40.560001,39.919998,40.27,996400,38.342133
"513",40.279999,40.419998,40.09,40.169998,1129600,38.246918
"514",39.950001,40.77,39.869999,40.360001,1952100,38.42783
"515",40.68,41.419998,40.540001,41.169998,2391700,39.199047
"516",40.900002,40.900002,39.860001,40.16,1391500,38.2374
"517",40.290001,40.630001,39.810001,40.240002,1585300,38.313568
"518",40.150002,40.689999,40.02,40.459999,2408700,38.696136
"519",40.950001,41.389999,40.66,41.060001,1747900,39.269981
"520",40.689999,40.779999,40.330002,40.540001,1823400,38.772648
"521",42.099998,42.669998,40.91,40.98,2494700,39.19347
"522",41.450001,41.459999,40.82,41.189999,2281500,39.394314
"523",41.209999,41.259998,40.490002,41.189999,3115400,39.394314
"524",41.279999,41.740002,40.93,41,1646300,39.212589
"525",40.98,41.209999,40.68,41.189999,1548400,39.394314
"526",41.099998,41.490002,41.049999,41.470001,1513100,39.662106
"527",41.450001,41.709999,41.349998,41.5,1338000,39.690792
"528",41.259998,41.41,40.580002,40.939999,884600,39.155205
"529",40.779999,41.139999,40.450001,41,1127400,39.212589
"530",41.119999,41.279999,40.959999,41.09,1239200,39.298664
"531",41.380001,41.98,41.369999,41.799999,1344600,39.977715
"532",42.009998,42.310001,41.919998,42.23,1265000,40.388969
"533",42.040001,42.209999,41.77,41.830002,1025300,40.006409
"534",42.16,42.720001,42.119999,42.720001,1438800,40.857613
"535",42.5,42.84,42.279999,42.48,1173100,40.628067
"536",42.599998,42.959999,42.419998,42.790001,1336900,40.924557
"537",42.650002,42.91,42.330002,42.540001,1160200,40.685452
"538",42.740002,43.07,42.529999,43.049999,843100,41.173222
"539",43.380001,43.639999,42.560001,43.27,2112800,41.383636
"540",43.259998,43.41,42.98,42.98,1103800,41.10627
"541",43.009998,43.18,42.68,43.07,643000,41.192352
"542",43.080002,43.080002,42.5,42.540001,2219800,40.685452
"543",42.709999,42.98,42.439999,42.68,1126600,40.819355
"544",42.880001,43.099998,42.439999,42.869999,1570700,41.001072
"545",42.939999,42.939999,42.529999,42.549999,1207000,40.695019
"546",42.580002,42.830002,42.23,42.23,1152200,40.388969
"547",42.139999,42.139999,41.509998,41.75,1480300,39.92989
"548",41.369999,41.669998,41.200001,41.639999,1283000,39.824688
"549",41.610001,42.73,41.610001,42.700001,1548700,40.838486
"550",42.759998,42.799999,42.400002,42.529999,1214300,40.675888
"551",42.759998,42.939999,42.580002,42.790001,1036800,40.924557
"552",42.700001,42.700001,42.43,42.560001,1031300,40.704582
"553",42.59,42.869999,42.52,42.619999,1414800,40.761963
"554",42.639999,43.700001,42.639999,43.59,1519100,41.689682
"555",43.849998,44.040001,43.490002,43.639999,1371200,41.737495
"556",43.580002,43.650002,42.810001,43.169998,1239300,41.287983
"557",43.169998,43.709999,43.009998,43.509998,1550400,41.613167
"558",43.299999,43.43,42.189999,42.259998,982300,40.41766
"559",42.27,42.73,42.259998,42.580002,1049200,40.723709
"560",44.279999,44.279999,43.259998,43.299999,1572500,41.412323
"561",43.360001,43.57,43.099998,43.43,1202500,41.536652
"562",43.709999,44.16,43.57,43.93,1050000,42.014851
"563",44.259998,44.630001,44.110001,44.509998,1597800,42.569569
"564",44.900002,45.599998,44.84,45.490002,1694400,43.506855
"565",45.490002,45.700001,44.889999,45.060001,2055400,43.095604
"566",45.360001,45.470001,44.759998,44.900002,1399400,42.942577
"567",44.869999,45.189999,44.740002,45.110001,913400,43.143417
"568",45.130001,45.34,45.040001,45.209999,922400,43.239052
"569",45.080002,45.279999,44.919998,45.259998,884700,43.286877
"570",40.119999,41,38.5,39.130001,8596000,37.424118
"571",39,39.5,38.82,39.23,3517900,37.519753
"572",39.220001,40.349998,38.990002,39.98,4205300,38.237057
"573",40.240002,40.330002,39.669998,40.060001,2258700,38.313572
"574",39.990002,40.169998,39.630001,39.889999,1435100,38.150982
"575",39.880001,40.470001,39.75,40.470001,2897500,38.7057
"576",39.740002,39.77,37.73,38.349998,4247200,36.841976
"577",38.299999,38.52,37.43,38.220001,3137500,36.717102
"578",38.09,38.09,37.52,37.639999,1543200,36.159897
"579",37.759998,38.419998,37.759998,38.07,3168400,36.57299
"580",38.139999,38.299999,37.869999,38.049999,1936600,36.553783
"581",37.689999,37.91,37.32,37.509998,1216300,36.035011
"582",37.330002,38.580002,37.330002,38.41,2278400,36.89962
"583",38.540001,39.099998,38.470001,38.860001,2326400,37.331928
"584",38.950001,39.080002,38.369999,38.990002,4260800,37.456821
"585",39.119999,39.450001,38.759998,38.84,2318200,37.312714
"586",38.669998,39.150002,38.43,38.990002,1816900,37.456821
"587",39.220001,39.5,39,39.48,1168200,37.927547
"588",38.610001,38.990002,38.52,38.619999,1629800,37.101368
"589",38.16,38.209999,37.540001,37.900002,1873700,36.409687
"590",37.799999,37.830002,37.380001,37.540001,1489000,36.063839
"591",37.18,37.869999,36.990002,37.709999,1362800,36.22715
"592",37.549999,38.139999,37.060001,37.970001,1409500,36.476925
"593",37.200001,37.389999,36.650002,36.779999,1279100,35.333721
"594",36.810001,37.09,36.369999,36.77,1403500,35.324116
"595",36.459999,36.950001,36.330002,36.75,1156800,35.304905
"596",36.959999,36.959999,36.57,36.610001,1320200,35.170406
"597",36.27,36.389999,35.93,36.009998,1610000,34.593998
"598",35.720001,35.970001,35.509998,35.700001,1476000,34.296192
"599",35.939999,36.610001,35.91,36.610001,2929800,35.170406
"600",36.290001,36.669998,36.099998,36.34,1454500,34.911018
"601",35.869999,35.98,35.279999,35.599998,2661600,34.200123
"602",35.919998,36.299999,35.66,36.25,1336100,34.824566
"603",36.380001,36.380001,35.330002,35.349998,2573800,33.959949
"604",35.209999,35.66,35.150002,35.509998,2541100,34.113663
"605",35.57,35.889999,35.259998,35.5,1040100,34.10405
"606",34.990002,35.07,34.720001,34.82,1594900,33.450787
"607",34.849998,35.759998,34.830002,35.380001,2419600,33.988773
"608",35.830002,36.43,35.75,36.349998,2118300,34.920628
"609",36.369999,36.560001,35.950001,36.209999,1799600,34.786133
"610",36.240002,36.509998,35.790001,36.110001,941900,34.690067
"611",36.32,36.57,35.98,36.439999,757300,35.007092
"612",36.59,36.939999,36.200001,36.209999,1126800,34.786133
"613",36.59,36.689999,35.450001,35.490002,1426700,34.094452
"614",35.439999,35.66,35.099998,35.360001,1027800,33.969563
"615",35.529999,36.080002,35.5,36.07,965600,34.651634
"616",35.939999,35.939999,35.380001,35.619999,1649600,34.219334
"617",35.59,35.900002,35.580002,35.720001,1073600,34.315403
"618",36.02,36.650002,35.880001,36.16,1431500,34.738098
"619",36.119999,36.490002,35.990002,36.360001,1170800,34.930237
"620",36.959999,37.23,36.639999,37.18,1367900,35.717991
"621",37.220001,37.220001,36.610001,36.610001,2559700,35.170406
"622",36.689999,36.939999,36.509998,36.560001,904300,35.122368
"623",36.560001,36.720001,36.400002,36.48,930600,35.045517
"624",36.490002,36.669998,36.169998,36.189999,1160500,34.766922
"625",36.290001,36.580002,36.139999,36.490002,1750000,35.055119
"626",36.560001,37.259998,36.32,37.200001,2028100,35.737206
"627",37.610001,37.700001,37.040001,37.400002,970800,35.929348
"628",37.419998,37.639999,37.080002,37.639999,1232000,36.159897
"629",37.740002,38.27,37.580002,38.259998,980400,36.755524
"630",37.830002,38.189999,37.48,38.18,1316600,36.678665
"631",38,38.200001,37.650002,37.709999,1434300,36.22715
"632",37.43,37.610001,36.869999,36.970001,1782500,35.516247
"633",37.189999,37.48,36.810001,36.810001,1183600,35.362541
"634",36.75,37.139999,36.580002,37.040001,956700,35.583508
"635",37.299999,37.970001,37.169998,37.959999,1071200,36.467323
"636",38.040001,38.130001,37.580002,38.049999,1001100,36.553783
"637",37.990002,38.57,37.84,38.490002,1590300,36.976482
"638",38.450001,38.450001,37.639999,37.669998,1403300,36.188725
"639",37.400002,37.459999,36.939999,37.09,1361300,35.802608
"640",37.220001,37.779999,36.610001,37.380001,1123000,36.082542
"641",37.41,37.759998,37.41,37.599998,1147100,36.294907
"642",39.02,39.389999,38.119999,39.32,2710200,37.955204
"643",39.139999,39.619999,38.970001,39.279999,2002800,37.916592
"644",39.290001,39.470001,38.849998,39.049999,2405600,37.694576
"645",39.040001,39.32,38.75,39.209999,1067800,37.849022
"646",39.209999,39.259998,38.849998,38.950001,1895200,37.598049
"647",38.720001,39.049999,38.560001,38.939999,1212900,37.588398
"648",38.939999,39.09,38.610001,38.810001,2535100,37.462906
"649",38.779999,39.119999,38.400002,38.669998,2464000,37.327763
"650",38.400002,38.41,37.23,37.25,1845700,35.957054
"651",36.59,36.68,35.849998,36.07,1806700,34.818005
"652",36.240002,36.650002,35.880001,36.599998,2362500,35.329613
"653",36.110001,36.880001,35.66,36.630001,1657600,35.358574
"654",36.900002,37.529999,36.779999,37.41,1402500,36.111496
"655",37.200001,37.23,36.540001,36.849998,821700,35.57093
"656",36.57,36.66,36.310001,36.360001,956700,35.09795
"657",36.349998,37.380001,36.119999,37.07,909100,35.783298
"658",36.490002,36.57,35.549999,35.580002,1265500,34.34502
"659",35.560001,35.720001,35.16,35.43,1214100,34.200233
"660",35.689999,36.209999,35.540001,36.18,1190400,34.924194
"661",36.740002,36.889999,36.540001,36.73,723900,35.455097
"662",36.669998,36.790001,36.259998,36.34,1615900,35.07864
"663",36.759998,36.849998,36.419998,36.529999,740700,35.262047
"664",36.630001,36.810001,36.310001,36.360001,815500,35.09795
"665",36.18,36.32,34.98,35.130001,973900,33.910641
"666",35.580002,35.580002,34.84,35.189999,919300,33.968555
"667",35.330002,35.509998,34.689999,34.73,1004200,33.524521
"668",34.630001,35.349998,34.5,35.200001,861300,33.978218
"669",35.669998,35.950001,35.59,35.91,708300,34.663563
"670",36.259998,36.349998,35.790001,35.919998,908500,34.673222
"671",35.599998,35.689999,34.720001,34.919998,1144900,33.707924
"672",35.23,35.599998,35.18,35.5,863600,34.267799
"673",36.02,36.48,36.02,36.23,1394800,34.972454
"674",36.41,36.630001,36.209999,36.32,1080500,35.05933
"675",36.529999,36.889999,36.330002,36.860001,1359600,35.580589
"676",36.91,38.02,36.880001,37.950001,1047200,36.632759
"677",38.080002,38.09,37.400002,38.09,1049700,36.767899
"678",38.119999,38.189999,37.529999,37.75,887100,36.439693
"679",38.119999,38.330002,37.59,37.84,1116600,36.526577
"680",37.57,37.919998,37.57,37.66,966100,36.352818
"681",37.380001,37.990002,37,37.93,1244500,36.613453
"682",37.779999,38.130001,37.759998,38.119999,1412500,36.796856
"683",38.169998,38.27,37.57,37.619999,953800,36.314213
"684",37.720001,37.849998,36.540001,36.630001,2936000,35.358574
"685",36.259998,37.23,36.259998,36.98,860600,35.696426
"686",37.080002,37.450001,36.639999,36.77,1285600,35.493713
"687",36.709999,37.450001,36.709999,37.380001,1002500,36.082542
"688",37.299999,37.41,37.040001,37.25,543300,35.957054
"689",37.450001,37.740002,37.290001,37.66,697900,36.352818
"690",37.790001,37.950001,37.57,37.799999,1062900,36.487961
"691",38.009998,38.220001,36.619999,36.720001,784300,35.44545
"692",36.310001,36.330002,35.490002,35.689999,807800,34.451202
"693",35.540001,36.119999,35.009998,36.110001,754700,34.856628
"694",36.07,36.580002,35.950001,36.549999,754400,35.281353
"695",36.389999,36.48,36.099998,36.130001,560000,34.875931
"696",35.73,35.73,35.150002,35.16,1237900,33.939594
"697",35.490002,35.73,35.049999,35.59,1034300,34.354675
"698",35.599998,36.48,35.540001,36.130001,950500,34.875931
"699",36.68,37.790001,36.68,37.360001,906500,36.063232
"700",37.200001,37.349998,36.84,37.169998,775300,35.879826
"701",37.380001,37.889999,37.130001,37.810001,786300,36.497616
"702",37.810001,38.200001,37.619999,37.82,1193800,36.507271
"703",38.029999,38.66,37.950001,38.459999,1175200,37.302589
"704",38.360001,38.650002,38.240002,38.549999,1664500,37.389881
"705",38.799999,39.119999,38.790001,39,1225100,37.826344
"706",38.98,39.580002,38.77,39.389999,1307800,38.204609
"707",39.82,41.830002,39.689999,41.470001,2487800,40.222015
"708",41.73,42,41.369999,41.599998,1463500,40.348091
"709",41.66,41.779999,41.200001,41.240002,1724500,39.998928
"710",41.400002,41.790001,41.23,41.549999,1169200,40.299603
"711",41.27,41.950001,41.27,41.799999,1062100,40.542076
"712",41.669998,41.93,41.52,41.790001,1088000,40.532379
"713",41.669998,41.669998,40.900002,41.470001,1702200,40.222015
"714",41.860001,42.43,41.810001,42.400002,1024400,41.124023
"715",42.75,42.950001,42.490002,42.75,903800,41.46349
"716",42.77,43.18,42.73,43.150002,1139000,41.851452
"717",43.040001,43.060001,42.689999,42.93,928800,41.638073
"718",43.34,43.439999,43.049999,43.150002,1008800,41.851452
"719",43.07,43.419998,42.950001,43.369999,1016600,42.064823
"720",42.869999,43.279999,42.82,43.130001,611000,41.83205
"721",43,43.259998,42.939999,43.139999,1013700,41.841755
"722",42.799999,43.200001,42.669998,43.049999,793200,41.754467
"723",42.919998,43.189999,42.810001,43.09,883600,41.793262
"724",43.52,43.560001,43.209999,43.48,644600,42.171524
"725",43.27,43.52,43.060001,43.369999,881000,42.064823
"726",43.549999,43.549999,43.110001,43.299999,775400,41.996941
"727",43.25,43.41,42.959999,43.18,688200,41.880547
"728",43.330002,43.48,43.16,43.360001,734000,42.055134
"729",43.52,43.799999,43.200001,43.73,715800,42.414001
"730",43.84,44.25,43.68,44.02,974200,42.695274
"731",44.200001,44.5,43.84,44.450001,1141300,43.112328
"732",44.450001,44.450001,44.119999,44.34,632300,43.005634
"733",44.380001,44.459999,44.150002,44.349998,439800,43.015335
"734",44.23,44.619999,43.779999,43.790001,981100,42.472195
"735",43.32,43.790001,43.150002,43.619999,1187500,42.307304
"736",43.970001,44.490002,43.860001,43.959999,1035800,42.637077
"737",44.189999,44.470001,43.93,44.459999,674900,43.122025
"738",44.990002,45.029999,44.779999,44.790001,599600,43.442101
"739",45.200001,45.459999,44.939999,45.049999,1504600,43.694279
"740",45.150002,45.66,44.84,45.16,1155600,43.800964
"741",45.32,45.580002,45.09,45.5,533500,44.130733
"742",45.66,46.23,45.32,45.970001,784200,44.586582
"743",46.02,46.450001,45.57,45.849998,675700,44.470192
"744",46.25,46.450001,45.73,45.919998,690400,44.538086
"745",45.5,45.599998,45.130001,45.380001,1153400,44.014343
"746",45.400002,45.700001,45.259998,45.509998,780600,44.140427
"747",45.700001,45.73,45.330002,45.450001,888700,44.082241
"748",45.540001,45.73,45.41,45.509998,2037400,44.140427
"749",45.860001,46.09,45.400002,45.919998,792600,44.538086
"750",45.889999,46.060001,45.720001,45.91,189200,44.528393
"751",45.990002,46.009998,45.560001,45.880001,351100,44.499298
"752",46.130001,46.130001,45.68,45.779999,471500,44.402302
"753",45.889999,46,45.540001,45.82,650700,44.441097
"754",45.91,46.119999,45.610001,45.869999,661900,44.48959
"755",46.080002,46.43,45.799999,46.419998,791000,45.023041
"756",45.57,46.040001,45.57,45.98,1023700,44.596291
"757",45.599998,45.889999,45.360001,45.66,794100,44.285919
"758",45.66,45.689999,45.18,45.259998,1009300,43.897953
"759",45.470001,45.830002,45.169998,45.43,941000,44.062836
"760",45.650002,45.759998,45.490002,45.700001,527500,44.324711
"761",45.790001,45.889999,45.119999,45.259998,764400,43.897953
"762",45.400002,45.990002,45.25,45.950001,1026700,44.567184
"763",45.860001,45.919998,45.48,45.580002,726700,44.208321
"764",45.540001,45.919998,45.540001,45.84,764600,44.460495
"765",46.439999,47.16,46.34,46.709999,1097200,45.304314
"766",46.919998,47.43,46.849998,47.290001,1171900,45.866863
"767",47.049999,47.09,46.509998,46.720001,1089600,45.314018
"768",47.07,47.189999,46.34,46.459999,899600,45.06184
"769",46.02,46.779999,45.599998,46.779999,1115400,45.558525
"770",46.790001,46.860001,45.970001,46.200001,747600,44.993664
"771",45.209999,45.450001,44.650002,44.880001,2189800,43.708134
"772",44.990002,45.330002,43.880001,44.279999,2019500,43.123798
"773",44.650002,44.650002,43.650002,43.720001,1445400,42.578426
"774",43.299999,44.290001,43.299999,44.27,1344100,43.114067
"775",43.970001,44.25,42.77,42.93,3088900,41.809052
"776",43.380001,44.029999,43.060001,43.360001,1096800,42.227825
"777",44.200001,44.5,43.869999,43.93,1304100,42.782936
"778",44.619999,44.720001,44.330002,44.68,1493500,43.513359
"779",44.779999,44.799999,44.080002,44.349998,902200,43.191971
"780",43.919998,44.09,43.619999,43.639999,878900,42.500515
"781",43.48,43.919998,43.299999,43.84,1068600,42.695293
"782",44.009998,44.5,43.900002,44.27,697500,43.114067
"783",44.48,44.759998,44.18,44.720001,863400,43.552315
"784",44.57,44.669998,44.27,44.639999,860200,43.474407
"785",44.639999,44.790001,44.040001,44.240002,1141800,43.084846
"786",43.98,44.200001,43.09,43.459999,1079300,42.325207
"787",43.610001,43.849998,43.48,43.689999,620600,42.549202
"788",43.509998,44.610001,43.450001,44.549999,1072200,43.386749
"789",44.18,44.799999,43.799999,44.560001,1218800,43.396496
"790",43.25,43.849998,43.029999,43.59,1021500,42.451817
"791",43.75,43.75,42.369999,42.41,1926700,41.302628
"792",42.860001,43,41.790001,41.849998,1218100,40.757248
"793",40.93,41.509998,39.610001,39.610001,1523200,38.575745
"794",38.310001,39.41,37.389999,39.389999,2165300,38.361488
"795",39.470001,41.139999,39.040001,41.080002,1606100,40.007355
"796",40.84,42.009998,39.439999,39.470001,1830700,38.4394
"797",40.23,40.939999,39.759998,40.880001,1755700,39.812584
"798",39.459999,39.970001,38.560001,38.68,1815100,37.670021
"799",37.34,38.779999,37.18,38.279999,1729400,37.280468
"800",35.91,38.040001,35.290001,35.689999,1856100,34.758095
"801",36.779999,37.700001,35.740002,37.619999,2139600,36.637703
"802",36.349998,37.34,35.950001,36.400002,1774100,35.449554
"803",33.330002,35.77,33.16,33.669998,2103600,32.790836
"804",35.439999,35.939999,32.830002,35.810001,1433000,34.874962
"805",31.98,32.779999,30.23,30.379999,1386500,29.586744
"806",31.129999,31.4,29.280001,30.389999,1657400,29.596483
"807",28.389999,28.959999,24.360001,25.6,1739100,24.931557
"808",25.34,25.620001,23.32,24.48,1771600,23.840799
"809",25,25.85,23.59,23.780001,2519300,23.159079
"810",23.48,23.66,22.01,22.85,1304700,22.253359
"811",24.049999,27.25,23.799999,27.01,1875200,26.304739
"812",27.17,29.67,26.139999,29.01,1543200,28.252518
"813",29.34,31.01,29.02,30.41,1722000,29.615961
"814",29.85,30.73,29.07,29.93,1766600,29.1485
"815",29.620001,30.34,29.059999,29.629999,1984600,28.856325
"816",29.32,30.5,29.139999,29.76,2499600,28.982933
"817",28.4,28.4,27.02,27.360001,1537600,26.645601
"818",27.120001,29.040001,26.959999,27.74,1554900,27.015678
"819",27.66,28.610001,27.469999,28.370001,1305800,27.629229
"820",29.870001,31.030001,29.870001,30.84,1328100,30.034735
"821",32.259998,32.630001,31.26,31.299999,924900,30.482723
"822",31.16,32.91,31.049999,32.689999,977800,31.836428
"823",33.220001,34.110001,32.529999,32.84,1394200,31.98251
"824",32.639999,32.959999,31.139999,31.459999,806100,30.638544
"825",32.310001,33.16,31.879999,32.209999,1355700,31.368959
"826",31.24,32.73,30.610001,31.120001,2278300,30.307426
"827",30.780001,30.85,29.58,30.48,1409000,29.86648
"828",31.59,32.580002,31.360001,31.66,1153700,31.022728
"829",30.93,31.52,30.559999,31.360001,1154800,30.728767
"830",30.190001,30.530001,29.139999,29.25,1374000,28.661242
"831",30.040001,30.33,29.25,30.040001,1344500,29.435339
"832",30.299999,31.540001,30.15,30.6,1375100,29.984066
"833",30.889999,31.82,30.559999,31.67,1245700,31.032526
"834",32.099998,33.43,32.09,33.18,1009100,32.512142
"835",33.860001,34.75,33.799999,34.459999,1186100,33.766373
"836",35.580002,35.73,34.799999,35.240002,1790800,34.53067
"837",35,36.360001,34.43,34.59,4632900,33.893753
"838",33.939999,34.52,32.990002,33.43,925300,32.757103
"839",33.049999,34.509998,33,34.48,1447700,33.785965
"840",34.68,35.16,33.990002,34.150002,1158400,33.462608
"841",34.360001,34.470001,33.459999,33.540001,823000,32.864895
"842",34.150002,34.720001,34.029999,34.23,952500,33.540997
"843",34.68,35.380001,34.52,35.099998,804000,34.39349
"844",34.630001,34.75,33.959999,34.5,686900,33.805565
"845",34.91,34.91,33.23,33.240002,830200,32.570927
"846",32.970001,33.310001,32.25,32.689999,1268100,32.032001
"847",32.049999,33.41,31.5,33.41,1284100,32.737507
"848",33.310001,33.880001,33.009998,33.490002,865800,32.815899
"849",34.970001,36.099998,34.91,35.66,1111800,34.942215
"850",35.549999,35.98,35.130001,35.220001,726300,34.511078
"851",35.740002,36.32,35.650002,35.91,878100,35.187183
"852",35.799999,36.380001,35.799999,36.220001,867500,35.490944
"853",36.330002,36.509998,36.080002,36.48,638400,35.745708
"854",37.82,39.43,37.740002,39.080002,966900,38.293377
"855",39.970001,40.970001,39.830002,40.259998,1710600,39.449623
"856",40.82,40.830002,39.25,39.32,1764200,38.528545
"857",39.139999,39.650002,38.68,39.139999,2076100,38.352173
"858",39.32,39.869999,38.959999,38.98,1025800,38.195385
"859",39.41,39.849998,38.869999,39.029999,1256100,38.244381
"860",39.669998,40.650002,39.57,40.450001,1525800,39.635799
"861",40.130001,41.119999,39.84,41.09,952100,40.26292
"862",42.779999,43.369999,41.669998,41.860001,1126800,41.017422
"863",42.119999,42.779999,41.720001,42.02,1556600,41.174194
"864",41.259998,41.41,40.23,40.369999,1264500,39.557411
"865",40.299999,40.669998,39.200001,39.900002,1254000,39.096874
"866",38.330002,38.400002,36.77,36.860001,974500,36.118061
"867",38.290001,38.41,36.43,37.5,925600,36.745178
"868",36.330002,38.16,36.029999,37.799999,968600,37.039143
"869",39.540001,39.669998,38.099998,38.810001,1197600,38.028809
"870",38.82,39.16,38.119999,38.240002,1130500,37.470287
"871",37.860001,38.59,37.73,37.919998,901200,37.156727
"872",38.709999,38.959999,37.52,38,1855700,37.235111
"873",37.830002,38.220001,37.279999,38.029999,980900,37.264515
"874",38.57,38.639999,37.52,37.830002,1394800,37.068535
"875",37.419998,37.419998,35.790001,36.290001,1882100,35.559536
"876",36.169998,36.5,35.700001,36.439999,1674400,35.706512
"877",36.200001,36.77,35.610001,35.799999,2469800,35.079403
"878",36.34,37.709999,36.209999,37.369999,1083100,36.617798
"879",37.150002,38.23,37.150002,37.990002,1298000,37.225319
"880",38.119999,38.279999,36.799999,36.91,985900,36.167057
"881",37.470001,38.200001,37,37.419998,771100,36.666786
"882",38.150002,38.32,37.23,37.759998,983500,36.999947
"883",37.450001,37.450001,36.380001,36.470001,1135000,35.735909
"884",36.389999,36.77,35.900002,36.619999,735100,35.882889
"885",40.209999,40.209999,37.900002,38.299999,3049500,37.529076
"886",38.369999,38.970001,38.220001,38.450001,1466000,37.676056
"887",38.799999,39.700001,38.759998,39.209999,1634400,38.420757
"888",39.259998,40.810001,39.049999,40.759998,1436700,39.939556
"889",41.52,42.639999,41.34,42.259998,1496800,41.409367
"890",42.150002,42.950001,41.560001,41.75,1513700,40.90963
"891",42.099998,42.099998,41.279999,41.689999,880400,40.850842
"892",41.509998,41.82,40.98,41.41,748900,40.576477
"893",41.48,42.419998,41.48,42.07,1095100,41.22319
"894",41.830002,42.959999,41.759998,42.810001,1394000,41.948303
"895",42.66,43.18,41.48,42.439999,1993800,41.77113
"896",42.599998,43.009998,42.130001,42.380001,1359700,41.712078
"897",42.5,43.009998,42.349998,42.990002,1557200,42.312469
"898",42.560001,42.91,42.189999,42.25,1514200,41.584126
"899",42.57,43.810001,42.57,43.68,1267200,42.991589
"900",43.169998,43.169998,42.509998,42.740002,1259400,42.06641
"901",43.169998,43.169998,42.02,42.849998,3166900,42.174671
"902",43.18,43.75,43,43.490002,1056300,42.804585
"903",43.18,43.400002,42.830002,43.099998,645400,42.420731
"904",43.43,43.830002,43.310001,43.610001,800500,42.922699
"905",43.529999,43.700001,43.189999,43.360001,890000,42.676636
"906",43.27,44.02,43.27,44.02,830600,43.326233
"907",44.150002,44.540001,43.959999,44.529999,973900,43.82819
"908",45.18,45.830002,44.790001,44.849998,993900,44.14315
"909",45.330002,45.330002,44.740002,45.189999,1131600,44.477787
"910",44.880001,45.389999,44.860001,45.23,1073600,44.517162
"911",44.860001,45.52,44.790001,45.080002,542800,44.369526
"912",45.099998,45.439999,44.98,45.310001,637000,44.595901
"913",45.259998,45.73,45.259998,45.540001,711000,44.822277
"914",45.669998,46.029999,45.330002,45.5,755000,44.782906
"915",45.040001,46.09,44.900002,45.990002,1017000,45.265186
"916",46,46.32,45.75,46.02,841400,45.294712
"917",46.150002,46.700001,46.009998,46.450001,578600,45.717937
"918",46.77,46.77,45.5,46.060001,913400,45.334084
"919",46.150002,46.18,45.68,45.970001,710600,45.245502
"920",46.330002,46.330002,45.330002,45.599998,657900,44.881325
"921",45.599998,45.860001,45.130001,45.84,914800,45.11755
"922",45.73,45.73,44.939999,45.139999,1026100,44.428585
"923",45.189999,45.880001,44.970001,45.580002,843200,44.861645
"924",45.639999,46.279999,45.16,46.209999,700900,45.481716
"925",46.299999,46.369999,44.52,44.900002,879100,44.192364
"926",45.43,45.52,44.610001,44.869999,877200,44.162838
"927",44.580002,44.66,43.599998,43.68,965500,42.991589
"928",44,45.09,43.849998,44.860001,656500,44.152996
"929",44.549999,44.689999,43.200001,43.450001,1149900,42.765217
"930",43.84,44.43,43.459999,43.709999,801000,43.021118
"931",44.73,45.080002,44.049999,44.799999,857200,44.093941
"932",44.939999,45.639999,44.869999,45.110001,766800,44.399055
"933",46.16,46.209999,45.23,45.880001,1623900,45.156918
"934",45.189999,46.639999,44.869999,46.419998,1627100,45.6884
"935",46.66,47.130001,46.220001,46.549999,3165600,45.81636
"936",45.639999,45.849998,44.080002,44.639999,2090800,43.936462
"937",44.66,45.610001,44.32,45.400002,1419900,44.68449
"938",45.419998,46.360001,44.880001,44.93,1426500,44.221889
"939",44.75,45.43,44.130001,44.689999,562000,43.985672
"940",44.27,45.25,44.07,44.959999,736500,44.251419
"941",45.509998,46.299999,45.419998,45.849998,553700,45.127388
"942",46,46.049999,45.459999,45.790001,599000,45.06834
"943",45.990002,46.549999,45.5,45.77,892000,45.048653
"944",46.060001,46.119999,44.82,45.41,848100,44.694324
"945",44.59,46.220001,44.369999,45.91,884000,45.186443
"946",46.48,46.959999,45.830002,46.189999,670700,45.462029
"947",46.27,47.23,46,46.720001,1800900,45.983685
"948",47.16,48.139999,47.080002,48.110001,1430400,47.351768
"949",48.34,48.860001,48.200001,48.830002,1386100,48.060429
"950",49.150002,49.970001,49,49.59,1129900,48.808445
"951",49.709999,50.52,49.709999,50.25,1437100,49.45805
"952",50.07,50.23,49.02,49.32,1038100,48.542706
"953",48.200001,49.860001,48.16,49.439999,852900,48.660809
"954",48.860001,49.810001,48.759998,49.779999,976300,48.995449
"955",50.099998,50.580002,49.740002,49.900002,1668300,49.113564
"956",49.779999,49.889999,48.98,49.259998,1134200,48.483646
"957",50.740002,52.869999,50.110001,51.25,1725700,50.442287
"958",51.610001,52.119999,50.950001,51.18,1343500,50.373386
"959",51.200001,51.82,50.959999,51.68,1073400,51.055042
"960",52.130001,52.240002,51.419998,51.970001,993200,51.341541
"961",51.23,51.369999,49.709999,50.41,823800,49.800407
"962",50.330002,50.450001,49.450001,49.939999,1310500,49.336082
"963",48.950001,49.560001,48.5,49.040001,1127300,48.446972
"964",48.959999,50.130001,48.849998,49.75,1361500,49.148388
"965",49.540001,50.060001,49.09,49.759998,2507200,49.15826
"966",50.529999,51.09,50.34,50.700001,1109300,50.086899
"967",51.560001,53.080002,51.369999,52.810001,1178100,52.171383
"968",52.599998,53.240002,51.580002,51.900002,1164800,51.272385
"969",52.580002,54.369999,52.580002,53.77,1038100,53.11977
"970",53.959999,54.540001,53.610001,54.150002,1230600,53.495178
"971",56.75,58.82,52.689999,52.830002,2433700,52.191143
"972",52.77,54.34,52.610001,53.779999,2081800,53.129646
"973",52,52.869999,50.82,52.09,1910600,51.460087
"974",52.049999,52.509998,50.689999,51.25,1107600,50.630249
"975",51.759998,52.799999,51.580002,52.66,853100,52.023197
"976",53.360001,53.689999,52.869999,53.389999,865900,52.744366
"977",52.630001,53.139999,51.82,52.889999,1362500,52.250412
"978",53.360001,53.439999,52.380001,52.450001,903900,51.815735
"979",52.259998,53.299999,52.09,53.27,640300,52.62582
"980",53.369999,53.459999,52.790001,53.009998,653000,52.368961
"981",53.459999,54.040001,53.040001,53.27,700200,52.62582
"982",53.880001,54.720001,53.290001,54.09,1623800,53.435905
"983",53.900002,53.900002,52.16,52.189999,1254100,51.558876
"984",52.59,53.59,52.310001,53.099998,493400,52.45787
"985",52.560001,53.099998,51.5,51.82,1596300,51.193352
"986",52.349998,52.830002,51.52,51.540001,1100400,50.91674
"987",51.25,51.509998,50.630001,51.380001,1184500,50.758675
"988",50.060001,51.610001,50.029999,50.919998,872000,50.304237
"989",51.290001,51.700001,50.869999,51.18,1104600,50.561089
"990",50.869999,51.169998,50.209999,50.849998,804700,50.235081
"991",50.639999,51.490002,50.330002,51.119999,1155000,50.501816
"992",51.779999,52.700001,51.380001,52.599998,1535400,51.963917
"993",52.259998,52.369999,50.950001,51.119999,872500,50.501816
"994",50.77,51.689999,50.540001,51.459999,743800,50.837704
"995",51.950001,52.099998,51.360001,51.360001,1135900,50.738914
"996",51.73,52.689999,51.73,52.450001,884000,51.815735
"997",52.77,52.82,51.82,51.889999,597400,51.262505
"998",52.220001,52.919998,52.009998,52.77,853600,52.131863
"999",52.880001,53.259998,51.77,52.259998,1653400,51.628036
"1000",51.32,52.580002,50.91,52.439999,804400,51.805851
"1001",52.380001,52.84,52.099998,52.599998,613500,51.963917
"1002",52.84,53.400002,52.34,52.439999,526800,51.805851
"1003",52.73,52.84,52.099998,52.59,187200,51.954044
"1004",53,53.310001,52.360001,52.459999,373200,51.825611
"1005",52.77,52.830002,51.389999,51.790001,556800,51.163715
"1006",52.02,52.849998,51.959999,52.68,472700,52.042953
"1007",52.580002,53.23,52.389999,53.09,493100,52.447998
