"","PSX.Open","PSX.High","PSX.Low","PSX.Close","PSX.Volume","PSX.Adjusted"
"1",87.309998,87.919998,86.650002,86.790001,2257900,71.337959
"2",87.169998,88.260002,87.080002,87.260002,2306900,71.724274
"3",87.260002,88.120003,86.660004,86.739998,2056300,71.29686
"4",86.779999,86.970001,85.279999,85.400002,1989400,70.195427
"5",84.910004,84.910004,83.75,84.019997,2581900,69.061127
"6",84,85.18,83.589996,83.760002,3697700,68.84742
"7",83.910004,85.599998,83.800003,84.889999,3543500,69.776207
"8",85.089996,85.120003,83.510002,84.339996,2169400,69.324165
"9",84.059998,84.160004,83.07,83.290001,2242900,68.46109
"10",83.209999,84.650002,83.080002,83.559998,2379700,68.683029
"11",83.519997,84.510002,83.5,84.129997,1967400,69.151543
"12",83.949997,84.080002,82.68,82.989998,1929600,68.2145
"13",83.489998,84.029999,82.580002,83.040001,2068200,68.255623
"14",83.279999,83.370003,82.019997,82.199997,2033700,67.565163
"15",82.639999,84.459999,82.550003,84.190002,2398500,69.200867
"16",84.709999,85.290001,84.470001,85,1707900,69.866646
"17",85.18,85.339996,84.029999,84.239998,1618200,69.241951
"18",84.010002,84.349998,82.5,82.769997,2099300,68.033676
"19",82.5,82.75,81.690002,82.330002,2375000,67.67202
"20",82,82.370003,81.150002,81.620003,2740200,67.088417
"21",82.110001,82.32,80.360001,80.75,3030200,66.373329
"22",80.93,81.260002,80.230003,81.050003,3386800,66.619904
"23",80.5,81.199997,78.82,79.949997,3672500,65.715736
"24",80,80.190002,79,79.139999,3016700,65.049973
"25",79.099998,79.139999,77.809998,78.550003,3255400,64.565002
"26",78.25,79.019997,77.809998,78.860001,3042800,64.819817
"27",78.860001,79.629997,78.860001,79.25,2596900,65.140373
"28",79.419998,79.980003,79.379997,79.860001,2030700,65.641762
"29",79.860001,80.120003,79.57,79.900002,2111900,65.674652
"30",79.980003,80.099998,79.150002,79.980003,2543900,65.740417
"31",79.730003,80.389999,79.660004,80.080002,2272800,65.822601
"32",79.599998,79.690002,78.400002,78.5,2939200,65.035538
"33",78.489998,79.239998,78.349998,78.660004,2219200,65.168106
"34",79.080002,79.389999,78.760002,79.029999,2833700,65.474632
"35",79,79,78.220001,78.379997,2017500,64.936134
"36",79,79.349998,78.360001,78.610001,1864600,65.126686
"37",78.389999,78.489998,77.690002,78.029999,2225500,64.646156
"38",78.199997,79.190002,78,78.860001,2648400,65.333801
"39",78.779999,79.139999,78.110001,78.190002,3243100,64.778717
"40",78.910004,80.029999,78.879997,79.370003,3204500,65.756325
"41",79.279999,79.349998,78.160004,78.330002,2550400,64.89473
"42",78.5,79.029999,78.18,78.339996,1737700,64.902977
"43",78.160004,78.889999,78.010002,78.720001,1848200,65.217827
"44",78.610001,78.809998,77.389999,77.480003,2679200,64.190491
"45",77.610001,78.309998,77.129997,77.25,2817600,63.999958
"46",77.019997,77.400002,76.279999,76.839996,2684500,63.660271
"47",77.18,78.980003,76.589996,78.860001,5038100,65.333801
"48",78.910004,79.489998,78.709999,79.010002,2178700,65.458084
"49",78.5,78.769997,78.160004,78.510002,2343400,65.043854
"50",78.940002,80.279999,78.940002,80.150002,2411800,66.40255
"51",80.059998,80.099998,79.419998,79.690002,2474600,66.021446
"52",79.860001,80.089996,79.629997,79.940002,2799600,66.228561
"53",79.879997,79.989998,79.099998,79.410004,2285400,65.789459
"54",79.489998,79.779999,78.260002,78.599998,4631300,65.118408
"55",78.300003,78.940002,77.839996,78.830002,3026800,65.308952
"56",78.57,79.190002,78.43,78.480003,2211800,65.018974
"57",78.419998,78.669998,77.120003,77.269997,2359700,64.016525
"58",76.970001,77.790001,76.660004,77.25,2089300,63.999958
"59",77.410004,78.110001,77.080002,77.919998,2388500,64.555031
"60",77.809998,78.5,77.540001,78.32,2282000,64.886421
"61",78.379997,78.849998,77.940002,78.589996,3241500,65.110092
"62",78.489998,79.43,78.410004,79.220001,2744100,65.632065
"63",79.089996,79.220001,78,78.290001,1711600,64.861572
"64",78.5,78.550003,77.669998,78.43,1368100,64.977554
"65",78.739998,79.480003,77.529999,77.57,2867200,64.26506
"66",77.589996,77.650002,76.650002,76.879997,3322400,63.693413
"67",76.959999,77.660004,76.529999,77.150002,2484300,63.917107
"68",77.510002,78.650002,77.5,78.050003,2503900,64.662727
"69",77.809998,77.970001,77.150002,77.879997,2042900,64.521889
"70",78.129997,78.260002,77.260002,77.379997,2006100,64.107658
"71",77.260002,77.690002,76.459999,76.669998,2606600,63.519447
"72",76.660004,77.010002,76.57,77.010002,1548800,63.801113
"73",76.650002,76.989998,75.639999,75.93,2326300,62.906334
"74",75.940002,76.150002,75.139999,75.330002,2511300,62.409283
"75",75.5,76.370003,75.330002,75.75,1682300,62.757225
"76",75.599998,76.589996,75.599998,76.349998,2561100,63.254314
"77",77.120003,77.589996,76.739998,77.510002,2483300,64.215355
"78",77.599998,78.18,77.25,78.080002,2632800,64.687599
"79",77.93,78.889999,77.660004,78.110001,2977500,64.71244
"80",78.010002,78.129997,76.93,78.050003,3001200,64.662727
"81",79.599998,80.940002,79.07,79.559998,5260800,65.913734
"82",79.519997,80.349998,79.32,79.559998,2632700,65.913734
"83",79.93,80.07,79.059998,79.260002,2202900,65.665199
"84",78.910004,79.75,78.739998,79.589996,1946200,65.938583
"85",79.300003,79.300003,78,78.239998,2163800,64.820152
"86",78.330002,79.43,78.32,79.349998,1764000,65.739754
"87",79.07,79.730003,78.790001,79.639999,1867800,65.980011
"88",79.540001,80.110001,79.379997,79.599998,1455800,65.946877
"89",79.769997,80.040001,79.459999,79.75,1690500,66.071144
"90",79.900002,80.019997,79.209999,79.519997,1440400,65.880592
"91",79.470001,79.980003,79.300003,79.790001,1439900,66.104286
"92",80.290001,80.68,79.830002,80.120003,1725800,66.377693
"93",79.440002,79.470001,78.220001,78.540001,2011800,65.642189
"94",78.540001,78.779999,77.629997,77.669998,2208700,64.915062
"95",77.379997,77.940002,76.809998,77.550003,2534400,64.814766
"96",77.660004,78.529999,77.349998,78.25,2293200,65.399811
"97",78.309998,78.790001,78.209999,78.550003,1386600,65.650558
"98",78.75,78.790001,78.089996,78.139999,2977000,65.307877
"99",78.110001,78.610001,77.910004,78.279999,1424900,65.424896
"100",78.510002,78.879997,77.220001,77.419998,2765100,64.706123
"101",77.629997,77.910004,77.150002,77.440002,2300400,64.722839
"102",77.279999,77.68,76.82,77,1920200,64.355103
"103",76.900002,77.230003,76,76.110001,3842300,63.611256
"104",76.379997,76.709999,75.900002,76.620003,2503800,64.037491
"105",76.169998,76.809998,75.849998,76.370003,2150900,63.82856
"106",76.190002,77.230003,76.190002,76.860001,2251900,64.238083
"107",76.690002,77.099998,76.32,77.040001,1707200,64.38855
"108",76.639999,77.160004,76.349998,76.959999,2556000,64.321655
"109",76.959999,77.940002,76.800003,77.400002,2434700,64.689407
"110",77.360001,79.699997,77.300003,79.57,2832800,66.503052
"111",79.57,80.480003,79.57,80.209999,2971200,67.037941
"112",80.290001,80.730003,79.900002,80.629997,1843100,67.388992
"113",80.589996,80.639999,78.75,78.779999,2810800,65.842781
"114",78.610001,79.379997,78.529999,79.080002,2157300,66.093513
"115",79.43,80.980003,79.209999,80.940002,4870900,67.648071
"116",80.989998,81.519997,80.849998,81.239998,2757400,67.898804
"117",80.300003,80.599998,78.910004,79.550003,2299700,66.486351
"118",79.550003,79.769997,78.629997,78.889999,2073900,65.934723
"119",79.019997,79.410004,78.629997,78.910004,1016100,65.951447
"120",78.82,80.370003,78.800003,80.269997,2696600,67.088104
"121",80.279999,80.650002,80.059998,80.239998,1512900,67.063011
"122",80.389999,81.300003,80.239998,80.540001,1653900,67.313759
"123",81,82.129997,80.989998,81.790001,2317500,68.35849
"124",82.099998,82.82,81.790001,81.870003,2514000,68.425346
"125",82.32,83.110001,81.919998,82.690002,2458700,69.11068
"126",82.970001,83.870003,82.919998,83.339996,1076900,69.653938
"127",83.25,83.25,82.150002,82.330002,1974200,68.809799
"128",82.400002,82.599998,81.690002,81.889999,1590800,68.442078
"129",81.919998,82.82,81.550003,82.599998,1710800,69.035461
"130",82.480003,82.870003,82.330002,82.459999,1498700,68.918442
"131",82.279999,82.75,81.910004,82.360001,1365400,68.834877
"132",82.830002,83.099998,81.910004,82.239998,1606000,68.734566
"133",81.940002,82.25,81.110001,81.720001,2318400,68.29998
"134",81.860001,82.349998,81.650002,82.199997,1435800,68.701164
"135",81.919998,82.220001,81.639999,81.809998,1843700,68.375198
"136",82.089996,82.129997,81.510002,81.959999,1339100,68.50058
"137",81.949997,82.940002,81.860001,82.919998,1666200,69.302933
"138",82.970001,83.120003,81.989998,82.360001,1167700,68.834877
"139",82.309998,83.330002,81.980003,82.849998,2190600,69.244423
"140",82.690002,83.019997,82.519997,82.650002,1417900,69.07724
"141",83.209999,84.68,83.209999,84.449997,2335600,70.581665
"142",84.690002,84.720001,83.620003,83.699997,1753700,69.954811
"143",83.529999,84.93,83.339996,84.510002,2188400,70.631798
"144",84.239998,84.650002,83.489998,83.650002,2169400,69.913055
"145",83.879997,84.389999,83.75,83.75,3641500,69.996605
"146",84.040001,85.809998,84,85.629997,2696700,71.567879
"147",85.449997,87.300003,85.379997,86.669998,2952400,72.43708
"148",86.769997,87.120003,85.589996,85.650002,2430100,71.584602
"149",85.690002,86.190002,85.580002,85.599998,2087500,71.542801
"150",85.529999,85.589996,84.879997,85.07,2187200,71.099854
"151",84.839996,85.309998,84.529999,85.019997,1848000,71.058052
"152",85,85.559998,84.32,84.489998,2297100,70.615074
"153",84.419998,84.75,83.480003,83.639999,1850500,69.904686
"154",83.089996,83.800003,82.959999,83.440002,1858200,69.737511
"155",83.599998,84.300003,83.440002,83.879997,1758700,70.10527
"156",83.75,84.080002,83.239998,83.68,1907600,69.93811
"157",83.309998,83.480003,82.760002,83.029999,2138400,69.980263
"158",82.669998,83.010002,80.889999,80.889999,2359100,68.176582
"159",80.800003,82.169998,80.730003,81.559998,2288900,68.74128
"160",81.410004,82.040001,81.139999,81.900002,1686900,69.027847
"161",82.120003,82.599998,81.989998,82.230003,1709100,69.305984
"162",81.970001,82.650002,81.879997,82.360001,1159800,69.415558
"163",82.059998,84.410004,82.059998,83.870003,2463200,70.688232
"164",84.300003,84.839996,83.370003,83.419998,1778600,70.308945
"165",84.110001,84.599998,83.519997,83.650002,2285600,70.502823
"166",83.5,83.989998,83.25,83.5,1696800,70.376396
"167",83.5,83.739998,82.949997,83.599998,1853600,70.460663
"168",83.970001,83.980003,83.120003,83.809998,2446000,70.637657
"169",83.870003,84.610001,83.190002,84.43,2048800,71.16021
"170",84.32,84.400002,82.660004,83.239998,2491400,70.157249
"171",83.639999,83.949997,83.18,83.360001,1885900,70.258385
"172",83.480003,84.199997,83.110001,84.040001,1853200,70.831505
"173",84.029999,85.110001,83.959999,84.699997,1936700,71.387779
"174",84.900002,85.419998,84.43,85.190002,1508900,71.800797
"175",85.199997,85.839996,85.080002,85.730003,1567300,72.255905
"176",85.889999,86.459999,85.519997,86.349998,1748100,72.778442
"177",86.18,86.760002,85.949997,86.239998,2002600,72.68573
"178",86.300003,87.82,86.290001,87.669998,4363600,73.890999
"179",87.610001,88.349998,87.5,88.309998,1815900,74.430397
"180",88.370003,89.309998,88.019997,89.089996,1928600,75.087807
"181",89.029999,89.510002,88.769997,89.07,2279000,75.070961
"182",88.900002,89.709999,88.800003,89.139999,2035700,75.129944
"183",89.139999,90.099998,89.019997,89.889999,2036600,75.762062
"184",89.970001,91.5,89.849998,91.010002,2039700,76.706032
"185",91.150002,91.68,90.910004,91.349998,1986500,76.992599
"186",91.389999,92.080002,90.580002,91.800003,2468200,77.37188
"187",91.980003,92.190002,91.290001,91.790001,2197400,77.363449
"188",91.660004,92.080002,91.349998,91.610001,1947300,77.211746
"189",91.360001,92.669998,91.209999,92.379997,1929500,77.860718
"190",93.800003,94.690002,93.25,93.629997,2606100,78.914253
"191",93.389999,93.709999,92.760002,93.43,2214300,78.745697
"192",93.529999,94.120003,93.099998,93.330002,2046000,78.661407
"193",92.769997,93.330002,92.410004,92.82,1769400,78.23156
"194",93.449997,93.760002,93.040001,93.32,1238700,78.652992
"195",93.660004,94,93.32,93.470001,1109900,78.779404
"196",93.470001,93.949997,92.919998,93.68,1644300,78.956413
"197",93.449997,94.459999,93.330002,94.339996,1692800,79.51265
"198",94.690002,95,94.220001,94.43,1608600,79.588547
"199",93.5,93.790001,90.699997,90.870003,3563000,76.588058
"200",90.690002,91.099998,90.400002,90.629997,2398400,76.385757
"201",90.739998,90.879997,89.900002,90.239998,1942200,76.057053
"202",89.709999,90.580002,89.260002,90.389999,1899800,76.183487
"203",90.790001,91.029999,90.389999,90.800003,2109800,76.52906
"204",90.889999,91.760002,90.699997,91.239998,2036000,76.899887
"205",91.279999,91.889999,90.669998,91.830002,1425700,77.397163
"206",91.82,92.349998,91.230003,91.709999,2187400,77.295998
"207",91.510002,92,90.800003,91.18,1683300,76.849327
"208",91.050003,92.080002,90.199997,91.989998,2082900,77.532021
"209",91.580002,92.32,90.989998,91.019997,1922900,76.714478
"210",90.940002,91.440002,90.290001,91.080002,1442200,76.765053
"211",91.029999,92.650002,90.919998,92.300003,2152200,77.793304
"212",92.209999,93.599998,91.910004,93.459999,1822800,78.770988
"213",93.330002,94.419998,93.059998,93.580002,1868100,78.872116
"214",93.589996,94.949997,93.290001,94.43,1927100,79.588547
"215",94.669998,94.870003,93.949997,94.57,1370900,79.70652
"216",94.519997,94.669998,94.019997,94.550003,2035400,79.689651
"217",93.610001,94.629997,93.610001,94.419998,1532600,79.580101
"218",94.309998,94.510002,93.32,93.660004,1347800,78.93956
"219",93.660004,94.209999,93.199997,93.32,1264000,78.652992
"220",92.589996,93.389999,92.389999,92.830002,1774800,78.240005
"221",92.199997,93.059998,91.449997,92.57,1766000,78.020851
"222",92,92.739998,91.540001,92.459999,2197900,78.521919
"223",92.239998,93.190002,91.970001,92.650002,1340700,78.683273
"224",92.489998,92.980003,92.150002,92.620003,919600,78.657814
"225",92.93,94.040001,92.860001,93.620003,1509100,79.507034
"226",93.669998,93.959999,92.699997,93.290001,1414100,79.226814
"227",93.330002,93.860001,93.290001,93.639999,605700,79.52404
"228",93.540001,93.639999,92.550003,92.809998,2066200,78.81916
"229",93.459999,94.220001,92.839996,94.050003,1584200,79.872223
"230",94.050003,95.040001,94.050003,94.910004,2004100,80.602577
"231",95,97.690002,94.919998,97.559998,3332600,82.853111
"232",97.980003,98.160004,95.349998,97.57,2329600,82.86161
"233",96.989998,99.349998,96.989998,97.529999,1953800,82.827629
"234",97.75,99.349998,97.540001,98.269997,1820200,83.456085
"235",98.120003,98.620003,97.290001,97.589996,1612400,82.878586
"236",97.5,98.290001,97.32,97.860001,1485700,83.107895
"237",98.519997,99.870003,98.199997,99.550003,2360000,84.543114
"238",99.370003,100.25,99.370003,99.720001,1299500,84.6875
"239",99.879997,100.129997,99,99.07,1670400,84.135483
"240",99.330002,100.389999,98.989998,99.989998,1912700,84.916779
"241",99.849998,100.459999,99.550003,99.550003,1455900,84.543114
"242",100,100.410004,99.580002,99.919998,2957300,84.857338
"243",99.919998,100.419998,99.669998,99.980003,1833000,84.908325
"244",100.040001,100.139999,99.07,99.139999,1552300,84.194908
"245",99.650002,100.980003,99.220001,100.720001,2223100,85.536743
"246",100.669998,100.839996,99.910004,100.080002,2359900,84.993225
"247",100.650002,101.279999,100.309998,100.889999,1092600,85.681114
"248",101.139999,101.809998,100.860001,101.639999,900400,86.318062
"249",101.809998,102.43,101.269997,102.059998,1226000,86.674744
"250",102.099998,102.160004,101.419998,101.959999,1258300,86.589813
"251",102.25,102.290001,101.150002,101.150002,1267600,85.901924
"252",101.660004,101.830002,101.07,101.75,1222300,86.411476
"253",101.449997,102.800003,101.410004,102.43,1351700,86.988976
"254",102.400002,102.720001,101.82,102.150002,1110600,86.751167
"255",102.199997,102.349998,101.639999,102.160004,1752500,86.759697
"256",102.5,102.5,101.459999,102.059998,1236500,86.674744
"257",101.900002,102.25,101.370003,101.720001,1537000,86.386009
"258",101.919998,102.410004,101.300003,102.080002,977500,86.691734
"259",102.620003,102.620003,101.510002,102.370003,1358600,86.938019
"260",102.540001,105.089996,102.5,104.970001,1849300,89.146088
"261",104.540001,104.889999,103.169998,103.5,2601200,87.897675
"262",103.949997,106.910004,103.830002,106.160004,2333400,90.156677
"263",106.43,106.43,104.550003,105.290001,1514000,89.417847
"264",105.529999,105.650002,104.82,105.629997,1657500,89.706573
"265",105.589996,106.82,105.389999,106.660004,1348000,90.581314
"266",106.900002,107.339996,106.559998,106.900002,1436500,90.785126
"267",107.220001,107.470001,103.800003,104.629997,1945300,88.857315
"268",105.010002,105.330002,103.970001,104.169998,1864000,88.466675
"269",104.620003,106.919998,104.519997,106.589996,2645100,90.521873
"270",106.120003,106.440002,103.949997,104.25,2563500,88.534615
"271",103.050003,103.690002,101.889999,102.279999,2049800,86.861572
"272",102.599998,102.949997,101.639999,102.400002,3388700,86.963493
"273",102.330002,102.989998,99.669998,100.860001,3243600,85.655632
"274",101.099998,101.099998,96.080002,97.010002,4492300,82.386024
"275",95.82,99.57,93.550003,95.209999,4252500,80.857346
"276",92.879997,97,92.699997,96.879997,2894200,82.275612
"277",96.82,98.089996,95.589996,95.610001,2199700,81.197075
"278",95.489998,95.519997,92.410004,92.440002,2621100,78.504944
"279",93.120003,94.129997,89.139999,92.599998,2679300,78.640816
"280",93.459999,94.769997,92.610001,93.589996,1809000,79.481567
"281",93.239998,94.290001,92.959999,93.760002,1441200,79.625954
"282",93.389999,93.809998,91.32,93.330002,4091300,79.260765
"283",93.980003,94.400002,91.620003,92.769997,2639600,78.785179
"284",91.779999,92.919998,90.949997,91.989998,2220500,78.716736
"285",91.949997,92.580002,90.260002,90.989998,2957100,77.861015
"286",91.059998,91.529999,89.559998,89.580002,2256700,76.654472
"287",90.099998,91.199997,89.589996,90.129997,2905600,77.125114
"288",90.589996,91.860001,90.110001,91.830002,2922000,78.579811
"289",92.620003,93.230003,91.959999,92.519997,3391100,79.170265
"290",92.769997,93.75,92.099998,92.120003,3183100,78.827965
"291",92.949997,93.040001,90.339996,90.370003,3233800,77.330482
"292",90.540001,91.919998,89.5,90.870003,3431900,77.758331
"293",90.07,91.639999,89.790001,91.370003,1903800,78.186188
"294",91.019997,93.220001,90.669998,93.059998,2953300,79.632339
"295",93.550003,94.309998,92.75,93.93,2056500,80.376808
"296",93.029999,95.040001,93.019997,94.220001,1791400,80.624962
"297",94.230003,95.230003,93.550003,95.190002,2101300,81.454994
"298",96,96.290001,95.43,95.910004,1776400,82.071106
"299",95.709999,96.25,94.889999,94.989998,1310600,81.283867
"300",95.110001,96.120003,94.110001,94.550003,1735500,80.907349
"301",94.839996,95.309998,94.010002,94.209999,1607800,80.616402
"302",94.639999,95.18,93.25,94.459999,2688200,80.830338
"303",94.610001,96.019997,94.580002,95.790001,3193400,81.968422
"304",95.139999,95.449997,93.889999,94.400002,1778400,80.778984
"305",94.68,95.900002,94.580002,95.099998,2011800,81.377983
"306",95.339996,96.980003,95.199997,96.150002,1623300,82.276466
"307",95.230003,96.220001,94.5,94.699997,1401500,81.035706
"308",95.120003,96.169998,93.080002,93.389999,1743600,79.914726
"309",94.730003,96.110001,93.989998,96,1618800,82.14814
"310",96.330002,97.290001,95.129997,95.709999,1533100,81.899971
"311",95.769997,96.57,94.209999,94.330002,2399200,80.719093
"312",94.93,96.5,94.870003,95.919998,1553000,82.079681
"313",95.830002,96.209999,93.379997,94.949997,1677600,81.249634
"314",95.400002,96.300003,94.779999,96.18,1511100,82.302155
"315",94.989998,96.230003,92.68,95.989998,2492100,82.139557
"316",96.75,98.260002,96.260002,97.769997,1856800,83.662727
"317",97.459999,97.889999,95.919998,96.970001,2596300,82.978157
"318",97.330002,98.690002,97,97.739998,1401200,83.637062
"319",99.110001,100.860001,98.870003,100.25,1825300,85.784897
"320",99.949997,102.919998,99.949997,102.550003,2247500,87.753021
"321",102.779999,103.279999,101.900002,102.629997,2031600,87.82148
"322",103.279999,104.190002,102.709999,103.739998,1496600,88.771309
"323",104.269997,107.239998,104.169998,106.82,2142000,91.406891
"324",107.339996,108.290001,106.440002,107.860001,2087300,92.296852
"325",108.339996,110.089996,108.309998,108.889999,2488400,93.17823
"326",109.059998,110.849998,108.199997,110.639999,3075300,94.675713
"327",110.410004,111.309998,109.730003,110.989998,3155400,94.975212
"328",110.980003,111.470001,109.790001,111.449997,1958600,95.368835
"329",111.949997,113.269997,108.809998,109.230003,3092900,93.46917
"330",108.57,110.040001,107.519997,109.790001,2043200,93.948357
"331",110.239998,112.889999,109.519997,112.519997,2819500,96.284447
"332",110.760002,111.970001,109.699997,111.339996,2062800,95.274719
"333",111.879997,113.32,111.190002,111.309998,3310300,95.249039
"334",111.669998,111.989998,110.330002,111.849998,3783500,95.711113
"335",111.440002,115.470001,111.349998,114.519997,3452700,97.995857
"336",114.099998,115.610001,112.93,115.589996,3096500,98.911476
"337",115.699997,115.800003,114.440002,115.610001,2526400,98.928589
"338",115.949997,117.989998,115.32,115.410004,2631500,98.757439
"339",115.400002,116.360001,113.690002,116.25,3056800,99.476242
"340",117,118.589996,116.559998,117.5,3148100,100.545876
"341",118.150002,118.389999,117.18,117.959999,1969600,100.939514
"342",118.129997,118.459999,117.370003,117.760002,1851400,100.768364
"343",118.25,119.160004,117.870003,118.290001,2355200,101.221893
"344",118,118.720001,117.480003,118.32,1921700,101.247559
"345",117.919998,118.25,116.139999,118.160004,2034300,101.110657
"346",118.769997,122.379997,118.25,121.870003,3571800,104.285339
"347",121.169998,121.339996,119.629997,120.330002,3423500,103.647911
"348",121,121.599998,120.339996,121.440002,2065000,104.604027
"349",121.470001,121.709999,117.769997,118.75,2780600,102.286957
"350",117.989998,119.440002,117.309998,118.949997,2507700,102.459251
"351",118,119.75,117.389999,118.82,1630700,102.347267
"352",116.959999,117.309998,114.400002,115.599998,1941700,99.573669
"353",116.360001,118.160004,115.699997,116.809998,2961500,100.615929
"354",118.239998,119.760002,117.360001,119.18,3583000,102.657364
"355",119.190002,120.300003,116.43,116.489998,5907100,100.340271
"356",117.389999,119.169998,116.75,119,2757000,102.502319
"357",119.400002,120.800003,118.589996,119.199997,2979100,102.674568
"358",119,119.470001,117.650002,118.830002,2369800,102.355881
"359",118.779999,119.139999,116.209999,116.650002,2413000,100.478104
"360",117.290001,117.870003,116.510002,117.440002,2478300,101.158592
"361",117.120003,117.400002,116.25,116.839996,2220600,100.641762
"362",116.940002,117.800003,115.949997,117.019997,2225200,100.796799
"363",116.699997,116.959999,115.309998,115.550003,2471100,99.530602
"364",115.550003,116.489998,113.839996,115.75,2973000,99.702888
"365",116.610001,117,115.349998,115.550003,2464100,99.530602
"366",115.120003,116.07,113.839996,114.300003,3483900,98.453903
"367",114.25,115.790001,113.940002,114.940002,2654200,99.00518
"368",113.68,115.160004,113.400002,114.580002,1997000,98.695099
"369",115.169998,115.230003,113.279999,114.589996,2317000,98.70369
"370",113.980003,114.5,110.970001,111.449997,2481200,95.999001
"371",113.410004,114.489998,111.82,112.019997,2965800,96.489983
"372",111.940002,112,109.720001,110.449997,1799800,95.137657
"373",110.790001,111.989998,110.650002,110.809998,1878400,95.447739
"374",111.370003,112.470001,110.459999,110.709999,1831700,95.361603
"375",110.760002,112.199997,109.910004,111.739998,1723200,96.24881
"376",112.269997,113.489998,112.080002,112.309998,1928000,96.739799
"377",111.75,112.220001,110.139999,110.610001,2516500,95.275467
"378",111.910004,112.190002,110.080002,110.510002,1248900,95.189323
"379",111.580002,111.720001,109.610001,110.150002,2070800,94.879242
"380",109.699997,111.809998,109.07,111.18,1561300,95.766449
"381",111.550003,112.980003,111.370003,112.589996,1608800,96.980972
"382",113.050003,114.610001,112.82,113.190002,1867900,97.497795
"383",112.529999,112.68,110.160004,110.660004,1433500,95.31855
"384",111.110001,111.550003,109.739998,111.139999,1249300,95.731995
"385",111,112.339996,110.849998,111.809998,1563300,96.309113
"386",111.589996,112.25,111.199997,111.32,1795100,95.887039
"387",111.110001,111.580002,110.190002,111.059998,2062000,95.663071
"388",110.760002,111.489998,109.68,110.900002,2561700,95.525253
"389",110.959999,111.489998,110.449997,110.900002,2333100,95.525253
"390",110.849998,111.220001,110.309998,110.360001,2334800,95.060127
"391",111.029999,111.370003,110.099998,110.440002,1568000,95.129036
"392",110.889999,111.989998,110.459999,111.220001,2163000,95.800903
"393",111.550003,112.589996,111.129997,112.349998,1671100,96.774239
"394",112.480003,116.150002,112.480003,116,3212100,99.918213
"395",117.790001,120.360001,116.769997,118.790001,3715600,102.321419
"396",119.57,122.709999,119.57,122.150002,3985900,105.215614
"397",122.599998,123.879997,122.410004,123.339996,3831100,106.240616
"398",122.550003,123.919998,121.849998,123.010002,2679300,105.956383
"399",122.080002,122.690002,120.800003,122.050003,2627000,105.129463
"400",121.989998,122.419998,120.410004,121.660004,1692000,104.793556
"401",121.720001,123.029999,121.029999,122.540001,1542600,105.551544
"402",122.989998,123.970001,122.400002,122.720001,2058100,105.706589
"403",122.440002,123.089996,121.910004,122.980003,1411600,105.930557
"404",123.089996,123.480003,121.889999,122.18,1897600,105.24144
"405",121.730003,122.75,121.709999,122.589996,1847400,105.594604
"406",122.849998,123.449997,121.5,121.57,1989100,104.716019
"407",121.93,122,120.129997,120.940002,2703100,104.173347
"408",120.089996,120.089996,115.269997,115.379997,3985400,99.384171
"409",115.769997,115.980003,114.839996,114.940002,2747800,99.00518
"410",115.330002,115.720001,114.589996,115.440002,1774000,99.43586
"411",114.690002,116.82,114.400002,116.080002,2461600,100.684875
"412",116.580002,117.800003,115.779999,116.510002,2479700,101.057861
"413",117.029999,117.970001,116.650002,117.019997,3889800,101.500206
"414",116.93,118.410004,116.290001,118.370003,2062700,102.671158
"415",118.610001,120.010002,118.349998,119.25,2959200,103.434448
"416",119.739998,120.370003,119.419998,120.029999,2328800,104.111008
"417",120.25,121.550003,119.629997,119.75,2237200,103.868134
"418",120.050003,121.010002,119.239998,120.440002,1956700,104.466637
"419",120.75,120.889999,118.540001,119.550003,1847300,103.694664
"420",118.910004,119.419998,117.110001,118.510002,2575200,102.792603
"421",118.610001,120.239998,118.269997,118.959999,2477400,103.182899
"422",118.660004,118.660004,117.010002,117.989998,2324700,102.341553
"423",117.529999,118.900002,116.580002,116.699997,1943500,101.222649
"424",116.150002,116.209999,113.419998,114.300003,3032400,99.140961
"425",114.650002,115,113.889999,113.949997,2543800,98.837357
"426",112.120003,113.199997,111.580002,112.550003,3772500,97.623055
"427",113.269997,114.449997,111.660004,112.160004,3762800,97.284767
"428",112.440002,113.389999,111.529999,113.019997,3368500,98.030685
"429",112.970001,114.099998,112.970001,113.599998,2774300,98.533791
"430",113.650002,114.019997,112.739998,112.809998,2773400,97.848557
"431",113.410004,114.059998,113.029999,113.300003,2521000,98.273567
"432",113.120003,113.120003,109.209999,109.360001,2934800,94.856117
"433",109.860001,110.849998,108.849998,110.330002,3175700,95.697464
"434",109.889999,111.949997,109.709999,111.660004,5963200,96.851082
"435",112.199997,113.889999,111.690002,113.459999,2757500,98.412346
"436",113.989998,115.900002,113.809998,114.879997,2819800,99.644012
"437",114.919998,115.040001,113.169998,113.889999,2692800,98.785332
"438",114.25,114.849998,112.839996,112.879997,1943900,97.909271
"439",112,113.629997,111.580002,112.720001,2540000,97.770493
"440",113.25,114.93,113.25,114.480003,2021600,99.297081
"441",114.639999,115.300003,112.739998,114.690002,2884700,99.479218
"442",115.099998,118.580002,114.580002,118.470001,3310000,102.757912
"443",118.349998,118.860001,116.709999,117.699997,2576400,102.090012
"444",117.980003,118.779999,117.139999,118.370003,2572200,102.671158
"445",117.900002,118.470001,117.07,118.139999,2306300,102.47168
"446",118.089996,119.139999,117.110001,117.68,2263600,102.072685
"447",117.75,118.099998,112.940002,113.050003,2576500,98.056725
"448",112.5,112.599998,109.160004,109.459999,3565200,94.942848
"449",110.870003,111.330002,107.900002,109.459999,3078200,94.942848
"450",109.449997,109.510002,107.199997,107.209999,2670600,92.991257
"451",108.190002,109.93,107.949997,109.860001,2644000,95.289795
"452",109.940002,110.650002,108.419998,108.779999,2214700,94.353043
"453",108.010002,110.089996,107.709999,109.120003,1841100,94.647942
"454",105.620003,106.860001,102.080002,102.769997,4013500,89.140106
"455",103.260002,103.800003,101.099998,103.150002,4927100,89.469727
"456",101.089996,101.389999,97.93,99.800003,3292200,86.563995
"457",99.989998,99.989998,95.050003,95.300003,3379100,82.660835
"458",96.760002,99.660004,96.559998,98.489998,4015800,85.42775
"459",101.449997,103.790001,95.300003,99.449997,5267700,86.260429
"460",100.209999,102.029999,97.290001,98.519997,2752000,85.453758
"461",99.379997,102.25,99.370003,102.059998,2554400,88.524269
"462",103.120003,104.599998,102.410004,102.82,2688200,89.183487
"463",102.639999,103.349998,101.199997,102.5,2147700,88.905922
"464",103.050003,103.57,98.529999,99.010002,2726700,85.878792
"465",100.199997,101.150002,99.639999,100.519997,2226600,87.188515
"466",100.519997,100.959999,99.599998,100.879997,2185200,87.500771
"467",102.18,103.480003,101.379997,103.120003,4212300,89.443687
"468",102.739998,103.07,97.889999,98.669998,2989400,85.58387
"469",97.839996,100.339996,97.290001,99.739998,2096700,86.511971
"470",100.389999,100.93,97.519997,97.669998,1677300,84.716492
"471",97.290001,98.239998,94.669998,94.800003,2990200,82.227135
"472",96.480003,97.559998,94.349998,95.599998,2933400,82.921028
"473",95,96.400002,94.57,96.230003,2618000,83.467476
"474",96.290001,97.779999,95.839996,96.610001,3468800,84.499565
"475",96.129997,96.610001,93.720001,94.900002,1987200,83.003922
"476",93.459999,94.440002,92.080002,92.540001,4553500,80.939751
"477",93.190002,94.480003,92.019997,93.650002,2447400,81.910614
"478",91.690002,91.989998,88.989998,89,2169900,77.843506
"479",90.389999,92.190002,90.230003,92.07,3324200,80.528679
"480",91.699997,91.93,90.709999,91.260002,2675900,79.820206
"481",91.82,92.730003,90,92.629997,3525700,81.018471
"482",93,93.830002,92.360001,92.68,2290800,81.062195
"483",92.239998,93.610001,91.580002,93.519997,4393700,81.796913
"484",93.830002,95.949997,90.510002,92.089996,5780700,80.546165
"485",92.629997,93.849998,91.230003,91.400002,3191800,79.942657
"486",89.800003,92.68,89.07,92.599998,4165300,80.992233
"487",93.389999,95.010002,89.879997,90.349998,3880700,79.024277
"488",89.5,90.470001,86.620003,88.839996,2610800,77.703552
"489",89.68,90.620003,87.419998,88.419998,2535900,77.336205
"490",89.839996,90.879997,88.970001,89.25,2570700,78.062164
"491",89.209999,89.860001,87.620003,88.830002,3040700,77.694824
"492",88.32,90.080002,86.470001,86.830002,2867100,75.945526
"493",86.82,87,84.870003,85.860001,4396800,75.097107
"494",86.309998,87.209999,84.290001,84.730003,2708700,74.108772
"495",85.269997,88.199997,84.160004,85.160004,3893400,74.484863
"496",84.379997,86.440002,82.339996,82.779999,4929700,72.403191
"497",82.459999,84,81.639999,82.379997,5015200,72.053337
"498",81.589996,81.75,78.440002,78.5,2322100,68.659737
"499",79.010002,84.25,78.93,84.199997,3493300,73.645203
"500",82.949997,85.870003,82.699997,85.82,2737800,75.062134
"501",86.25,86.879997,84.470001,84.959999,2248900,74.309944
"502",85.43,86.260002,84.610001,86.150002,2580600,75.350777
"503",85.32,88.440002,85,88.120003,3147800,77.073822
"504",88.18,88.459999,85.099998,86.900002,3182000,76.006744
"505",88.449997,91.150002,87.949997,90.839996,3307200,79.45285
"506",90.610001,92.459999,89.559998,91.470001,3474000,80.003883
"507",92.290001,92.57,90.169998,91.389999,2357300,79.933914
"508",92.300003,92.589996,90.32,91.989998,2588600,80.458702
"509",91.75,92.989998,90.370003,92.940002,2323700,81.289612
"510",92.25,93.690002,91.870003,92.690002,2102600,81.070961
"511",91.790001,93.150002,91.32,92.830002,2178600,81.193405
"512",93.459999,93.730003,91.940002,92.449997,1953500,80.861031
"513",92.120003,93.370003,91.860001,92.989998,2316100,81.333344
"514",92.540001,94.129997,92.309998,93.419998,3069200,81.709442
"515",94.32,95.760002,92.900002,95.300003,4014900,83.35379
"516",94.610001,95.400002,92.82,93,4733500,81.342072
"517",93.290001,93.790001,92.209999,92.629997,2542400,81.018471
"518",92.5,93.029999,91.330002,91.330002,3194000,79.881432
"519",92.25,93.620003,91.610001,93.019997,2044800,81.359581
"520",92,93.050003,91.910004,92.5,2349500,80.90477
"521",92.730003,93.690002,91.889999,93.349998,2056500,81.648216
"522",94.040001,95.25,93.650002,94.529999,3093300,82.680298
"523",96.099998,96.599998,95.07,95.410004,4044500,83.449997
"524",95.57,95.949997,93.410004,94.209999,2618100,82.400414
"525",93.800003,94.760002,93.209999,94.760002,2758500,82.88147
"526",94.760002,95.540001,94.400002,95.169998,2849300,83.240074
"527",94.650002,95.440002,94.339996,94.419998,3127800,82.584091
"528",94.410004,95.209999,91.360001,91.739998,5291500,80.240028
"529",94.919998,95.169998,91.720001,93.519997,4248400,81.796913
"530",92.989998,95.349998,92.870003,94.230003,4229500,82.417915
"531",95.25,95.489998,93.910004,94,2486000,82.216736
"532",94.269997,96.330002,94.089996,96.120003,2627100,84.070992
"533",95.57,96.230003,95.089996,95.650002,2701500,83.659904
"534",96,96.75,95.209999,95.989998,2647300,84.665413
"535",95.440002,96.959999,95.389999,96.75,2108000,85.335754
"536",96.75,98.129997,96.07,97.449997,3586900,85.953163
"537",97.279999,98.269997,96.400002,96.809998,2054000,85.388687
"538",97.779999,98.099998,97,97.360001,2102500,85.873779
"539",97.150002,97.699997,97.010002,97.290001,1661000,85.81205
"540",97.330002,98.290001,97.18,97.839996,2274400,86.29715
"541",98.099998,98.839996,97.330002,97.639999,1881900,86.12075
"542",97.93,98.059998,95.940002,96.360001,2351200,84.99176
"543",96.82,97.860001,96.459999,97.480003,2879000,85.979637
"544",98.410004,98.410004,95.650002,97.279999,2386200,85.80323
"545",97.470001,97.889999,96.82,97.459999,2511900,85.96199
"546",97.459999,98.760002,97.040001,97.599998,2644600,86.085472
"547",97.580002,97.709999,95.889999,96.449997,3638000,85.071144
"548",95.260002,95.449997,93.839996,94.309998,3334100,83.183624
"549",95.139999,96.800003,94.82,96.669998,2257400,85.26519
"550",97.040001,98.239998,96.75,97.389999,2362600,85.900238
"551",98.050003,98.349998,97.379997,98.080002,2294500,86.508835
"552",98.25,98.669998,97.650002,98.470001,1663000,86.852837
"553",98,99.800003,97.900002,98.519997,3785800,86.896927
"554",98.599998,99.269997,97.75,98.720001,2530800,87.073334
"555",99.290001,100.410004,98.559998,98.889999,2932600,87.223274
"556",98.639999,99.309998,97.849998,98.18,3292600,86.597046
"557",98.040001,99.139999,97.870003,98.550003,2124000,86.923409
"558",97.720001,97.980003,95.480003,95.980003,1856900,84.656601
"559",95.760002,95.970001,94.93,95.860001,1357500,84.550751
"560",96.660004,98.309998,96.660004,98.019997,2284700,86.455917
"561",97.75,98.290001,96.970001,97.269997,1657400,85.794403
"562",96.809998,97.269997,95.160004,95.669998,2524800,84.383163
"563",96.610001,96.910004,94.480003,95.169998,2900400,83.942146
"564",96.010002,96.290001,94.660004,95.07,2635300,83.853951
"565",95.339996,95.779999,93.870003,94.519997,2594800,83.368828
"566",94.959999,96.370003,94.830002,95.040001,2096100,83.827499
"567",95.559998,96.870003,94.57,96.860001,2146800,85.432762
"568",96.839996,98.120003,96.330002,97.790001,2705200,86.253067
"569",97.879997,98.860001,97.209999,98.300003,2332400,86.702896
"570",97.639999,98.239998,96.959999,97.370003,2352800,85.882607
"571",97.900002,99.339996,97.639999,98.610001,1792100,86.976318
"572",98.769997,99.660004,98.160004,98.510002,1486200,86.888107
"573",99.559998,99.730003,96.959999,97.169998,2223700,85.7062
"574",96.839996,97.160004,96.040001,96.239998,1934400,84.88591
"575",96.150002,96.360001,94.620003,95.980003,1829600,84.656601
"576",96.660004,97.209999,95.940002,96.459999,1591600,85.079964
"577",96.459999,96.75,94.849998,95.419998,2400100,84.162651
"578",96.190002,97.379997,95.830002,97.139999,1927300,85.679741
"579",97.379997,97.919998,96.589996,97.400002,2461000,85.909058
"580",97.360001,97.360001,94.040001,94.279999,2974100,83.15715
"581",94.150002,96.040001,93.529999,95.220001,2745400,83.986252
"582",94.849998,95.529999,94,94.919998,2091500,83.721642
"583",95.25,95.919998,94.879997,95.360001,2651200,84.109734
"584",95.5,96.639999,93.650002,94.269997,3303300,83.148331
"585",94.25,94.889999,91.779999,91.839996,3350700,81.00502
"586",91.75,91.959999,88.870003,89.099998,3708800,78.588272
"587",89.889999,90.57,89.529999,89.559998,2811100,78.994011
"588",88.32,88.699997,86.980003,87.029999,3427500,76.762482
"589",86.400002,86.660004,84.849998,86.550003,3421700,76.339119
"590",86.669998,87,85.480003,85.900002,3095300,75.7658
"591",85.459999,86.059998,83.720001,85.75,3393700,75.633492
"592",85.760002,87.120003,84.550003,86.650002,3094900,76.427307
"593",85.599998,86.610001,84.730003,85.790001,3065600,75.668785
"594",86.139999,87.400002,86.050003,86.919998,2450300,76.665459
"595",86.709999,87.650002,86.150002,87.300003,2059900,77.000633
"596",87.5,88.769997,87.5,88.300003,2645700,77.882668
"597",86.559998,86.739998,84.720001,84.809998,2562400,75.574684
"598",84.629997,85.669998,84.300003,84.519997,2106500,75.316254
"599",84.699997,86.599998,84.68,86.160004,2722600,76.777679
"600",85.730003,86.290001,85.300003,85.599998,2111600,76.278664
"601",84.300003,84.349998,82.010002,82.269997,3020000,73.311279
"602",83.010002,83.720001,82.239998,82.940002,2661600,73.908325
"603",82.93,83.260002,82.360001,82.519997,3105100,73.534058
"604",81.760002,82.790001,81.550003,82.75,2232000,73.739014
"605",82.419998,83.019997,81.330002,82.059998,2449600,73.124153
"606",80.739998,81.769997,80.239998,80.800003,2785000,72.00135
"607",80.919998,82.269997,80.599998,82.199997,3144800,73.248901
"608",83.169998,84.239998,83.129997,84.120003,2781800,74.959824
"609",84.669998,84.879997,82.800003,84.830002,3097000,75.592506
"610",84.769997,85.949997,83.919998,84.900002,2837200,75.654884
"611",85.349998,85.940002,84.480003,85.519997,2623700,76.207375
"612",85.800003,86.769997,85.669998,85.900002,3026700,76.545998
"613",86.559998,87.190002,84.709999,84.709999,2736700,75.485588
"614",84.339996,85.410004,82.940002,83.25,3232800,74.184578
"615",84.089996,85.739998,84.019997,85.239998,3029700,75.95787
"616",85.220001,85.879997,84.599998,85.589996,1830500,76.269745
"617",85.489998,86.489998,85.489998,85.910004,2003400,76.554909
"618",86.339996,87.709999,86.339996,86.800003,2336600,77.347992
"619",86.919998,87.980003,86.349998,87.599998,2901700,78.060867
"620",89.07,91.279999,88.599998,90.830002,4082600,80.939148
"621",91.400002,91.919998,90,90.580002,6129800,80.716377
"622",90.360001,91.239998,89.339996,89.760002,2360800,79.985657
"623",89.419998,90.599998,89.059998,89.830002,3343800,80.04805
"624",91,93.510002,90.529999,92.760002,3816200,82.658989
"625",92.660004,92.949997,91.540001,91.75,2086400,81.758972
"626",92.129997,93.639999,92.010002,93.540001,4442600,83.354034
"627",94.860001,95.330002,93.620003,94.059998,2668700,83.817421
"628",93.720001,96.150002,93.059998,95.720001,4112200,85.296646
"629",96,97.040001,95.860001,97.019997,2035500,86.455093
"630",96.68,97.349998,95.68,96.800003,1956000,86.259048
"631",96.550003,98.540001,96.550003,96.959999,3044500,86.401627
"632",96.989998,98.339996,96.589996,97.720001,2369900,87.078857
"633",98.220001,98.959999,97.510002,98.110001,1954600,87.426407
"634",98.660004,99.650002,97.959999,99.589996,2446600,88.745232
"635",99.25,100.650002,99.25,100.330002,1842400,89.404655
"636",100.349998,101.150002,99.389999,101.010002,3089500,90.010612
"637",101,101.769997,99.809998,101.379997,2625600,90.340324
"638",101.389999,102.040001,100.279999,100.790001,2254400,89.81456
"639",100.199997,101.93,99.830002,101.919998,2468000,90.821503
"640",102.330002,102.870003,101.800003,101.959999,3972900,90.857155
"641",102.610001,103.150002,101.529999,102.550003,1966800,91.382912
"642",103,103.260002,101.980003,102.32,1873800,91.177956
"643",102.040001,102.82,101.360001,102.419998,2924400,91.267052
"644",102.709999,102.839996,99.980003,101.57,3649000,90.509613
"645",102.349998,102.639999,100.470001,102.32,2267300,91.177956
"646",101.910004,103.220001,101.330002,102.809998,2275200,91.614594
"647",102.360001,103.650002,101.589996,103.610001,1465900,92.327469
"648",103.629997,104.459999,101.480003,102.559998,2415900,91.391823
"649",101.949997,103.599998,101.410004,101.989998,2153200,90.883888
"650",101.760002,101.900002,99.43,99.519997,2075600,88.682846
"651",97.900002,98.349998,94.989998,95.639999,3034800,85.225365
"652",96.559998,97.540001,96.040001,97.410004,2164500,86.802635
"653",95.629997,97.730003,95.059998,97.330002,2349800,86.731339
"654",98.309998,100.739998,97.879997,100.709999,2311900,89.743286
"655",100.529999,100.959999,99.559998,100.440002,2005600,89.50267
"656",100.07,100.139999,97.809998,98.309998,1967400,87.604622
"657",97.919998,101.150002,97.099998,99.739998,2267800,88.878899
"658",97.610001,98.699997,97.129997,97.529999,2529800,86.909546
"659",97.919998,98.449997,96.379997,97.470001,2089900,86.856094
"660",98.040001,99.099998,97.669998,98.830002,2118400,88.067993
"661",99.290001,99.720001,98.099998,98.760002,2747900,88.814415
"662",98.800003,99.690002,98.059998,98.68,1904500,88.742455
"663",99.610001,100,98.279999,99.300003,1988300,89.300026
"664",99.25,99.93,98.209999,98.459999,1946100,88.544609
"665",97.480003,98.870003,94.730003,95.18,3305100,85.594925
"666",96.029999,96.400002,95.099998,96.309998,1568100,86.611137
"667",96.980003,97.489998,94.349998,94.519997,2586000,85.001381
"668",94.540001,96.860001,94.540001,96.169998,2318100,86.485229
"669",97.110001,98.459999,97.040001,98.120003,2372500,88.238853
"670",98.669998,99.75,98.129997,98.629997,1932500,88.697502
"671",97.279999,99.610001,97.029999,99.470001,2140100,89.452919
"672",100.339996,100.610001,99.110001,99.690002,1664100,89.650757
"673",100.599998,101.5,99.75,99.800003,2668700,89.749672
"674",100.129997,101.379997,99.419998,100.910004,2117500,90.747894
"675",101.550003,102.739998,101.010002,102.169998,2396100,91.880997
"676",102.419998,103.910004,102.25,102.959999,2367200,92.591446
"677",103.290001,104.220001,102.099998,102.470001,1924500,92.150803
"678",101.440002,102.610001,100.699997,102.190002,1868500,91.898979
"679",102.93,103.43,102.089996,102.769997,1688400,92.420578
"680",102.110001,105,102.019997,104.029999,4654400,93.553688
"681",103.730003,103.93,101.959999,102.199997,2464500,91.907982
"682",101.650002,103.150002,101.150002,102.989998,1814700,92.618423
"683",103.470001,103.989998,102.589996,103.080002,1332700,92.699364
"684",103.419998,104.040001,102.870003,103.269997,9381800,92.870224
"685",103.010002,104.82,103.010002,104.260002,2413000,93.760544
"686",104.199997,104.389999,102.330002,103.620003,2599700,93.18499
"687",103.389999,105.519997,102.900002,105.059998,3043400,94.479965
"688",104.629997,105.050003,103.110001,104.559998,1762600,94.030312
"689",104.809998,105.480003,102.980003,103.660004,2297000,93.220963
"690",103.400002,103.949997,102.339996,102.400002,1801600,92.087845
"691",103.160004,103.510002,100.830002,101.029999,1897900,90.855804
"692",100.400002,100.459999,97.199997,98.239998,2066700,88.346756
"693",97.760002,98.889999,96.949997,98.870003,1639800,88.91333
"694",99.269997,100.980003,99.209999,100.860001,2097300,90.702919
"695",101.260002,102.25,100.730003,101.360001,2377200,91.152565
"696",100.879997,101.550003,100.389999,100.82,1904300,90.666946
"697",101.959999,103.57,101.760002,102.709999,1827300,92.366608
"698",103.620003,106.709999,103.449997,106.599998,3782100,95.864876
"699",107,108.199997,106.419998,106.529999,2388900,95.801933
"700",106,107.190002,105.779999,106.650002,1409000,95.909843
"701",106.5,108.120003,106.160004,107.300003,1606400,96.494392
"702",106.790001,107.769997,105.940002,106.260002,1865400,95.559128
"703",107,107.260002,106.389999,107.209999,1767600,96.413437
"704",107,107.980003,106.709999,107.199997,3015900,96.404457
"705",108,108.57,107.57,108.199997,1638800,97.303749
"706",108.690002,109.830002,108.07,108.769997,1571400,97.816345
"707",108.769997,109.199997,108.330002,109,2329600,98.023193
"708",109.510002,110.970001,109.18,110.629997,3471800,99.489037
"709",112.230003,117,111.900002,114.419998,6245900,102.897369
"710",115,118.919998,115,117.25,4706800,105.442375
"711",116.489998,119.779999,116.349998,118.959999,3838400,106.980171
"712",119.220001,119.220001,116.160004,116.449997,2286700,104.722923
"713",116.650002,117.239998,114.900002,116.82,3940600,105.055679
"714",117.629997,118.589996,117.400002,118.400002,2248800,106.47657
"715",119.470001,119.559998,117.610001,118.540001,2031600,106.602486
"716",119,119.889999,117.839996,118.919998,2268900,106.944199
"717",119.18,119.389999,117.760002,118.419998,2130300,106.49456
"718",119.150002,119.790001,118.400002,119.57,2386400,107.52874
"719",118.889999,119.919998,118.099998,119.699997,1577600,107.645645
"720",118.650002,119.82,118.349998,118.410004,1634300,106.485565
"721",118.860001,119.57,117.559998,118.099998,2178400,106.206787
"722",117.349998,118.919998,117.120003,118.43,1542200,106.503532
"723",118.650002,119.580002,118.379997,119.440002,1507500,107.41185
"724",119.209999,119.209999,117.82,118.360001,1636700,107.248734
"725",118.150002,118.669998,117.529999,118.650002,1365000,107.511505
"726",117.860001,118.959999,117.029999,117.419998,2781500,106.396965
"727",117.269997,117.269997,114.440002,116.059998,4337000,105.16465
"728",116.360001,118.68,115.900002,118.370003,2401300,107.257797
"729",118.879997,118.919998,116.199997,116.629997,2261000,105.681129
"730",117,117,115.169998,115.419998,2758900,104.584717
"731",115.529999,115.760002,114.050003,114.330002,4118100,103.597046
"732",114.93,115.32,114.040001,114.690002,2290500,103.923264
"733",114.419998,115.139999,114.169998,114.720001,1105700,103.950447
"734",114.870003,116.059998,114.059998,114.330002,2418300,103.597046
"735",113.68,113.68,112.419998,112.75,4128900,102.165375
"736",113.540001,114,112.43,112.57,2128900,102.002274
"737",112.779999,113.209999,112.169998,112.540001,1688600,101.975098
"738",113.059998,114.32,112.949997,113.559998,2142600,102.899338
"739",113.199997,113.279999,111.849998,111.959999,1585300,101.449547
"740",112.300003,112.57,111.690002,111.93,2215800,101.422356
"741",111.940002,112.650002,111.480003,112.209999,1652500,101.676079
"742",112.129997,113.970001,111.919998,113.730003,1618800,103.053383
"743",113.879997,114.660004,112.699997,112.989998,1621900,102.382843
"744",113.139999,114.629997,112.790001,114.139999,2097700,103.424889
"745",114.160004,114.949997,112.709999,113.029999,2672000,102.41909
"746",113.290001,113.940002,112.589996,113.040001,3074800,102.428154
"747",113.410004,113.620003,112.489998,112.809998,1850500,102.219742
"748",113.790001,114.150002,112.849998,113.349998,4666900,102.709045
"749",113.400002,113.669998,112.209999,112.669998,1937500,102.092888
"750",112.650002,113.239998,112.589996,113.199997,1190800,102.573128
"751",112.57,113.199997,111.849998,112.059998,1147700,101.540161
"752",112.410004,112.410004,110.529999,110.599998,1427500,100.217216
"753",110.5,111.25,110.129997,110.370003,1712000,100.008804
"754",110.220001,111.410004,110.040001,111.410004,1695900,100.951187
"755",112.080002,113.18,111.379997,112.199997,1607900,101.667007
"756",111.25,112.419998,108.190002,108.489998,2236900,98.30529
"757",108.239998,108.440002,107.209999,107.809998,3917100,97.689125
"758",107.129997,108.220001,106.739998,108.139999,2687900,97.988159
"759",108.32,108.440002,103.809998,104.099998,3452600,94.327415
"760",103.379997,105.669998,102.220001,105.620003,3127700,95.70472
"761",105.639999,106.75,104.809998,104.870003,1910700,95.025131
"762",104.919998,106.019997,104.540001,105.300003,2243100,95.414757
"763",105.269997,106.660004,104.989998,106.379997,2753400,96.393379
"764",105.57,105.709999,104.120003,104.889999,2386300,95.043243
"765",105.559998,105.669998,103.650002,103.790001,2568200,94.046509
"766",103.790001,103.949997,102.519997,103.309998,2782000,93.611572
"767",102.5,102.989998,101.910004,102.339996,2102000,92.732643
"768",102.800003,102.989998,101.57,101.860001,2505400,92.297707
"769",101.489998,102.129997,100,102.080002,3520300,92.497047
"770",101.900002,101.989998,99.370003,100.32,2120500,90.902267
"771",98.269997,98.349998,96.620003,96.919998,2472800,87.821449
"772",97.449997,97.900002,96.610001,96.690002,2926900,87.613052
"773",97.18,98.910004,95.550003,95.800003,2395600,86.806602
"774",95.230003,96.550003,94.5,96.410004,2610400,87.359337
"775",94.900002,94.93,90.209999,91.370003,6451000,82.792465
"776",91.290001,91.379997,88.440002,88.970001,4306800,80.617775
"777",90.57,90.860001,88.279999,88.720001,3427900,80.391243
"778",90.370003,93.290001,90.309998,92.639999,3100700,83.943237
"779",92.989998,93.07,90.050003,90.220001,2606100,81.750427
"780",89.970001,90.489998,89.260002,90.330002,2481500,81.850105
"781",89.860001,91.040001,89.620003,90.260002,2171400,81.786667
"782",90.940002,90.980003,89.550003,90.269997,2682900,81.795738
"783",91.589996,92.300003,90.449997,91.139999,2361400,82.584053
"784",91,91.470001,90.169998,90.339996,2727700,81.859146
"785",89.519997,90.230003,88.610001,89.470001,2254900,81.88662
"786",88.709999,89.099998,87.07,88,4542600,80.541222
"787",88.5,88.730003,86.720001,88.360001,2441800,80.870705
"788",88.510002,90.290001,88.410004,90.190002,2905900,82.545593
"789",89.519997,90.160004,88.690002,89.25,2406900,81.685265
"790",86.620003,87.879997,85.93,86.559998,3732700,79.223267
"791",86.830002,87.300003,82.269997,82.809998,4211800,75.791107
"792",83.099998,83.739998,80.279999,80.330002,4156400,73.521317
"793",78.699997,78.739998,74.239998,74.260002,6900500,67.965797
"794",71.699997,75.370003,71.389999,74.860001,7137800,68.514946
"795",75.269997,75.449997,72.220001,75.110001,5279400,68.743759
"796",75.459999,77.580002,72.099998,72.860001,5710300,66.684464
"797",74.019997,74.769997,72.419998,74.629997,4201800,68.304443
"798",72.150002,73.82,71.529999,71.980003,5724800,65.879051
"799",70,71.160004,68.019997,69.300003,6374400,63.426208
"800",62.650002,69.099998,60.200001,62.09,7993800,56.827316
"801",65.949997,66.870003,60.290001,63.360001,7047200,57.989677
"802",61.040001,61.669998,54.119999,55.150002,8448500,50.475548
"803",51.02,51.209999,44.810001,46.400002,11492100,42.467186
"804",50.709999,54.41,46.650002,54.360001,6997200,49.752506
"805",46.77,57.59,45.32,48.27,7192800,44.178684
"806",49.080002,50.73,45.959999,46.669998,6274500,42.714298
"807",44.84,46.93,40.040001,42.970001,6970800,39.327911
"808",43.25,46.639999,41.810001,45.68,4936100,41.808212
"809",47.189999,50.959999,45.360001,48.349998,7605100,44.251907
"810",47.689999,48,41.41,42.09,6075800,38.522491
"811",45.75,46.32,42.400002,45.580002,5476000,41.71669
"812",46.189999,52.900002,43.66,50.5,6516900,46.219673
"813",51.400002,56.740002,51.060001,54.389999,6014400,49.779961
"814",52.080002,54.34,50.049999,52.32,4191500,47.885406
"815",50.669998,54.93,48.689999,54.16,5207900,49.569458
"816",55.709999,56.5,52.049999,53.650002,4743800,49.102688
"817",51.470001,51.849998,49.040001,49.509998,4142800,45.313583
"818",51.5,56.099998,50.060001,51.720001,5169000,47.336269
"819",53,53.349998,50.34,51.619999,3587300,47.244743
"820",54.09,57.93,53.439999,57.419998,5347800,52.553146
"821",60.169998,61.560001,58.009998,58.630001,5281100,53.660583
"822",59.619999,64.199997,59.389999,63.700001,3754800,58.300861
"823",67.110001,67.440002,59.400002,61.52,5316800,56.305637
"824",63.099998,63.799999,60.98,61.560001,3438100,56.342239
"825",61.810001,62.41,60.080002,61.07,3496900,55.893776
"826",58.310001,58.400002,55.060001,56.470001,4093100,51.683666
"827",55.970001,56.389999,53.16,53.529999,4363300,48.992855
"828",54.950001,59.689999,54.639999,59.529999,5601700,54.484299
"829",57,60.279999,56.509998,58.119999,3468500,53.19381
"830",55.509998,58,54.41,56.799999,3287100,51.985691
"831",59.669998,59.869999,57.349998,58.18,3071800,53.248726
"832",60.07,60.639999,58.360001,59.970001,3419800,54.887009
"833",61,61.619999,59.529999,60.529999,3399900,55.399544
"834",60.650002,64.129997,60.169998,63.490002,3234300,58.108662
"835",65.150002,67.669998,64.230003,67.339996,3851900,61.632328
"836",70,73.800003,69.5,73.5,5191400,67.270226
"837",73.510002,75.629997,72.010002,73.169998,5993400,66.968185
"838",70.550003,71.370003,65.260002,66.360001,6626600,60.735405
"839",66.010002,74.410004,65.699997,73.480003,7575800,67.251923
"840",75.5,76.769997,73.910004,75.199997,6934400,68.826134
"841",75.82,76.290001,71.82,71.910004,5972000,65.814987
"842",73.790001,75.629997,72.529999,73.309998,3586900,67.096321
"843",74.629997,77.440002,73.779999,77.059998,3275800,70.528481
"844",76.160004,77.739998,75.849998,76.669998,3441800,70.171539
"845",77.120003,77.370003,73.489998,73.529999,3117400,67.297684
"846",73,73.360001,70.519997,71.029999,3687400,65.009575
"847",69.599998,72.790001,67.870003,71.75,3159700,65.668556
"848",70.470001,71.900002,69.129997,70.93,2830600,65.742691
"849",75,77.739998,74.739998,76.279999,4530900,70.701439
"850",76,76.809998,74.110001,75.220001,3736700,69.718964
"851",76.809998,79.110001,76.650002,78.25,3501500,72.527359
"852",78.650002,79.099998,76.82,77.089996,2299500,71.452202
"853",76.339996,76.839996,75.150002,76.459999,2036100,70.868271
"854",79.160004,79.919998,78.459999,78.970001,2747400,73.19471
"855",80,81.919998,79.110001,81.730003,3328100,75.752861
"856",81.919998,82.029999,78.199997,78.559998,4129200,72.81469
"857",78.330002,79.300003,77.080002,78.260002,4305200,72.536644
"858",78.029999,78.970001,76.309998,78.830002,2470200,73.064949
"859",79.639999,81.730003,79.080002,81.57,3151900,75.604553
"860",82.849998,84.360001,82.639999,83.730003,2562400,77.606598
"861",82.559998,83.639999,81.68,83.129997,2586300,77.050484
"862",86.769997,88.459999,86.150002,87.400002,3767300,81.008202
"863",88.559998,89.790001,87.389999,89.730003,3355700,83.167816
"864",86.559998,86.910004,85.129997,85.669998,3809900,79.404716
"865",85.050003,87.019997,83.410004,84.330002,3201700,78.162727
"866",78.010002,79.849998,74.959999,75,4387200,69.515053
"867",77.730003,79.660004,75.32,77.260002,3025700,71.609764
"868",73.43,76.589996,72.599998,75.599998,4308900,70.071159
"869",78.900002,78.949997,75.18,77.040001,3419100,71.405853
"870",77.040001,77.269997,72.839996,72.879997,3665500,67.550087
"871",72.510002,76.669998,72.099998,76.239998,3760200,70.664368
"872",78,78.410004,74.610001,74.699997,7484400,69.236992
"873",74.099998,74.839996,72.900002,74.400002,2455400,68.958939
"874",74.75,75.459999,74.169998,74.699997,2749700,69.236992
"875",73.5,73.720001,69.32,69.989998,3560200,64.871437
"876",69.419998,71.459999,68.889999,70.07,2655200,64.945602
"877",69.730003,69.75,67.959999,68.07,3797700,63.091858
"878",68.839996,69.760002,67.82,68.660004,2364900,63.638702
"879",68.019997,72.349998,67.260002,71.900002,3502500,66.641754
"880",71.769997,73.349998,68.830002,69.110001,2251700,64.055801
"881",70.269997,70.980003,68.279999,68.419998,2624100,63.416256
"882",69.610001,69.949997,66.279999,68.089996,3592400,63.11039
"883",67.190002,67.25,64.480003,64.610001,3120400,59.884892
"884",64.68,65.559998,63.639999,63.98,3798000,59.300968
"885",64,64.330002,58.919998,58.98,6096200,54.666634
"886",58.73,61.119999,58.720001,61.060001,4247900,56.594521
"887",61.34,61.77,59.5,60.27,3481400,55.862289
"888",59.630001,62.209999,59.400002,61.959999,3423300,57.428696
"889",63.970001,65.720001,62.700001,65.459999,3635500,60.672726
"890",65.07,66.120003,63.869999,64.870003,1857300,60.125885
"891",65.309998,66.160004,63.59,63.84,2122100,59.171204
"892",63.849998,64.559998,62.27,62.330002,2079600,57.771641
"893",63.73,66.900002,63.5,66.419998,3241200,61.562523
"894",65.160004,65.529999,63.91,65.25,2585400,60.478088
"895",64.82,65.699997,63.970001,65.18,2104700,60.413212
"896",65.449997,66.480003,64.75,65.059998,2040600,60.301979
"897",64.75,65.029999,63.599998,64.589996,1826600,59.866356
"898",64.139999,64.959999,63.400002,63.580002,2428300,58.930222
"899",64.160004,65.589996,63.709999,65.580002,2449100,60.783962
"900",64.010002,64.209999,61.299999,63.09,3118400,58.476059
"901",61.369999,63.099998,60.59,62.02,5838600,57.48431
"902",61.310001,62,60.040001,61.119999,4331600,56.650131
"903",60.75,62.330002,60.119999,61.849998,3412600,57.326748
"904",63.119999,63.119999,60.529999,61.959999,4538200,57.428696
"905",61.099998,62.950001,60.68,60.970001,3187800,56.511101
"906",60.599998,62.990002,60.139999,62.869999,2914000,58.272148
"907",63.369999,64.919998,62.900002,64.870003,3387100,60.125885
"908",66.389999,67.470001,63.75,64.110001,3544200,59.421463
"909",65.339996,65.510002,63.810001,64.410004,3442200,59.699524
"910",63.849998,64.290001,62.619999,62.630001,2875500,58.049698
"911",62.099998,63.759998,61.860001,63.66,2638100,59.004372
"912",62.700001,63.139999,62.130001,62.360001,2816100,58.628311
"913",62.259998,62.5,61.09,61.310001,2658800,57.641151
"914",61.5,62.09,60.369999,61.419998,3100800,57.744556
"915",60.759998,61.59,60.619999,60.970001,2598700,57.321487
"916",61,61.779999,60.57,60.970001,3124900,57.321487
"917",61.25,63.68,60.68,63.650002,3011200,59.841114
"918",63.700001,63.950001,61.419998,61.630001,2303900,57.941998
"919",61.419998,61.84,60.009998,60.029999,3003400,56.437737
"920",60.18,60.43,59.07,60.259998,3160200,56.653976
"921",60.349998,62.07,60.349998,61.790001,2469100,58.092419
"922",61.849998,61.919998,58.459999,58.470001,3657000,54.971088
"923",58.380001,59.41,57.709999,58.790001,3194900,55.271946
"924",58.59,60.380001,57.830002,60.049999,4491700,56.456543
"925",60.130001,61.73,59.200001,59.689999,3365700,56.118088
"926",60,60.639999,58.560001,58.98,3420100,55.450573
"927",58.32,59.630001,57.869999,57.959999,4119800,54.491608
"928",58.040001,58.630001,57.16,57.869999,3057100,54.406994
"929",58.16,58.259998,55.349998,55.360001,3100900,52.047199
"930",55.689999,57.419998,54.880001,57.07,3002100,53.654869
"931",57.52,58.919998,57.43,58.369999,2889700,54.877075
"932",58.25,59.540001,57.709999,58.049999,3397700,54.576225
"933",58.75,61.73,58.110001,60.509998,5347700,56.889015
"934",58.82,60.419998,58.759998,60.349998,4187000,56.73859
"935",59.25,60.720001,58.93,59.82,7292400,56.240303
"936",57.919998,58.23,55.580002,55.919998,6187500,52.573685
"937",55.709999,56.82,54.869999,55.360001,4135900,52.047199
"938",55.470001,55.82,52.560001,52.630001,3725300,49.480564
"939",52.299999,53.849998,51.049999,52.849998,2981000,49.687397
"940",52.07,53.279999,51.700001,52.880001,2824300,49.715607
"941",53.939999,54.639999,53.43,53.98,2126600,50.749775
"942",53.759998,53.82,51.759998,52.189999,2464600,49.066898
"943",52.470001,53.049999,51.59,51.84,2670300,48.737839
"944",51.189999,51.599998,49.75,50.279999,4047100,47.271187
"945",48.959999,51.759998,48.82,51.060001,3453200,48.004513
"946",51.830002,53.130001,51.720001,52.549999,2711600,49.40535
"947",53.490002,53.490002,50.939999,51.060001,2926500,48.004513
"948",51.450001,52.18,50.650002,51.93,2621200,48.822449
"949",52.119999,53.66,52.060001,53.639999,2398000,50.430122
"950",54.040001,54.5,52.549999,53.040001,3185700,49.866028
"951",52.66,54.360001,51.93,53.459999,2769000,50.260895
"952",52.869999,53.459999,51.119999,51.27,2885600,48.20195
"953",51.720001,53.360001,51.529999,52.080002,2111400,48.963474
"954",51.049999,52.740002,50.419998,52.509998,3502000,49.367744
"955",52.459999,52.5,50.470001,50.580002,2938700,47.553242
"956",50.91,50.93,48.880001,48.950001,3683200,46.020782
"957",49.369999,50.09,49.080002,49.59,3471300,46.622478
"958",48.880001,49.82,48.66,48.720001,3798400,45.804543
"959",48.68,50.189999,47.549999,50.009998,3408600,47.017345
"960",50.549999,51.439999,49.41,50.48,3291400,47.459225
"961",49.639999,49.650002,47.900002,48.139999,3215000,45.259247
"962",48,48.369999,47.02,47.07,3525700,44.253277
"963",45.73,46.5,44.139999,44.220001,4911700,41.573822
"964",43.619999,46.18,43.27,45.98,4436300,43.228508
"965",45.380001,46.740002,44.91,46.66,4578900,43.867817
"966",47.380001,48.48,46.509998,47.959999,3732600,45.090019
"967",48.619999,49.040001,46.849998,47.52,3287300,44.676353
"968",47.66,49.25,46.610001,47.919998,3709000,45.05241
"969",47.709999,48.91,47.43,48.189999,3211600,45.306252
"970",48.110001,48.889999,46.189999,46.68,3617000,43.886616
"971",52.419998,58.23,52.299999,57.029999,8912800,53.61726
"972",58.689999,58.779999,55.700001,58.139999,5192400,54.660839
"973",58.900002,58.990002,57.689999,58.98,4588500,55.450573
"974",57.68,58.529999,54.599998,54.849998,5068000,51.567715
"975",55.57,59.5,55.5,58.759998,5655700,55.24374
"976",61.189999,63.139999,59.099998,62.619999,6020300,59.788502
"977",61.25,64.43,60.25,64.339996,5370200,61.430733
"978",64.760002,64.849998,60.720001,60.75,4151000,58.003063
"979",60,61.82,59.529999,61.450001,2673700,58.67141
"980",61.299999,62.490002,61.009998,61.59,2651600,58.805077
"981",62.720001,65.919998,62.599998,65.839996,4504300,62.862907
"982",68.150002,68.709999,66.599998,67.720001,4207300,64.657898
"983",66.879997,67.230003,65.769997,66.260002,3755900,63.263916
"984",65.620003,66.25,64.690002,65.230003,1936000,62.280491
"985",64.260002,64.5,60.299999,60.580002,6423000,57.840748
"986",62.779999,64.18,61.529999,61.880001,4021100,59.081963
"987",61.200001,65.279999,61.040001,64.43,4410700,61.516659
"988",64.75,66.900002,63.84,65.019997,2732700,62.079979
"989",66.739998,69.919998,66.519997,69.32,4437500,66.185547
"990",68.32,68.809998,66.32,67.050003,3059500,64.018188
"991",66.059998,69.080002,66.059998,67.389999,3050800,64.342827
"992",68.459999,70.099998,66.980003,68.769997,3602200,65.660416
"993",68.150002,71.699997,68.150002,70.860001,3352600,67.655922
"994",70.199997,70.419998,68.449997,69.510002,2557000,66.366959
"995",69.709999,70.550003,66.860001,67.190002,2816400,64.151863
"996",67.160004,68.690002,66.25,68.25,3028500,65.163933
"997",68.449997,68.5,66.919998,67.290001,3395200,64.247345
"998",67.860001,67.870003,66.400002,67.169998,3162500,64.132767
"999",67.089996,67.519997,66.059998,66.849998,8457000,63.827232
"1000",64.760002,67.260002,63.799999,66.489998,3479200,63.483509
"1001",66.519997,68.18,66.150002,67.510002,3573900,64.457397
"1002",68.379997,69.970001,68.010002,69.360001,2988100,66.223732
"1003",69.190002,69.279999,68.040001,68.730003,1295200,65.622238
"1004",69.440002,70.93,69.040001,69.330002,2442000,66.195099
"1005",69.449997,69.870003,67.779999,68.379997,3847500,65.288048
"1006",68.589996,70.910004,68.489998,70.599998,2906000,67.407669
"1007",70.5,70.739998,69.760002,69.940002,2003500,66.777512
