"","PTC.Open","PTC.High","PTC.Low","PTC.Close","PTC.Volume","PTC.Adjusted"
"1",46.59,47.139999,45.93,46.639999,1415400,46.639999
"2",46.66,47.400002,46.639999,46.849998,1194800,46.849998
"3",46.900002,47.279999,46.57,47.110001,1114100,47.110001
"4",47.150002,48.509998,46.849998,48.25,988500,48.25
"5",48.32,48.959999,47.73,48.779999,1481200,48.779999
"6",48.77,49.740002,48.68,49.470001,1406100,49.470001
"7",49.610001,49.779999,48.48,49.09,1053700,49.09
"8",49.189999,49.5,48.400002,49.310001,1022700,49.310001
"9",49.259998,49.799999,49.119999,49.23,863300,49.23
"10",49.09,49.09,47.080002,47.360001,1778300,47.360001
"11",47.360001,47.759998,46.869999,47.380001,1362300,47.380001
"12",49.5,51.889999,49.330002,50.209999,4845100,50.209999
"13",50.040001,50.470001,49.119999,49.560001,1723500,49.560001
"14",49.669998,50.75,49.669998,50.5,1952500,50.5
"15",50.650002,52.27,50.540001,52.16,1719900,52.16
"16",52.5,53.009998,52.200001,53,1894000,53
"17",53.459999,54.130001,52.52,52.82,1670700,52.82
"18",52.84,53.209999,52.049999,52.23,977300,52.23
"19",52.040001,52.189999,51.099998,52.150002,629100,52.150002
"20",51.759998,52.650002,51.529999,52.57,836800,52.57
"21",52.57,52.959999,51.98,52.189999,1066000,52.189999
"22",52.200001,53.959999,52.060001,53.52,1730200,53.52
"23",53.540001,54.27,53.25,53.970001,1209100,53.970001
"24",53.740002,54.099998,53.5,53.799999,1104800,53.799999
"25",53.880001,54.150002,53.650002,53.82,797900,53.82
"26",53.869999,54.259998,53.5,54.220001,1081800,54.220001
"27",54.200001,55.07,54.029999,54.790001,1221400,54.790001
"28",54.880001,54.990002,53.720001,54.18,850000,54.18
"29",54.5,54.57,53.900002,54.299999,668500,54.299999
"30",54.060001,54.490002,53.720001,54.459999,565200,54.459999
"31",54.139999,54.889999,54.060001,54.700001,1009300,54.700001
"32",54.189999,54.66,53.490002,53.66,1547900,53.66
"33",53.5,54.27,53.439999,54.259998,859900,54.259998
"34",53.990002,55.419998,53.990002,55.369999,1277400,55.369999
"35",55.360001,55.419998,54.689999,54.849998,860300,54.849998
"36",54.849998,55.23,54.450001,54.669998,915600,54.669998
"37",54.330002,55.18,54.07,55.099998,742800,55.099998
"38",55.099998,55.119999,54.59,54.869999,792300,54.869999
"39",54.580002,54.580002,53.84,53.889999,1046100,53.889999
"40",54.759998,55.939999,54.419998,55.75,1196300,55.75
"41",55.700001,55.740002,54.869999,54.950001,717600,54.950001
"42",55.130001,55.720001,54.880001,55.59,1081200,55.59
"43",55.18,55.220001,54.82,54.959999,903800,54.959999
"44",54.84,55.099998,54.59,54.799999,555000,54.799999
"45",54.779999,56.18,54.439999,55.57,1885300,55.57
"46",55.5,55.560001,54.66,54.98,964400,54.98
"47",55.369999,55.43,54.889999,55.220001,551200,55.220001
"48",55.200001,55.830002,55.200001,55.77,697300,55.77
"49",55.529999,55.82,55.240002,55.68,672000,55.68
"50",56.16,56.5,55.77,56.43,878500,56.43
"51",56.720001,56.73,56.080002,56.27,422900,56.27
"52",56.419998,56.650002,55.869999,56.189999,1044900,56.189999
"53",56.43,56.43,55.599998,55.639999,1014900,55.639999
"54",56.02,56.080002,53.48,53.669998,1514200,53.669998
"55",53.650002,54,52.689999,53.599998,2848500,53.599998
"56",53.610001,54.73,50.950001,52.09,8256900,52.09
"57",52.459999,53.060001,51.84,51.939999,3013300,51.939999
"58",51.209999,52.700001,50.68,52.619999,1964200,52.619999
"59",52.669998,53.380001,52.220001,52.720001,1423500,52.720001
"60",52.849998,53.200001,52.580002,53.07,736700,53.07
"61",53.060001,53.23,52.400002,52.470001,907200,52.470001
"62",52.349998,52.700001,51.68,52.549999,1089600,52.549999
"63",52.790001,52.91,51.700001,52.259998,1337900,52.259998
"64",52.130001,52.490002,51.68,51.860001,914100,51.860001
"65",52.110001,52.34,51.220001,51.240002,1360800,51.240002
"66",51.259998,52.099998,51,51.98,905100,51.98
"67",51.990002,52.279999,51.689999,51.889999,537200,51.889999
"68",51.84,52.540001,51.619999,52.18,929000,52.18
"69",52.189999,52.57,51.470001,52.560001,1047300,52.560001
"70",52.369999,53.02,52.060001,52.07,1197100,52.07
"71",51.389999,52.700001,51.389999,51.540001,1158100,51.540001
"72",51.849998,52.470001,51.400002,52.459999,1572200,52.459999
"73",52.459999,53.459999,52.450001,53.23,1655000,53.23
"74",53.220001,53.990002,53.220001,53.689999,2314400,53.689999
"75",54.099998,54.200001,51.880001,52.98,3455000,52.98
"76",52.860001,52.939999,51.73,51.93,1948900,51.93
"77",52.099998,53.41,52.009998,53.349998,1274600,53.349998
"78",53.759998,54.200001,53.130001,53.689999,1115300,53.689999
"79",53.84,54.080002,53.330002,53.880001,765800,53.880001
"80",54.009998,54.32,53.349998,54.080002,606700,54.080002
"81",54.200001,54.23,53.610001,54.049999,898500,54.049999
"82",54.09,54.869999,53.990002,54.82,1032100,54.82
"83",54.790001,55.310001,54.700001,54.740002,1250300,54.740002
"84",54.599998,54.720001,53.52,53.580002,1066800,53.580002
"85",53.939999,54.259998,53.68,53.990002,739600,53.990002
"86",54.18,54.490002,53.939999,54.34,901000,54.34
"87",54.27,54.990002,53.200001,53.330002,1098600,53.330002
"88",53.43,53.93,53.419998,53.82,814700,53.82
"89",53.799999,53.970001,53.080002,53.32,825900,53.32
"90",53.560001,53.849998,52.650002,53.029999,1201000,53.029999
"91",52.990002,53.07,52.490002,52.950001,794600,52.950001
"92",52.98,53.34,52.380001,52.619999,1537800,52.619999
"93",52.459999,53.560001,52.419998,53.52,804800,53.52
"94",52.860001,53.080002,51.57,51.630001,792600,51.630001
"95",51.790001,51.919998,51.02,51.139999,788500,51.139999
"96",51.689999,55.950001,51.540001,55,4179800,55
"97",55.099998,56,54.740002,55.93,1262900,55.93
"98",55.990002,56.509998,55.549999,55.900002,878500,55.900002
"99",56.110001,57.439999,56.110001,57.139999,1621600,57.139999
"100",57.450001,59,57.450001,58.139999,2086200,58.139999
"101",58.200001,58.540001,57.759998,58,976800,58
"102",57.869999,58.16,57.73,57.970001,633900,57.970001
"103",58.02,58.419998,57.540001,57.580002,790700,57.580002
"104",57.849998,58.220001,57.380001,57.790001,1261100,57.790001
"105",57.990002,59.290001,57.75,59.07,1169600,59.07
"106",58.73,59.200001,58.59,58.869999,854700,58.869999
"107",58.66,59.919998,58.040001,59.259998,1278100,59.259998
"108",59.259998,59.509998,58.82,59.220001,791400,59.220001
"109",59.310001,59.799999,58.959999,59.689999,699400,59.689999
"110",59.82,60.150002,55.68,56.990002,1863400,56.990002
"111",56.490002,56.77,54.060001,56.049999,2084300,56.049999
"112",56.669998,57.880001,56.549999,57.869999,1482500,57.869999
"113",57.860001,58.400002,57.18,57.599998,1411100,57.599998
"114",56.720001,57.139999,53.939999,56.970001,1174900,56.970001
"115",56.889999,57.43,56.220001,57.139999,1302900,57.139999
"116",57.599998,57.98,57.02,57.43,827400,57.43
"117",57.32,57.810001,56.650002,56.82,628900,56.82
"118",57.060001,57.669998,56.810001,57.389999,786200,57.389999
"119",57.48,58.099998,57.18,57.799999,977900,57.799999
"120",57.700001,59.389999,57.700001,58.889999,2382900,58.889999
"121",59.299999,60.220001,58.439999,58.490002,1090700,58.490002
"122",58.259998,58.279999,56.040001,56.209999,1153300,56.209999
"123",56.669998,57.169998,55.880001,57,1034700,57
"124",56.970001,56.970001,54.700001,55.509998,956100,55.509998
"125",55.720001,55.869999,54.990002,55.119999,1429600,55.119999
"126",55.400002,55.669998,53.830002,53.889999,1305400,53.889999
"127",54.16,56.23,53.459999,56.110001,1475700,56.110001
"128",55.509998,56.060001,54.959999,55.529999,1257300,55.529999
"129",55.759998,57.34,55.73,56.790001,985400,56.790001
"130",56.709999,57.16,56.119999,56.810001,816100,56.810001
"131",56.799999,57.560001,56.549999,57.380001,886400,57.380001
"132",58.240002,58.650002,57.599998,58.02,848100,58.02
"133",58.169998,58.299999,57.119999,57.369999,884900,57.369999
"134",57.709999,58.189999,57.369999,58.060001,1107600,58.060001
"135",57.91,58.049999,56.919998,57.490002,1378600,57.490002
"136",57.25,58.139999,56.950001,58.049999,940000,58.049999
"137",58.400002,59.290001,58,58.919998,2101100,58.919998
"138",54.299999,55.849998,53.5,54.099998,8866300,54.099998
"139",54.009998,55.389999,53.66,55.220001,3511000,55.220001
"140",55.240002,55.799999,54.400002,55.73,1739500,55.73
"141",55.799999,55.939999,55.150002,55.740002,1627500,55.740002
"142",55.919998,56.360001,55.459999,55.880001,1237100,55.880001
"143",56.259998,56.41,54.18,55.200001,1473700,55.200001
"144",54.889999,55.650002,54.25,55.32,815000,55.32
"145",55.560001,55.619999,54.849998,55.189999,1022100,55.189999
"146",55.360001,55.610001,55.040001,55.48,1036500,55.48
"147",55.889999,55.889999,54.310001,54.439999,1114800,54.439999
"148",54.439999,54.540001,53.529999,54.110001,1349100,54.110001
"149",54.279999,54.450001,53.889999,54.060001,698800,54.060001
"150",54.07,54.380001,53.860001,54.150002,371600,54.150002
"151",54.099998,54.470001,53.580002,53.68,655200,53.68
"152",53.380001,54.009998,53.040001,53.84,948200,53.84
"153",53.360001,53.720001,52.330002,52.540001,1286500,52.540001
"154",52.529999,53.529999,52.200001,53.34,838800,53.34
"155",53.82,53.959999,53.25,53.419998,780500,53.419998
"156",53.5,53.619999,53.18,53.389999,702700,53.389999
"157",53.5,54.279999,53.43,54.009998,748800,54.009998
"158",53.869999,54.139999,52.950001,52.990002,655500,52.990002
"159",52.900002,53.799999,52.549999,53.52,998600,53.52
"160",53.48,53.740002,53.110001,53.43,409600,53.43
"161",53.68,54.689999,53.490002,54.57,699600,54.57
"162",54.23,54.720001,54.139999,54.259998,502000,54.259998
"163",54.560001,54.77,54.040001,54.73,553900,54.73
"164",55,55.759998,54.889999,55.16,947100,55.16
"165",55.150002,55.200001,54.470001,54.830002,576800,54.830002
"166",54.290001,54.93,54.18,54.73,538600,54.73
"167",54.66,55.880001,54.540001,55.759998,681500,55.759998
"168",55.77,56.279999,55.75,56,851800,56
"169",56.25,56.470001,55.790001,55.900002,528200,55.900002
"170",55.900002,56.09,55.439999,55.93,593100,55.93
"171",56.200001,56.290001,55.799999,55.91,652100,55.91
"172",56.060001,56.200001,55.48,55.610001,750500,55.610001
"173",55.619999,56.07,55.34,55.400002,563700,55.400002
"174",55.950001,56.43,55.5,56.049999,764800,56.049999
"175",56.099998,56.32,55.580002,56.27,925800,56.27
"176",56.18,56.32,55.66,56.049999,729700,56.049999
"177",55.919998,56,55.049999,55.16,692800,55.16
"178",55.07,55.130001,54.369999,54.650002,1650900,54.650002
"179",54.759998,55.52,54.700001,54.950001,840600,54.950001
"180",54.91,55.560001,54.810001,55.439999,438100,55.439999
"181",55.790001,56.66,55.48,56.23,1308600,56.23
"182",56.130001,56.43,55.900002,56.23,624300,56.23
"183",56.189999,57.200001,56.009998,56.939999,1098000,56.939999
"184",56.849998,57.349998,55.849998,56.220001,1082700,56.220001
"185",56.32,56.580002,55.389999,55.619999,719900,55.619999
"186",55.91,56.240002,55.439999,56.02,839200,56.02
"187",56,56.32,55.299999,56.029999,510500,56.029999
"188",56.040001,56.639999,56,56.279999,665200,56.279999
"189",56.369999,56.959999,55.740002,56.279999,898800,56.279999
"190",56.369999,56.669998,56.279999,56.639999,404100,56.639999
"191",56.639999,57.02,56.330002,57,292400,57
"192",57.34,57.919998,57.029999,57.75,858700,57.75
"193",57.549999,58.389999,57.240002,58.32,547300,58.32
"194",58.279999,58.639999,58,58.580002,2362900,58.580002
"195",58.779999,59.139999,58.540001,58.98,789300,58.98
"196",58.639999,59.360001,58.400002,59.330002,1901000,59.330002
"197",59.41,59.82,59.16,59.580002,880900,59.580002
"198",59.790001,60.139999,59.560001,60.040001,1405900,60.040001
"199",60.18,60.349998,59.950001,60.02,766400,60.02
"200",59.880001,60.32,59.18,60.259998,749500,60.259998
"201",60.259998,60.84,60.119999,60.639999,655000,60.639999
"202",60.02,60.419998,59.82,60.119999,1087600,60.119999
"203",60.450001,61.130001,60.240002,60.720001,735700,60.720001
"204",60.68,61.099998,60.470001,60.759998,1031400,60.759998
"205",60.849998,61.650002,60.57,61.09,1269500,61.09
"206",61,61.389999,59.950001,60.09,2245900,60.09
"207",63.990002,65.400002,62.73,64.669998,4077500,64.669998
"208",64.919998,66.519997,64.510002,66.43,2452200,66.43
"209",66.120003,66.330002,65.309998,66.160004,1405500,66.160004
"210",66.389999,66.949997,66.129997,66.449997,971600,66.449997
"211",66.879997,66.879997,65.110001,65.809998,1529600,65.809998
"212",65.82,67.120003,65.540001,66.449997,1132100,66.449997
"213",66.5,66.629997,65.400002,66.25,1012300,66.25
"214",65.690002,65.849998,65.010002,65.5,910300,65.5
"215",65.410004,65.610001,64.839996,65.129997,1257100,65.129997
"216",65.18,65.309998,64.739998,65.040001,894100,65.040001
"217",64.589996,64.790001,63.790001,64.660004,1010700,64.660004
"218",64.370003,64.879997,64.190002,64.790001,564000,64.790001
"219",64.370003,64.690002,64.089996,64.580002,739700,64.580002
"220",64.330002,64.660004,64.099998,64.279999,412000,64.279999
"221",64.080002,64.190002,63.419998,63.919998,628600,63.919998
"222",63.560001,65.230003,63.560001,65.199997,717500,65.199997
"223",65.290001,65.339996,64.660004,65.120003,737400,65.120003
"224",65,65.849998,64.82,65.370003,838800,65.370003
"225",65.599998,65.800003,64.900002,65.029999,682000,65.029999
"226",65,65.419998,64.589996,65.099998,497100,65.099998
"227",65.339996,65.82,65.059998,65.769997,158800,65.769997
"228",65.830002,66.220001,65.440002,65.459999,504800,65.459999
"229",65.550003,65.970001,65.300003,65.690002,657600,65.690002
"230",65,65.129997,60.810001,62.259998,2182000,62.259998
"231",62.23,63.860001,62.040001,63.68,930900,63.68
"232",63.48,63.73,61.040001,62.639999,1259800,62.639999
"233",63.299999,63.299999,60.939999,61.610001,1271200,61.610001
"234",61.52,62.23,61.25,61.529999,1246700,61.529999
"235",61.330002,61.970001,60.830002,61.52,1370500,61.52
"236",61.669998,62.560001,61.5,62.310001,845800,62.310001
"237",62.75,62.82,61.630001,61.700001,604400,61.700001
"238",61.84,61.959999,61.349998,61.439999,734000,61.439999
"239",60.77,61.16,60.389999,60.549999,941700,60.549999
"240",60.740002,61.59,60.580002,60.799999,724900,60.799999
"241",60.900002,61.32,60.110001,60.130001,503200,60.130001
"242",60.200001,60.740002,60,60.459999,1578200,60.459999
"243",60.93,61.470001,60.459999,60.57,749400,60.57
"244",60.419998,60.66,59.799999,59.849998,849400,59.849998
"245",59.68,60,59.400002,59.459999,609600,59.459999
"246",59.75,60.200001,59.490002,60.049999,764600,60.049999
"247",60,60.119999,59.66,60,1405600,60
"248",59.779999,60.23,59.639999,60.060001,336500,60.060001
"249",59.889999,60.669998,59.400002,60.34,1446700,60.34
"250",60.52,61.299999,60.52,61.240002,795400,61.240002
"251",61.330002,61.57,60.720001,60.77,607000,60.77
"252",60.91,61.5,60.450001,61.16,1174200,61.16
"253",61.299999,62.18,61.169998,61.939999,832600,61.939999
"254",62.360001,63.73,62.360001,63,844600,63
"255",63.32,63.73,63.040001,63.650002,657300,63.650002
"256",63.689999,64.699997,63.200001,64.400002,759700,64.400002
"257",64.480003,64.690002,63.939999,64.529999,524900,64.529999
"258",64.339996,64.620003,63.779999,64.57,426200,64.57
"259",64.540001,65.879997,64.089996,65.790001,868300,65.790001
"260",65.949997,66.75,65.580002,65.93,815000,65.93
"261",66.529999,67.010002,65.040001,65.290001,1203800,65.290001
"262",65.599998,66.839996,65.029999,66.699997,1698700,66.699997
"263",72.540001,74.879997,69.879997,69.949997,3930000,69.949997
"264",70.160004,71.550003,69.510002,71.459999,2175900,71.459999
"265",71.360001,73.190002,70.75,72.849998,1626600,72.849998
"266",72.830002,74.739998,72.830002,74.480003,1777400,74.480003
"267",74.480003,74.830002,72.959999,73.419998,870000,73.419998
"268",73.940002,74.029999,72.879997,73.18,983100,73.18
"269",73.610001,73.989998,73,73.5,834100,73.5
"270",73.5,73.709999,72.5,72.669998,514900,72.669998
"271",72.410004,73.489998,71.849998,72.93,845500,72.93
"272",73.290001,73.300003,72.190002,72.68,759100,72.68
"273",72.040001,72.82,71.900002,72.190002,828500,72.190002
"274",71.589996,72.050003,70.620003,70.919998,594100,70.919998
"275",69.989998,71.559998,68.989998,69,931900,69
"276",67.790001,69.989998,66.300003,69.660004,927800,69.660004
"277",69.580002,70.620003,69.129997,69.650002,690100,69.650002
"278",69.650002,69.650002,67.669998,67.690002,1014500,67.690002
"279",68.410004,69.309998,65.480003,67.480003,1261100,67.480003
"280",68.169998,68.709999,67.309998,68.440002,797500,68.440002
"281",68.190002,69.32,67.290001,69.25,425300,69.25
"282",68.580002,71.620003,68.440002,71.449997,825000,71.449997
"283",72,73.610001,71.349998,73.360001,837700,73.360001
"284",73.300003,73.800003,72.849998,73.279999,615900,73.279999
"285",72.809998,73.860001,72.75,73.720001,926300,73.720001
"286",73.900002,74.349998,72.790001,72.809998,508800,72.809998
"287",72.879997,73.68,72.580002,73.25,568800,73.25
"288",73.550003,74.839996,73.379997,74.82,452700,74.82
"289",75,75.75,74.260002,75.279999,502400,75.279999
"290",75.220001,75.559998,74.660004,74.720001,439600,74.720001
"291",74.940002,75.57,73.739998,73.760002,658300,73.760002
"292",73.959999,74.760002,72.449997,73.889999,997800,73.889999
"293",73.349998,75.470001,72.919998,75.300003,746300,75.300003
"294",75.040001,77.489998,74.800003,77.220001,681500,77.220001
"295",77.360001,78.160004,77.129997,78.07,1015300,78.07
"296",77.809998,79.870003,77.620003,79.629997,1045400,79.629997
"297",79.75,80.339996,79.07,80.300003,670600,80.300003
"298",80.970001,81.720001,80.129997,80.720001,1018800,80.720001
"299",80.790001,81.489998,80.220001,80.400002,933600,80.400002
"300",80.660004,80.82,78.580002,79.480003,843100,79.480003
"301",80.169998,80.349998,79.169998,79.690002,6e+05,79.690002
"302",79.809998,80.220001,79.300003,80.169998,529200,80.169998
"303",80.339996,80.599998,79.519997,80.379997,969400,80.379997
"304",79.610001,80.279999,78.199997,79.209999,700300,79.209999
"305",79.150002,80.230003,78.32,79.639999,604600,79.639999
"306",79.529999,80.639999,79.400002,80.099998,667300,80.099998
"307",79,80.300003,78.139999,78.919998,1020600,78.919998
"308",78.849998,79.639999,77.540001,77.559998,813400,77.559998
"309",78.739998,79.910004,77.959999,79.849998,797100,79.849998
"310",80.160004,81.32,78.519997,78.790001,1464800,78.790001
"311",78.629997,78.709999,76.470001,77.040001,1492600,77.040001
"312",77.610001,78.949997,76.400002,78.010002,1131700,78.010002
"313",77.620003,78.199997,76,76.709999,1037700,76.709999
"314",77.150002,78.410004,76.160004,77.550003,1655100,77.550003
"315",76.279999,78.360001,74.769997,77.940002,1905100,77.940002
"316",78.690002,79.860001,77.879997,78.739998,1728500,78.739998
"317",77.900002,78.370003,75.449997,76.940002,1069400,76.940002
"318",77.440002,78.639999,77.269997,77.919998,641300,77.919998
"319",78.980003,80.339996,78.239998,79.919998,684900,79.919998
"320",79.220001,80.459999,79.029999,79.639999,725100,79.639999
"321",80,81.919998,79.870003,81.410004,831900,81.410004
"322",81.82,81.970001,79.440002,80.449997,778000,80.449997
"323",81.269997,81.82,80.660004,81.43,740200,81.43
"324",81.860001,83.470001,81.699997,83.120003,854000,83.120003
"325",83.120003,83.809998,81.860001,83.559998,1586000,83.559998
"326",82.010002,86.489998,81.330002,84.919998,2920000,84.919998
"327",84.75,84.910004,83.620003,84.050003,1128200,84.050003
"328",84.57,85.720001,83.690002,84.959999,1160200,84.959999
"329",85.580002,86.18,82.489998,83.199997,1143900,83.199997
"330",82.919998,83.199997,80.849998,82.150002,1059600,82.150002
"331",82.669998,83.639999,82.120003,82.730003,908600,82.730003
"332",83.199997,83.709999,82.290001,83.029999,743400,83.029999
"333",83.010002,83.860001,82.050003,82.349998,853600,82.349998
"334",82.43,83.239998,81.650002,82.830002,1079900,82.830002
"335",82.989998,84.279999,82.639999,83.510002,890600,83.510002
"336",83.529999,84.540001,82.410004,83.860001,866400,83.860001
"337",83.489998,85.769997,83.379997,85.080002,676600,85.080002
"338",85.32,86.800003,85.32,86.510002,526900,86.510002
"339",86.199997,86.910004,86.199997,86.790001,558400,86.790001
"340",87.139999,87.650002,86.440002,87.18,858700,87.18
"341",87.57,88.089996,87.040001,87.620003,1353000,87.620003
"342",87.410004,88.519997,87.110001,88.050003,638200,88.050003
"343",88.110001,88.709999,86.18,86.349998,687700,86.349998
"344",85.739998,86.339996,84.389999,84.650002,1289500,84.650002
"345",84.489998,84.720001,84,84.400002,1093300,84.400002
"346",84.330002,84.830002,83.379997,84.18,1073900,84.18
"347",84.190002,84.639999,83.919998,84.150002,968200,84.150002
"348",84.550003,85.18,84.080002,84.790001,738000,84.790001
"349",84.860001,85.220001,84.440002,84.790001,762700,84.790001
"350",83.220001,85.400002,83.220001,85.360001,804600,85.360001
"351",85.339996,86.110001,84.699997,85.839996,759500,85.839996
"352",85.839996,86.25,85.260002,85.669998,655700,85.669998
"353",85.129997,85.720001,84.360001,84.970001,775800,84.970001
"354",85.559998,86.25,85.129997,86.010002,1021100,86.010002
"355",85.959999,86.82,85.779999,86.239998,712400,86.239998
"356",86.529999,87.419998,86.129997,87.050003,827600,87.050003
"357",87.419998,88.459999,87.089996,88.160004,856700,88.160004
"358",88.400002,89.07,87.949997,88.290001,805000,88.290001
"359",88.459999,89.290001,87.779999,89.239998,947800,89.239998
"360",89.440002,89.449997,85.209999,86.459999,1076400,86.459999
"361",86.419998,87.080002,86,86.989998,1094600,86.989998
"362",93.120003,95.879997,91.389999,91.849998,2304300,91.849998
"363",91.879997,94.360001,91.879997,93.519997,1148900,93.519997
"364",93.510002,95.019997,93.32,94.470001,927800,94.470001
"365",95.120003,95.75,94.93,95.330002,530600,95.330002
"366",94.629997,95.75,93.57,94.889999,1326100,94.889999
"367",94.559998,99.099998,94,97.800003,2257200,97.800003
"368",97.129997,98.190002,96.209999,97.800003,1385800,97.800003
"369",98.720001,100.790001,97.989998,99.989998,1191800,99.989998
"370",99.93,100.089996,98.519997,99.220001,966000,99.220001
"371",99.25,99.730003,96.730003,96.830002,1154800,96.830002
"372",96.080002,96.300003,92.089996,92.730003,1211300,92.730003
"373",93.169998,94.089996,92.57,93.389999,1080500,93.389999
"374",93.620003,94.349998,91.160004,91.209999,735400,91.209999
"375",90.800003,93.830002,90.800003,93.540001,855600,93.540001
"376",93.650002,94.559998,93.43,93.809998,900500,93.809998
"377",93.949997,94.07,92.410004,93.900002,621600,93.900002
"378",94.400002,94.919998,93.519997,94.029999,366400,94.029999
"379",94.790001,94.860001,93.75,94.75,852200,94.75
"380",94.980003,96.540001,94.75,96.209999,420300,96.209999
"381",96.279999,97.360001,95.639999,97.07,806400,97.07
"382",97.559998,98.739998,96.43,97.010002,841500,97.010002
"383",95.989998,97.720001,95.790001,97.050003,737500,97.050003
"384",98.18,99.800003,97.150002,99.610001,954800,99.610001
"385",99.699997,99.870003,98.199997,98.839996,477500,98.839996
"386",98.769997,99.190002,97.669998,98.150002,600600,98.150002
"387",97.779999,99.480003,97.220001,98.900002,762100,98.900002
"388",98.879997,99.209999,98.080002,98.510002,1131100,98.510002
"389",95.599998,99.599998,95,97.029999,1801700,97.029999
"390",97.290001,98.059998,96.339996,96.540001,1144200,96.540001
"391",96.029999,97.360001,95.309998,97.139999,1155400,97.139999
"392",97.769997,98.309998,95,95.790001,1178800,95.790001
"393",95.989998,99.57,95.790001,99.269997,1173100,99.269997
"394",98.489998,99.860001,97.949997,98.830002,930700,98.830002
"395",99.300003,99.720001,93.980003,95.089996,1063400,95.089996
"396",94.980003,95.339996,90.459999,91.370003,1481100,91.370003
"397",91.57,93.379997,90.650002,91.910004,1257200,91.910004
"398",92.059998,93.919998,92.059998,92.519997,1340700,92.519997
"399",91.709999,93.540001,91.5,93.199997,747500,93.199997
"400",93.25,93.269997,91.889999,92.5,639800,92.5
"401",92.339996,93.360001,92.290001,92.779999,943500,92.779999
"402",93.300003,93.989998,92.650002,93.019997,779500,93.019997
"403",93.339996,93.980003,92.980003,93.43,668500,93.43
"404",93.260002,94.720001,93.239998,93.699997,809300,93.699997
"405",93.43,95.07,93.099998,94.300003,718400,94.300003
"406",94.279999,95.449997,92.82,92.970001,758300,92.970001
"407",93.379997,94.860001,93.230003,94.459999,681000,94.459999
"408",94.059998,94.800003,91.080002,92.099998,825300,92.099998
"409",92.580002,92.849998,90.910004,91.910004,813200,91.910004
"410",91.919998,92.639999,91.059998,92.309998,677100,92.309998
"411",92.279999,92.360001,91.5,92.07,666600,92.07
"412",92.209999,94.43,92.209999,93.989998,701200,93.989998
"413",93.650002,95.5,93.650002,95.160004,569300,95.160004
"414",94.980003,96.889999,94.980003,95.650002,826500,95.650002
"415",96.480003,97.68,96.309998,97.199997,707200,97.199997
"416",97.809998,98.769997,97.25,97.75,868200,97.75
"417",98.059998,98.550003,97.389999,97.620003,639500,97.620003
"418",97.949997,98.730003,97.769997,98.629997,682500,98.629997
"419",98.160004,99.120003,98.089996,98.699997,975400,98.699997
"420",98.5,99.970001,98.309998,99.940002,560700,99.940002
"421",99.669998,101.120003,99,100.779999,820300,100.779999
"422",100.510002,100.620003,96.489998,96.769997,856900,96.769997
"423",96.669998,98.32,96.209999,98.089996,658200,98.089996
"424",97.389999,99.620003,96.949997,98.900002,1668500,98.900002
"425",99.300003,100.440002,98.860001,100.330002,1293300,100.330002
"426",100.18,102.919998,99.949997,102.870003,1112100,102.870003
"427",102.5,105.25,102.480003,104.889999,1820900,104.889999
"428",105.099998,106.449997,104.709999,105.779999,1039200,105.779999
"429",106.279999,107.309998,104.889999,105.669998,1125600,105.669998
"430",105.5,105.5,101.150002,101.290001,1184900,101.290001
"431",101.300003,104.32,101.199997,103.68,1349800,103.68
"432",103.769997,103.889999,101.660004,102.309998,841200,102.309998
"433",102.5,104.099998,101.889999,103.059998,1010500,103.059998
"434",103.660004,104.919998,103.029999,103.059998,3253900,103.059998
"435",102.459999,103.839996,101.610001,103.449997,1000500,103.449997
"436",103.970001,105.449997,103.610001,104.970001,1022100,104.970001
"437",105.400002,105.889999,104.230003,105.169998,665600,105.169998
"438",105.339996,106.599998,105.269997,106.139999,666500,106.139999
"439",105.919998,107.389999,105.919998,106.190002,631200,106.190002
"440",106.980003,107.440002,105.5,105.870003,961000,105.870003
"441",105.919998,105.989998,103.480003,103.949997,784200,103.949997
"442",104.669998,104.690002,103.169998,104,795400,104
"443",103.389999,104.050003,100.019997,101,1273700,101
"444",101.010002,102.480003,98.660004,100.349998,1051900,100.349998
"445",99.800003,100.660004,97.300003,98.529999,1364500,98.529999
"446",98.18,100.68,97.779999,99.25,933500,99.25
"447",98.580002,98.839996,91.190002,91.25,2782000,91.25
"448",90.790001,92.889999,90.489998,90.830002,1777000,90.830002
"449",92.980003,95.010002,92.730003,94.760002,1274800,94.760002
"450",94.860001,96.040001,91.489998,94.629997,1412200,94.629997
"451",95.790001,99.269997,95.629997,98.970001,1195700,98.970001
"452",98.889999,98.889999,96.440002,97.559998,1104600,97.559998
"453",96.800003,97.620003,93.519997,94.529999,1553100,94.529999
"454",95.580002,96.080002,91.970001,92.32,1218900,92.32
"455",92.629997,93.720001,91.360001,92.389999,1773000,92.389999
"456",90.860001,92.339996,88.540001,90.760002,1925700,90.760002
"457",89.919998,91.199997,84.290001,84.599998,3054900,84.599998
"458",78.75,84.779999,77.75,83.059998,3939100,83.059998
"459",80.550003,82.059998,79.150002,79.980003,2787400,79.980003
"460",81.25,82.970001,77.489998,79.050003,1961000,79.050003
"461",78.800003,80.290001,77.330002,78.940002,1625500,78.940002
"462",80.07,84.040001,79.330002,82.410004,1370600,82.410004
"463",82.57,86.839996,82.339996,86.550003,1986900,86.550003
"464",86.540001,88.760002,86.279999,86.559998,1745200,86.559998
"465",86.599998,86.769997,83.470001,84.220001,1269400,84.220001
"466",83.93,85.830002,83.25,84.139999,951500,84.139999
"467",85.160004,88.309998,85.160004,87.980003,796200,87.980003
"468",87.940002,89.25,86.93,87.410004,775000,87.410004
"469",86.769997,87.169998,83.900002,85.010002,947700,85.010002
"470",84.510002,85.07,81.879997,84.110001,1163200,84.110001
"471",84.75,86.449997,83.010002,85.209999,951600,85.209999
"472",86.709999,88.209999,84.449997,85.169998,1610100,85.169998
"473",84.720001,89.669998,84.720001,89.400002,1546500,89.400002
"474",88.080002,89.449997,87.010002,87.099998,1397200,87.099998
"475",86.510002,87.410004,81.919998,82.660004,1698000,82.660004
"476",79.900002,83.190002,78.480003,81.349998,1868300,81.349998
"477",83.419998,85.480003,81.599998,84.720001,1417700,84.720001
"478",83.410004,85.760002,83.059998,83.919998,381100,83.919998
"479",85.419998,85.580002,84.169998,84.82,1328600,84.82
"480",84.139999,85.230003,83.330002,84.900002,994000,84.900002
"481",85.480003,88.919998,84.330002,88.919998,1556900,88.919998
"482",89.080002,89.449997,87.400002,87.529999,1570100,87.529999
"483",87.93,89.050003,86.489998,86.489998,6955500,86.489998
"484",88.809998,91.279999,86.910004,90.349998,2553700,90.349998
"485",89.419998,89.980003,85.889999,87.370003,1642900,87.370003
"486",85.019997,87.580002,84.209999,87.519997,1281000,87.519997
"487",86.989998,87.760002,82.989998,83.779999,830200,83.779999
"488",83.68,86.150002,83.019997,85.32,866400,85.32
"489",87.160004,87.650002,84.879997,85.68,995200,85.68
"490",87.300003,88.550003,86.599998,86.949997,2041000,86.949997
"491",88.099998,88.449997,86.260002,86.779999,908800,86.779999
"492",85.199997,87.019997,84.5,85.019997,918700,85.019997
"493",84.790001,85.139999,81.43,82.339996,1086000,82.339996
"494",83.610001,84.169998,82.830002,83.529999,996400,83.529999
"495",83.889999,85.860001,82.379997,83.900002,935900,83.900002
"496",83.25,84.730003,80.269997,81.550003,1188000,81.550003
"497",82.290001,82.330002,78.540001,78.980003,2178600,78.980003
"498",77.830002,79.139999,76.669998,76.709999,652600,76.709999
"499",77.75,81.360001,77.089996,81.190002,932000,81.190002
"500",79.709999,83.019997,79.419998,82.849998,956500,82.849998
"501",83.769997,84.290001,81.43,82.339996,934000,82.339996
"502",83.279999,83.75,82.160004,82.900002,1177100,82.900002
"503",80.879997,82.349998,80.849998,81.919998,1134300,81.919998
"504",80.779999,81.470001,77.93,78.160004,1451300,78.160004
"505",79.93,82.089996,78.739998,81.589996,1348100,81.589996
"506",81.989998,83.290001,81.610001,82.510002,951000,82.510002
"507",83.919998,84.889999,82.879997,84.099998,1191600,84.099998
"508",84.669998,86.370003,84.010002,85.709999,715700,85.709999
"509",84.970001,86.809998,84.900002,86.669998,705900,86.669998
"510",86.260002,86.989998,85.07,86.410004,449400,86.410004
"511",85.370003,85.82,84.410004,85,844600,85
"512",85.580002,87.110001,85.019997,86.339996,665600,86.339996
"513",86.82,87.970001,86.620003,87.419998,574700,87.419998
"514",86.68,88.639999,86.68,87.550003,901000,87.550003
"515",88.25,89.330002,87.650002,87.68,1580100,87.68
"516",87,87.970001,85.769997,85.809998,1446900,85.809998
"517",86.269997,87.160004,84.220001,84.639999,2422200,84.639999
"518",79.309998,80.440002,77.260002,79.75,5404600,79.75
"519",80.43,83.360001,79.900002,81.449997,2264700,81.449997
"520",80.440002,81.790001,80.050003,81.43,1421800,81.43
"521",81.330002,82.629997,80.57,82.220001,1621200,82.220001
"522",82.589996,85.339996,82.260002,85.230003,1840800,85.230003
"523",85.230003,85.57,84.120003,84.790001,1404200,84.790001
"524",84.669998,85.769997,84.239998,84.800003,1019000,84.800003
"525",84.790001,86.980003,84.790001,86.669998,1217900,86.669998
"526",89.470001,91.470001,86.5,87.720001,1449900,87.720001
"527",87.580002,87.879997,85.980003,86.889999,875000,86.889999
"528",86.040001,86.75,85.18,86.459999,779400,86.459999
"529",85.529999,87.309998,85.440002,87.260002,950300,87.260002
"530",87.839996,88.449997,87.029999,87.809998,1109500,87.809998
"531",88.540001,89.300003,87.510002,89,1088800,89
"532",89.660004,90.699997,89.25,90.349998,1262400,90.349998
"533",89.980003,91.269997,89.75,90.989998,1907100,90.989998
"534",91.18,92,90.75,91.93,1340100,91.93
"535",91.279999,93.300003,90.989998,92.620003,1443300,92.620003
"536",92.580002,93.040001,90.919998,91.830002,981900,91.830002
"537",91.800003,92.330002,90.739998,91.699997,825100,91.699997
"538",92.239998,93,92,92.980003,679000,92.980003
"539",93.669998,94.470001,92.980003,93.199997,819700,93.199997
"540",93.040001,93.449997,92.32,93.099998,715400,93.099998
"541",92.75,93.790001,92.379997,93.529999,666000,93.529999
"542",93.559998,93.93,92.730003,92.82,746900,92.82
"543",93.730003,94.019997,92.610001,93.620003,1182300,93.620003
"544",94,94.080002,90.470001,91.269997,1317400,91.269997
"545",91.379997,92,90.589996,90.610001,1124800,90.610001
"546",90.5,91.300003,89.68,89.959999,842600,89.959999
"547",89.830002,90.449997,88.980003,89.639999,885300,89.639999
"548",88.449997,88.769997,87.849998,88.459999,1006100,88.459999
"549",89,90.730003,88.169998,90.419998,790300,90.419998
"550",90.529999,90.769997,89.779999,90.199997,1229200,90.199997
"551",90.709999,92.290001,90.449997,91.260002,949400,91.260002
"552",91.019997,91.989998,90.779999,91.660004,1299500,91.660004
"553",91.559998,92.099998,90.93,91.199997,1082700,91.199997
"554",91.470001,92.07,90.949997,91.830002,996100,91.830002
"555",92.410004,92.82,91.349998,92.599998,780800,92.599998
"556",92.440002,93.889999,91.949997,92.980003,761500,92.980003
"557",92.57,94.989998,92.440002,94.959999,735400,94.959999
"558",94.260002,94.93,92.690002,93.120003,1847000,93.120003
"559",92.730003,93.43,91.849998,92.010002,1130400,92.010002
"560",92.800003,93.720001,92.010002,92.720001,816200,92.720001
"561",92.839996,92.839996,89.279999,90.040001,1411400,90.040001
"562",90.400002,91.150002,89.459999,90.379997,712400,90.379997
"563",91.269997,92.389999,90.980003,92.18,867200,92.18
"564",93.199997,94.980003,92.699997,94.959999,930300,94.959999
"565",94.970001,95.629997,94.370003,95.010002,978300,95.010002
"566",95.330002,96.029999,94.830002,95.209999,951400,95.209999
"567",95.400002,95.480003,92.389999,93.690002,837700,93.690002
"568",93.860001,94.480003,93.629997,94.160004,732900,94.160004
"569",94.290001,94.389999,92.870003,94.269997,1049300,94.269997
"570",93.75,94.849998,93.75,94.099998,1119500,94.099998
"571",94.43,95.879997,94.220001,95.18,1040400,95.18
"572",95.57,97.160004,95.440002,97.07,837200,97.07
"573",98.160004,99.610001,97.68,98.589996,1193300,98.589996
"574",98.470001,99.260002,97.849998,97.989998,703500,97.989998
"575",98.470001,98.470001,96.910004,97.330002,845200,97.330002
"576",98.110001,98.110001,95.860001,96.230003,725500,96.230003
"577",96.519997,97.660004,95.639999,97.599998,1043400,97.599998
"578",97.190002,99.739998,97.190002,99.480003,1190300,99.480003
"579",99.910004,101.540001,99.389999,100.82,1196900,100.82
"580",100.559998,102.470001,100.220001,101.889999,1533300,101.889999
"581",92,93.040001,89.769997,90.830002,6236100,90.830002
"582",91,92.440002,90.720001,92.18,1569500,92.18
"583",92.18,93.239998,90.550003,90.989998,1381200,90.989998
"584",90.699997,91.540001,89.860001,90.470001,1081800,90.470001
"585",90.739998,90.739998,87.639999,87.93,2508400,87.93
"586",87.910004,88.379997,86.720001,87.870003,1628800,87.870003
"587",88.449997,89.239998,88.050003,88.419998,1014500,88.419998
"588",86.199997,88.650002,85.940002,88.290001,750500,88.290001
"589",87.080002,87.599998,85.190002,86.370003,1265800,86.370003
"590",86.07,87.580002,86.07,86.480003,892100,86.480003
"591",85.25,86.900002,84.110001,86.330002,1514600,86.330002
"592",86.120003,87.910004,84.949997,87.559998,1283100,87.559998
"593",85.25,86.129997,83.599998,83.93,806100,83.93
"594",84.620003,86.120003,84.349998,85.459999,502600,85.459999
"595",84.68,87.529999,84.050003,87.07,768500,87.07
"596",87.239998,90.239998,87.059998,88.550003,787500,88.550003
"597",87.809998,88.699997,86.760002,86.839996,580000,86.839996
"598",85.639999,86.010002,83.389999,83.849998,836600,83.849998
"599",84.870003,85.779999,84.5,85.330002,1375300,85.330002
"600",84.82,86.860001,84.82,86.519997,598900,86.519997
"601",84.830002,85.720001,84.449997,84.769997,1145400,84.769997
"602",84.550003,85.949997,84.550003,85.440002,738100,85.440002
"603",85.739998,87.190002,85.410004,86.400002,1397100,86.400002
"604",85.970001,86.040001,84.449997,84.629997,630100,84.629997
"605",84.980003,85.669998,84.790001,85.440002,426800,85.440002
"606",84.050003,84.800003,83.43,84.059998,817000,84.059998
"607",84.269997,84.620003,80.459999,80.860001,1287300,80.860001
"608",81.949997,84.330002,81.43,84.260002,776700,84.260002
"609",85.160004,86.07,83.690002,85.989998,620300,85.989998
"610",85.699997,87.370003,85,87.139999,1139600,87.139999
"611",87.790001,89.43,87.199997,88.760002,872900,88.760002
"612",89.589996,91.669998,88.839996,90.769997,1123500,90.769997
"613",91.760002,91.949997,88.220001,88.32,1385500,88.32
"614",88.260002,88.5,86.870003,87.470001,818500,87.470001
"615",87.690002,87.690002,85.889999,86.32,614200,86.32
"616",85.959999,85.959999,83.419998,83.900002,1008500,83.900002
"617",83.980003,85.230003,83.919998,84.459999,580800,84.459999
"618",85.309998,86.889999,84.5,86.550003,624500,86.550003
"619",86.900002,87.989998,86.389999,87.959999,493700,87.959999
"620",89.239998,89.940002,88.690002,89.489998,1309200,89.489998
"621",89.029999,89.669998,88.190002,88.849998,2022800,88.849998
"622",89.330002,89.540001,88.620003,88.699997,762300,88.699997
"623",89.129997,89.330002,85.860001,86.059998,930500,86.059998
"624",86.629997,87.559998,86.110001,87.25,812600,87.25
"625",87.730003,88.739998,87.209999,87.709999,749800,87.709999
"626",88.330002,89.800003,87.529999,89.760002,1555600,89.760002
"627",91.400002,91.400002,90.059998,90.669998,642200,90.669998
"628",90.5,91.139999,90,90.970001,544700,90.970001
"629",91.370003,93.050003,90.639999,92.970001,436300,92.970001
"630",91.940002,93.339996,91.040001,92.830002,530000,92.830002
"631",92.07,92.519997,90.160004,90.769997,1003500,90.769997
"632",90.470001,90.900002,88.25,89.57,1495800,89.57
"633",90.160004,92.209999,90.129997,91.059998,878400,91.059998
"634",90.910004,91.559998,89.839996,90.18,887800,90.18
"635",90.610001,91.190002,89.589996,91.07,693200,91.07
"636",91.440002,91.650002,89.959999,90.419998,691500,90.419998
"637",90.400002,90.470001,89.339996,89.5,540800,89.5
"638",89.339996,90.32,88.940002,89.629997,701400,89.629997
"639",89.510002,89.550003,88.389999,88.480003,528800,88.480003
"640",88.800003,89.379997,87.980003,87.989998,1475200,87.989998
"641",88.550003,90.010002,87.690002,89.709999,1668700,89.709999
"642",90,90.730003,89.099998,90.599998,762900,90.599998
"643",90.07,92.470001,90.07,91.599998,1723500,91.599998
"644",77.260002,77.75,72.870003,72.900002,10353600,72.900002
"645",73.43,74.57,72.559998,73.360001,2001800,73.360001
"646",73.059998,73.260002,69.919998,70.470001,2004200,70.470001
"647",69.980003,70.410004,68.580002,69.059998,1598100,69.059998
"648",69.139999,69.419998,66.730003,67.779999,3599500,67.779999
"649",67.580002,68.519997,67.379997,67.809998,2232700,67.809998
"650",67.449997,68.010002,66.550003,67.269997,1602200,67.269997
"651",66.349998,66.410004,64.260002,64.830002,2009200,64.830002
"652",65.769997,66.230003,64.809998,65.529999,1879700,65.529999
"653",64.059998,65.370003,64.019997,65.080002,1514600,65.080002
"654",65.760002,67.010002,65.300003,66.959999,1414200,66.959999
"655",66.459999,67.300003,65.839996,66.480003,997300,66.480003
"656",65.980003,65.980003,64.32,64.650002,967600,64.650002
"657",64.43,66.470001,64.43,65.800003,902200,65.800003
"658",64.519997,64.519997,62.049999,63.93,1312400,63.93
"659",64.029999,64.230003,62.419998,63.709999,1339400,63.709999
"660",64.480003,65.459999,64.269997,65.379997,834000,65.379997
"661",66.529999,67.129997,65.809998,66.889999,1708400,66.889999
"662",66.639999,66.839996,66.010002,66.610001,1195300,66.610001
"663",67.519997,68.470001,66.57,67.919998,1551900,67.919998
"664",69.389999,69.389999,66.900002,67.370003,1154400,67.370003
"665",66.989998,67.989998,65.029999,65.120003,1100500,65.120003
"666",66.18,66.239998,64.959999,65.260002,1148500,65.260002
"667",66.059998,66.089996,64.699997,64.919998,1026100,64.919998
"668",63.450001,65.07,62.75,64.93,800600,64.93
"669",65.93,66.209999,65.410004,65.669998,856200,65.669998
"670",66.230003,66.769997,65.019997,65.470001,706600,65.470001
"671",64.900002,65.410004,62.810001,63.509998,1344700,63.509998
"672",64.550003,64.650002,63.650002,64.220001,956800,64.220001
"673",65.540001,67.18,65.050003,66.940002,891400,66.940002
"674",66.919998,67.690002,66.260002,67.129997,729000,67.129997
"675",67.699997,68.18,67.029999,68.150002,1184100,68.150002
"676",67.889999,67.889999,66.339996,67.010002,1080400,67.010002
"677",67.290001,68,66.629997,66.739998,871900,66.739998
"678",67.32,67.400002,66.120003,66.400002,1323800,66.400002
"679",66.720001,68.150002,66.360001,66.550003,809000,66.550003
"680",66.220001,67.580002,65.889999,67.25,479900,67.25
"681",67.290001,67.529999,66.269997,67.459999,488400,67.459999
"682",67.129997,67.449997,65.959999,67,714300,67
"683",67.279999,67.75,66.959999,67.580002,654100,67.580002
"684",67.760002,68.339996,67.459999,67.720001,1425200,67.720001
"685",67.660004,67.779999,66.290001,67.510002,982500,67.510002
"686",67.830002,68.040001,66.139999,66.400002,562800,66.400002
"687",66.150002,67.18,65.309998,66.980003,660000,66.980003
"688",67.160004,67.769997,66.349998,67.360001,803500,67.360001
"689",67.790001,68.370003,66.599998,67.389999,681500,67.389999
"690",67.410004,68.599998,66.900002,68.18,610100,68.18
"691",68.690002,69.43,65.68,66.040001,689600,66.040001
"692",65.089996,65.230003,63.650002,64.480003,950500,64.480003
"693",64.25,65.849998,63.52,65.220001,639800,65.220001
"694",65.730003,66.300003,64.830002,65.650002,565600,65.650002
"695",65.589996,65.610001,64.5,64.550003,549100,64.550003
"696",63.75,64.07,62.400002,62.709999,1105400,62.709999
"697",63.560001,64.209999,63.189999,63.23,672600,63.23
"698",62.849998,63.990002,62.189999,62.990002,1512300,62.990002
"699",64.379997,65.889999,64.029999,64.459999,1529500,64.459999
"700",64.489998,65.849998,64.040001,65.43,1112000,65.43
"701",65.919998,66.040001,64.980003,65,690800,65
"702",64.099998,64.790001,63.41,64.730003,804400,64.730003
"703",64.879997,65.650002,64.300003,64.449997,846600,64.449997
"704",64.309998,65.190002,63.209999,64.379997,1365400,64.379997
"705",64.629997,66.550003,64.199997,66.120003,1597700,66.120003
"706",66.230003,67.160004,65.519997,65.940002,848700,65.940002
"707",66.089996,67.190002,65.459999,66.889999,1016200,66.889999
"708",77,77.75,68.75,69.949997,4612600,69.949997
"709",69.459999,69.889999,67.589996,67.75,1467800,67.75
"710",67.93,68.739998,67.019997,67.410004,1412100,67.410004
"711",67.400002,67.400002,63.439999,64.209999,3072800,64.209999
"712",64.879997,66.970001,64.010002,66.82,1297900,66.82
"713",66.629997,67.25,66.360001,66.910004,851100,66.910004
"714",67.349998,69.639999,67.239998,69.599998,956900,69.599998
"715",70.25,71.209999,70.139999,70.760002,1021100,70.760002
"716",71.230003,73.199997,71.139999,73.169998,1582900,73.169998
"717",72.910004,72.919998,71.660004,71.769997,1098500,71.769997
"718",72.220001,73.519997,71.980003,72.800003,927400,72.800003
"719",72.519997,73.580002,71.889999,73.230003,555300,73.230003
"720",72.639999,73.699997,72.639999,73.18,310700,73.18
"721",73.279999,73.75,72.830002,73.269997,500800,73.269997
"722",72.739998,74.559998,72.690002,74.190002,808300,74.190002
"723",74.279999,74.610001,73.099998,73.639999,598700,73.639999
"724",74.040001,74.309998,73.239998,74.089996,1319800,74.089996
"725",73.389999,73.769997,72,72.809998,956400,72.809998
"726",73.290001,74.059998,71.419998,73.5,505800,73.5
"727",73.25,75.07,73.25,74.93,1185300,74.93
"728",75.199997,75.699997,74.279999,75.080002,584000,75.080002
"729",75.150002,75.470001,74.980003,75.139999,993000,75.139999
"730",75.5,75.879997,74.550003,74.650002,875100,74.650002
"731",74.790001,75.57,74.379997,75.480003,691300,75.480003
"732",75.199997,77.110001,74.93,77.089996,819900,77.089996
"733",77.139999,77.849998,76.580002,76.599998,367400,76.599998
"734",76.510002,77.269997,75.690002,75.919998,594300,75.919998
"735",74.959999,75.93,74.110001,75.760002,912200,75.760002
"736",76.07,76.400002,75.019997,75.019997,685400,75.019997
"737",75.43,75.769997,74.760002,75.760002,463000,75.760002
"738",76.830002,76.830002,75.699997,75.709999,363700,75.709999
"739",75.690002,76.760002,75.529999,76.089996,548600,76.089996
"740",75.809998,76.209999,74.690002,74.900002,393700,74.900002
"741",74.779999,74.849998,73.809998,73.93,426800,73.93
"742",73.730003,74.339996,72.860001,73.440002,601200,73.440002
"743",73.529999,74.949997,73.150002,74.629997,585300,74.629997
"744",74.989998,75.589996,74.290001,74.379997,1099000,74.379997
"745",74.43,74.510002,73.610001,73.769997,524400,73.769997
"746",73.669998,74.580002,73.330002,74.059998,502000,74.059998
"747",74.389999,74.620003,73.5,74.480003,677000,74.480003
"748",74.669998,74.709999,73.910004,74.139999,1577100,74.139999
"749",74.269997,75.169998,73.650002,74.580002,890000,74.580002
"750",74.839996,75.370003,74.370003,74.43,143000,74.43
"751",74.43,75.68,74.43,75.610001,263200,75.610001
"752",75.980003,75.980003,75.059998,75.779999,436300,75.779999
"753",75.830002,75.900002,74.599998,75.290001,306500,75.290001
"754",74.949997,75.440002,74.730003,74.889999,437800,74.889999
"755",75.43,76.900002,74.980003,76.370003,539500,76.370003
"756",75.339996,75.769997,74.879997,75.43,311200,75.43
"757",74.760002,76.309998,74.610001,76.269997,380400,76.269997
"758",76.129997,76.980003,75.620003,75.919998,400200,75.919998
"759",75.989998,77.489998,75.559998,76.980003,743000,76.980003
"760",77.870003,78.190002,76.879997,77.330002,538600,77.330002
"761",77.529999,77.870003,76.470001,76.75,397400,76.75
"762",76.739998,77.279999,76.580002,77.220001,520200,77.220001
"763",77.110001,78.139999,76.75,77.970001,651500,77.970001
"764",78.040001,79.57,78.040001,79.169998,1278900,79.169998
"765",79.860001,81.120003,79.730003,80.82,817800,80.82
"766",81.07,81.989998,79.589996,80.139999,708000,80.139999
"767",79.900002,80.339996,78.690002,78.870003,881400,78.870003
"768",79.389999,80.760002,79.089996,79.949997,1099600,79.949997
"769",85.510002,88.860001,82.879997,85.07,3297900,85.07
"770",85.589996,88.349998,85.25,86.050003,1538200,86.050003
"771",84.25,84.739998,83.050003,84.199997,1000500,84.199997
"772",84.730003,85.889999,84.129997,84.410004,1121000,84.410004
"773",84.620003,85.419998,82.949997,83.43,553700,83.43
"774",84.150002,84.879997,83.260002,84.790001,589800,84.790001
"775",84.709999,85.160004,82.660004,83.120003,926700,83.120003
"776",83.129997,85.239998,82.959999,84.910004,567500,84.910004
"777",85.900002,87.25,85.43,87.110001,460000,87.110001
"778",88.040001,88.040001,85.919998,86.379997,381200,86.379997
"779",86.440002,86.790001,85.660004,85.82,409300,85.82
"780",85.540001,85.57,83.940002,84.029999,529400,84.029999
"781",83.660004,85.709999,83.5,85.660004,537100,85.660004
"782",86.540001,86.690002,85.120003,86.080002,380500,86.080002
"783",86.419998,87.269997,85.970001,87.220001,414100,87.220001
"784",86.440002,87.68,86.440002,86.940002,468100,86.940002
"785",86.889999,87.739998,86.620003,87.349998,362500,87.349998
"786",87.279999,87.610001,86.519997,87.360001,510900,87.360001
"787",87.989998,88.559998,87.459999,88.449997,416500,88.449997
"788",88.309998,89.07,87.239998,88.379997,420800,88.379997
"789",88.360001,88.720001,87.18,88.620003,702800,88.620003
"790",84.800003,86.099998,83.379997,85.650002,816700,85.650002
"791",86.18,86.309998,80.099998,81.32,1128000,81.32
"792",81.720001,83.290001,79.870003,80.43,743000,80.43
"793",77.93,79.089996,75.190002,76.029999,1050700,76.029999
"794",72.879997,76.190002,72.82,75.550003,1309400,75.550003
"795",76.330002,76.720001,72.910004,74.68,1644000,74.68
"796",74.93,76.019997,69.57,70.050003,1573900,70.050003
"797",71.419998,72.419998,69.559998,70.82,1660300,70.82
"798",68.540001,70.18,67.779999,69.43,1310100,69.43
"799",67.300003,68.18,65.290001,66.519997,1349700,66.519997
"800",61.299999,61.93,58,60.290001,2298900,60.290001
"801",62.130001,63,58,60.900002,1727000,60.900002
"802",59.490002,61.09,57.830002,59.700001,2194200,59.700001
"803",55.419998,56.580002,53.349998,54.169998,2104100,54.169998
"804",56.32,57,52.150002,56.369999,1524300,56.369999
"805",50.310001,53.580002,46.939999,52.869999,2097800,52.869999
"806",53.610001,54.150002,49.16,52.139999,2016600,52.139999
"807",49.110001,50.5,45.84,49.060001,2066900,49.060001
"808",47.959999,50.720001,43.900002,50.389999,2326400,50.389999
"809",50.43,52.759998,48.27,48.450001,1458000,48.450001
"810",47.900002,49.360001,45.360001,48.740002,1408700,48.740002
"811",51.139999,54.66,50.009998,53.790001,1850000,53.790001
"812",54.759998,61,52.650002,58.77,1691800,58.77
"813",60.139999,62.720001,58.849998,60.970001,1502600,60.970001
"814",58.939999,60.110001,54.650002,59.009998,1002400,59.009998
"815",59.240002,62.459999,58.189999,59.27,840400,59.27
"816",59.459999,62.380001,58.560001,61.209999,1779200,61.209999
"817",58.619999,60.209999,55.52,56.299999,1506800,56.299999
"818",55.560001,56.34,52.959999,54.880001,1216100,54.880001
"819",54.68,56.52,54.5,55,744800,55
"820",58.02,60.169998,57.68,59.59,946800,59.59
"821",62.389999,62.59,58.880001,59.310001,834700,59.310001
"822",60.380001,62.919998,59.330002,62.450001,571500,62.450001
"823",63.77,65.279999,62.490002,63.939999,884000,63.939999
"824",63.48,63.48,61.529999,62.349998,375200,62.349998
"825",63.389999,65.010002,63.389999,64.5,588600,64.5
"826",62.279999,64.949997,61.860001,64.470001,1382800,64.470001
"827",64.57,65.980003,63.639999,65.699997,1205300,65.699997
"828",66.809998,68.690002,66.25,66.660004,768500,66.660004
"829",64.889999,67.879997,64.660004,66.989998,532200,66.989998
"830",65.559998,66.269997,62.720001,62.970001,515100,62.970001
"831",64.519997,65.129997,63.009998,64.769997,482300,64.769997
"832",64.82,66.510002,64.169998,64.330002,792700,64.330002
"833",64.760002,65.32,63.84,65,596500,65
"834",65.769997,66.690002,65.419998,66.279999,468800,66.279999
"835",67.489998,68.239998,66.110001,66.370003,1070600,66.370003
"836",68,70.559998,67.360001,69.959999,1553000,69.959999
"837",70.110001,71.279999,64.5,69.25,2280200,69.25
"838",68.220001,69.160004,65.690002,66.379997,1017500,66.379997
"839",64.980003,67.470001,64.360001,67.190002,859100,67.190002
"840",68.540001,70.699997,67.040001,70.32,961700,70.32
"841",71.209999,71.540001,69.769997,70.410004,812300,70.410004
"842",71.25,72.349998,70.660004,70.860001,873100,70.860001
"843",71.720001,72.260002,70.599998,71.550003,647100,71.550003
"844",71.230003,72.82,70.660004,72.220001,1187700,72.220001
"845",71.970001,72.660004,68.339996,68.510002,684300,68.510002
"846",68.010002,68.389999,62.459999,63.290001,1013200,63.290001
"847",62.060001,65.209999,60.98,64.959999,735800,64.959999
"848",64.650002,65.690002,64.099998,65,373600,65
"849",66.580002,69.419998,66.580002,68.970001,820900,68.970001
"850",69,70.419998,68.580002,68.910004,632200,68.910004
"851",69.510002,71.510002,69.510002,70.43,468200,70.43
"852",70.389999,71.080002,69.660004,69.889999,453400,69.889999
"853",70.160004,70.519997,69.089996,70.209999,362800,70.209999
"854",71.349998,73.650002,70.610001,73.32,907600,73.32
"855",74.900002,75.040001,72.010002,74.940002,662000,74.940002
"856",75.620003,76.620003,74.769997,74.900002,684100,74.900002
"857",74.879997,76.57,74.120003,76.379997,920600,76.379997
"858",76.559998,79.440002,76.260002,79.080002,820500,79.080002
"859",79.339996,80.349998,78.129997,79.5,615000,79.5
"860",79.559998,81.029999,79.110001,80.940002,488400,80.940002
"861",80.099998,80.970001,79.669998,80.260002,576400,80.260002
"862",81.800003,84.489998,81.040001,83.739998,696600,83.739998
"863",84.139999,84.360001,82.510002,83.419998,1040700,83.419998
"864",82.760002,82.760002,81.440002,81.540001,859500,81.540001
"865",82.120003,83.059998,80.910004,81.209999,720100,81.209999
"866",78.809998,78.809998,72.269997,72.620003,1009800,72.620003
"867",75.040001,76.660004,73.300003,75.160004,1127800,75.160004
"868",73.559998,77.459999,73.410004,77.260002,503400,77.260002
"869",79.400002,80.800003,78.309998,79.57,692900,79.57
"870",80,80.309998,79.07,79.169998,624500,79.169998
"871",78.389999,79.379997,78.25,79.07,426600,79.07
"872",80.110001,80.639999,77.790001,78.709999,880900,78.709999
"873",78.32,78.959999,77.220001,78.93,412600,78.93
"874",79.790001,81.709999,79.449997,79.57,617800,79.57
"875",79.160004,79.669998,76.839996,76.919998,566800,76.919998
"876",76.400002,77.379997,75.650002,77.360001,625700,77.360001
"877",77.099998,77.440002,75.459999,75.529999,1006700,75.529999
"878",76.089996,77.029999,74.18,76.440002,683400,76.440002
"879",76.57,78.230003,75.739998,77.790001,975000,77.790001
"880",77.93,79.75,77.360001,78.440002,801100,78.440002
"881",79.510002,80.230003,78.07,78.269997,709600,78.269997
"882",79.519997,80.32,78.650002,79.080002,691600,79.080002
"883",78.300003,79.099998,76.419998,76.589996,744700,76.589996
"884",77.099998,78.559998,76.760002,78.5,625200,78.5
"885",82,86.029999,81.300003,85,1678300,85
"886",85,85.239998,82.589996,82.889999,782200,82.889999
"887",83.379997,83.470001,78.169998,78.230003,782800,78.230003
"888",77.980003,78.599998,76.150002,78.410004,1226500,78.410004
"889",79.779999,80.919998,78.830002,80.279999,568500,80.279999
"890",82.650002,82.650002,79.309998,80.360001,1066200,80.360001
"891",81.019997,81.32,79.989998,80.75,768300,80.75
"892",81.080002,83.239998,81.059998,83.029999,589000,83.029999
"893",84.910004,85.059998,83,83.150002,642700,83.150002
"894",84.160004,84.589996,83.510002,83.830002,408000,83.830002
"895",83.510002,85.43,82.870003,83.610001,624500,83.610001
"896",82.599998,83.089996,80.739998,81.459999,702000,81.459999
"897",83,83.559998,81.010002,83.139999,623800,83.139999
"898",84,84.099998,82.089996,82.25,610100,82.25
"899",83,84.730003,83,84.029999,608500,84.029999
"900",86.480003,86.790001,82.120003,85.580002,1270100,85.580002
"901",88,88.800003,83.739998,85.559998,994100,85.559998
"902",85.980003,86.989998,85.769997,86.349998,693300,86.349998
"903",86.370003,86.959999,85.370003,86.599998,562800,86.599998
"904",87,88.849998,87,87.879997,481800,87.879997
"905",87.949997,88.730003,87.050003,88.589996,542100,88.589996
"906",88,88.610001,86.029999,86.940002,533700,86.940002
"907",86.57,86.959999,84.809998,85.900002,417200,85.900002
"908",86,86.68,84.639999,84.800003,577900,84.800003
"909",85.230003,86.830002,85.129997,85.919998,461200,85.919998
"910",86,89.150002,85.919998,88.059998,711300,88.059998
"911",87.720001,88.010002,86.860001,87.480003,551100,87.480003
"912",88,88.919998,87.849998,88.220001,545100,88.220001
"913",88.82,90.529999,88.690002,89.849998,839900,89.849998
"914",89.839996,90.360001,88.459999,88.540001,784300,88.540001
"915",88.400002,88.43,87.610001,88.029999,440300,88.029999
"916",87.919998,87.919998,86.739998,87.360001,1039700,87.360001
"917",87.839996,88.029999,86.349998,87.099998,516900,87.099998
"918",86.849998,88.199997,86.68,88.139999,485800,88.139999
"919",89.540001,90.550003,87.650002,89.779999,894300,89.779999
"920",89.75,89.940002,88.269997,89.419998,629300,89.419998
"921",89.870003,91.25,89.739998,91.150002,381100,91.150002
"922",91.150002,91.940002,90.5,91.410004,763800,91.410004
"923",91.5,95.589996,91.379997,95.440002,773900,95.440002
"924",95.32,97.669998,94.769997,97.599998,748100,97.599998
"925",96.120003,96.589996,91.82,92.639999,1035900,92.639999
"926",92.040001,92.059998,86.919998,87.690002,1166100,87.690002
"927",83.989998,88.620003,83.989998,86.709999,1037600,86.709999
"928",87.739998,89.309998,87.050003,88.599998,500700,88.599998
"929",88.739998,91.279999,83.639999,83.769997,1507300,83.769997
"930",83.769997,84.169998,80.940002,82.300003,1403000,82.300003
"931",83.32,85.739998,83,85.400002,762800,85.400002
"932",86.25,88.489998,86.120003,88.32,780300,88.32
"933",89.349998,89.599998,87.660004,87.800003,574200,87.800003
"934",85.839996,86.720001,85.059998,86.699997,804900,86.699997
"935",86.739998,87.940002,84.589996,86.110001,1475600,86.110001
"936",84.370003,85.349998,82.870003,85.330002,685700,85.330002
"937",85.879997,86.589996,84.68,85.849998,598400,85.849998
"938",85.620003,85.760002,81.440002,81.699997,705600,81.699997
"939",81.260002,81.760002,79.709999,80.279999,1110100,80.279999
"940",80.150002,82.32,79.510002,81.68,1240700,81.68
"941",83.339996,83.550003,82.269997,82.900002,542900,82.900002
"942",83.139999,84.510002,82.300003,82.349998,603800,82.349998
"943",82.349998,83.410004,81.68,82.720001,935600,82.720001
"944",83.660004,84.519997,83.209999,84.129997,851200,84.129997
"945",81.919998,83.339996,81.169998,82.160004,667000,82.160004
"946",83,83.720001,82.080002,82.720001,800700,82.720001
"947",82.720001,84.489998,81.029999,81.220001,814600,81.220001
"948",82,83.360001,81.120003,83.209999,1032100,83.209999
"949",83.93,85.209999,83.110001,84.059998,654700,84.059998
"950",84.510002,86.550003,84.510002,85.940002,455700,85.940002
"951",86.860001,87.830002,85.910004,87.5,463200,87.5
"952",87.940002,89.449997,87.160004,87.389999,736600,87.389999
"953",88.57,88.599998,85.669998,85.779999,539300,85.779999
"954",84.309998,87.940002,84.010002,87.790001,568800,87.790001
"955",88,88.879997,87.5,87.620003,776800,87.620003
"956",88.220001,89.260002,85.879997,86.440002,458900,86.440002
"957",86.889999,87.980003,86.519997,87.190002,474900,87.190002
"958",87.169998,88.370003,86.589996,86.980003,375700,86.980003
"959",86.860001,87.68,85.870003,86.790001,494900,86.790001
"960",87.169998,89.379997,86.540001,89.25,623100,89.25
"961",88.080002,88.599998,82.400002,83.669998,1262500,83.669998
"962",84.25,85.989998,83.720001,84.260002,720400,84.260002
"963",82.260002,87.68,79.360001,82.470001,1636200,82.470001
"964",80,87.550003,79.5,85.870003,2008000,85.870003
"965",83.25,85.279999,82.050003,83.879997,1061700,83.879997
"966",84.599998,87.18,84.019997,86.879997,761600,86.879997
"967",87.629997,92.739998,86.489998,92.160004,1104300,92.160004
"968",92,93.279999,89.68,92.360001,1004500,92.360001
"969",93.32,94.690002,93.220001,93.940002,719900,93.940002
"970",94,95.639999,92.739998,94.839996,478100,94.839996
"971",96.660004,97.279999,92.730003,92.910004,926900,92.910004
"972",92.690002,94.459999,89.989998,94.239998,764400,94.239998
"973",95,96.669998,94.589996,95.309998,680700,95.309998
"974",95.379997,96.959999,94.139999,94.68,516900,94.68
"975",94.910004,97.57,94.449997,97.209999,453300,97.209999
"976",96.589996,99.230003,95.599998,98.519997,696800,98.519997
"977",97.059998,99.870003,97.059998,99.129997,883000,99.129997
"978",98.980003,99.949997,97.769997,98.330002,681100,98.330002
"979",97.919998,100.339996,97.339996,100.209999,613600,100.209999
"980",100,102.029999,99.349998,101.139999,466600,101.139999
"981",102.080002,103.699997,101,103.190002,475700,103.190002
"982",104,104.120003,102.209999,103.910004,626900,103.910004
"983",104.25,106.300003,103.620003,105.959999,645100,105.959999
"984",106.120003,108.800003,106.040001,108.610001,387100,108.610001
"985",109.510002,110.629997,107.57,107.849998,914300,107.849998
"986",108.269997,108.93,106.949997,108.529999,730100,108.529999
"987",107.589996,107.739998,106.349998,107.260002,597500,107.260002
"988",107.059998,109.32,107.010002,107.980003,462600,107.980003
"989",108.449997,110.089996,108.449997,109.599998,596900,109.599998
"990",110.260002,111.5,109.099998,111.150002,410000,111.150002
"991",111.639999,112.040001,111,111.300003,321100,111.300003
"992",113.239998,114.029999,110.779999,111.57,723500,111.57
"993",111.129997,113.040001,110,112.660004,535100,112.660004
"994",111.900002,113.68,111.779999,112.980003,706100,112.980003
"995",113.199997,116.230003,112.940002,113.830002,746000,113.830002
"996",114.300003,115.5,113.010002,114.050003,646900,114.050003
"997",115.419998,116.790001,114.190002,115.07,990000,115.07
"998",116,118.519997,115.650002,118.470001,835800,118.470001
"999",119.370003,119.970001,117.389999,118.389999,1858600,118.389999
"1000",116.739998,120.370003,115.849998,120.139999,730400,120.139999
"1001",120.489998,121.550003,119.580002,120.019997,439000,120.019997
"1002",119.980003,121.25,118.870003,119.169998,392600,119.169998
"1003",119.82,120.18,119.040001,119.849998,189400,119.849998
"1004",121.360001,121.75,118,118.809998,392700,118.809998
"1005",118.800003,118.940002,116.980003,117.769997,293400,117.769997
"1006",118.760002,120.160004,118.300003,119.510002,283300,119.510002
"1007",119.599998,120.269997,118.709999,119.610001,377800,119.610001
