"","PXD.Open","PXD.High","PXD.Low","PXD.Close","PXD.Volume","PXD.Adjusted"
"1",182.990005,187.770004,181.919998,186.600006,1744800,176.346298
"2",186.520004,186.690002,183.940002,184.169998,1405600,174.04982
"3",185.199997,186.949997,183.649994,185.699997,1236900,175.495743
"4",186.429993,188.429993,184.580002,185.070007,1140500,174.900391
"5",183.940002,184.809998,181.059998,182.600006,1219100,172.566071
"6",183.289993,183.289993,180.240005,181.270004,1386900,171.309189
"7",182.350006,184.330002,179.820007,182.889999,1493900,172.840149
"8",184.25,184.630005,181.529999,182.559998,1060900,172.528305
"9",181.460007,182.839996,180.550003,181.970001,900400,171.970734
"10",182.600006,183.399994,180,181.020004,1202800,171.072906
"11",179.820007,184.179993,179.589996,183.009995,1643900,172.953568
"12",183,186.330002,183,183.949997,1298300,173.841904
"13",186.240005,187.740005,184.440002,184.970001,1289400,174.805847
"14",183.600006,185.139999,181.160004,182.899994,1345100,172.849609
"15",183.009995,183.979996,180.350006,180.75,1830900,170.817734
"16",180.350006,181.910004,179.850006,180.270004,1430900,170.36412
"17",180.839996,183.729996,180.509995,182.229996,1217300,172.2164
"18",181.169998,182.110001,180.449997,181.460007,1132500,171.488724
"19",181.100006,181.110001,178,178.800003,1393900,168.974884
"20",179.259995,180.300003,177.740005,180.229996,1158600,170.326309
"21",181.460007,181.779999,177.970001,180.660004,1480500,170.732681
"22",180.660004,183.490005,178.139999,183.460007,1570600,173.37883
"23",182.820007,185.880005,182.429993,183.839996,1356600,173.73793
"24",184.610001,185.720001,180,181.080002,2026200,171.129608
"25",179.880005,181.070007,174.100006,174.949997,2141500,165.336487
"26",175.179993,183.679993,168.130005,181.679993,4655500,171.69664
"27",181.679993,193.360001,181.679993,191.589996,3825500,181.062073
"28",193.619995,195,192.330002,194.460007,2982700,183.774368
"29",193.830002,197.770004,193.050003,197.039993,2506900,186.212601
"30",197.300003,199.830002,194.470001,198.899994,1922700,187.970428
"31",198.410004,199.399994,196.309998,197.720001,2306400,186.855225
"32",197.970001,198.649994,192.899994,193.210007,1946000,182.593063
"33",191.300003,195.410004,191.300003,192,1569400,181.449554
"34",194.389999,196.910004,193.5,193.660004,2031500,183.018356
"35",192.289993,194.309998,187.710007,188.130005,2131900,177.792206
"36",191,191.020004,184.300003,184.940002,2588700,174.777481
"37",183.949997,186.759995,182.949997,185.360001,1932500,175.174423
"38",187.130005,187.889999,185.449997,186.720001,1974500,176.459686
"39",185.869995,186.410004,184.149994,185.970001,1528900,175.7509
"40",188.5,194.080002,187.929993,193.520004,2216700,182.886017
"41",191.559998,193.5,190.889999,191.169998,1433800,180.665161
"42",190.779999,194.570007,190.630005,194.179993,1797200,183.509766
"43",194.350006,194.740005,192.360001,194.009995,1311400,183.349091
"44",194.309998,196,192.910004,193.940002,1515900,183.282959
"45",192.990005,194.309998,183.699997,184.25,2726600,174.125443
"46",182.570007,188.089996,181.669998,187.75,3143200,177.433075
"47",188.630005,189.369995,183.679993,184.720001,2339600,174.56958
"48",185,185.830002,183.619995,184.410004,1096700,174.276611
"49",182.119995,182.210007,177,179.309998,3869200,169.456879
"50",181.110001,185.110001,178.210007,184.139999,2353100,174.021469
"51",184.300003,184.970001,181.720001,183.360001,1344800,173.284332
"52",184.970001,186.229996,184.509995,184.789993,1858000,174.635742
"53",183.149994,184.630005,181.610001,183.990005,1441800,173.879715
"54",185.330002,186.389999,181.710007,182.300003,1716300,172.282562
"55",181.820007,183.669998,180.339996,182.330002,1195000,172.310944
"56",182.089996,184.089996,181.139999,181.550003,1016200,171.573807
"57",182.149994,182.339996,180.339996,180.910004,1022900,170.968964
"58",178.470001,181.059998,178.039993,180.399994,1296500,170.486984
"59",180.5,185.919998,180.100006,185.369995,2078200,175.183884
"60",185.5,189.229996,184.289993,188.320007,1118600,178.010193
"61",189.5,189.910004,182.039993,182.479996,8114200,172.489914
"62",183.190002,186.830002,183,186.229996,2605000,176.034592
"63",186.149994,186.729996,183.089996,185.479996,1943300,175.325653
"64",186.600006,187.880005,184.380005,187.809998,1104300,177.528107
"65",189.429993,192.339996,187.520004,188.300003,3121000,177.991257
"66",188.830002,190.960007,187.910004,190.440002,1330400,180.014114
"67",190.520004,192.029999,189.320007,189.830002,1089800,179.437531
"68",190.520004,192.929993,190,190.339996,1509300,179.919601
"69",190.649994,190.869995,187.809998,189.949997,1075300,179.550903
"70",189.979996,191.029999,186.179993,186.899994,1446600,176.667938
"71",186.720001,187.520004,181.229996,182.059998,1374400,172.092911
"72",182.509995,183.270004,181.009995,183.009995,1330100,172.990891
"73",181.360001,183.630005,179.149994,180.630005,1406300,170.74115
"74",180.720001,181.339996,173.809998,175.059998,1980500,165.47612
"75",175.550003,176.570007,174.169998,174.440002,1664100,164.890076
"76",173.970001,175.800003,172,174.630005,1750300,165.069656
"77",176.630005,176.660004,173.710007,175.720001,1534200,166.099976
"78",177.229996,179.100006,175.869995,178.350006,1734500,168.585999
"79",176.690002,180,176.259995,176.910004,1133200,167.224823
"80",175.210007,176.070007,170.589996,172.360001,2579300,162.92395
"81",173.190002,174.539993,171.419998,172.990005,1874800,163.519455
"82",173.339996,173.720001,171.160004,172.429993,1672800,162.990082
"83",172.669998,173.479996,168.710007,170.440002,1599800,161.109055
"84",170.050003,172.630005,169.490005,170.809998,2625800,161.458801
"85",165.529999,168,162.330002,165.630005,3850400,156.562393
"86",166.320007,170.350006,165.770004,169.610001,2424700,160.324478
"87",169.619995,173.039993,169.179993,172.460007,2231600,163.018448
"88",172.339996,172.869995,168.910004,169.479996,1135700,160.201614
"89",170.5,173.029999,169.419998,171.270004,1538500,161.893631
"90",172.690002,172.899994,170.509995,171.259995,1455500,161.884171
"91",170.850006,172.720001,170.009995,171.639999,1305600,162.243347
"92",175.110001,175.660004,173.300003,173.850006,1713800,164.332352
"93",174.350006,175.529999,173.490005,174.789993,1869000,165.220886
"94",174.789993,175.550003,172.550003,173.240005,1788400,163.755753
"95",172.210007,173.960007,171.220001,172.75,1586900,163.292572
"96",173.710007,177.860001,172.990005,176.619995,1960200,166.950699
"97",177.669998,177.669998,173.050003,173.559998,1228200,164.058243
"98",173,174.149994,171.520004,173.740005,1207500,164.228363
"99",173.899994,174.690002,172.279999,173.660004,1200100,164.152786
"100",172.550003,174.970001,167.110001,168.619995,1613000,159.388687
"101",169.179993,170.580002,168.080002,170.240005,1109600,160.920029
"102",168.809998,169.020004,165,165.080002,1627300,156.04248
"103",163.600006,167.110001,162.539993,166.860001,2305700,157.725037
"104",167.479996,168.630005,165.649994,166.970001,1303400,157.829025
"105",165.660004,166.660004,163.520004,164.880005,1605000,155.853424
"106",164.419998,166.100006,163.800003,165.509995,1148900,156.448975
"107",164.809998,168.949997,164.279999,168.710007,1565200,159.47377
"108",167.789993,168.919998,164,164.960007,2019300,155.929077
"109",164.960007,166.429993,163.130005,163.429993,1636000,154.482819
"110",164.059998,169.710007,163.929993,169.449997,1626000,160.173264
"111",171.149994,172.399994,167.809998,167.809998,1998400,158.623032
"112",167.850006,169.440002,166.520004,168.75,1552200,159.511566
"113",167.490005,167.570007,161.630005,164.860001,2466700,155.834518
"114",164.179993,164.419998,156.309998,158.020004,2998700,149.368988
"115",158.639999,159.070007,155.830002,158.789993,2575900,150.096832
"116",158.899994,161.130005,158.199997,158.789993,1686900,150.096832
"117",155.710007,158.470001,153.419998,157.880005,1998600,149.236649
"118",157.570007,160.029999,153.699997,155.029999,1868000,146.542664
"119",155.279999,158.25,154.070007,154.75,1586300,146.27803
"120",154.720001,156.630005,154.440002,155.929993,1836200,147.393387
"121",156.850006,156.910004,154.100006,155.210007,1172500,146.71283
"122",156.149994,156.899994,153.979996,154.270004,1699800,145.82431
"123",154.490005,156.949997,153.5,155.660004,2257300,147.138214
"124",156.25,159.509995,155.720001,158.470001,2183700,149.794357
"125",159.440002,160.869995,157.949997,159.580002,1500900,150.843582
"126",160.399994,163.460007,158.779999,162.770004,961500,153.858948
"127",161.5,161.970001,158.039993,159.410004,1305300,150.682907
"128",159.679993,160.800003,156.419998,156.990005,1371700,148.39537
"129",155.979996,156.580002,153.100006,156.029999,1104100,147.487946
"130",155.570007,158.869995,155.220001,158.470001,892800,149.794357
"131",158.479996,160.839996,156.850006,160.380005,1447200,151.599792
"132",162.190002,163.440002,159.380005,160.110001,1479300,151.344543
"133",159.970001,161.960007,159.399994,160.649994,943800,151.855011
"134",160.869995,162.449997,160.520004,160.940002,670500,152.12915
"135",160.270004,162.960007,160.25,162.830002,1191900,153.91568
"136",164,164,159.899994,161.5,966200,152.658493
"137",160.990005,164.360001,160.990005,163.940002,1669100,154.96489
"138",164.839996,166.289993,163.059998,163.279999,1522100,154.341064
"139",163.070007,163.869995,159.979996,160.210007,1359400,151.439102
"140",160.669998,162,159.869995,160.100006,1082900,151.335144
"141",162.869995,165,162.179993,162.600006,1444900,153.698257
"142",163.440002,165.470001,162.380005,162.600006,1083000,153.698257
"143",162.380005,163.949997,161.5,163.899994,1224600,154.927094
"144",163.899994,166.059998,161.229996,161.410004,1663100,152.57341
"145",160.779999,164.509995,160.259995,163.100006,1450400,154.170883
"146",163.289993,164.75,161.889999,163.270004,1429500,154.331589
"147",163.270004,163.270004,137.300003,145.679993,12787200,137.704559
"148",145.720001,146.110001,134.679993,135.119995,6881400,127.722694
"149",135,135.520004,130.380005,135.339996,7267400,127.930641
"150",134.399994,134.960007,128.5,129.639999,3842000,122.542709
"151",130.380005,136.059998,129.25,135.380005,5585500,127.96846
"152",135.699997,137.639999,134.850006,137.550003,3992800,130.019623
"153",137.550003,138.190002,134.710007,135.259995,2191100,127.855049
"154",134.600006,136.130005,133.509995,134.020004,1500100,126.682892
"155",134.070007,134.5,132.589996,132.839996,1403600,125.567497
"156",133.309998,134.229996,132,133.699997,1770900,126.380424
"157",134.149994,134.929993,130.610001,131.630005,1488700,124.423737
"158",131.220001,132.839996,131.139999,131.270004,1615400,124.083458
"159",131.360001,133.199997,130.550003,131.949997,1271000,124.726204
"160",131.5,132.139999,127.839996,127.940002,2213400,120.935768
"161",128.110001,129.729996,127.440002,128.059998,1861000,121.049187
"162",128.119995,130.860001,127.970001,129.710007,1284400,122.608879
"163",129.320007,129.520004,127.68,128.410004,970400,121.380035
"164",129,129.910004,127.559998,129.199997,1266800,122.12677
"165",128.919998,129.130005,125.93,128.460007,1525700,121.427299
"166",127.080002,128.160004,125.459999,127.959999,1677900,120.954674
"167",127.629997,130.169998,126.5,128.800003,1366300,121.74868
"168",129.820007,130.690002,128.509995,129.649994,1296700,122.552116
"169",130,131.75,128.699997,130.639999,1204600,123.487938
"170",131.669998,133.070007,130.119995,131.130005,1152100,123.951134
"171",132.440002,134.100006,131.770004,133.080002,1648700,125.794365
"172",132.789993,133.039993,130.889999,131.779999,1258100,124.565552
"173",131.369995,131.429993,127.260002,128.5,1870000,121.465103
"174",128.979996,130.740005,127.959999,129.690002,1489800,122.589966
"175",129.690002,131.360001,129.350006,129.919998,1227100,122.807365
"176",130.440002,136.009995,130.440002,135.509995,2359000,128.091324
"177",136.520004,138.259995,136.110001,136.929993,2761400,129.433578
"178",137.080002,137.350006,135.490005,136.929993,2246900,129.433578
"179",135.869995,137.360001,135.309998,137,1217500,129.499756
"180",137.130005,137.490005,136.210007,137.089996,1032100,129.584854
"181",137.5,141.429993,137.5,141.270004,2025300,133.536011
"182",141.050003,142.380005,140.229996,142.009995,2056100,134.235504
"183",141.210007,144.139999,141.149994,144.009995,1546200,136.125977
"184",144.660004,147.169998,144.660004,146.660004,3300900,138.630905
"185",145.830002,148.240005,144.919998,147.580002,1714400,139.500549
"186",148.279999,149.619995,146.880005,149.580002,2514000,141.391083
"187",149.550003,150.669998,146.789993,147.550003,1425200,139.509506
"188",146.970001,148.059998,145.199997,147.539993,1290700,139.500031
"189",145.690002,151.320007,144.5,151.289993,2023700,143.045685
"190",151,154.169998,150.210007,153.009995,2246700,144.671967
"191",152.509995,153.289993,150.570007,151.759995,1875900,143.490067
"192",152.100006,152.889999,150.279999,151.160004,1338100,142.922791
"193",149.889999,150.729996,149.110001,150.470001,1215600,142.270355
"194",150.669998,151.440002,149.580002,150.960007,946100,142.733658
"195",152.25,152.770004,150.270004,150.669998,2014600,142.459442
"196",150.660004,150.690002,147.919998,149.009995,1681000,140.889938
"197",147.669998,149.789993,145.949997,146.240005,2473100,138.270889
"198",147.710007,147.899994,143.75,143.919998,2272700,136.077316
"199",145.089996,145.649994,142.880005,143.690002,1906200,135.859848
"200",143.699997,145.529999,142.360001,145.350006,1525700,137.429398
"201",145.75,147.630005,144.839996,145.089996,1363300,137.183533
"202",143.339996,146.009995,142.529999,142.979996,1365600,135.188507
"203",143.690002,145.759995,142.960007,144.75,2176800,136.862076
"204",145.690002,145.690002,143.860001,143.929993,1901700,136.086761
"205",144.429993,145.320007,142.710007,143.220001,1402100,135.415451
"206",142.320007,143.429993,140.309998,142.160004,1469800,134.413239
"207",142.5,143.570007,141.350006,142.309998,1421700,134.555023
"208",141.979996,146.440002,140.649994,145.380005,1259700,137.457748
"209",145.520004,147.100006,145.210007,146.259995,1598100,138.289795
"210",146.619995,150.539993,146.509995,149.669998,2810200,141.513977
"211",150.919998,155.25,150.669998,153.970001,2663000,145.579636
"212",153.539993,154.860001,144.130005,147.800003,3416400,139.745865
"213",147.520004,152.25,147.270004,150.289993,2152000,142.100174
"214",151.320007,158.979996,151,158.800003,3066900,150.146469
"215",159.5,161.910004,157.369995,161.669998,3331800,152.860031
"216",160.809998,162.520004,158.899994,159.570007,1955200,150.874496
"217",158.660004,161.800003,158.350006,161.139999,2136200,152.358932
"218",160.570007,161.539993,158.240005,158.929993,1394600,150.269348
"219",158.820007,159.839996,156.380005,156.919998,1266400,148.368896
"220",156.399994,156.679993,152.389999,152.809998,1859800,144.482864
"221",151.300003,151.979996,148.100006,151.509995,1660700,143.253693
"222",151.589996,152.229996,149.830002,151.039993,955500,142.809311
"223",151.429993,153.289993,150.940002,152.220001,952600,143.925018
"224",151.860001,152.320007,150.610001,151.509995,1030200,143.253693
"225",152.589996,153.339996,151.380005,152.229996,1043300,143.934433
"226",153.550003,155.419998,152.720001,154.080002,1044200,145.683655
"227",155.320007,155.869995,154.100006,154.100006,372900,145.702591
"228",153.600006,153.600006,148.990005,150.580002,1379600,142.374374
"229",150.770004,151.610001,149.529999,151.089996,899200,142.856598
"230",151.520004,153.330002,149.509995,151.160004,917200,142.922791
"231",152.679993,156.820007,151.809998,156.039993,1915700,147.53688
"232",157.240005,160.210007,156.089996,157.160004,1635000,148.59581
"233",156.520004,158.75,155.770004,156.350006,1523900,147.829956
"234",156.369995,157.190002,153.259995,153.860001,1395800,145.475632
"235",153.399994,153.910004,150.039993,150.660004,1077900,142.450027
"236",150.630005,154.509995,150.199997,154.25,1302500,145.844391
"237",155.399994,156.779999,154.710007,155.899994,1165500,147.404465
"238",155.949997,159.809998,155.949997,158.669998,1766100,150.023514
"239",159.160004,160,156.820007,158.990005,1248000,150.32608
"240",159.089996,159.690002,156.119995,157.059998,947100,148.501266
"241",156.75,158.619995,156.539993,156.580002,895500,148.047409
"242",157.679993,157.990005,155.470001,155.830002,1781500,147.338303
"243",156.289993,160.410004,155.550003,159.309998,1559500,150.628647
"244",160.279999,161,158.800003,160.199997,1318100,151.470154
"245",161,167.330002,159.259995,167.199997,1858500,158.088715
"246",167.199997,169.449997,165.679993,168.820007,1376500,159.620422
"247",169.369995,173.720001,168.619995,171.119995,1461700,161.795059
"248",171.75,174.589996,170.520004,173.990005,1406500,164.508698
"249",174.119995,174.240005,171.490005,172.440002,927500,163.043167
"250",172.5,173.190002,171.169998,172.580002,730500,163.175491
"251",173.460007,174.110001,171.770004,172.850006,1587000,163.430832
"252",174.300003,175.449997,172.289993,172.919998,1777800,163.496979
"253",174.360001,178.199997,173.149994,176.339996,3288600,166.730637
"254",176.860001,177.910004,174.910004,177.270004,1552400,167.609955
"255",176.389999,176.880005,174.889999,176.509995,1195100,166.891357
"256",176.130005,179.279999,176.130005,178.529999,1595700,168.801315
"257",178.880005,179.850006,177.75,177.949997,1371800,168.252838
"258",178.460007,180.360001,177.759995,178.699997,1414800,168.962021
"259",179.580002,187.539993,178.669998,184.169998,2671800,174.133942
"260",184.020004,187.179993,183.059998,186.149994,1357100,176.006042
"261",186.5,186.789993,182.449997,182.509995,1652800,172.564407
"262",182.619995,185.630005,180.970001,184.320007,1498900,174.275803
"263",184.5,186.759995,183.25,184.380005,1154600,174.332489
"264",183.860001,184.339996,182.289993,183.169998,1668100,173.188446
"265",184.419998,186.509995,183.429993,186.300003,1656900,176.147842
"266",186.789993,187.270004,184.410004,186.009995,1567400,175.873688
"267",184.880005,188.889999,184.660004,188.330002,1932400,178.06723
"268",189,189.949997,186.669998,188.5,1578400,178.227997
"269",188.309998,188.869995,187.059998,188.360001,1247600,178.095627
"270",186.949997,189.550003,186.089996,187,1105800,176.809723
"271",185.009995,185.690002,181.649994,182.660004,2094600,172.706223
"272",183.039993,185.179993,181.970001,182.910004,2195400,172.942596
"273",183.300003,186.649994,181.570007,186.649994,1382700,176.478821
"274",184.289993,184.710007,177.509995,178.740005,2306500,168.999832
"275",177,180.720001,170.330002,171.820007,2425800,162.45694
"276",168.440002,174.5,166.210007,173.949997,2657600,164.470871
"277",181.779999,184.669998,175.649994,176.199997,3635600,166.598267
"278",176.970001,178.960007,169,169.160004,2886000,159.941895
"279",170.720001,171.649994,159.429993,165.050003,2846600,156.055862
"280",168.020004,173.649994,167.360001,171.029999,1981100,161.709991
"281",170.509995,172.720001,169.460007,172.169998,1245800,162.787888
"282",170.699997,180.449997,169.960007,179.5,1690100,169.71843
"283",179.449997,179.910004,174.509995,179.589996,1426400,169.803528
"284",179.110001,180.539993,178.080002,178.789993,1243700,169.047089
"285",179.5,180.649994,177.490005,178.25,980000,168.53656
"286",178.029999,178.880005,174.699997,174.729996,1218400,165.208374
"287",175.960007,179.759995,175,177.410004,1102200,167.742325
"288",178.050003,180.020004,177.380005,180,1402400,170.191162
"289",181.059998,181.380005,178.490005,179.690002,1146600,169.898071
"290",179.330002,180.070007,174.479996,174.669998,1704300,165.151611
"291",175.520004,177.380005,170.210007,170.229996,2113800,160.953583
"292",170.860001,172.410004,166.589996,169.160004,1943100,159.941895
"293",167.630005,169.729996,164.600006,168.889999,1821300,159.6866
"294",168.350006,172.339996,167.800003,171.690002,1527600,162.334045
"295",172.729996,172.800003,169.550003,169.960007,1503500,160.698318
"296",168.399994,171.5,167.080002,170.169998,1911300,160.896851
"297",170.869995,171.850006,167.309998,167.679993,1087600,158.542542
"298",169.649994,171.660004,169.330002,171.529999,1068900,162.182755
"299",171.580002,172.5,169.759995,171.190002,925100,161.861221
"300",172.580002,172.580002,168.710007,169.559998,977400,160.320068
"301",169.839996,170.360001,168.529999,169.039993,868100,159.82843
"302",170.399994,171.169998,165.339996,166.570007,912100,157.493042
"303",166.759995,170.490005,166.520004,169.339996,1290800,160.112061
"304",168.649994,168.690002,165.279999,166.240005,909300,157.181015
"305",167.679993,170.419998,167.089996,169.860001,1200800,160.603745
"306",170.699997,176.580002,170.419998,175.369995,1810000,165.813492
"307",172.990005,174.740005,171.720001,172.339996,997200,162.948608
"308",174.220001,176.979996,172.199997,172.470001,1462100,163.071503
"309",173.839996,176.020004,172.289993,175.570007,1109600,166.002609
"310",176.440002,176.889999,170.619995,171.75,1065200,162.390762
"311",170.990005,171.610001,167.039993,167.520004,1950700,158.53894
"312",168.970001,172.149994,168.479996,171.779999,2533800,162.570572
"313",170.899994,171.639999,163.25,166.910004,1455300,157.96167
"314",167.979996,170.080002,164.699997,169.460007,1167300,160.374954
"315",166.550003,169.350006,164.940002,169.279999,1346100,160.204575
"316",170,174.309998,169.649994,172.429993,1235300,163.185699
"317",171.020004,172.139999,164.610001,168.130005,1617600,159.116272
"318",169.059998,172.649994,168.509995,169.350006,1417200,160.270844
"319",171.729996,179.770004,171.149994,178.320007,2017800,168.759933
"320",177.580002,182.080002,177.130005,181.779999,1644200,172.034439
"321",183.360001,185.039993,180.589996,182.610001,1497400,172.819962
"322",183.520004,188.850006,182.759995,188.320007,1904300,178.223831
"323",190,191.889999,187.119995,191.130005,1549400,180.883163
"324",192,194.729996,190.639999,193.179993,1148000,182.823257
"325",195.320007,196.479996,192.380005,194.449997,1605000,184.025177
"326",194.690002,196.339996,192.550003,195.470001,1321300,184.990479
"327",194.059998,196.199997,192.889999,194.949997,1793400,184.498367
"328",193.839996,197.809998,192.630005,197.350006,1606300,186.769714
"329",197.25,199.679993,194.350006,196.059998,1446800,185.548874
"330",196.149994,199.039993,194.649994,198.899994,1039800,188.236618
"331",199.119995,201.630005,198.110001,200.729996,1026500,189.968491
"332",199.160004,200.990005,197.839996,199.289993,937900,188.605682
"333",198.979996,204.550003,198.610001,201.550003,1662000,190.744537
"334",200.479996,200.649994,196.160004,198.860001,1615700,188.19873
"335",197.869995,200.270004,195.289993,196.330002,1655200,185.804398
"336",197.979996,197.979996,188.789993,192.139999,2507300,181.839035
"337",191.75,194.75,190.190002,194.190002,1369900,183.779129
"338",195.570007,200.289993,195.570007,195.800003,1762400,185.302826
"339",195.869995,198.25,190.380005,197.649994,1409100,187.053635
"340",200.330002,205.080002,200,201.520004,1925600,190.716156
"341",201.699997,204.850006,200.350006,203.190002,1308300,192.296616
"342",203.190002,203.779999,200.809998,202.169998,1126400,191.331299
"343",202.75,204.259995,201.080002,201.619995,1029000,190.810791
"344",200.990005,203.110001,199.360001,203.050003,819600,192.164124
"345",202.75,206.850006,201.850006,206.080002,1015100,195.031662
"346",207.580002,213.259995,207.009995,212.309998,1372900,200.927643
"347",212.300003,213.399994,208.809998,209.639999,1355000,198.400818
"348",211.550003,212.910004,208.600006,209.839996,1385200,198.590103
"349",210,210.460007,201.710007,202.679993,1481500,191.81395
"350",201.630005,201.630005,197.389999,199.5,1737900,188.804413
"351",196.220001,197.839996,192.75,193.229996,1510200,182.870575
"352",189.309998,191.240005,186.330002,190.639999,1899000,180.419449
"353",189.039993,191.919998,188.619995,190.880005,1309900,180.646576
"354",192.690002,198.509995,192.369995,196.619995,1652800,186.078842
"355",195.089996,198.610001,192.979996,193.100006,1625100,182.747543
"356",194.369995,194.559998,187.220001,191.910004,2392800,181.621353
"357",193.149994,194.990005,189.669998,190.649994,1349400,180.428894
"358",189.949997,194.440002,188.910004,191.160004,1361000,180.911575
"359",191.479996,192.270004,187.199997,190.979996,1645900,180.741226
"360",191.970001,197.419998,190.970001,195.419998,1924100,184.943192
"361",195.169998,196.380005,191.889999,193.240005,1180100,182.880066
"362",194,194.229996,190.690002,191.539993,1368800,181.271194
"363",191.699997,194.899994,191.029999,192.949997,1071600,182.605591
"364",192.729996,194.059998,191.080002,192.860001,848400,182.520401
"365",193.940002,194.990005,190.460007,191.449997,985400,181.185989
"366",190.369995,190.970001,183.389999,184.199997,2508600,174.324692
"367",183.869995,187.190002,183.389999,184.600006,2148500,174.703247
"368",181.649994,182.839996,176.509995,180.139999,2335300,170.482391
"369",182.139999,183.550003,179.570007,183.240005,1768600,173.416183
"370",182.100006,182.309998,177.669998,178.020004,1473800,168.476013
"371",185,186.429993,183.690002,185.649994,3099400,175.69696
"372",185.910004,186.610001,180.839996,182.270004,1671700,172.498154
"373",182.070007,187.199997,182.020004,186.279999,1521800,176.293198
"374",188.570007,195,187.710007,192.800003,2388000,182.463623
"375",193.449997,193.759995,188.429993,188.850006,1320700,178.725403
"376",189.860001,192.110001,188.910004,189.240005,1279600,179.094498
"377",188.809998,188.809998,184.220001,185.210007,1189900,175.280579
"378",188.410004,190.330002,184.949997,186.190002,941500,176.207993
"379",188.149994,188.309998,182,183.330002,1283300,173.501358
"380",182.270004,186.300003,181.020004,185.020004,1392600,175.100754
"381",186.699997,189.429993,184.899994,189.240005,1659900,179.094498
"382",191.059998,192.179993,188.279999,189.820007,1521600,179.643402
"383",186.800003,188.300003,181.100006,182.589996,1849100,172.80101
"384",184.179993,185.220001,180.5,182.360001,1447800,172.583344
"385",182.059998,186.220001,181.660004,184.550003,1069600,174.655945
"386",182.050003,183.440002,179.5,183,1351600,173.189041
"387",182.649994,183.949997,180.020004,182.639999,1053200,172.848343
"388",181.5,182.809998,179.009995,182.240005,1117500,172.469757
"389",182.360001,183.639999,180.550003,182.970001,1140500,173.160645
"390",182.710007,183.740005,179.160004,180.949997,1482500,171.248932
"391",182.639999,182.820007,180.149994,181.309998,1145000,171.58963
"392",182.809998,188.740005,182.050003,187.169998,1381500,177.135483
"393",187.169998,189.130005,186,188.649994,1018100,178.536118
"394",188.669998,189.160004,186.809998,188.449997,1022300,178.346863
"395",187.919998,189.270004,185.389999,186.020004,789700,176.047089
"396",189,193.029999,188,191.270004,968800,181.015686
"397",191.070007,191.080002,186.820007,189.270004,1334000,179.122864
"398",187.339996,188.339996,184.190002,187.660004,998900,177.599197
"399",186.550003,189.419998,184.889999,188.580002,958700,178.469894
"400",188.309998,188.330002,181.220001,184.110001,1439700,174.239517
"401",184.589996,187.949997,183.399994,186.110001,1069400,176.132294
"402",187.619995,188.75,186.050003,186.570007,1361300,176.567657
"403",183.289993,189.770004,182.050003,188.029999,2220300,177.949356
"404",188.029999,189,185.289993,185.649994,1164900,175.69696
"405",185.75,188.009995,185.119995,186.139999,1328500,176.16069
"406",185.669998,186.75,182.779999,183.119995,1235500,173.302628
"407",185.449997,187.179993,182.380005,183.339996,966300,173.510818
"408",181.990005,182.399994,171.539993,173.690002,2726400,164.378174
"409",175.039993,175.539993,172.860001,173.089996,1525800,163.810333
"410",174.220001,175.100006,172.100006,173.199997,1721600,163.914429
"411",172.949997,173.850006,172.119995,172.509995,1307200,163.261398
"412",174.029999,176.270004,173.240005,173.740005,1731900,164.425476
"413",174.350006,177.550003,173.910004,176.050003,1365800,166.611649
"414",175.009995,176.369995,174.360001,174.860001,982400,165.485428
"415",176.949997,178.410004,175.570007,176.039993,911600,166.602173
"416",176.369995,178.589996,175.5,177.389999,1157400,167.879791
"417",177.720001,178.589996,175.5,175.789993,1356200,166.36557
"418",176.860001,176.860001,174.869995,175.619995,1159600,166.204697
"419",175.419998,176.789993,174.259995,174.740005,1143600,165.371872
"420",173.720001,175.279999,172.610001,174.699997,1052000,165.33403
"421",175.320007,176.380005,170.270004,171.100006,1233200,161.927002
"422",169.699997,169.910004,167.630005,169.220001,1740700,160.147781
"423",168.830002,169.490005,164.5,164.630005,1537700,155.803879
"424",163.929993,163.929993,160.800003,162.190002,2110100,153.49469
"425",163.529999,164.570007,162.210007,163.220001,2051500,154.469498
"426",163.589996,167.690002,162.910004,166.419998,1935000,157.497925
"427",168.529999,171.779999,168.270004,169.970001,1442200,160.85759
"428",169,171.720001,168.059998,170.169998,1343000,161.046875
"429",170.139999,172.190002,169.880005,170.429993,1237600,161.292923
"430",172.210007,173.740005,170.630005,171.110001,1115700,161.936478
"431",172.369995,175.559998,172.369995,173.789993,1479100,164.472763
"432",174.289993,175.300003,172.979996,174,769700,164.671524
"433",174.869995,175.080002,170.029999,171.389999,1374600,162.201447
"434",172.119995,174.009995,170.570007,172.520004,1534200,163.270889
"435",175.669998,178.139999,172.940002,174.850006,1685000,165.475998
"436",175.899994,178.5,175.720001,177.380005,1053500,167.870316
"437",176.5,177.410004,173.559998,174,1304500,164.671524
"438",175.050003,176,171.929993,172,1748700,162.928574
"439",171.589996,175.199997,170.619995,174.190002,2811500,165.003067
"440",175.110001,178.889999,174.289993,178.220001,1350300,168.820526
"441",178.970001,179.550003,177.440002,178.190002,1225000,168.79213
"442",178.479996,183.720001,177.759995,183.570007,1799000,173.888382
"443",182.940002,183.960007,179.699997,181.179993,1285600,171.624435
"444",181.25,183.399994,180.610001,183.380005,1078200,173.708374
"445",181.940002,182.929993,179.970001,181.839996,1143300,172.249588
"446",182.380005,189.779999,181.660004,187.919998,2097000,178.008942
"447",186.779999,187.600006,179.130005,179.300003,1848800,169.843567
"448",178.5,178.690002,170.210007,171.660004,1972800,162.606522
"449",175,175.880005,169.839996,173.539993,1318100,164.387375
"450",173.949997,175.639999,172.679993,173.289993,1145000,164.150543
"451",174.130005,174.529999,171.869995,173.559998,1374100,164.406311
"452",172.669998,172.979996,168.100006,170.179993,1274600,161.204559
"453",167.619995,169.089996,165.679993,167.899994,1362600,159.044815
"454",168.910004,171.199997,166.429993,166.779999,928100,157.983917
"455",166.330002,166.899994,162.029999,163.020004,1462600,154.42218
"456",159.139999,160.460007,155.839996,158.979996,1869900,150.595276
"457",160.229996,161.309998,149.690002,149.979996,2424600,142.069916
"458",152.279999,155.089996,150.990005,153.610001,1754800,145.508484
"459",151,152.880005,148.259995,149.660004,2349000,141.7668
"460",150.220001,150.360001,140.539993,143.080002,2195600,135.533844
"461",142.270004,146.179993,141.860001,145.779999,1673300,138.091446
"462",147.770004,150.630005,145.729996,147.270004,2253000,139.502853
"463",147.429993,151.889999,146.740005,149.580002,1488700,141.691025
"464",150.869995,152.449997,145.850006,146.899994,1389800,139.152359
"465",149.059998,150.139999,145.410004,148.279999,1398600,140.459595
"466",148.979996,150.440002,144.589996,148.520004,2995400,140.686935
"467",155.949997,162.309998,154.470001,161.710007,3645700,153.18129
"468",161.059998,162.199997,156.350006,156.509995,2094600,148.255524
"469",153.610001,160.600006,152.470001,159.820007,1701000,151.390976
"470",161.610001,161.899994,154.080002,154.320007,1618200,146.181015
"471",154.320007,156.210007,149,150.300003,1680500,142.373047
"472",153.929993,155.619995,149.020004,150.679993,1812700,142.733017
"473",150.360001,155.160004,149.809998,154.860001,1539100,146.692551
"474",155.669998,157.860001,154.619995,156.490005,1064200,148.236572
"475",154.800003,157.710007,153.009995,157.179993,1065100,148.890228
"476",153.880005,154.350006,149.690002,151.139999,1582000,143.168747
"477",151.770004,156,151.580002,153.960007,1292300,145.840027
"478",148.5,148.940002,145.5,147.169998,874600,139.408157
"479",149.259995,152.960007,149.259995,150.240005,1152100,142.316238
"480",149.779999,151.949997,145.960007,147.119995,1633000,139.360779
"481",147.130005,148.449997,145.220001,147.899994,1263000,140.099625
"482",148.320007,151.300003,148.259995,149.169998,1418200,141.302658
"483",147.570007,150,145.770004,147.75,2084800,139.957535
"484",152.229996,154.830002,151.509995,153.380005,1543600,145.290619
"485",153.389999,154.169998,145.009995,145.679993,1661200,137.996689
"486",141.279999,142.619995,135.240005,142.619995,2534000,135.098099
"487",146.160004,150.75,142.240005,143,2265600,135.458099
"488",141.320007,143.550003,137.580002,140.559998,1687900,133.146744
"489",143.320007,144.059998,138.300003,138.669998,2012800,131.356415
"490",141.630005,144.190002,140.130005,140.360001,1685100,132.957291
"491",139.839996,140.550003,136.550003,138.600006,2222100,131.290146
"492",139.25,141.059998,136.389999,137.139999,2291300,129.90712
"493",135.639999,138.020004,132.600006,133.429993,1945700,126.392792
"494",133.899994,135.220001,130.830002,132.070007,2433800,125.104515
"495",132.729996,137.729996,131.779999,132.570007,2512700,125.578148
"496",130.25,134.550003,127.949997,128.619995,2341500,121.836479
"497",127.849998,129.300003,124.470001,125.080002,3277000,118.483185
"498",123.650002,124.529999,120.449997,120.510002,1164000,114.15419
"499",122.089996,130.080002,119.080002,130.029999,1983700,123.172104
"500",127.290001,130.110001,124.459999,130.080002,1786400,123.219482
"501",130.960007,131.610001,127.029999,130.509995,2700600,123.626778
"502",130.970001,133.270004,129.919998,131.520004,1493100,124.583527
"503",128.779999,136.729996,128.679993,134.300003,2248400,127.216919
"504",134.970001,135.729996,132.300003,134.729996,2578500,127.624245
"505",137.880005,139.889999,135.5,139.289993,2836200,131.943756
"506",139.529999,143.869995,138.539993,142.320007,2262900,134.81395
"507",144.429993,145.449997,141.5,142.199997,1638700,134.700241
"508",144.009995,146.690002,142.910004,145.809998,1795000,138.119873
"509",144.130005,145.789993,142.809998,145.240005,1858900,137.579941
"510",143.869995,143.979996,141.210007,142.240005,1465900,134.738159
"511",140.880005,144.25,140.009995,142.889999,1050100,135.353851
"512",144.240005,145.490005,142.550003,143.029999,1051700,135.486465
"513",143.190002,144.669998,141.600006,143.539993,1674200,135.969559
"514",142.199997,144.020004,140.619995,143.270004,1168600,135.713821
"515",145.100006,145.169998,143.330002,144.899994,1530200,137.257858
"516",143.100006,143.160004,139.800003,139.979996,1849600,132.597351
"517",140.199997,140.880005,136.660004,137.419998,1747900,130.172348
"518",137.050003,139.479996,136.710007,138.309998,1413600,131.015396
"519",139.589996,141.940002,139.369995,140.229996,1199600,132.834152
"520",138.419998,140.529999,137.410004,139.710007,1487800,132.341583
"521",141.220001,141.509995,139.789993,140.199997,1059900,132.805725
"522",140.850006,141.970001,137.880005,141.509995,1735200,134.046646
"523",141.630005,142.880005,139.929993,142.320007,1950200,134.81395
"524",142.990005,144.470001,141.990005,143.009995,1309400,135.467514
"525",141.720001,144.580002,140.979996,144.570007,994300,136.945267
"526",143.770004,144.470001,142.559998,143.589996,1562400,136.016937
"527",142.309998,143.820007,141.690002,141.789993,1260100,134.311859
"528",140.710007,141.009995,135.169998,136.789993,1837400,129.575577
"529",136.339996,136.729996,132,135.710007,1581000,128.552551
"530",134.440002,137.800003,134.220001,137.649994,1123800,130.390228
"531",139.679993,141.770004,139.100006,141.389999,2102700,133.932983
"532",141.610001,145.949997,141.550003,145.949997,2777800,138.252472
"533",138.490005,144.669998,138.490005,143.080002,4731500,135.533844
"534",145.270004,146.960007,144.479996,145.350006,2466500,137.684143
"535",143.970001,146.089996,143.25,145.559998,2023700,137.883026
"536",145.309998,145.830002,141.119995,141.279999,2266600,133.828781
"537",140.630005,141.119995,134.929993,136.149994,2341800,128.96933
"538",138.380005,142.169998,138.339996,142.130005,2650700,134.633957
"539",141.190002,143.039993,140.479996,142.929993,3228100,135.391754
"540",142.729996,144.539993,142.350006,142.759995,1866600,135.230728
"541",143.300003,144.899994,141.289993,141.570007,1742100,134.103485
"542",142.050003,142.050003,139.550003,140.949997,1828700,133.51619
"543",141.5,144.550003,141.5,144.460007,2402300,136.841064
"544",144.710007,146.229996,142.940002,144.050003,1818000,136.452698
"545",144.410004,144.550003,141.369995,142.360001,1311000,134.851822
"546",141.199997,141.669998,137.850006,138.75,1400300,131.432236
"547",139.419998,139.720001,136.080002,136.320007,1511200,129.130386
"548",133.520004,133.809998,130.070007,130.360001,1969600,123.484734
"549",131.139999,132.660004,129.679993,132.440002,1609800,125.455017
"550",133.270004,135.880005,132.679993,135.029999,1709200,127.908386
"551",136.059998,136.399994,134.429993,135.679993,1809200,128.524124
"552",135.380005,137.580002,135.380005,136.369995,1272900,129.177734
"553",135.320007,136.369995,133.839996,135.669998,1813100,128.514648
"554",136.300003,138.649994,135.5,138.580002,1573200,131.271179
"555",138.910004,139.809998,137.350006,138.210007,1900300,130.920715
"556",138.309998,145.589996,137.770004,144.440002,2417000,136.822113
"557",144.320007,146.600006,143.039993,145.589996,1436500,137.911469
"558",144.610001,144.610001,138.850006,140.559998,1635000,133.146744
"559",140.570007,141.070007,138.220001,139.929993,1095000,132.549988
"560",141.979996,143.860001,140.839996,143.070007,1031200,135.524384
"561",142.720001,147.339996,141.779999,147.149994,2479800,139.389175
"562",146.279999,153.139999,145.110001,152.910004,3245100,145.161087
"563",155.279999,155.899994,152.089996,152.279999,2913600,144.563019
"564",153.770004,155.529999,150.910004,150.990005,2114000,143.338379
"565",151.389999,152.020004,148.050003,148.179993,1643100,140.670776
"566",148.199997,148.759995,145.100006,146.059998,2158700,138.658218
"567",146.009995,148.470001,145.419998,147.520004,1103400,140.044235
"568",148.009995,150.720001,147.899994,150.679993,1396600,143.044083
"569",151.5,153.070007,150.520004,151.729996,1272500,144.040909
"570",150.740005,151.210007,148.570007,148.940002,1630900,141.392258
"571",149.449997,151.110001,149.440002,150.490005,1249200,142.863724
"572",149.949997,151.440002,148.529999,150.919998,1170400,143.271927
"573",164.429993,168.5,162.179993,168.320007,5942800,159.790161
"574",168.199997,171.759995,166.580002,167.740005,3387000,159.239532
"575",169.130005,172.160004,168.300003,171.240005,2130300,162.56218
"576",172.270004,174.720001,171.139999,173,2366300,164.233017
"577",172.860001,175.910004,172.520004,175.059998,2662400,166.188614
"578",176.800003,178.220001,174.259995,175.889999,2391800,166.976547
"579",175.889999,177.960007,173.149994,175.720001,1512000,166.815186
"580",177.899994,177.899994,172.300003,172.369995,1691700,163.634903
"581",172.369995,173.119995,167.690002,168.009995,2652300,159.495865
"582",166.5,167.320007,161.990005,164.940002,2606500,156.581451
"583",165.119995,167.360001,164.300003,165.75,1620900,157.350403
"584",167.75,168.199997,165.210007,166.460007,1482100,158.024399
"585",166.619995,167.600006,157.929993,157.979996,2623300,149.974136
"586",156.669998,158.380005,153.419998,153.470001,2193900,145.692719
"587",155,157.779999,154.139999,156.089996,1425500,148.179916
"588",152.899994,157.270004,152,156.289993,1978100,148.369781
"589",153.470001,156.139999,143.039993,147.970001,5645500,140.47142
"590",147.899994,154.020004,147.889999,153.770004,3041300,145.977509
"591",151.820007,154.270004,149.419998,153.399994,1494300,145.626236
"592",153.380005,153.399994,148.419998,151.649994,1722000,143.964935
"593",150.179993,151.160004,146.770004,147.220001,1593000,139.759415
"594",148.699997,151.440002,148.050003,150.350006,1299900,142.730835
"595",148.929993,152.050003,148.410004,151.490005,1008000,143.813049
"596",152.589996,155.490005,152.589996,155.089996,1701800,147.230591
"597",153.869995,155.550003,152.830002,154.270004,1294900,146.452148
"598",154.25,156.080002,153.089996,154.210007,1434000,146.395218
"599",155.419998,158.270004,155.039993,157.910004,1275700,149.90773
"600",156.570007,157.259995,153.149994,153.149994,1523200,145.388916
"601",149.979996,149.979996,143.5,145.580002,3770300,138.202545
"602",147.330002,148.570007,145.300003,147,1390400,139.550583
"603",147.449997,149.630005,146.440002,147.899994,1487500,140.404968
"604",145.639999,146.899994,143.389999,146.589996,2076900,139.161346
"605",146.669998,147.119995,142.699997,144.429993,1557200,137.110809
"606",142.279999,144,141.100006,141.960007,1957400,134.765976
"607",142.419998,143.339996,140.949997,142.610001,1787900,135.383057
"608",143.789993,145.940002,141.960007,144.619995,2476500,137.291183
"609",144.720001,144.720001,139.289993,141.5,2749000,134.329285
"610",141.860001,144.470001,141.860001,144,1111600,136.702621
"611",144.169998,145.75,143,144.979996,900800,137.63295
"612",145.240005,147.380005,144.410004,144.729996,824200,137.395615
"613",146.300003,147.220001,143.910004,146.130005,1153200,138.724655
"614",145.050003,145.679993,141.119995,141.320007,1593900,134.158432
"615",144.100006,144.809998,141.860001,143.25,1818900,135.990631
"616",143.259995,143.75,140.580002,141.580002,1497700,134.405212
"617",140.830002,144.990005,140.050003,144.610001,1427000,137.281708
"618",145.449997,150.050003,145.449997,149.789993,1320000,142.199173
"619",148.919998,149.880005,146.240005,148.440002,1e+06,140.917633
"620",152.600006,154.779999,149.360001,154.339996,1784200,146.5186
"621",155,157.309998,154.470001,155.210007,1819500,147.344543
"622",155.350006,156.039993,150.740005,151.279999,1174900,143.613678
"623",150.820007,151.369995,148.059998,148.190002,1054500,140.680267
"624",150.259995,153.039993,149.619995,151.240005,1415400,143.575684
"625",151.729996,152.589996,150.5,150.809998,985100,143.167526
"626",151.089996,154.289993,150.479996,153.860001,3007000,146.062927
"627",156.389999,156.800003,150.559998,151.279999,1474200,143.613678
"628",150.5,150.509995,143.5,144.5,2079400,137.177307
"629",145.789993,146.119995,144.5,145.550003,1001800,138.174057
"630",145,146.539993,144.330002,146.520004,1155000,139.09491
"631",145,147.869995,144.009995,145.800003,1116500,138.411392
"632",145.080002,145.279999,142.169998,143.360001,1653400,136.095062
"633",144.320007,147.399994,144.320007,146.600006,1200700,139.170868
"634",147.240005,147.309998,144.589996,144.860001,1126500,137.519043
"635",144.630005,145.660004,143.259995,144.289993,1033100,136.977905
"636",144.550003,145.660004,140.479996,140.690002,1061400,133.560364
"637",141.380005,142.119995,139.199997,140.059998,1347800,132.962265
"638",140.029999,140.639999,136.330002,136.339996,987000,129.430771
"639",135.839996,136.800003,134.830002,136.100006,1570800,129.202927
"640",136.369995,138.229996,135.5,138.070007,1117500,131.07312
"641",138.130005,139.660004,136.850006,138.229996,1350600,131.225021
"642",138.169998,140.300003,137.029999,139.970001,1008100,132.876831
"643",139.580002,142.699997,139.410004,139.639999,791200,132.563553
"644",137.869995,139.720001,135.5,135.910004,1487700,129.022598
"645",135.660004,136.869995,134.759995,135.679993,1453900,128.804214
"646",135.389999,135.440002,131.919998,133.559998,1403000,126.791672
"647",133,138.350006,132.800003,137.889999,1420000,130.902237
"648",137.679993,139.399994,136,138.039993,1629200,131.044632
"649",136,136,125.290001,127.559998,3794600,121.095726
"650",128.440002,130.710007,124.459999,127.269997,2218700,120.820419
"651",124.160004,124.489998,121.269997,121.839996,2128100,115.665588
"652",122.510002,123.489998,118.620003,120.230003,2390800,114.137184
"653",114.790001,124.75,114.790001,122.129997,4047800,115.940895
"654",122.5,126.849998,120.639999,126.779999,2450600,120.355255
"655",126,127.889999,124.860001,126.169998,1401900,119.776169
"656",125.389999,127.779999,124.209999,126.75,2164300,120.326767
"657",125.559998,129.570007,125.080002,128.360001,2017400,121.855186
"658",125.339996,126.370003,122.5,122.720001,1910400,116.500999
"659",122.559998,123.650002,120.93,123.010002,1179200,116.776306
"660",123.510002,125.059998,122.379997,124.610001,1223200,118.295227
"661",126.870003,128.600006,126,128.220001,1218400,121.722282
"662",126.989998,127.580002,125.57,126.599998,1001800,120.18438
"663",128,129.139999,125.940002,126.940002,1291400,120.507141
"664",127.529999,127.75,125.720001,126.07,821700,119.681236
"665",123.980003,125,120.010002,120.650002,1440200,114.535896
"666",122.449997,122.839996,119.599998,120.25,1123500,114.156174
"667",121.010002,121.139999,116.889999,118.019997,1935600,112.039169
"668",118.910004,121.290001,118.169998,120.790001,1039000,114.6688
"669",122.459999,124.82,122.190002,123.360001,1189800,117.108566
"670",123.370003,125.260002,122.459999,123.419998,1006600,117.165527
"671",120.449997,122.68,119.57,122.459999,1115100,116.254173
"672",124.400002,124.779999,123.309998,124.18,1531100,117.887009
"673",125.309998,129.910004,125.309998,128.539993,1572000,122.026062
"674",126.980003,129.029999,125,128.869995,1173300,122.339333
"675",130.570007,132.880005,130.169998,132,1776300,125.31073
"676",132.789993,136.539993,132.690002,134.75,1663900,127.921326
"677",135.610001,137.990005,132.740005,133.410004,1255700,126.649261
"678",130.25,132.369995,129.350006,130.350006,1744200,123.744354
"679",132.309998,135.970001,131.350006,135.429993,1985100,128.566895
"680",141.660004,145.669998,138.699997,144.240005,5396400,136.930466
"681",143.020004,143.020004,137.369995,139.009995,2338400,131.965485
"682",137.149994,139.970001,136.5,137.770004,1617800,130.788345
"683",138.929993,139.490005,135.029999,135.929993,1020300,129.04155
"684",136.339996,136.479996,132.600006,134.339996,2543300,127.532135
"685",133.259995,134.699997,132.259995,133.75,9e+05,126.972031
"686",133.729996,133.729996,130.570007,130.830002,1657900,124.200012
"687",129.229996,130.639999,127.220001,128.160004,1547400,121.665321
"688",126.25,127.099998,124.779999,126.349998,1258200,120.36026
"689",124.889999,129.059998,124.889999,126.32,1115400,120.331688
"690",125.790001,127.550003,125.110001,125.769997,1560600,119.807762
"691",126.919998,128.690002,121.550003,121.730003,1925000,115.959282
"692",121.639999,123.75,119.019997,120.980003,1739500,115.244843
"693",119.860001,125.129997,119.5,124.690002,1846300,118.778984
"694",124.57,126.5,123.940002,125.449997,1831200,119.50293
"695",125.690002,126.510002,123.940002,124.540001,1601200,118.636078
"696",123.019997,125.68,122.5,123.459999,1628900,117.607269
"697",125,127.25,124.959999,126.510002,1670200,120.51268
"698",128.089996,131.059998,127.559998,129.350006,1994000,123.218063
"699",131.399994,133.889999,129.779999,132.509995,1542000,126.228241
"700",130.039993,131.899994,128.509995,129.889999,1323800,123.732445
"701",129.190002,131.800003,128.710007,130.410004,939700,124.227791
"702",130.039993,131.399994,128.339996,128.410004,911900,122.322617
"703",128.660004,128.869995,126.400002,127.699997,1353900,121.646255
"704",128,128.240005,123.150002,123.360001,1700900,117.512024
"705",123.400002,126.32,123.07,125.389999,1749000,119.445778
"706",126.139999,132.270004,125.790001,130.419998,1727100,124.23732
"707",129.809998,131.759995,128.509995,130.600006,1411300,124.408806
"708",131,131.740005,128.139999,129.270004,1176000,123.141853
"709",129.25,131.479996,128.410004,129.830002,927100,123.675293
"710",130.740005,131.809998,125.160004,125.550003,1684400,119.598183
"711",124.529999,128.309998,124.040001,127.120003,1498300,121.093781
"712",127.589996,128.210007,122.220001,122.550003,1550100,116.740417
"713",122.120003,123.309998,119,123.019997,1705800,117.18811
"714",124.339996,128.679993,123.410004,127.559998,1509300,121.512909
"715",129.949997,136.990005,129.940002,136.059998,3886400,129.609955
"716",139,142.940002,134.830002,135.860001,2920700,129.419449
"717",134.669998,136.289993,131.520004,133.570007,1891800,127.238007
"718",135.809998,137.339996,134.639999,136.570007,1983100,130.095795
"719",135.779999,135.990005,133.259995,134.990005,1101200,128.590698
"720",132.639999,134.580002,132,133.639999,861800,127.304665
"721",134.389999,137.160004,133.309998,136.130005,1143200,129.676651
"722",135.220001,135.699997,132,133.5,982700,127.17131
"723",133.820007,134.960007,132.160004,132.369995,1146800,126.094879
"724",133.070007,134.399994,131.820007,134.279999,1056100,127.914352
"725",133.009995,133.360001,131.600006,133.199997,905900,126.885544
"726",133.199997,133.199997,129.179993,129.619995,1107300,123.475258
"727",129.720001,132.889999,128.539993,130.470001,1150300,124.284958
"728",131.479996,131.479996,128.529999,130.740005,1539700,124.54216
"729",131.289993,131.899994,129.389999,129.559998,1318400,123.418098
"730",129.429993,131.100006,128.279999,131.080002,1951100,124.866066
"731",131.419998,131.419998,127.449997,127.68,1578900,121.62722
"732",127.970001,130.399994,127.32,130.179993,1229900,124.008698
"733",128.270004,129.429993,127.669998,127.839996,783900,121.77964
"734",128.830002,129,126.379997,126.779999,1356000,120.769882
"735",125.199997,125.279999,122.639999,123.489998,1912700,117.635849
"736",125.150002,131.169998,125,130.509995,1836500,124.323074
"737",131.169998,131.309998,127.480003,128.309998,1326900,122.227356
"738",129.119995,134.770004,128.649994,133.899994,1558900,127.552361
"739",132.139999,134.169998,131.229996,133.190002,1509000,126.876038
"740",133.259995,134.990005,132.039993,134.550003,1458200,128.17157
"741",134.490005,136.630005,133.889999,136.190002,1219600,129.733795
"742",136.350006,140.199997,136.009995,139.550003,1436100,132.934509
"743",140.880005,141.660004,138.529999,139.990005,1684100,133.353653
"744",141.169998,144.380005,140.539993,143.369995,1899600,136.573425
"745",143.360001,145.169998,142.850006,144.029999,1409600,137.202133
"746",143.779999,147.009995,143.710007,145.869995,1798700,138.95491
"747",145.5,147.5,144.860001,147.210007,1453900,140.2314
"748",148.830002,148.830002,146.289993,147.600006,2637600,140.60289
"749",147.759995,151.289993,147.300003,150.929993,1474800,143.775024
"750",151.399994,152.059998,151.050003,151.800003,400300,144.60379
"751",152.580002,153.399994,151.759995,152.080002,926800,144.870529
"752",153.270004,153.270004,151.699997,151.779999,864700,144.584717
"753",150.899994,152.199997,150.25,150.869995,1228400,144.135712
"754",150,151.570007,149.160004,151.369995,981900,144.613388
"755",152.020004,153.149994,151.169998,152.339996,995700,145.540085
"756",155,156.419998,152.889999,153.350006,1782100,146.505035
"757",154.910004,159.009995,153.020004,158.110001,2126300,151.052551
"758",157.550003,157.800003,155.649994,156.949997,1343700,149.944321
"759",157.960007,158.889999,150.699997,152.080002,2125400,145.291702
"760",152.089996,152.850006,149.550003,152.229996,1516200,145.435028
"761",151.630005,151.729996,148.850006,149.399994,1976100,142.731339
"762",149.289993,149.550003,146.470001,146.779999,2104800,140.228287
"763",146.690002,148.110001,145.070007,146.779999,1583200,140.228287
"764",146.039993,146.470001,144.050003,145.399994,1249000,138.909882
"765",146.389999,149.309998,146.070007,146.990005,1419300,140.428894
"766",147.830002,148.880005,146.880005,148.789993,1812800,142.14856
"767",147.910004,149.539993,146.639999,147.350006,1273300,140.772827
"768",146.75,146.830002,144.089996,144.630005,1519100,138.174255
"769",143.089996,143.300003,140.080002,140.429993,1974800,134.161713
"770",140.100006,142.259995,139.110001,142.029999,1266300,135.690292
"771",138.369995,138.869995,134.970001,135.389999,1652100,129.346695
"772",137.169998,141.830002,136.399994,140.970001,2173400,134.677582
"773",141.779999,142.600006,138.839996,138.919998,1077200,132.719131
"774",136.899994,139.479996,134.699997,137.529999,1663100,131.391159
"775",135.029999,135.839996,133.5,135,1601200,128.974106
"776",135.259995,136.089996,132.289993,132.570007,1335300,126.652565
"777",135.850006,138.990005,134.960007,135.899994,2073400,129.833908
"778",138.949997,142.970001,138.589996,142.190002,1402700,135.84317
"779",142.820007,142.820007,139.940002,140.440002,918300,134.171265
"780",138.75,139.309998,136.619995,137.820007,1041700,131.668228
"781",136.759995,137.190002,135.479996,136.75,1193600,130.645981
"782",139.380005,139.389999,135.839996,136.130005,1654000,130.053665
"783",138.720001,139.860001,136.869995,137.610001,1170700,131.467621
"784",136.520004,140.580002,136.119995,140.039993,1399000,133.789124
"785",140.600006,141.009995,137.570007,139.229996,936500,133.015289
"786",137,137.949997,133.789993,135.559998,1719300,129.509064
"787",136.240005,142.009995,135.919998,141.169998,2390600,134.868683
"788",144,147.240005,139.820007,142.529999,2394400,136.167999
"789",141.089996,142.889999,139.490005,142.25,1403400,135.900467
"790",135.690002,137.330002,133.880005,135.970001,1549700,129.900803
"791",136.779999,137.199997,129.149994,130.089996,1835800,124.283264
"792",130.789993,131.800003,125.349998,125.489998,2010200,119.888588
"793",120.730003,127.57,117.300003,122.669998,2747500,117.194473
"794",117.699997,122.889999,117.650002,122.779999,3469300,117.299545
"795",124.459999,125.129997,119.269997,124.32,3385300,118.770805
"796",124.970001,124.970001,118.150002,120.029999,2113600,114.67231
"797",122.07,124.540001,120.239998,123.5,1788100,117.987404
"798",119.019997,122.260002,116.870003,118.610001,1907900,113.315689
"799",113.410004,114.440002,101.900002,105.120003,5181500,100.427834
"800",72.860001,74.959999,64.529999,66.309998,7675200,63.350159
"801",70.760002,80.190002,67.589996,79.860001,6753600,76.295341
"802",76.18,77.470001,67.239998,70.239998,4409100,67.104744
"803",63.919998,66.459999,58.810001,60.68,4695300,57.97147
"804",66.199997,70.709999,60.919998,70.68,4543800,67.525108
"805",59.48,68.790001,57.240002,59.720001,3588800,57.054317
"806",59.82,61.959999,54.5,57.529999,4181200,54.962067
"807",52.009998,57.990002,48.619999,56.77,4272600,54.235996
"808",56.919998,63.5,55.099998,60.369999,4247900,57.675304
"809",62.810001,68.559998,59.290001,61.759998,4374400,59.003262
"810",61.689999,62.970001,57.200001,61.290001,3061900,58.554245
"811",66.790001,73.580002,63.290001,72.620003,3901100,69.378517
"812",72.129997,75.410004,67.379997,72.309998,2980000,69.082352
"813",72.440002,74.75,71.389999,74.339996,2894500,71.021721
"814",70.529999,72.93,67.760002,68.650002,2940200,65.585724
"815",65.790001,67.349998,62.189999,66.489998,3132700,64.035156
"816",69.099998,72.830002,67.559998,70.150002,2657500,67.56002
"817",66.900002,68.970001,62.540001,67.769997,2571700,65.267899
"818",71.190002,81.480003,70.410004,75.150002,4907200,72.375435
"819",79,80,72.839996,74.68,4925400,71.922768
"820",76.099998,76.800003,72.900002,76.239998,2280400,73.425179
"821",81.290001,84.260002,74.790001,75.309998,2989300,72.52951
"822",77.480003,81.610001,74.839996,80.290001,3283800,77.325645
"823",83,84.120003,72.580002,75.480003,4751600,72.693237
"824",79.029999,79.599998,75.400002,78.550003,2213200,75.649902
"825",77.050003,80,76.489998,77.370003,2164400,74.513466
"826",72.529999,76.480003,71.529999,74.919998,2066800,72.153915
"827",73.879997,73.940002,69.989998,71.110001,3087300,68.484581
"828",72.75,77.32,72.080002,76.629997,2814300,73.800781
"829",71.379997,75.360001,69.769997,71.279999,3763800,68.6483
"830",68.019997,74.279999,67,73.470001,3700600,70.757454
"831",77.589996,80.739998,77.080002,80.660004,3360400,77.681999
"832",83.330002,84.800003,78.639999,79.309998,3135100,76.381836
"833",80.669998,80.669998,74.68,77.449997,2983400,74.590515
"834",76.209999,82.959999,73.510002,81.860001,2612100,78.837692
"835",83.760002,85.400002,81.260002,82.760002,1953600,79.70446
"836",86.010002,90.129997,84.059998,89.800003,2497600,86.484543
"837",91.220001,91.43,85.959999,89.309998,2632100,86.012627
"838",86.639999,88.470001,81.699997,82.919998,1921900,79.858551
"839",81.199997,83.150002,80.559998,83.059998,3474600,79.993385
"840",88.040001,89.300003,82,82.480003,2040800,79.434799
"841",82.949997,84.440002,80.900002,81.830002,1370900,78.8088
"842",85.010002,91.419998,85.010002,87.019997,2296900,83.80719
"843",89.019997,91.5,87.300003,89.989998,2615800,86.667519
"844",88.220001,88.75,84.440002,84.440002,3805500,81.322441
"845",84.5,86.559998,83.5,84.029999,5463000,80.927559
"846",83.910004,84.440002,78.470001,79.379997,3468900,76.449242
"847",77.57,84,76.480003,82.209999,2741500,79.174759
"848",81.580002,85.160004,81.580002,82.860001,1899500,79.800766
"849",88.160004,94.230003,87.519997,93.379997,3950800,89.932358
"850",93.660004,94.470001,89.559998,89.650002,2438600,86.34008
"851",91.470001,92.860001,90.900002,92.43,2667400,89.017441
"852",93,93.690002,91.779999,92.93,2505800,89.498978
"853",91.849998,92.970001,91.080002,92.419998,1916000,89.007813
"854",96.730003,96.730003,93.349998,93.720001,1910600,90.259804
"855",95.43,95.650002,91.260002,94.190002,2178900,90.712456
"856",93.870003,96.660004,91.910004,92.540001,1940200,89.123383
"857",91.639999,92.470001,89.839996,91.599998,1908500,88.218086
"858",91.599998,93.669998,90.5,92.910004,2201900,89.479721
"859",94.599998,96.349998,93.360001,96.160004,2168900,92.609734
"860",98.889999,100.970001,96.610001,100.769997,2488600,97.049522
"861",99.949997,104.089996,98.290001,103.550003,3059200,99.726883
"862",109.919998,111.470001,106.800003,110.889999,3129800,106.795898
"863",116.220001,116.809998,111.269997,116.779999,3166500,112.46843
"864",109.889999,110.370003,104.940002,108.529999,3090900,104.523026
"865",106.510002,106.800003,102.720001,102.730003,4076300,98.937157
"866",95,101.519997,93.510002,96.639999,4641200,93.072006
"867",101.800003,102.660004,95.07,98.230003,2260300,94.603302
"868",93.860001,96.760002,91.379997,95.550003,4235400,92.022255
"869",100.519997,100.580002,95.660004,97.059998,4520400,93.476494
"870",97,97.07,94,94.239998,2442400,90.76062
"871",93.190002,95,92.779999,94.540001,2960600,91.049545
"872",96.779999,97.349998,92.919998,93.580002,3472100,90.124985
"873",92.809998,96.07,92.080002,95.099998,2217700,91.588852
"874",96.400002,98.949997,95.260002,96.760002,2545400,93.187569
"875",94.949997,95.870003,91.720001,92.160004,2057800,88.757408
"876",91.410004,97.790001,91.019997,97.699997,1988700,94.092865
"877",96.540001,97.169998,93.540001,94.110001,3084000,90.635414
"878",94.209999,95.32,93.389999,94.440002,1359700,91.487915
"879",93.32,98.129997,93.269997,97.699997,1712200,94.645996
"880",98,99.279999,94.330002,95.5,1696000,92.514771
"881",98,98.860001,96.220001,96.800003,1222400,93.774139
"882",98.790001,100.389999,97.720001,98.720001,1371300,95.634117
"883",97.400002,98.639999,95.910004,96.07,1373300,93.066948
"884",96.650002,97.82,95.07,96.589996,1695300,93.570702
"885",96.18,97.120003,91.400002,91.480003,1354000,88.620438
"886",91.080002,92.720001,90.400002,92.440002,2154500,89.550423
"887",93.339996,93.540001,90.199997,91,1545200,88.155441
"888",90.269997,95.980003,90.019997,95.660004,1801200,92.669777
"889",96.949997,98.209999,95.629997,96.589996,1834500,93.570702
"890",96.150002,98.120003,94.769997,96.82,969100,93.79351
"891",97.330002,98.589996,96.410004,96.519997,1089000,93.502892
"892",96.410004,99.120003,95.449997,96.910004,1439600,93.880707
"893",98.709999,103.360001,98.709999,102.720001,2062900,99.509087
"894",100.919998,103.019997,99.239998,102.510002,1581400,99.305649
"895",101.480003,102.059998,99.830002,100.660004,1198100,97.513481
"896",101.110001,102.419998,99.110001,99.68,855900,96.56411
"897",99.68,100.019997,97.769997,98.519997,940500,95.440353
"898",97.629997,98.68,96.190002,96.550003,846500,93.531952
"899",96.790001,98.550003,96.080002,98.540001,1130600,95.45974
"900",96.029999,97.07,93.93,95.849998,1052500,92.853828
"901",94.839996,97.040001,94.5,96.919998,1223700,93.890381
"902",97.900002,99.300003,96.160004,97.839996,1208100,94.781624
"903",97.589996,100.379997,97.209999,99.519997,1614300,96.409111
"904",101.650002,103.989998,99.599998,102.650002,2167100,99.441269
"905",101.889999,103.870003,101.68,102.360001,1322300,99.160347
"906",101.25,104.620003,99.309998,104.279999,1554900,101.020317
"907",104.93,109.440002,104.540001,108.989998,1907300,105.583092
"908",111.010002,111.949997,106.209999,106.559998,1603900,103.229042
"909",109.220001,111.480003,107.800003,110.5,1463700,107.045883
"910",109.769997,111.709999,109.510002,109.940002,1719000,106.503403
"911",108.949997,110.900002,108.610001,110.730003,1032900,107.2687
"912",111,111.18,107.480003,108.610001,1272800,105.214981
"913",108.260002,109.230003,107.139999,107.699997,1334000,104.333412
"914",107.239998,107.900002,104.32,104.769997,1386600,101.495003
"915",103.129997,104.669998,102.620003,102.669998,1082500,99.46064
"916",102.580002,103.699997,101.980003,102.110001,1360000,98.918144
"917",102.839996,105.949997,102.529999,104.75,1492000,101.475632
"918",106.25,107.279999,105.089996,106.919998,1164600,103.577789
"919",106,106.900002,104.290001,104.410004,1045600,101.146255
"920",105.010002,105.839996,104.099998,105.379997,811000,102.08593
"921",106,106,103.959999,105.599998,792000,102.299057
"922",105.599998,105.809998,103.169998,103.93,1439500,100.681259
"923",103.419998,103.870003,102.089996,102.980003,1281000,99.760963
"924",102.790001,102.790001,100.599998,100.919998,1299600,97.76535
"925",100.309998,101.580002,97.870003,98.379997,1544600,95.304741
"926",99.360001,100.650002,97.459999,99.099998,917000,96.002251
"927",97.43,97.43,93.449997,94.360001,1664500,91.4104
"928",95.730003,97.730003,95.199997,96.599998,1146300,93.580383
"929",96.57,96.57,91.059998,91.449997,1630800,88.59137
"930",92.230003,92.940002,91.199997,92.07,1810400,89.191978
"931",92.540001,94.660004,91.25,93.349998,1655300,90.431976
"932",93.870003,95.699997,93.540001,94.629997,1286800,91.671967
"933",95.349998,99.32,95.080002,97.550003,2134600,94.500694
"934",95.779999,97.809998,94.809998,97.080002,1796200,94.045372
"935",96.300003,97.699997,94.830002,95.779999,2393300,92.786018
"936",93.25,93.809998,90.449997,91.919998,1804700,89.046677
"937",91.919998,93.68,91.279999,92.519997,1578500,89.62793
"938",92.25,92.959999,86.82,86.900002,1444700,84.183609
"939",86.470001,88.18,85.080002,86.559998,1652900,83.854225
"940",85.57,86.5,84.540001,85.900002,1219000,83.214859
"941",88.050003,89.199997,86.730003,88.309998,1749000,85.549515
"942",87.559998,87.730003,83.900002,86.400002,1402500,84.223778
"943",87.089996,87.449997,85.43,85.989998,1693000,83.824112
"944",84.830002,86.220001,83.989998,84.57,1529900,82.439873
"945",82.059998,87.559998,81.860001,86.540001,1874300,84.360252
"946",88,89.389999,86.419998,89.32,962900,87.070236
"947",90.980003,92.25,87.75,88.029999,1437200,85.812737
"948",88.010002,89.68,87.220001,88.940002,1050400,86.699814
"949",89.709999,90.169998,88.32,89.480003,1188500,87.226212
"950",90.07,90.550003,87.629997,88.07,1094800,85.851723
"951",88.290001,89.209999,86.559998,88.68,890100,86.446358
"952",88.440002,90.589996,87.709999,88.150002,771300,85.92971
"953",88.660004,92.629997,88.660004,90.089996,1627600,87.820839
"954",88.260002,92.370003,87.32,92.220001,854900,89.897194
"955",91.989998,92.300003,90.220001,90.260002,1013000,87.986557
"956",90.760002,91.139999,86.980003,87.050003,2034400,84.857422
"957",82.75,84.82,81.389999,83.529999,4188100,81.426064
"958",82.5,83.400002,78.120003,78.440002,4633400,76.464279
"959",78.470001,83.5,76.580002,83,5712900,80.909416
"960",83.800003,86.269997,83.18,85.540001,2868100,83.385445
"961",83.699997,84.540001,81.57,82.800003,3580600,80.714462
"962",83.160004,84.919998,82.559998,83.779999,2668500,81.669769
"963",81.169998,83.57,80.260002,80.330002,3865500,78.306671
"964",79.059998,81.660004,76.989998,81.419998,2347300,79.369202
"965",81.050003,81.5,77.449997,79.559998,2677200,77.556061
"966",80.800003,84.349998,79.050003,82.800003,2503700,80.714462
"967",84.489998,84.860001,81.25,82.199997,1779600,80.12957
"968",82.730003,85.93,80.120003,83.5,1984900,81.396828
"969",81.709999,85,79.470001,79.580002,2919400,77.575562
"970",79.93,81.370003,77.099998,77.339996,2205200,75.391983
"971",86.190002,90.580002,84.220001,88.370003,4540000,86.144165
"972",90.239998,92.190002,86.980003,91.75,2427600,89.439034
"973",93.360001,93.459999,89.800003,90.639999,1639800,88.356995
"974",89.269997,91.029999,85.68,86.269997,1849900,84.097054
"975",87.239998,91.160004,87.239998,90.669998,1427300,88.38623
"976",94.5,95.150002,92.43,94.709999,1944000,92.324471
"977",93.07,96.089996,92.029999,95.910004,1240200,93.494255
"978",96.580002,98.959999,94.57,94.610001,1552900,92.226997
"979",93.900002,96.800003,93,96.629997,1356400,94.196106
"980",96.239998,97.25,94.870003,95.809998,1851500,93.396751
"981",97.5,104.529999,97.300003,104.5,2153800,101.867882
"982",108.309998,111.43,107.650002,111.349998,3011800,108.545341
"983",110,111.190002,108.330002,109.959999,1690800,107.190361
"984",109.620003,111.540001,109.139999,110.07,1109200,107.2976
"985",108.589996,108.690002,100.269997,100.580002,3450500,98.046623
"986",103.540001,103.839996,99.099998,99.800003,1750900,97.286278
"987",99.190002,104.940002,98.589996,101.529999,1908800,98.972694
"988",101.949997,106.739998,100.720001,105.349998,1988800,102.69648
"989",107.599998,114.279999,107.5,114.059998,2576000,111.18708
"990",112.720001,112.720001,109.650002,110.279999,2052800,107.502304
"991",109.790001,115.099998,108.730003,114.269997,1952900,111.3918
"992",115.639999,116.230003,112.25,114.43,2038500,111.547768
"993",113.720001,119.519997,113.720001,118.790001,1991900,115.797951
"994",117.779999,118.269997,114.339996,115.57,1729700,112.65905
"995",118.040001,118.209999,111.910004,113.110001,1965800,110.261009
"996",114.5,117.769997,112.470001,117.440002,1855500,114.481956
"997",118,119.419998,115.760002,116.889999,2459500,113.945816
"998",117.580002,117.769997,113.550003,114.379997,1981800,111.499031
"999",114.559998,115.199997,112.620003,114.360001,3011100,111.47953
"1000",108.949997,113.639999,107.959999,110.889999,1657900,108.096939
"1001",111.5,111.629997,108.199997,108.440002,1579700,105.708649
"1002",109.779999,114.879997,109.440002,113.120003,1417000,110.270775
"1003",112.860001,112.860001,110.760002,112.489998,487800,109.656631
"1004",112.860001,113.900002,110.150002,110.650002,1010800,107.862976
"1005",111.010002,112.089996,109.110001,110.639999,1320100,107.853226
"1006",110.360001,114.919998,109.900002,114.57,1293800,112.24221
"1007",113.400002,114.809998,112.400002,113.889999,1444700,111.576027
