"","QRVO.Open","QRVO.High","QRVO.Low","QRVO.Close","QRVO.Volume","QRVO.Adjusted"
"1",53.18,53.950001,52.119999,52.900002,1841200,52.900002
"2",52.990002,54.560001,52.740002,54.509998,1503800,54.509998
"3",54.040001,54.52,52.810001,53.360001,1343400,53.360001
"4",53.599998,54.41,53.09,53.860001,943000,53.860001
"5",53.91,55.349998,53.91,54.369999,1253000,54.369999
"6",54.43,56.580002,54.43,56.400002,1972600,56.400002
"7",56.349998,56.860001,55.5,56.799999,1106800,56.799999
"8",56.060001,56.939999,55.369999,56.84,1622200,56.84
"9",56.779999,58.98,56.630001,58.57,1598700,58.57
"10",58.029999,58.869999,56.900002,57.259998,2066300,57.259998
"11",57.700001,59.290001,57.630001,59.169998,1567900,59.169998
"12",59.189999,59.799999,58.110001,58.310001,2206600,58.310001
"13",60.040001,61.700001,59.509998,61.02,3420600,61.02
"14",60.919998,62.110001,60.919998,61.849998,2224000,61.849998
"15",62.150002,63.09,61.919998,62.5,2435100,62.5
"16",63.130001,64.080002,62.549999,64.040001,1840800,64.040001
"17",63.700001,64.190002,62.799999,63.34,2106800,63.34
"18",63.57,63.959999,62.889999,63.650002,1133800,63.650002
"19",63.52,64.510002,63.009998,64.290001,3150200,64.290001
"20",63.84,64.419998,63.279999,64.209999,1944600,64.209999
"21",65.150002,65.970001,63.34,64.550003,4150200,64.550003
"22",61.34,65.690002,61.119999,63.349998,5477900,63.349998
"23",63.459999,64.629997,63.360001,63.959999,1559400,63.959999
"24",63.490002,64.360001,63.310001,64.360001,2005700,64.360001
"25",64.360001,65.050003,64.190002,64.75,1270800,64.75
"26",64.93,66.25,64.550003,66.199997,1745400,66.199997
"27",66.129997,66.400002,65.57,66.279999,1305100,66.279999
"28",66.32,66.419998,65.580002,66.269997,1003300,66.269997
"29",66.470001,67.199997,66.099998,66.529999,1085600,66.529999
"30",66.489998,66.739998,65.815002,66.440002,996500,66.440002
"31",66.419998,67.410004,66.141998,67.169998,785400,67.169998
"32",67.260002,67.68,66.370003,67.150002,837600,67.150002
"33",66.900002,67.599998,65.860001,67.120003,1688700,67.120003
"34",67.029999,67.949997,66.849998,67.57,2758300,67.57
"35",67.559998,68.660004,67.217003,67.550003,1144100,67.550003
"36",68.019997,68.300003,66.389999,67.199997,1315100,67.199997
"37",66.370003,66.559998,64.18,66.190002,1574800,66.190002
"38",66.279999,67.660004,65.599998,67.620003,1292000,67.620003
"39",67.610001,67.699997,65.93,66.099998,1317500,66.099998
"40",66.5,68,66.230003,67.849998,1354800,67.849998
"41",68.010002,68.050003,66.059998,66.110001,1202600,66.110001
"42",66.190002,66.82,65.769997,66.209999,921500,66.209999
"43",65.879997,66.589996,65.559998,66.419998,1712100,66.419998
"44",66.230003,67.370003,65.959999,66.889999,1676300,66.889999
"45",66.599998,67.370003,65.987999,66.400002,1239800,66.400002
"46",66.290001,67.120003,65.5,66.650002,821900,66.650002
"47",66.849998,67.639999,66.610001,67.110001,1012500,67.110001
"48",67.129997,67.790001,67.105003,67.68,872600,67.68
"49",67.449997,68.18,66.800003,67.849998,1298500,67.849998
"50",68.339996,69.120003,67.489998,68.949997,1616000,68.949997
"51",68.709999,69.040001,67.110001,68.220001,2005900,68.220001
"52",68.339996,68.339996,67.345001,67.419998,2264400,67.419998
"53",67.199997,67.989998,66.5,67.580002,1040300,67.580002
"54",67.800003,67.848999,65.339996,65.529999,1983400,65.529999
"55",65.449997,66.889999,64.790001,66.529999,1377500,66.529999
"56",66.449997,67.400002,66.190002,66.830002,945800,66.830002
"57",67.330002,68.129997,67.230003,67.639999,899800,67.639999
"58",66.959999,68.419998,66.169998,68.370003,1069800,68.370003
"59",68.110001,68.839996,67.697998,68.25,949500,68.25
"60",68.120003,68.364998,67.400002,67.849998,1078900,67.849998
"61",68.010002,69.709999,67.839996,69.080002,1596300,69.080002
"62",69.160004,69.160004,68.540001,68.559998,1060700,68.559998
"63",68.559998,68.919998,67.059998,68.050003,1484900,68.050003
"64",67.580002,68.559998,67.120003,68.32,1155800,68.32
"65",68.419998,69.870003,68.419998,68.599998,1760300,68.599998
"66",68.529999,69.410004,68.239998,69.290001,1259600,69.290001
"67",69.360001,71.910004,69.305,71.330002,2905900,71.330002
"68",71.220001,72.419998,70.620003,70.639999,1885600,70.639999
"69",69.760002,70.230003,68.370003,70.199997,2242900,70.199997
"70",70.230003,70.440002,68.620003,68.760002,1373600,68.760002
"71",68.379997,69.550003,68.114998,68.480003,2031300,68.480003
"72",68.519997,69.220001,68.519997,69.07,939800,69.07
"73",68.830002,69.620003,68.580002,69.540001,1005400,69.540001
"74",70.099998,71.190002,69.849998,69.989998,947400,69.989998
"75",70.610001,71.339996,70,71.029999,867100,71.029999
"76",70.889999,70.900002,70.139999,70.160004,1248500,70.160004
"77",71.32,71.650002,70.839996,70.940002,816000,70.940002
"78",71.459999,71.769997,71.181,71.309998,1351300,71.309998
"79",71.300003,71.551003,70.260002,70.970001,1056800,70.970001
"80",71.300003,71.650002,70.769997,71.120003,1395300,71.120003
"81",70.339996,70.349998,67.610001,68.029999,2850000,68.029999
"82",68.260002,68.949997,67.720001,68.610001,1147800,68.610001
"83",68.529999,68.529999,67.300003,68.339996,1294300,68.339996
"84",67.900002,68.440002,67.5,68.050003,2257600,68.050003
"85",66.870003,69.980003,66.449997,67.019997,4479900,67.019997
"86",67.269997,67.339996,65.870003,66.900002,1637300,66.900002
"87",66.830002,67.050003,65.389999,65.650002,1592300,65.650002
"88",65.809998,66.889999,65.650002,66.160004,1797700,66.160004
"89",66.360001,66.885002,65.739998,66.790001,1102500,66.790001
"90",66.510002,67.07,65.839996,67.019997,1507800,67.019997
"91",66.870003,67.82,66.836998,67.800003,1743000,67.800003
"92",67.260002,72.127998,67.260002,71.540001,4529800,71.540001
"93",71.730003,74.919998,71.665001,74.839996,3182700,74.839996
"94",73.779999,74.589996,72.5,72.540001,2765300,72.540001
"95",72.160004,75.980003,71.75,75.550003,3399400,75.550003
"96",76.089996,76.495003,75.239998,75.510002,2091000,75.510002
"97",75.779999,78.830002,75.745003,78.07,2953900,78.07
"98",78.260002,78.610001,76.360001,78.550003,1858100,78.550003
"99",78.809998,79.199997,77.370003,78.389999,1745400,78.389999
"100",78.650002,79.325996,77.849998,78.830002,1907900,78.830002
"101",78.860001,78.879997,77.760002,77.839996,1349500,77.839996
"102",77.709999,79.099998,77.440002,78.650002,1878700,78.650002
"103",78.93,79.338997,77.199997,77.949997,1409200,77.949997
"104",78.07,79.059998,77.610001,79.059998,1285700,79.059998
"105",78.949997,79.110001,77.559998,78.949997,1573400,78.949997
"106",78.690002,79.089996,77.019997,77.300003,1444000,77.300003
"107",77.089996,78.209999,76.339996,77.5,1070900,77.5
"108",77.449997,78.370003,77.080002,77.669998,1133200,77.669998
"109",77.629997,78.18,76.639999,78.080002,1445300,78.080002
"110",77.779999,78.989998,73.389999,75.269997,2088000,75.269997
"111",74.199997,74.760002,71.199997,74.629997,2174400,74.629997
"112",75.040001,76.389999,74.300003,74.650002,1147300,74.650002
"113",74.919998,75.309998,70.879997,72.129997,2132500,72.129997
"114",70.75,72.300003,70.279999,71.68,2756000,71.68
"115",72.050003,72.330002,71.230003,71.720001,1685100,71.720001
"116",72.290001,72.830002,71.800003,72.459999,1734400,72.459999
"117",72.25,72.510002,70.779999,70.860001,1044900,70.860001
"118",71.300003,72.18,70.620003,71.18,1316500,71.18
"119",71.099998,71.120003,69.324997,70.489998,1089000,70.489998
"120",70.709999,70.790001,69.790001,69.940002,2683700,69.940002
"121",69.949997,70.419998,66.110001,66.410004,3320600,66.410004
"122",66.080002,66.339996,64.099998,64.489998,2499400,64.489998
"123",65.07,66.190002,63.806,65.949997,2362500,65.949997
"124",65.57,65.75,63.029999,64.290001,1957500,64.290001
"125",64.449997,64.800003,63.060001,63.32,1584900,63.32
"126",63.490002,63.950001,62.68,63,807200,63
"127",63.43,65.339996,63.360001,65.019997,2265800,65.019997
"128",64.080002,65.080002,63.59,64.010002,1964400,64.010002
"129",64.419998,66.260002,64.279999,65.860001,1948900,65.860001
"130",65.620003,65.980003,63.970001,65,2001200,65
"131",64.989998,66.150002,64.833,65.93,997700,65.93
"132",66.290001,67.809998,65.730003,67.470001,2382700,67.470001
"133",67.300003,67.779999,66.32,67.370003,2169400,67.370003
"134",67.709999,68.080002,67.230003,67.32,789100,67.32
"135",67.300003,67.550003,66.610001,67,1196500,67
"136",66.889999,67.169998,66.160004,66.980003,909400,66.980003
"137",67.25,67.699997,66.860001,67.639999,911600,67.639999
"138",67.720001,68.959999,67.040001,68.720001,1202100,68.720001
"139",68.720001,69.419998,67.519997,69.290001,1563600,69.290001
"140",69.279999,69.5,68.800003,69.169998,1642800,69.169998
"141",69.199997,69.730003,68.406998,69.294998,1076100,69.294998
"142",69.529999,70.269997,68.980003,69.540001,746300,69.540001
"143",69.620003,69.660004,68.324997,69.099998,2024100,69.099998
"144",68.870003,69.349998,68.370003,69,789400,69
"145",69.190002,69.260002,68.029999,68.559998,1448400,68.559998
"146",68.669998,68.669998,67.68,68.07,1396500,68.07
"147",69.370003,69.370003,66.629997,66.860001,2264100,66.860001
"148",66.300003,68.974998,64.699997,66.889999,2459100,66.889999
"149",66.699997,68.099998,66.220001,66.620003,965500,66.620003
"150",66.82,69.18,66.82,68.800003,1366900,68.800003
"151",68.410004,69.800003,67.555,69.160004,1369100,69.160004
"152",68.809998,69.419998,68.389999,69.059998,865000,69.059998
"153",68.639999,68.669998,67.489998,67.769997,1277900,67.769997
"154",67.669998,69.050003,66.830002,68.900002,961000,68.900002
"155",69.540001,71.610001,69.5,71.419998,1537900,71.419998
"156",71.339996,72.300003,70.43,71.760002,1694200,71.760002
"157",71.900002,72.470001,71.459999,72.419998,1281500,72.419998
"158",72.110001,72.735001,71.160004,71.190002,1388600,71.190002
"159",71.709999,71.809998,69.599998,69.669998,1285200,69.669998
"160",69.620003,69.980003,68.519997,69.330002,828100,69.330002
"161",69.739998,71.110001,69.709999,71.010002,806900,71.010002
"162",70.529999,70.889999,70.050003,70.669998,752600,70.669998
"163",70.989998,71.199997,70.129997,70.25,827500,70.25
"164",70.519997,71.260002,70.199997,70.93,837500,70.93
"165",71.150002,71.150002,70.059998,70.599998,721300,70.599998
"166",69.910004,70.690002,69.309998,70.459999,510700,70.459999
"167",70.760002,73.169998,70.620003,73.120003,832000,73.120003
"168",73.190002,73.660004,72.82,73.220001,811000,73.220001
"169",73.389999,74.230003,73.07,73.260002,703000,73.260002
"170",72.93,73.989998,72.239998,73.379997,869800,73.379997
"171",73.269997,73.974998,72.035004,73.32,726000,73.32
"172",73.410004,75.709999,73.139999,73.220001,2006600,73.220001
"173",73.290001,73.400002,71.440002,71.610001,707000,71.610001
"174",72.339996,73.160004,72.139999,72.629997,780400,72.629997
"175",72.900002,73.639999,72.550003,72.949997,915000,72.949997
"176",72.900002,73.239998,72.309998,73.010002,522600,73.010002
"177",72.559998,74.690002,72.559998,73.480003,645300,73.480003
"178",73.370003,75.550003,73.224998,75.489998,1440900,75.489998
"179",75.5,76.470001,74.199997,74.349998,1000800,74.349998
"180",74.440002,74.610001,73.635002,74.32,645500,74.32
"181",74.300003,74.32,69.93,70.32,2221800,70.32
"182",70.209999,70.720001,69.059998,70.610001,1653600,70.610001
"183",70.379997,71.57,70.230003,71.199997,1035700,71.199997
"184",70.639999,70.639999,68.260002,68.660004,1932800,68.660004
"185",69,69.370003,67.697998,68.239998,1113300,68.239998
"186",69.230003,70.769997,68.650002,70.25,1041500,70.25
"187",70.25,70.720001,69.57,70.199997,883500,70.199997
"188",70.199997,71.089996,69.220001,70.68,1020400,70.68
"189",70.839996,72.059998,70.839996,71.290001,801500,71.290001
"190",71.519997,71.760002,71.019997,71.389999,428600,71.389999
"191",71.019997,72.169998,70.528,72.160004,642800,72.160004
"192",72.239998,72.68,71.110001,71.699997,759900,71.699997
"193",71.639999,72.800003,71.639999,72.690002,607200,72.690002
"194",72.650002,72.940002,72.110001,72.660004,417900,72.660004
"195",72.75,72.809998,71.010002,71.839996,986600,71.839996
"196",71.900002,73,71.900002,72.940002,839500,72.940002
"197",72.720001,73.07,72.260002,72.360001,1233000,72.360001
"198",72.580002,73.029999,72.080002,72.389999,663400,72.389999
"199",72.269997,72.739998,72.129997,72.529999,721400,72.529999
"200",72.519997,73.190002,71.580002,72.269997,1020900,72.269997
"201",72.269997,72.345001,70.910004,72.019997,797400,72.019997
"202",71.5,71.5,69.120003,69.68,1596200,69.68
"203",70.129997,70.550003,69.720001,69.919998,779600,69.919998
"204",70.080002,70.529999,69.5,69.800003,1163800,69.800003
"205",70.110001,71.660004,69.769997,71.440002,1220400,71.440002
"206",71.800003,73.389999,71.309998,71.779999,1460300,71.779999
"207",72.129997,72.519997,71.445,71.559998,594600,71.559998
"208",72.739998,73.760002,71.199997,73.720001,1237400,73.720001
"209",74.019997,76.589996,73.75,76.25,1620300,76.25
"210",76.449997,77.055,75.279999,75.809998,1417400,75.809998
"211",76.160004,76.589996,73.860001,74.459999,1953100,74.459999
"212",71.730003,74.809998,71.190002,74.300003,2612300,74.300003
"213",74.349998,74.480003,71.730003,73.839996,2903500,73.839996
"214",73.779999,78.970001,73.470001,78.489998,3093600,78.489998
"215",77.580002,79.980003,76.699997,78.459999,1758100,78.459999
"216",78.480003,80.940002,78.110001,80.82,1716700,80.82
"217",80.480003,80.959999,78.32,79.470001,1463200,79.470001
"218",81.199997,81.199997,79.029999,79.57,928200,79.57
"219",79.160004,79.919998,78.559998,79.080002,1005900,79.080002
"220",79,79.779999,78.07,78.410004,784300,78.410004
"221",78.260002,78.370003,76.330002,76.68,1128600,76.68
"222",77.050003,78.160004,76.989998,77.910004,872600,77.910004
"223",78.040001,78.397003,76.68,77.330002,927100,77.330002
"224",77.599998,79.230003,77.599998,79.139999,726600,79.139999
"225",79.470001,80.839996,79.400002,80.589996,1177200,80.589996
"226",80.540001,80.712997,79.300003,79.610001,637400,79.610001
"227",79.75,80.650002,79.75,80.620003,238700,80.620003
"228",80,80.43,79.221001,79.739998,905900,79.739998
"229",79.989998,80,77.793999,79.029999,1120900,79.029999
"230",78.970001,79.105003,75.269997,76.690002,1501600,76.690002
"231",76.889999,77.489998,76.175003,76.580002,1252300,76.580002
"232",76.089996,76.300003,71.660004,74.209999,2124900,74.209999
"233",74.760002,75.309998,71.849998,72.400002,2211700,72.400002
"234",72.040001,73.260002,70.830002,71.779999,1862400,71.779999
"235",70,71.010002,67.529999,70.099998,3573600,70.099998
"236",71.529999,71.559998,68.349998,68.720001,1864300,68.720001
"237",69.279999,69.370003,67.660004,67.879997,2150000,67.879997
"238",67.639999,68.900002,67.639999,68.620003,1559000,68.620003
"239",68.110001,68.459999,66.519997,67.690002,1913700,67.690002
"240",68.139999,69.084999,67.059998,67.290001,1565300,67.290001
"241",67.199997,67.330002,65.209999,65.230003,1991800,65.230003
"242",65.57,66.150002,64.720001,65.529999,4164800,65.529999
"243",66,67.330002,65.300003,67.050003,1824100,67.050003
"244",66.75,67.279999,66.364998,66.790001,878500,66.790001
"245",67.220001,67.519997,66.129997,67.07,845000,67.07
"246",67.25,67.550003,67.059998,67.480003,913400,67.480003
"247",67.489998,68.209999,67.349998,67.690002,877400,67.690002
"248",65.839996,67.690002,64.529999,65.900002,1260000,65.900002
"249",66.25,67.989998,65.980003,67.260002,1135400,67.260002
"250",67.510002,67.900002,66.849998,67.360001,850200,67.360001
"251",67.360001,67.57,66.580002,66.599998,714800,66.599998
"252",67.059998,68.970001,66.080002,68.879997,1345800,68.879997
"253",69.080002,70.008003,68.139999,68.389999,1552800,68.389999
"254",68.690002,69.879997,68.089996,68.720001,1346900,68.720001
"255",69.059998,69.438004,67.919998,68.029999,1556400,68.029999
"256",67.889999,68.970001,67.290001,68.839996,1390100,68.839996
"257",69.139999,69.970001,68.440002,69,1513600,69
"258",68.699997,68.980003,67.349998,67.739998,1691600,67.739998
"259",68,69.389999,67.669998,68.879997,1022400,68.879997
"260",69.120003,71.230003,68.705002,71.040001,1621700,71.040001
"261",71.370003,71.610001,68.910004,69.300003,1188400,69.300003
"262",69.470001,71.089996,69.32,70.849998,1025700,70.849998
"263",70.839996,71.989998,70.589996,70.699997,1233500,70.699997
"264",70.5,70.5,67.129997,68.400002,2820300,68.400002
"265",68.120003,68.519997,65.559998,66.339996,3155900,66.339996
"266",66.440002,67.790001,66.099998,67.32,2130400,67.32
"267",66.760002,67.885002,65.800003,66.900002,2797900,66.900002
"268",67.459999,67.519997,65.720001,66.059998,1914900,66.059998
"269",66.419998,67.940002,66.099998,67.940002,1932000,67.940002
"270",67.32,68.449997,67.300003,68.190002,2286200,68.190002
"271",67.480003,75.080002,67.400002,70.669998,6126500,70.669998
"272",71.5,71.949997,69.879997,71.769997,3927000,71.769997
"273",79.32,85.239998,77.889999,83.339996,10691400,83.339996
"274",82.410004,83.889999,80.620003,80.769997,4082300,80.769997
"275",80.199997,81.970001,75.349998,75.580002,4736300,75.580002
"276",74.989998,79.25,74.110001,79.07,3857200,79.07
"277",78.75,80.019997,78.07,78.089996,3619000,78.089996
"278",78.089996,80.620003,76.809998,76.849998,2670100,76.849998
"279",77.760002,79.800003,75.5,77.849998,3382800,77.849998
"280",78.339996,79.949997,77.940002,79.169998,1615200,79.169998
"281",78.800003,79.699997,78.510002,79.349998,1184900,79.349998
"282",78.809998,79.830002,78.449997,78.82,1748000,78.82
"283",78.970001,79.720001,77.480003,78.559998,1393900,78.559998
"284",78.370003,78.82,77.290001,77.309998,1387000,77.309998
"285",77.370003,80.879997,77.370003,80.169998,2328000,80.169998
"286",80.379997,80.839996,79.720001,79.949997,1735700,79.949997
"287",80.169998,80.599998,78.120003,78.5,1632400,78.5
"288",78.980003,80.160004,78.57,80.129997,1073600,80.129997
"289",80.129997,81.489998,79.860001,81.480003,1029400,81.480003
"290",81.580002,82.279999,81.18,81.209999,1143700,81.209999
"291",81.25,81.93,80.150002,80.709999,989300,80.709999
"292",80.830002,81.089996,78.160004,78.610001,1488400,78.610001
"293",77.870003,81.300003,77.870003,81.129997,1667300,81.129997
"294",80.650002,83.532997,80.650002,83.190002,1692500,83.190002
"295",83.459999,84.239998,83.25,83.68,1261300,83.68
"296",82.830002,84.300003,82.769997,83.32,1778500,83.32
"297",83.5,84.290001,82.699997,84.230003,1383400,84.230003
"298",84.449997,85.510002,83.884003,85.510002,1437600,85.510002
"299",86,86.839996,83.959999,86.389999,1861700,86.389999
"300",86.559998,86.559998,83.07,83.419998,1774700,83.419998
"301",83.459999,83.75,81.25,82.220001,1390900,82.220001
"302",79.480003,80.019997,74.790001,79,6676800,79
"303",79.290001,81.620003,78.989998,80.75,2831900,80.75
"304",79.800003,80.309998,77.419998,78.419998,2532000,78.419998
"305",75.050003,76.660004,73.519997,75.07,4309600,75.07
"306",75.07,75.919998,73.919998,74.18,2088200,74.18
"307",73.43,74.43,72.190002,72.650002,2639800,72.650002
"308",72.760002,73.400002,70.610001,71.550003,2167400,71.550003
"309",72.550003,73.529999,71.260002,73.339996,1813800,73.339996
"310",73.489998,73.57,69.635002,70.230003,1855900,70.230003
"311",69.93,70.870003,68.129997,68.540001,1717600,68.540001
"312",69.120003,71.059998,68.25,70.449997,1542200,70.449997
"313",70.07,70.440002,68.059998,68.529999,1275200,68.529999
"314",69.010002,69.93,68.650002,69.709999,1093800,69.709999
"315",68.220001,71.589996,67.809998,71.510002,1231800,71.510002
"316",71.660004,72.400002,70.934998,71.410004,1622900,71.410004
"317",70.699997,71.529999,69.330002,69.720001,1291500,69.720001
"318",70.099998,71.440002,69.57,69.589996,1157500,69.589996
"319",70.800003,71.639999,70.410004,71.239998,1072900,71.239998
"320",70.910004,72.82,70.419998,72.199997,1026600,72.199997
"321",72.720001,73.389999,72.019997,72.510002,1486400,72.510002
"322",72.900002,72.900002,71.620003,72.550003,829500,72.550003
"323",72.75,72.910004,71.220001,72.279999,1075300,72.279999
"324",72.860001,73.830002,72.559998,73.470001,810300,73.470001
"325",73.260002,73.769997,72.129997,73.120003,950400,73.120003
"326",71.400002,71.769997,69.709999,70.629997,2796700,70.629997
"327",70.779999,71.029999,68.540001,69.879997,1670400,69.879997
"328",70.209999,70.669998,68.300003,68.68,2354700,68.68
"329",68.889999,69.459999,67.745003,68.059998,2218200,68.059998
"330",68.110001,68.650002,67.139999,67.660004,1453400,67.660004
"331",68.43,69.144997,67.290001,68.480003,1250200,68.480003
"332",68.589996,68.589996,67.220001,67.379997,1451000,67.379997
"333",67.339996,68.440002,66.300003,67.400002,2140100,67.400002
"334",68.650002,72.459999,68.339996,71.800003,2421000,71.800003
"335",72,74.690002,71.860001,74.239998,3812100,74.239998
"336",74.029999,77.75,70.779999,76.730003,3988000,76.730003
"337",76.190002,79.540001,75.839996,79.489998,1760900,79.489998
"338",79.830002,81.410004,79.160004,79.639999,2452200,79.639999
"339",79.199997,80.419998,78.879997,79.889999,1702100,79.889999
"340",79.940002,80.860001,79.5,80.209999,1249200,80.209999
"341",80.790001,82.050003,80,81.989998,1204500,81.989998
"342",81.260002,82.089996,81.260002,81.639999,854200,81.639999
"343",82.330002,83.419998,81.044998,81.669998,1202300,81.669998
"344",81.129997,81.260002,79.459999,80.099998,1158800,80.099998
"345",80.379997,81.239998,80.199997,81.050003,1106600,81.050003
"346",79.165001,81.190002,79.165001,80.610001,686400,80.610001
"347",80.019997,80.150002,78.75,79.589996,1734400,79.589996
"348",80.470001,81.830002,79.809998,81.150002,1344700,81.150002
"349",81.57,82.290001,80.629997,80.779999,1061200,80.779999
"350",81.18,81.339996,80,81.300003,1259300,81.300003
"351",81.32,81.940002,80.5,81.230003,1370100,81.230003
"352",81.480003,82.084999,81.269997,81.489998,1066500,81.489998
"353",80.860001,81.050003,78.980003,79.940002,1582600,79.940002
"354",79.910004,81.040001,79.650002,80.93,1143500,80.93
"355",80.809998,81.540001,80.019997,80.25,1120600,80.25
"356",80.629997,82,80.300003,81.809998,1218500,81.809998
"357",82,82,80.917999,81.690002,794600,81.690002
"358",81.970001,82.25,81.239998,81.720001,735700,81.720001
"359",81.410004,81.720001,79.160004,80.089996,2314900,80.089996
"360",79.949997,82.110001,79.519997,81.040001,1684500,81.040001
"361",79.089996,80.980003,78.419998,80.160004,1682500,80.160004
"362",79.989998,80.300003,79.639999,79.830002,599400,79.830002
"363",79.839996,81.239998,79.544998,80.730003,916400,80.730003
"364",81.010002,81.5,80.019997,80.400002,1176600,80.400002
"365",80.839996,83.959999,80.5,83.650002,2586200,83.650002
"366",83.669998,85.239998,82.870003,85.120003,2787000,85.120003
"367",85.010002,86.5,84.220001,85.790001,2090300,85.790001
"368",84.730003,85.214996,82.830002,83.510002,1037200,83.510002
"369",84.300003,84.489998,83.190002,83.459999,872700,83.459999
"370",83.830002,83.830002,82.089996,82.230003,704000,82.230003
"371",82.830002,82.940002,81.459999,82.050003,1599600,82.050003
"372",81.699997,81.970001,79.411003,80.360001,984000,80.360001
"373",80.43,82.114998,79.860001,81.720001,858100,81.720001
"374",81.809998,82.32,79.879997,79.889999,670700,79.889999
"375",79.620003,80.629997,79.309998,80.480003,597300,80.480003
"376",80.830002,81.349998,80.099998,80.169998,981500,80.169998
"377",79.75,80.290001,78.760002,80.099998,710400,80.099998
"378",80.199997,80.220001,77,77.440002,938100,77.440002
"379",79.510002,82.040001,78.606003,81.82,2329300,81.82
"380",81.769997,81.907997,80.059998,81.529999,774400,81.529999
"381",82.010002,82.739998,81.129997,82.580002,771500,82.580002
"382",82.300003,83.410004,82.050003,83.290001,639100,83.290001
"383",82.559998,82.599998,80.199997,80.260002,665100,80.260002
"384",80.470001,82.059998,80.050003,81.980003,1184700,81.980003
"385",81.839996,82.580002,81.169998,81.370003,626000,81.370003
"386",81.720001,82.344002,81.209999,81.330002,598500,81.330002
"387",81.209999,82.75,80.760002,82.720001,742000,82.720001
"388",82.800003,83.5,82.129997,82.400002,985300,82.400002
"389",82.360001,84.209999,82.279999,83.760002,1360000,83.760002
"390",84.300003,85.239998,81.059998,81.199997,1618800,81.199997
"391",80.790001,82.68,79.690002,82.540001,1127700,82.540001
"392",83.239998,83.730003,81,81.220001,858500,81.220001
"393",81.019997,81.599998,79.599998,81.25,998100,81.25
"394",81.220001,82.455002,80.754997,82.199997,843200,82.199997
"395",82.540001,82.959999,80.875,81.720001,713700,81.720001
"396",81.400002,81.695,79.949997,80.830002,1140100,80.830002
"397",81.419998,82.339996,80.629997,81.760002,768400,81.760002
"398",82.660004,83.300003,81.370003,82.18,2660400,82.18
"399",79,84.910004,79,84.410004,2535600,84.410004
"400",84.699997,84.699997,83.510002,84.18,846800,84.18
"401",83.459999,85.370003,82.589996,85.199997,942600,85.199997
"402",85.209999,86.496002,84.771004,86.059998,1310600,86.059998
"403",85.669998,86.470001,85.379997,85.550003,502300,85.550003
"404",85,86.040001,84.5,85.510002,684100,85.510002
"405",84.690002,84.690002,82.68,83.190002,1277500,83.190002
"406",83,84.050003,82.699997,83.110001,939900,83.110001
"407",83.519997,83.959999,82.214996,82.790001,1534700,82.790001
"408",82.330002,82.417999,81.110001,81.949997,1933900,81.949997
"409",82.599998,82.599998,81.449997,82.160004,1065400,82.160004
"410",81.57,81.980003,80.739998,81.5,1278200,81.5
"411",81.709999,81.860001,78.120003,78.18,1706600,78.18
"412",78.720001,81.294998,78.620003,81.099998,2007100,81.099998
"413",80.75,81.205002,79.970001,80.620003,787500,80.620003
"414",80.260002,80.790001,78.970001,79.199997,977500,79.199997
"415",79.559998,79.989998,79.160004,79.629997,702300,79.629997
"416",79.800003,80.489998,79.410004,79.589996,1141800,79.589996
"417",79.910004,80.209,79.010002,79.830002,832400,79.830002
"418",79.93,80.489998,79.294998,80.290001,768500,80.290001
"419",80.040001,80.559998,79.209999,79.400002,663400,79.400002
"420",79.400002,80.485001,79.400002,80.089996,954800,80.089996
"421",79.879997,80.839996,79.519997,80.279999,1247200,80.279999
"422",80.419998,80.489998,79.370003,79.68,665700,79.68
"423",79.550003,79.93,75.089996,75.129997,1998500,75.129997
"424",74,76.485001,73.519997,74.949997,2422300,74.949997
"425",74.879997,74.900002,73.519997,73.980003,708500,73.980003
"426",73.519997,73.970001,72.309998,73.370003,1306000,73.370003
"427",72.879997,73.529999,71.537003,73.459999,1273000,73.459999
"428",74.550003,75.980003,73.669998,75.300003,1632500,75.300003
"429",75.75,76.400002,75.290001,75.739998,766500,75.739998
"430",75.379997,75.989998,73.790001,73.970001,1090800,73.970001
"431",74.269997,75.529999,74.099998,75.040001,997500,75.040001
"432",75.110001,77.139999,75.110001,76.809998,1060300,76.809998
"433",77.550003,79.07,77.269997,78.669998,1422800,78.669998
"434",78.980003,79.290001,78.120003,78.620003,2267900,78.620003
"435",78.019997,78.860001,76.82,78.449997,798600,78.449997
"436",78.25,78.25,75.32,76.25,1153200,76.25
"437",75.75,76.199997,74.629997,75.059998,914100,75.059998
"438",75.120003,75.470001,74.599998,74.720001,876600,74.720001
"439",74.57,76.955002,74.07,76.889999,1030500,76.889999
"440",77.190002,78.309998,76.660004,77.099998,1188200,77.099998
"441",77.279999,78.690002,77.242996,77.290001,915000,77.290001
"442",77.370003,77.875,75.059998,76.25,1212400,76.25
"443",76.099998,76.449997,75.330002,76.169998,926800,76.169998
"444",75.949997,76.279999,72.050003,72.690002,1466400,72.690002
"445",72.489998,73.32,71.290001,72.980003,865100,72.980003
"446",73,74.660004,72.669998,74.339996,1108400,74.339996
"447",73.449997,73.449997,70.139999,70.290001,1899300,70.290001
"448",70.160004,73.339996,70.059998,71.389999,1628400,71.389999
"449",72.699997,73.580002,71.550003,72.68,1118600,72.68
"450",72.010002,73.099998,71.809998,72.629997,695400,72.629997
"451",73.309998,75.550003,73.050003,75.449997,1070200,75.449997
"452",75.669998,76.139999,74.769997,75.419998,590500,75.419998
"453",75.019997,75.07,73.150002,73.400002,697300,73.400002
"454",73.589996,74.339996,72.139999,72.349998,938300,72.349998
"455",72.669998,73.32,71.809998,72.879997,626500,72.879997
"456",71.050003,72.760002,69.639999,72.300003,779800,72.300003
"457",71.480003,71.550003,68,68.18,1413800,68.18
"458",69.080002,71.730003,69.080002,70.980003,1283200,70.980003
"459",69.25,71.18,69.160004,69.739998,1380200,69.739998
"460",70.879997,71.089996,68.300003,69.32,1511700,69.32
"461",69.410004,71.169998,68.93,70.949997,1699300,70.949997
"462",71.510002,74.690002,70.644997,73.510002,2470300,73.510002
"463",75.040001,78.885002,74.330002,78.489998,2720300,78.489998
"464",77.400002,77.434998,73.699997,74,2260100,74
"465",72.199997,73,66.790001,69.32,2554900,69.32
"466",69.599998,70.959999,69.300003,70.010002,1182700,70.010002
"467",70.519997,70.68,68.720001,70.279999,1266200,70.279999
"468",69.900002,71.190002,69.360001,70.730003,1246700,70.730003
"469",68.870003,69,66.199997,68.150002,2442300,68.150002
"470",64.849998,65.209999,62.389999,63.799999,2912500,63.799999
"471",63.889999,65.629997,61,63.650002,3719800,63.650002
"472",64.300003,64.480003,61.73,62.880001,3144700,62.880001
"473",62.91,65.400002,62.740002,65.160004,1578700,65.160004
"474",64.410004,66.830002,64.226997,66.32,1582900,66.32
"475",65.5,66.239998,63.060001,63.150002,1901700,63.150002
"476",61.34,62.950001,61.299999,62.02,2354500,62.02
"477",63.27,64.449997,62.650002,63.580002,1792400,63.580002
"478",63.259998,64.900002,63.259998,64.330002,464400,64.330002
"479",65.260002,66.050003,64.612999,65.470001,1092900,65.470001
"480",64.800003,65.75,64.760002,64.830002,768400,64.830002
"481",65.32,67.129997,64.620003,67.019997,1146500,67.019997
"482",66.559998,67.290001,65.199997,65.290001,906000,65.290001
"483",65.459999,66.300003,64.839996,65.809998,1711200,65.809998
"484",67.68,68.529999,67.209999,67.75,1440100,67.75
"485",67.480003,67.589996,64.040001,64.160004,1589600,64.160004
"486",61.849998,62.740002,60.790001,62.720001,2309800,62.720001
"487",62.59,63.380001,60.91,61.130001,1104700,61.130001
"488",60.099998,60.790001,58.91,59.52,1600000,59.52
"489",60.73,61.689999,59.200001,59.580002,1245200,59.580002
"490",60.799999,62.150002,59.830002,60.639999,1219700,60.639999
"491",61.25,61.759998,60.369999,60.77,1065000,60.77
"492",60,61.540001,59.830002,60.52,1650700,60.52
"493",60.529999,62.310001,59.68,60.34,1154400,60.34
"494",61.150002,62.959999,60.970001,61.700001,1028100,61.700001
"495",61.32,62.299999,59.330002,59.639999,1165200,59.639999
"496",59.810001,60.82,58.529999,59.799999,1863700,59.799999
"497",59.650002,61.029999,57.110001,57.68,2590500,57.68
"498",57.110001,59.240002,56.459999,56.470001,643300,56.470001
"499",57.200001,60.07,56.330002,60.02,865800,60.02
"500",59.330002,60.419998,58.240002,60.389999,991600,60.389999
"501",60.98,62.220001,59.959999,60.790001,1108100,60.790001
"502",61.34,61.75,59.84,60.73,809100,60.73
"503",59.619999,62,59.619999,61.18,725500,61.18
"504",57.950001,58.450001,54.735001,55.639999,2864300,55.639999
"505",56.48,59.450001,56.310001,59.369999,1976700,59.369999
"506",59.380001,60.869999,58.84,59.779999,1093600,59.779999
"507",60.029999,60.029999,58.900002,59.369999,1505200,59.369999
"508",59.869999,61.740002,59.490002,60.450001,1986300,60.450001
"509",61.009998,62.380001,60.119999,61.860001,3203000,61.860001
"510",61.700001,64.519997,61.48,63.689999,1506400,63.689999
"511",62.799999,62.799999,61.049999,61.18,1259500,61.18
"512",61.380001,62.259998,61.16,61.560001,641800,61.560001
"513",61.610001,62.470001,61.360001,61.41,735700,61.41
"514",60.889999,62.580002,60,62.25,998800,62.25
"515",62.549999,63.57,62.16,63.279999,888200,63.279999
"516",62.490002,62.720001,61.27,61.939999,737900,61.939999
"517",62.099998,62.330002,60.93,61.91,796500,61.91
"518",62.27,64.150002,62.27,63.380001,955800,63.380001
"519",64.339996,66.300003,63.380001,65.760002,1463900,65.760002
"520",64.120003,65.739998,63.630001,65.089996,921700,65.089996
"521",65.099998,65.184998,63.369999,63.66,1217600,63.66
"522",64.559998,65.839996,64.080002,65.529999,636200,65.529999
"523",65.470001,65.769997,64.580002,65.360001,992200,65.360001
"524",65.470001,66.379997,65.355003,65.919998,589400,65.919998
"525",65.779999,66.419998,65.290001,65.959999,891500,65.959999
"526",66.019997,66.360001,65.510002,66.040001,840600,66.040001
"527",67.75,70.684998,67.730003,68.629997,2133600,68.629997
"528",67.779999,68.279999,66.230003,66.529999,1868400,66.529999
"529",60.810001,65.084999,59.560001,64.510002,3754400,64.510002
"530",64.489998,65.449997,64.32,64.5,1174900,64.5
"531",65.169998,65.735001,64.809998,65.18,1595400,65.18
"532",65.290001,65.510002,64.730003,64.900002,1429300,64.900002
"533",64.690002,65.370003,64.339996,64.669998,1671200,64.669998
"534",65.309998,65.580002,64.800003,65.160004,1532900,65.160004
"535",65,65.529999,64.800003,64.870003,1666200,64.870003
"536",65.209999,66.160004,64.839996,65.860001,1730000,65.860001
"537",66,66.790001,65.239998,66.059998,1377400,66.059998
"538",66.610001,68.160004,66.529999,67.800003,1470100,67.800003
"539",68.849998,69.910004,68.580002,68.699997,1781500,68.699997
"540",68.410004,69.57,68.120003,69.139999,1282300,69.139999
"541",69.620003,69.620003,68.029999,69.349998,1120100,69.349998
"542",68.870003,70.339996,68.870003,70.139999,1199900,70.139999
"543",70.599998,71.230003,69.550003,70.5,1182400,70.5
"544",70.839996,71.239998,69.195,70.050003,930300,70.050003
"545",70.260002,70.559998,69.32,69.860001,1010500,69.860001
"546",69.849998,70,69.019997,69.07,1067200,69.07
"547",68.739998,69,67.790001,68.349998,1107600,68.349998
"548",67.360001,68.830002,66.940002,68.580002,1012000,68.580002
"549",68.870003,69.75,68.870003,69.370003,939400,69.370003
"550",69.389999,69.514999,68.330002,69.239998,690500,69.239998
"551",69.75,69.75,67.629997,69.089996,1141800,69.089996
"552",69.220001,69.472,68.599998,68.650002,861700,68.650002
"553",69.059998,70.290001,68.620003,69.660004,1440300,69.660004
"554",69.629997,70.300003,69.419998,69.830002,905300,69.830002
"555",70.360001,70.879997,69.949997,70.110001,847100,70.110001
"556",70.190002,70.370003,68.57,69.120003,1001500,69.120003
"557",70.959999,74.620003,70.75,73.889999,2571400,73.889999
"558",73.519997,73.989998,71.660004,71.669998,1050200,71.669998
"559",71.470001,71.876999,70.18,70.870003,699300,70.870003
"560",71.43,71.860001,70.790001,71.150002,796400,71.150002
"561",71.349998,71.650002,69.639999,70.57,823600,70.57
"562",70.580002,70.989998,69.510002,70.230003,454300,70.230003
"563",71.129997,71.824997,70.925003,71.730003,940000,71.730003
"564",72.620003,73.690002,72.620003,73.209999,928300,73.209999
"565",75.080002,75.510002,73.720001,74.07,1149100,74.07
"566",74.919998,75.540001,74.129997,74.410004,1177900,74.410004
"567",74.349998,74.410004,73.574997,74.040001,1032600,74.040001
"568",74.470001,74.93,74.300003,74.889999,623700,74.889999
"569",74.510002,75.370003,74.309998,75.25,665500,75.25
"570",74.989998,75.779999,74.900002,75.220001,819400,75.220001
"571",74.900002,76.720001,74.830002,76.230003,1309600,76.230003
"572",76.419998,77.029999,75.900002,76.050003,1352000,76.050003
"573",76.75,77.239998,75.93,77.190002,986900,77.190002
"574",77.160004,77.260002,76.080002,76.389999,672700,76.389999
"575",76.779999,78.760002,76.779999,78.309998,2131300,78.309998
"576",78.809998,78.980003,76.455002,76.559998,1329000,76.559998
"577",76.639999,76.995003,76.139999,76.68,934500,76.68
"578",76.220001,76.860001,75.955002,76.010002,1185400,76.010002
"579",76.150002,76.910004,75.961998,76.599998,1651000,76.599998
"580",77.050003,78.510002,76.660004,77.25,1316200,77.25
"581",77.209999,77.813004,76.125,77.300003,1063200,77.300003
"582",73.849998,75.160004,72.550003,74.989998,2006300,74.989998
"583",75.330002,75.599998,74.720001,75.449997,1237000,75.449997
"584",75.610001,76.248001,74.669998,75.610001,1424400,75.610001
"585",76.809998,77.669998,75.449997,75.580002,1743400,75.580002
"586",75.529999,77.239998,75.529999,76.75,1198400,76.75
"587",76.709999,76.75,75.010002,75.18,1472700,75.18
"588",73.150002,74.739998,72.610001,74.330002,1128500,74.330002
"589",73.610001,74.459999,72.699997,73.68,2142800,73.68
"590",78,78.669998,74.504997,76.18,4752600,76.18
"591",75.379997,75.379997,72.760002,75.150002,2571300,75.150002
"592",74.839996,75.25,72.739998,75.07,1897200,75.07
"593",72.5,73.010002,70.480003,71.050003,1923400,71.050003
"594",71.690002,73.339996,71.620003,72.860001,1037300,72.860001
"595",72,73.970001,71.629997,73.349998,989200,73.349998
"596",69.650002,70,68.050003,68.110001,3384200,68.110001
"597",66.260002,66.622002,63.400002,63.93,3317300,63.93
"598",61.549999,62.880001,60.700001,61.27,3119300,61.27
"599",64.980003,67.952003,61.474998,61.540001,4127100,61.540001
"600",60.869999,61.18,59.470001,60.200001,2531700,60.200001
"601",59.279999,60.77,58.52,60.66,2774500,60.66
"602",61.25,62.310001,61.182999,62.299999,3575700,62.299999
"603",62.599998,62.919998,60.700001,60.75,1842500,60.75
"604",60.169998,62.580002,60.150002,62.080002,1566000,62.080002
"605",62.18,63.73,61.41,61.869999,1261100,61.869999
"606",61,62.201,60.950001,61.18,1284500,61.18
"607",61.650002,62.75,60.77,61.880001,1619100,61.880001
"608",62.880001,64.300003,62.779999,64.18,1643400,64.18
"609",64.650002,65,62.57,63.439999,1207400,63.439999
"610",62.220001,63.84,62.060001,63.450001,1022100,63.450001
"611",63.68,64.629997,63.599998,64.379997,1053600,64.379997
"612",65.029999,65.760002,64.949997,65.5,1886400,65.5
"613",65.879997,66,63.990002,64.309998,1891400,64.309998
"614",63.799999,64.230003,62.650002,62.779999,1317700,62.779999
"615",63,63.825001,62.82,63.310001,776800,63.310001
"616",60.93,61.82,60.369999,61.5,1273300,61.5
"617",61.709999,62.349998,60.77,61.66,741200,61.66
"618",62.43,65.370003,62.049999,65.089996,1380700,65.089996
"619",65.599998,66.059998,64.75,65.589996,923200,65.589996
"620",66.82,66.82,64.75,64.839996,1472100,64.839996
"621",64.529999,64.589996,63.560001,63.889999,2202800,63.889999
"622",64.18,65.419998,63.540001,64.550003,1198100,64.550003
"623",64.410004,64.989998,63.400002,63.459999,923400,63.459999
"624",64.610001,66.290001,64.610001,65.639999,1142100,65.639999
"625",66.389999,67.849998,66.360001,67.059998,1260900,67.059998
"626",67.580002,67.959999,66.5,66.610001,1240200,66.610001
"627",71.93,72.709999,69.449997,70.580002,3079200,70.580002
"628",70.370003,70.5,69.330002,69.620003,1168000,69.620003
"629",69.900002,69.910004,68.360001,68.989998,888200,68.989998
"630",68.550003,69.169998,68.279999,68.970001,626500,68.970001
"631",68.540001,69.150002,68.089996,68.959999,786100,68.959999
"632",68.489998,69.889999,68.470001,69.629997,812300,69.629997
"633",70.099998,70.5,69.254997,69.339996,942900,69.339996
"634",69.639999,69.720001,68.739998,69.339996,612100,69.339996
"635",69.559998,70.379997,69.519997,70.260002,839500,70.260002
"636",70.559998,71.279999,70.099998,70.690002,1367900,70.690002
"637",70.650002,70.720001,69.300003,70.550003,1502100,70.550003
"638",70.870003,71,69.830002,70.519997,1042700,70.519997
"639",71,71.529999,70.150002,71.239998,1389100,71.239998
"640",71.099998,71.75,70.790001,71.290001,1030500,71.290001
"641",71.760002,73.230003,71.599998,72.800003,972300,72.800003
"642",73.190002,73.900002,72.870003,73.889999,738100,73.889999
"643",74.230003,75.800003,74,75.330002,1360100,75.330002
"644",75,75.135002,74.07,74.730003,877100,74.730003
"645",75.199997,75.199997,74.239998,74.919998,859500,74.919998
"646",75.139999,75.260002,74.114998,74.68,911700,74.68
"647",74.169998,75.550003,73.050003,75.489998,844000,75.489998
"648",75.839996,75.839996,73.099998,73.290001,1722800,73.290001
"649",73,75.470001,70.639999,71.339996,2818900,71.339996
"650",70.919998,72,68.220001,70.889999,2646400,70.889999
"651",69.32,69.360001,67.730003,68.150002,1722700,68.150002
"652",68.93,70.290001,68.639999,70.139999,1599000,70.139999
"653",69.019997,71.099998,68.573997,70.769997,1354600,70.769997
"654",71,72.120003,70.110001,72.059998,1542800,72.059998
"655",71.330002,71.330002,69.25,69.489998,1458900,69.489998
"656",68.959999,70.169998,68.855003,69.389999,1004300,69.389999
"657",69.419998,72.360001,69.019997,71.699997,1127400,71.699997
"658",69.970001,70.669998,69.160004,69.779999,1042500,69.779999
"659",69.93,71.32,69.800003,70.110001,1089500,70.110001
"660",70.589996,72.150002,70.230003,71.610001,1135700,71.610001
"661",72.650002,73.125,71.720001,72.019997,1359900,72.019997
"662",72.410004,73.669998,71.809998,73.059998,995700,73.059998
"663",73.830002,75.18,73.830002,74.690002,1077300,74.690002
"664",74.849998,75.660004,73.449997,73.489998,1356600,73.489998
"665",72.849998,72.919998,70.120003,70.339996,1933300,70.339996
"666",71.480003,72.029999,70.470001,70.800003,868000,70.800003
"667",71.400002,71.790001,69.720001,70.209999,1030400,70.209999
"668",69.879997,70,68.699997,69.57,1707200,69.57
"669",70.760002,72.279999,70.760002,71.510002,1367900,71.510002
"670",71.910004,71.949997,70.199997,71.43,1306100,71.43
"671",70.620003,70.940002,68.940002,70.279999,1043200,70.279999
"672",71.400002,72.389999,71.150002,72.370003,688600,72.370003
"673",73.589996,75.400002,73.57,75.169998,1110600,75.169998
"674",75.169998,75.980003,74.775002,75.449997,856200,75.449997
"675",75.980003,76.349998,75.529999,76,1122100,76
"676",75.830002,76.889999,75.18,76.800003,1398600,76.800003
"677",77,77.470001,76.080002,76.269997,1429200,76.269997
"678",77.059998,77.82,75.889999,77.800003,1212400,77.800003
"679",77.410004,78.684998,77.135002,77.510002,1006400,77.510002
"680",76.690002,77.739998,75.849998,77.220001,842600,77.220001
"681",77.480003,77.620003,76.199997,76.349998,1321300,76.349998
"682",76.540001,76.970001,75.43,76.699997,1207000,76.699997
"683",76.5,76.790001,75.110001,75.190002,870000,75.190002
"684",75.790001,76.660004,75.400002,75.980003,2006900,75.980003
"685",76.150002,77.970001,75.919998,77.360001,968600,77.360001
"686",78,78,76.190002,76.720001,912200,76.720001
"687",75.599998,76.989998,75.599998,76.93,786900,76.93
"688",75.470001,76.260002,74.68,75.099998,990000,75.099998
"689",74.870003,75.214996,72.989998,73.230003,1039000,73.230003
"690",73.809998,74.370003,73.110001,74.139999,735500,74.139999
"691",74.32,75.544998,73.07,73.169998,825700,73.169998
"692",72.68,73,70.860001,71.370003,784900,71.370003
"693",71.389999,72.989998,70.699997,72.830002,1010000,72.830002
"694",73.989998,75.190002,73.830002,74.879997,998300,74.879997
"695",74.5,74.860001,73.959999,73.959999,1239500,73.959999
"696",73.379997,73.709999,71.959999,72.459999,1231200,72.459999
"697",73.099998,73.760002,72.529999,73.290001,639100,73.290001
"698",75.5,77.129997,75.120003,76.800003,1870200,76.800003
"699",77.5,78.400002,77.099998,77.360001,1659600,77.360001
"700",77.169998,77.550003,76.709999,77.339996,568700,77.339996
"701",77.699997,79.879997,77.559998,79.839996,1307300,79.839996
"702",79.589996,79.980003,78.869003,79.07,986700,79.07
"703",80.080002,80.699997,78.809998,78.959999,1225500,78.959999
"704",78.760002,78.809998,76.974998,77.589996,835500,77.589996
"705",78.290001,79.07,78.160004,78.75,892300,78.75
"706",79.089996,79.529999,78.300003,78.330002,741900,78.330002
"707",77.650002,79.300003,77.190002,78.68,758800,78.68
"708",79.800003,79.800003,78.459999,79.410004,675600,79.410004
"709",79.449997,79.650002,78.800003,79.019997,729500,79.019997
"710",79.589996,80.510002,79.400002,80.32,813400,80.32
"711",80.190002,80.900002,79.610001,79.849998,703500,79.849998
"712",80.300003,80.440002,79.410004,79.849998,1293200,79.849998
"713",79.970001,81.300003,78.790001,80.860001,2917200,80.860001
"714",91.879997,97.339996,91.309998,97.220001,8885300,97.220001
"715",98.32,101.929001,97.059998,101.510002,4365900,101.510002
"716",100.150002,101.849998,100.001999,101.300003,3134100,101.300003
"717",100.760002,102.309998,100.220001,101.400002,3153300,101.400002
"718",102,102.879997,100.879997,101.309998,2482500,101.309998
"719",102,104.220001,101.75,104.040001,2867000,104.040001
"720",103.419998,104,101.93,102.290001,2181500,102.290001
"721",102.5,102.720001,101.830002,102.580002,1938600,102.580002
"722",100.639999,104.089996,99.459999,103.889999,2141400,103.889999
"723",103.559998,104.190002,102.889999,103.699997,1080200,103.699997
"724",104.400002,104.879997,103.230003,103.75,941500,103.75
"725",103.620003,104.144997,102.580002,103.25,1241100,103.25
"726",103.629997,103.888,102.339996,102.839996,1198800,102.839996
"727",102.699997,103.940002,101.730003,101.889999,1329600,101.889999
"728",102.010002,102.32,100.720001,100.900002,1311800,100.900002
"729",101.339996,102.230003,101.040001,101.720001,1137900,101.720001
"730",101.860001,104.669998,101.860001,104.309998,948700,104.309998
"731",104.169998,104.559998,103.449997,104.110001,1313600,104.110001
"732",104.400002,106.375,104,105.029999,1235400,105.029999
"733",104.18,105.849998,104,104.209999,710500,104.209999
"734",104.059998,104.5,102.535004,102.970001,1435000,102.970001
"735",101.190002,102.300003,100.32,102.139999,1872200,102.139999
"736",102.860001,104.32,102.779999,104.029999,1377300,104.029999
"737",104.470001,106,104.25,105.800003,1118200,105.800003
"738",106.550003,107.57,106.434998,106.620003,1489700,106.620003
"739",109.849998,111.345001,108.400002,108.440002,2193200,108.440002
"740",109.07,110.510002,108.279999,109.860001,1572800,109.860001
"741",111.190002,114.529999,110.989998,113.839996,2613300,113.839996
"742",112.790001,115.650002,112.540001,115.349998,2155500,115.349998
"743",115.300003,115.959999,113.099998,113.410004,1790000,113.410004
"744",114.760002,116.809998,114.760002,115,2076900,115
"745",115.639999,115.949997,114.290001,114.349998,2004900,114.349998
"746",114.470001,115.809998,113.830002,115.290001,1947500,115.290001
"747",115.269997,118.18,114.440002,117.279999,1923300,117.279999
"748",118.300003,118.355003,116.269997,116.669998,2608400,116.669998
"749",117.089996,117.760002,116.440002,116.940002,968200,116.940002
"750",117.239998,118.040001,116.419998,117.959999,488500,117.959999
"751",117.889999,117.949997,116.940002,117.599998,530500,117.599998
"752",118.099998,118.489998,116.529999,116.839996,724900,116.839996
"753",116.82,116.889999,115.670998,116.209999,682000,116.209999
"754",115.669998,116.709999,115.25,116.230003,745800,116.230003
"755",117.260002,117.400002,114.760002,115.959999,1870600,115.959999
"756",114.059998,115.239998,112.059998,112.339996,2695100,112.339996
"757",110.830002,112.980003,109.400002,111.639999,3186200,111.639999
"758",111.279999,112.75,110.730003,111.230003,1673100,111.230003
"759",111.540001,113.769997,111.419998,112.919998,1735300,112.919998
"760",113.93,114,110.790001,111.959999,1676200,111.959999
"761",113.5,115.849998,113,113.419998,2412400,113.419998
"762",113.860001,117.499001,113.860001,115.739998,1879400,115.739998
"763",115.830002,116.57,114.120003,115.910004,1518000,115.910004
"764",115.360001,115.410004,112.059998,112.5,1637400,112.5
"765",113.419998,114.199997,112.82,113.800003,1443500,113.800003
"766",114.589996,115.57,113.589996,114.739998,1376300,114.739998
"767",113.970001,115.75,113.919998,114.870003,1001500,114.870003
"768",115.709999,118.230003,115.550003,116.330002,1281700,116.330002
"769",116.470001,118.779999,115.650002,118.68,2014400,118.68
"770",115.879997,117.394997,112.279999,113.389999,2412000,113.389999
"771",111.099998,111.68,108.529999,109.980003,1739400,109.980003
"772",110.919998,114.07,110.235001,113.559998,1704500,113.559998
"773",114.029999,114.699997,111.43,112.57,2187300,112.57
"774",121.610001,122.364998,109.370003,111.790001,5783200,111.790001
"775",110.779999,111.080002,105.120003,105.860001,3557600,105.860001
"776",106.160004,108.419998,105.93,107.559998,1939800,107.559998
"777",110.050003,110.5,107.610001,107.889999,1961100,107.889999
"778",109.599998,111.349998,108.720001,111.32,1773900,111.32
"779",111.400002,111.769997,109.269997,109.769997,1802800,109.769997
"780",108.260002,108.510002,104.860001,105.150002,2422400,105.150002
"781",103.75,105.360001,102.879997,105.349998,1867800,105.349998
"782",106.449997,110.050003,106.449997,108.589996,1625300,108.589996
"783",110,112.269997,109.224998,111.730003,1584300,111.730003
"784",110.150002,111.360001,108.620003,109.169998,1649300,109.169998
"785",109.959999,110.360001,105.235001,106.019997,1660900,106.019997
"786",103.690002,104.860001,102.510002,103.230003,2146500,103.230003
"787",103.720001,106.379997,103.599998,104.239998,1718000,104.239998
"788",103.93,104,99.519997,101.559998,2961500,101.559998
"789",100.800003,101.199997,97.75,98.190002,1834200,98.190002
"790",93.57,97.480003,93.309998,96.339996,2598800,96.339996
"791",96.93,97.769997,95.440002,96.599998,2817200,96.599998
"792",96.830002,98.540001,95.809998,96.129997,1667000,96.129997
"793",93.239998,97.199997,93.099998,94.800003,3170600,94.800003
"794",91.809998,100.889999,91.18,100.580002,4200200,100.580002
"795",101.089996,101.779999,96.360001,100.440002,2626200,100.440002
"796",103,104.93,97.260002,98.300003,3038300,98.300003
"797",100.199997,102.779999,99.919998,102.379997,2502400,102.379997
"798",99.959999,100.75,96.57,97.300003,2131700,97.300003
"799",94.519997,95.919998,92.330002,94.360001,1800500,94.360001
"800",87.690002,91.93,87.040001,89.949997,2194100,89.949997
"801",92.470001,96.129997,90.43,96,2774000,96
"802",93.949997,95.879997,88.660004,89.269997,2605000,89.269997
"803",83.120003,85.769997,76.769997,76.82,3090300,76.82
"804",82.400002,85.660004,77.370003,83.800003,2306200,83.800003
"805",72.900002,78.190002,70.699997,70.699997,2589000,70.699997
"806",72.379997,80.779999,70.830002,79.879997,2899400,79.879997
"807",73.470001,78.110001,70.290001,73.019997,2306800,73.019997
"808",72.260002,75.589996,70,73.849998,1762700,73.849998
"809",75.370003,78.529999,70.650002,70.849998,1744900,70.849998
"810",71.239998,72.93,67.540001,69.360001,1658000,69.360001
"811",73.410004,79.010002,71.339996,78.790001,2202300,78.790001
"812",79.029999,82.364998,75.919998,77.739998,1673700,77.739998
"813",79.389999,83.800003,76.889999,83.489998,1408100,83.489998
"814",80.459999,83.940002,78.815002,80.690002,1650100,80.690002
"815",81.290001,82.650002,79.610001,81.480003,1267200,81.480003
"816",81.5,85.056999,80.129997,80.629997,2335900,80.629997
"817",77.839996,79.199997,73.633003,74.580002,1693300,74.580002
"818",73.980003,76.970001,73.330002,76.660004,1822000,76.660004
"819",76.279999,76.639999,72.93,73.440002,1530600,73.440002
"820",77.050003,82.970001,75.410004,82.610001,3415600,82.610001
"821",86.040001,86.269997,81.480003,81.849998,1750700,81.849998
"822",82.589996,88.089996,81.57,87.019997,1911900,87.019997
"823",88.260002,88.559998,82.019997,83.110001,2357000,83.110001
"824",82.879997,85.260002,81.669998,84.730003,1333700,84.730003
"825",87.019997,90.099998,85.550003,89.830002,2415200,89.830002
"826",87.480003,87.629997,83.910004,84.559998,1761400,84.559998
"827",85.739998,87.25,84.639999,86.82,1634200,86.82
"828",89.150002,89.459999,84.970001,86.269997,1334400,86.269997
"829",85,86.139999,84.040001,84.769997,1683900,84.769997
"830",84.660004,84.660004,80.800003,81.18,1747400,81.18
"831",84,86.940002,82.32,86.580002,1565500,86.580002
"832",86.580002,87.519997,85.525002,85.949997,957000,85.949997
"833",86.610001,89.970001,85.629997,89.889999,1303200,89.889999
"834",90.93,92.345001,90.254997,91.279999,1691300,91.279999
"835",92.690002,95.442001,92.342003,93.139999,1807500,93.139999
"836",96.279999,99.660004,95.056999,99.389999,1473900,99.389999
"837",98.18,99.5,96.639999,98.029999,2463000,98.029999
"838",95.480003,96.660004,92.724998,93.150002,2200100,93.150002
"839",93,94.400002,91.75,94.139999,1414100,94.139999
"840",96.269997,99.489998,96.239998,97.709999,1886700,97.709999
"841",99.191002,101.605003,97.510002,98.300003,2158700,98.300003
"842",101.139999,103.258003,99.269997,100.82,2844700,100.82
"843",107.919998,108.779999,101.032997,103,2888600,103
"844",101.739998,104.199997,100.57,101.900002,1950600,101.900002
"845",102.75,105.379997,100.650002,100.669998,1707600,100.669998
"846",100.949997,101.120003,95.839996,97.330002,1972900,97.330002
"847",95.839996,98.860001,93.624001,98.809998,1241000,98.809998
"848",94.029999,96.449997,93.309998,94.709999,1676600,94.709999
"849",97.708,99.555,96.739998,99.040001,1428200,99.040001
"850",98.739998,101.080002,98.220001,98.330002,1238700,98.330002
"851",100.099998,103.400002,99.769997,103.330002,1720900,103.330002
"852",103.120003,104.470001,98.800003,98.970001,1607300,98.970001
"853",99.75,101.589996,98.07,101.540001,1122500,101.540001
"854",104.529999,104.889999,102.919998,103.209999,1428400,103.209999
"855",103.830002,105.849998,101.269997,105.68,1401300,105.68
"856",104.849998,105.394997,100.110001,100.769997,1333800,100.769997
"857",101.5,105.339996,101.150002,104.739998,1774900,104.739998
"858",104.739998,106.139999,103.793999,104.580002,898500,104.580002
"859",106,109.809998,104.686996,109.68,2131300,109.68
"860",110.75,115.199997,110.699997,112.989998,2416000,112.989998
"861",112.82,114.275002,112.269997,113.400002,1525300,113.400002
"862",116.449997,118.160004,114.93,115.669998,1709900,115.669998
"863",116.080002,118.940002,115.230003,117.559998,1381600,117.559998
"864",115.860001,116.43,113.730003,115.529999,1126400,115.529999
"865",116.980003,117.169998,114.059998,114.870003,1131000,114.870003
"866",110.709999,112.410004,106.940002,107.389999,1753800,107.389999
"867",110.800003,111.690002,106.629997,108.900002,1094100,108.900002
"868",106.559998,110.195,105.610001,109.720001,1245100,109.720001
"869",114.769997,116.209999,111.099998,112.580002,1726600,112.580002
"870",113.75,114.540001,112.389999,112.639999,1074900,112.639999
"871",112.5,113.029999,110.620003,111.25,1017400,111.25
"872",113,113.879997,110.559998,111.800003,1963600,111.800003
"873",111.709999,112.808998,109.904999,112.25,965800,112.25
"874",113.5,113.82,111.839996,111.919998,940700,111.919998
"875",110.349998,112.084999,107.5,108.519997,1089900,108.519997
"876",108.629997,109.129997,106.519997,108.970001,799100,108.970001
"877",109.040001,109.379997,106.690002,107.370003,1181100,107.370003
"878",107.239998,107.699997,104.57,107.43,1215300,107.43
"879",107.919998,111.029999,107.18,110.529999,1213800,110.529999
"880",110.389999,110.690002,108.059998,108.260002,790800,108.260002
"881",109.150002,111.550003,109.150002,110.300003,897500,110.300003
"882",113.239998,114.300003,112.849998,113.629997,1159900,113.629997
"883",113.800003,115.489998,112.830002,113.019997,723600,113.019997
"884",113.889999,114.209999,111.300003,113.029999,883800,113.029999
"885",113,113.589996,110.470001,113.110001,1213600,113.110001
"886",113.269997,113.580002,111.110001,112.010002,603500,112.010002
"887",113.119003,116.370003,110.68,110.889999,1459800,110.889999
"888",110.449997,112.870003,107.690002,112.620003,932000,112.620003
"889",113.300003,113.550003,111.050003,112.839996,716100,112.839996
"890",111.93,112.5,110.279999,111.68,1096800,111.68
"891",112.760002,114.57,112.330002,113.980003,1015900,113.980003
"892",114.309998,116.849998,113.084999,116.389999,932600,116.389999
"893",117.559998,118.379997,115.810997,116.739998,1100800,116.739998
"894",117.199997,118.610001,116.128998,118.43,1126700,118.43
"895",118.860001,121.540001,117.690002,118.150002,2047700,118.150002
"896",117.330002,117.489998,111.309998,111.919998,2527900,111.919998
"897",113.910004,115.870003,113,115.150002,1494900,115.150002
"898",113.639999,114.879997,112.650002,113.389999,992900,113.389999
"899",114.550003,116.010002,113.720001,115.279999,2677800,115.279999
"900",121.110001,129.919998,121.110001,128.669998,5256800,128.669998
"901",130,130.860001,124.889999,128.149994,2096300,128.149994
"902",129.020004,134.399994,129.020004,133.324997,2254000,133.324997
"903",132.440002,132.990005,129.309998,131.25,1303600,131.25
"904",131.300003,133.630005,130.5,133.619995,1252400,133.619995
"905",133.029999,136.057999,133.029999,135.229996,1235100,135.229996
"906",135.399994,135.75,128.389999,130.970001,1238300,130.970001
"907",130.589996,131.160004,127.18,129.470001,1176600,129.470001
"908",129.460007,130.539993,127.160004,127.620003,1190300,127.620003
"909",128.889999,131.830002,128.210007,131.429993,953600,131.429993
"910",132.029999,133.059998,130.145004,132,999400,132
"911",133,133.240005,131.509995,131.679993,716900,131.679993
"912",131.399994,135.300003,131.309998,133.809998,1781600,133.809998
"913",134.589996,135.145004,131.169998,132.610001,996400,132.610001
"914",132.320007,134.410004,132.130005,132.460007,791700,132.460007
"915",130.630005,132.343994,130.509995,130.720001,833900,130.720001
"916",131,131.050003,129.449997,130.669998,948100,130.669998
"917",132.149994,132.779999,130.809998,131.940002,736100,131.940002
"918",132.589996,133.130005,130.440002,131.970001,1007300,131.970001
"919",131.899994,132.740005,131.080002,131.509995,709700,131.509995
"920",131.470001,131.679993,126.370003,127.139999,1389700,127.139999
"921",127.989998,129.520004,127.171997,129.300003,689400,129.300003
"922",128.639999,129.389999,127.410004,128.270004,875400,128.270004
"923",129.070007,131.789993,128.274994,131.479996,891100,131.479996
"924",132.669998,135.889999,131.25,134.669998,1251800,134.669998
"925",131.809998,132.279999,120.980003,121.440002,2367900,121.440002
"926",120.5,122.639999,114.610001,118.889999,2304300,118.889999
"927",114.209999,117.669998,112.029999,114.110001,1709900,114.110001
"928",123.959999,125.779999,121.144997,122.709999,3374400,122.709999
"929",124.050003,126.459999,120.5,121.459999,1842600,121.459999
"930",123.589996,124.410004,120.730003,122.959999,1114200,122.959999
"931",125.239998,125.745003,122.059998,122.839996,1098100,122.839996
"932",125.769997,130.554993,125.110001,129.990005,1751400,129.990005
"933",131,131.809998,128.735001,128.830002,1125100,128.830002
"934",125.199997,131.190002,125.160004,130.300003,1291300,130.300003
"935",130.809998,131.240005,126.279999,128.020004,1609300,128.020004
"936",126.690002,128.619995,124.370003,127.550003,1544800,127.550003
"937",128.830002,131.410004,125.580002,131.210007,1149200,131.210007
"938",130.259003,130.899994,125.400002,125.769997,964900,125.769997
"939",125.260002,128.389999,124.360001,124.989998,1044900,124.989998
"940",124.93,126.330002,123.080002,125.629997,993800,125.629997
"941",128.039993,128.720001,126.580002,128.429993,1156000,128.429993
"942",128.240005,132.619995,128.139999,130.770004,1109200,130.770004
"943",130.529999,131.270004,128.020004,129.009995,1349600,129.009995
"944",132.085007,135.210007,131.367004,135.089996,1627400,135.089996
"945",131.5,133.479996,130.509995,130.570007,868000,130.570007
"946",132.369995,135.380005,132.350006,135.300003,1012500,135.300003
"947",135.410004,135.630005,130.488007,131.080002,1484100,131.080002
"948",133.850006,135.130005,133.505005,134.639999,1168600,134.639999
"949",136.100006,137.339996,134.300003,135.410004,1149900,135.410004
"950",137.979996,140.690002,136.139999,137.869995,1296600,137.869995
"951",139.399994,139.994995,136.768997,137.759995,966100,137.759995
"952",138,138.850006,134.259995,135.169998,1095100,135.169998
"953",134.979996,136.339996,133.970001,135.149994,965600,135.149994
"954",132.410004,136.240005,131.110001,135.960007,944500,135.960007
"955",136.949997,136.990005,134.559998,134.759995,627600,134.759995
"956",136.5,138.669998,134,134.539993,1019300,134.539993
"957",135.619995,136.350006,134.360001,135.649994,742700,135.649994
"958",135.800003,137.649994,135.199997,135.259995,799600,135.259995
"959",135.419998,136.399994,132.759995,135,599800,135
"960",135.130005,136.25,134.199997,135.699997,729900,135.699997
"961",135.490005,138.179993,132.779999,134.449997,1115600,134.449997
"962",134.119995,134.720001,131.179993,131.279999,527200,131.279999
"963",129.199997,129.274994,124.559998,124.959999,1041900,124.959999
"964",125.389999,130.869995,125.019997,129.710007,846800,129.710007
"965",127.160004,128.429993,125.5,127.360001,882600,127.360001
"966",129.889999,130.5,126.519997,127.940002,814200,127.940002
"967",129.449997,130.770004,127.989998,128.460007,1323600,128.460007
"968",130.639999,134.270004,128.630005,133.740005,1793500,133.740005
"969",139,152.369995,138,146.690002,2966200,146.690002
"970",147.320007,148,143.020004,147.270004,1413300,147.270004
"971",154.429993,154.429993,147.619995,149.479996,1809300,149.479996
"972",146.399994,148.320007,140.679993,140.929993,1703300,140.929993
"973",143.580002,148.763,143,148.25,1188700,148.25
"974",148.600006,149.929993,145.429993,146.669998,746400,146.669998
"975",147.679993,150.589996,146.660004,147.630005,657200,147.630005
"976",147.839996,150.899994,147.764999,150.380005,786700,150.380005
"977",150.289993,151.210007,147.380005,148.440002,769800,148.440002
"978",147.330002,149.330002,144.279999,144.369995,1020600,144.369995
"979",143.639999,147.050003,141.800003,146.860001,956700,146.860001
"980",147.889999,150,146.410995,147.389999,957600,147.389999
"981",149.529999,149.75,145.410004,149.199997,1254600,149.199997
"982",150.460007,152.600006,146.875,151.75,1155300,151.75
"983",150.699997,151.630005,146.380005,148.240005,1415700,148.240005
"984",150.220001,151.059998,148.860001,150.110001,756300,150.110001
"985",152.149994,157,151.520004,156.679993,2227100,156.679993
"986",158.800003,161.380005,156.779999,159.779999,1514700,159.779999
"987",159.589996,161.130005,158.139008,159.550003,689900,159.550003
"988",160.669998,162,158.850006,159.130005,707800,159.130005
"989",160,165.529999,159.539993,165.350006,1322400,165.350006
"990",166.470001,167.199997,163.860001,166.940002,829000,166.940002
"991",168.869995,170.901001,167.313004,169.960007,1093700,169.960007
"992",167.699997,168.975006,159.520004,160.380005,1551600,160.380005
"993",159.460007,160.330002,157.520004,158.330002,1259700,158.330002
"994",156.770004,156.839005,151.440002,152.639999,2165400,152.639999
"995",153.490005,155.384995,152.350006,154.509995,1278100,154.509995
"996",159.449997,162.5,158.020004,158.479996,1240100,158.479996
"997",157.880005,159.490005,155.789993,159,937500,159
"998",160.389999,160.809998,157.410004,159.600006,1593700,159.600006
"999",159.770004,163.585007,158.029999,162.660004,2216000,162.660004
"1000",159.835007,161.830002,158,161.110001,1607500,161.110001
"1001",163,164.779999,162.095001,163.259995,1093400,163.259995
"1002",166.169998,169.106003,165.029999,165.100006,1572000,165.100006
"1003",166.039993,167.529999,165.130005,167.110001,462300,167.110001
"1004",170.029999,170.5,166.009995,166.440002,958100,166.440002
"1005",166.979996,167.429993,162.587006,163.770004,936100,163.770004
"1006",164.550003,167.429993,164.550003,167.369995,670100,167.369995
"1007",168.869995,168.869995,165.619995,166.270004,834200,166.270004
