"","REGN.Open","REGN.High","REGN.Low","REGN.Close","REGN.Volume","REGN.Adjusted"
"1",370.839996,384.940002,368.440002,379.700012,1064500,379.700012
"2",374.869995,389.220001,373.850006,383.109985,781500,383.109985
"3",381.149994,385.720001,380.220001,380.920013,628000,380.920013
"4",360.480011,361.929993,354,358.679993,3254600,358.679993
"5",359.209991,360.390015,349.23999,355.059998,1885600,355.059998
"6",356,375.940002,355.200012,373,1787200,373
"7",371.839996,379.950012,361.660004,364.470001,1655700,364.470001
"8",362,367.369995,358.5,364.440002,663700,364.440002
"9",364.76001,373.480011,364.440002,368.160004,943800,368.160004
"10",367.649994,369.970001,359.730011,363.23999,879200,363.23999
"11",363.700012,365.950012,358.929993,362.950012,474000,362.950012
"12",363.200012,366.299988,359.970001,363.410004,586200,363.410004
"13",365.670013,369.75,362.070007,362.559998,782000,362.559998
"14",361.970001,363.589996,354.170013,354.359985,899400,354.359985
"15",355.040009,356.440002,347,347.959991,905400,347.959991
"16",350,350.75,344.809998,348.929993,934500,348.929993
"17",348.73999,352.880005,340.089996,340.75,1312600,340.75
"18",342.339996,349.970001,340.959991,346.5,620600,346.5
"19",344.890015,347.040009,342.160004,344.5,668200,344.5
"20",344.049988,360,343.5,359.290009,1052500,359.290009
"21",358.73999,364.799988,355.01001,364.170013,1033000,364.170013
"22",361.140015,364.809998,357.890015,360.559998,578800,360.559998
"23",362.429993,363.25,352.079987,358.26001,733200,358.26001
"24",357.859985,362.450012,353.589996,362,750300,362
"25",360.609985,363.100006,355.890015,357.690002,689800,357.690002
"26",355.880005,359,351.029999,353.25,876900,353.25
"27",347.070007,366.950012,347,360,1722800,360
"28",360.950012,364.390015,357.380005,359.869995,713600,359.869995
"29",364.220001,378.470001,363.200012,375.660004,1539100,375.660004
"30",375.950012,378.320007,371.609985,376.519989,991900,376.519989
"31",375.429993,384.579987,374,384,926300,384
"32",379,382.079987,369.200012,373.019989,1276800,373.019989
"33",372.420013,375,369.299988,371.179993,775500,371.179993
"34",372.179993,375.76001,370,371.609985,722600,371.609985
"35",371.609985,373.160004,369.119995,370.220001,569200,370.220001
"36",370.98999,371.220001,357.220001,360.959991,1118900,360.959991
"37",359.880005,361.079987,355,361.01001,782600,361.01001
"38",361.149994,373.359985,359.940002,373.049988,537900,373.049988
"39",373.299988,374.970001,368.420013,373.5,759200,373.5
"40",378,381.920013,372.519989,379.049988,757500,379.049988
"41",379.049988,381.98999,375,375.859985,512200,375.859985
"42",375.980011,379.459991,371,378.660004,513300,378.660004
"43",378.130005,383.98999,376.450012,381.929993,1020800,381.929993
"44",378.76001,382.220001,370.630005,372.519989,890400,372.519989
"45",373.589996,382.690002,373.51001,381.369995,832700,381.369995
"46",383.179993,392.23999,381.429993,390.140015,1101000,390.140015
"47",392.950012,392.950012,384.209991,388.230011,743500,388.230011
"48",389.200012,389.980011,384.279999,388.880005,572700,388.880005
"49",386.869995,393.589996,386.869995,391.100006,548200,391.100006
"50",393.640015,399.720001,391.829987,397.799988,808200,397.799988
"51",397.459991,399,389.290009,392.589996,770900,392.589996
"52",380.049988,386.690002,370.679993,380.290009,2839500,380.290009
"53",380.829987,385.709991,377.720001,382.019989,576900,382.019989
"54",382.890015,383.089996,370.23999,370.980011,1224600,370.980011
"55",373.119995,374.73999,366.130005,369.140015,684600,369.140015
"56",369.190002,370.730011,364.440002,365.019989,677100,365.019989
"57",367.920013,374.850006,366.720001,373,881400,373
"58",371.690002,384.959991,371.040009,383.679993,1385900,383.679993
"59",383.470001,388.820007,376.220001,382.549988,1651300,382.549988
"60",382.459991,401.209991,382.059998,394.140015,1945500,394.140015
"61",394.890015,397.209991,385.820007,386.179993,966300,386.179993
"62",385.75,390,382.600006,387.51001,570300,387.51001
"63",388,392.75,382.26001,383.190002,994400,383.190002
"64",383.940002,386.059998,379.279999,382.920013,681100,382.920013
"65",382.929993,384.51001,375.720001,377.359985,772200,377.359985
"66",379,381.980011,376.359985,379.480011,1119600,379.480011
"67",379.600006,381.359985,375.609985,380.549988,741700,380.549988
"68",380.01001,382.890015,372.829987,373.26001,896500,373.26001
"69",372.5,373.890015,363.98999,367.070007,850900,367.070007
"70",367,372.600006,364.230011,366.329987,661000,366.329987
"71",367.609985,373.869995,366.5,370.369995,699800,370.369995
"72",373,374.359985,369.109985,373.450012,573800,373.450012
"73",371.040009,374.720001,363.390015,366.059998,520000,366.059998
"74",368.119995,371.309998,366.519989,370.959991,501300,370.959991
"75",371.920013,377.480011,368.049988,376.399994,767900,376.399994
"76",376.399994,379.200012,368.809998,370.119995,639700,370.119995
"77",373.829987,374.940002,369.049988,371.929993,715000,371.929993
"78",373.089996,376.23999,370,372.320007,711700,372.320007
"79",372.119995,375.399994,369.470001,371.390015,516400,371.390015
"80",370.899994,371.709991,360,366.619995,1981500,366.619995
"81",368.51001,393.5,368.299988,388.48999,2179400,388.48999
"82",388.799988,399.980011,388.220001,396.170013,1246900,396.170013
"83",396.649994,402.98999,392.700012,402.040009,884400,402.040009
"84",402,408.119995,400.390015,407.029999,1265500,407.029999
"85",410.190002,437.320007,410.190002,434.309998,2320300,434.309998
"86",434.790009,438.470001,426.399994,429,1060600,429
"87",427.76001,436.470001,421.880005,423.380005,864500,423.380005
"88",422.829987,428.720001,421.549988,427.179993,566400,427.179993
"89",427.130005,431.73999,422.950012,431.570007,518900,431.570007
"90",429.790009,441.709991,428.850006,440.429993,895600,440.429993
"91",441.540009,452.880005,438.589996,442.049988,1213700,442.049988
"92",440.380005,450.779999,439.609985,450.410004,772100,450.410004
"93",451.790009,456.73999,445.799988,454.75,943100,454.75
"94",451.290009,458.579987,445.299988,446.720001,749400,446.720001
"95",448,462.959991,446.049988,457.329987,1107600,457.329987
"96",456.059998,458.48999,448,450.01001,996000,450.01001
"97",448.480011,464.399994,448.390015,460.98999,782200,460.98999
"98",462,464.25,458.790009,461.369995,573900,461.369995
"99",461.369995,461.940002,452.109985,458.23999,461300,458.23999
"100",460.040009,460.040009,455.019989,455.700012,671600,455.700012
"101",456.700012,459.25,453.350006,455.170013,475400,455.170013
"102",455.130005,458.480011,448.079987,448.670013,865700,448.670013
"103",450.320007,459.299988,448.089996,459.059998,1313800,459.059998
"104",460,470.429993,459.529999,466.019989,1204600,466.019989
"105",466.700012,484.98999,465.329987,480.429993,1717600,480.429993
"106",483.5,489,476.970001,480.26001,912800,480.26001
"107",479.299988,482.299988,473.440002,477.730011,729400,477.730011
"108",479,483.059998,476.089996,482,843900,482
"109",481.559998,486.809998,478.160004,485.899994,595200,485.899994
"110",482.549988,487.519989,473.26001,475.790009,1027200,475.790009
"111",475.220001,477.5,466.910004,476.230011,884600,476.230011
"112",474.380005,476.5,471.630005,473.670013,503700,473.670013
"113",475.350006,481.859985,469.269989,476.839996,662500,476.839996
"114",474.369995,475.799988,461.579987,469.5,796800,469.5
"115",468.190002,470.279999,453.540009,459.910004,1658600,459.910004
"116",462.959991,474.730011,456.570007,471.670013,807600,471.670013
"117",477.920013,504.890015,474.619995,495.329987,2134900,495.329987
"118",496.51001,525,495.040009,522.02002,1743100,522.02002
"119",525,543.549988,521.5,526.530029,1843100,526.530029
"120",511.790009,519.650024,500.25,517.330017,1885500,517.330017
"121",513,521.51001,506.700012,515.909973,1172500,515.909973
"122",517.549988,529.98999,500.73999,502.119995,1447300,502.119995
"123",506.51001,518,500.75,513.190002,935100,513.190002
"124",510.440002,512.640015,499.079987,509.929993,922100,509.929993
"125",507.459991,508,490.890015,491.140015,1267500,491.140015
"126",494.200012,498.549988,484.279999,487.730011,603500,487.730011
"127",490.079987,499.359985,489.559998,497,823000,497
"128",491.76001,496.350006,482.51001,490.190002,898600,490.190002
"129",497.51001,506.390015,493.440002,496.5,729100,496.5
"130",497.609985,500.73999,489.329987,499.910004,888400,499.910004
"131",498.519989,502,489.200012,492,829100,492
"132",496.200012,499.320007,489.089996,496.98999,576500,496.98999
"133",496.019989,509.959991,492.179993,505.049988,790000,505.049988
"134",507.399994,509.579987,498.649994,504.899994,608100,504.899994
"135",508.279999,509.880005,496.76001,498.109985,620000,498.109985
"136",497.640015,499.980011,494.369995,497.630005,450700,497.630005
"137",504.98999,509.140015,501.100006,506.790009,850800,506.790009
"138",510.470001,524.890015,509.920013,521.130005,772200,521.130005
"139",518.460022,522,513.400024,515.919983,617700,515.919983
"140",516.940002,521.77002,510.700012,521.219971,474400,521.219971
"141",523.969971,526.119995,510.73999,513.450012,596300,513.450012
"142",513.77002,518.570007,510,515.630005,369500,515.630005
"143",515.77002,517.440002,503.980011,508.410004,958100,508.410004
"144",507.01001,513.419983,499.040009,508.709991,620100,508.709991
"145",489.670013,499.140015,487.130005,491.619995,1009000,491.619995
"146",486.600006,490.170013,471.26001,472,1282100,472
"147",470.779999,477.51001,468.309998,476.820007,958200,476.820007
"148",498.100006,498.5,463.299988,467.109985,1208800,467.109985
"149",469.320007,473.339996,466.660004,468.76001,771200,468.76001
"150",468.709991,471.76001,462.209991,470.100006,499100,470.100006
"151",469.179993,475.25,467.350006,469.679993,484700,469.679993
"152",469.959991,478.98999,465.519989,474.089996,980000,474.089996
"153",470.480011,472.459991,459.140015,460.079987,573700,460.079987
"154",462.350006,467.859985,459.230011,466.589996,496000,466.589996
"155",469.970001,476.799988,466.98999,474.540009,537400,474.540009
"156",473.869995,475.01001,470.48999,472.570007,378500,472.570007
"157",475.579987,475.579987,467.23999,468.540009,383300,468.540009
"158",469.820007,470.040009,461.769989,464.019989,711600,464.019989
"159",461.899994,470.859985,460.559998,467.980011,549500,467.980011
"160",467.75,472.48999,467.429993,469.73999,510700,469.73999
"161",470,483,469.200012,478.649994,503600,478.649994
"162",475,480.859985,472.320007,477.149994,410600,477.149994
"163",477.269989,488.820007,474.339996,485.26001,539000,485.26001
"164",485.25,487.769989,477.380005,477.799988,531000,477.799988
"165",483.920013,486.350006,477.779999,479.220001,831200,479.220001
"166",476.880005,481.350006,473.369995,479.029999,546200,479.029999
"167",480.51001,495.850006,477.970001,487.119995,729100,487.119995
"168",488.399994,502.420013,484,496.899994,871800,496.899994
"169",498.23999,505.48999,497.089996,504,699900,504
"170",499.809998,503.540009,489.369995,494.359985,657700,494.359985
"171",499.690002,503.329987,492.869995,500.220001,441600,500.220001
"172",489,489,467,471.920013,1554400,471.920013
"173",473,479.029999,470,471.48999,760800,471.48999
"174",451.079987,454.98999,441.519989,445.109985,1984700,445.109985
"175",448.119995,448.119995,440,444.480011,880600,444.480011
"176",445,445,433.160004,437.73999,1062800,437.73999
"177",436.679993,443.299988,429.309998,441.26001,987700,441.26001
"178",442.040009,442.160004,432.429993,433.450012,1002400,433.450012
"179",433.480011,439.029999,430.049988,434.640015,672300,434.640015
"180",433.26001,434.640015,426.470001,431.380005,699300,431.380005
"181",431.640015,438.440002,429.549988,438.170013,692600,438.170013
"182",435,438.769989,429.470001,433.450012,556900,433.450012
"183",431.119995,433.769989,427.040009,432.720001,626300,432.720001
"184",431.98999,442.899994,431.640015,438.149994,834100,438.149994
"185",440.399994,442.799988,433.320007,434.970001,453400,434.970001
"186",435.640015,437.609985,432.5,435.429993,499800,435.429993
"187",433.290009,439.040009,433.290009,435.109985,456600,435.109985
"188",435.279999,450.230011,435.279999,447.119995,909600,447.119995
"189",448.309998,465,445.410004,462.23999,1175800,462.23999
"190",463.040009,463.040009,451.26001,455.630005,596700,455.630005
"191",454.100006,458.920013,450.109985,456.049988,610700,456.049988
"192",455.950012,477,451.100006,463.399994,1421300,463.399994
"193",463.390015,471,461.910004,469.950012,986000,469.950012
"194",472.51001,473.859985,466.700012,469.559998,482800,469.559998
"195",469.559998,472.309998,460.660004,461.130005,655700,461.130005
"196",459.799988,460.850006,448.709991,452.970001,1197800,452.970001
"197",454,454.519989,444.200012,447.149994,704800,447.149994
"198",448.5,449.73999,441.040009,442.959991,718100,442.959991
"199",444,453.549988,443.109985,445.679993,508700,445.679993
"200",444.410004,448.570007,442.01001,442.559998,644300,442.559998
"201",443.200012,444.98999,435.549988,439.369995,547600,439.369995
"202",439.589996,443,438,440.940002,639300,440.940002
"203",430.170013,435.160004,427,432.980011,990100,432.980011
"204",433.279999,437.899994,430.049988,432.76001,778600,432.76001
"205",435.519989,436.75,425.609985,426.51001,701900,426.51001
"206",424.529999,429.730011,420.519989,421.929993,982200,421.929993
"207",416.700012,420.609985,412.48999,416.040009,852200,416.040009
"208",413.290009,416.040009,406.519989,409.220001,1111600,409.220001
"209",407.529999,417.220001,405,406.519989,812000,406.519989
"210",407.399994,409.950012,400.190002,402.619995,1051200,402.619995
"211",403.809998,405.5,394.559998,397,1161000,397
"212",400,402.98999,395.450012,397.450012,1453300,397.450012
"213",400.019989,408.549988,400.019989,408.410004,896600,408.410004
"214",410.01001,416.890015,406.5,406.630005,833500,406.630005
"215",407.26001,411.670013,401.76001,404.390015,786000,404.390015
"216",418.01001,432.5,405,415.170013,1310100,415.170013
"217",409.440002,414.019989,396.529999,406.209991,941900,406.209991
"218",405.450012,405.75,398.369995,404.540009,770800,404.540009
"219",398.26001,402.130005,391.209991,393.619995,1416700,393.619995
"220",392.75,395.589996,383.829987,384.799988,1109600,384.799988
"221",384.869995,389.029999,383.809998,386.299988,753800,386.299988
"222",386.98999,395.660004,381.640015,394.690002,674200,394.690002
"223",393.079987,396.359985,390.519989,391.589996,669100,391.589996
"224",391.73999,393.320007,383.420013,385.220001,845700,385.220001
"225",385,388.220001,383.299988,384.440002,784700,384.440002
"226",384.549988,388.390015,384.5,387.540009,367400,387.540009
"227",388.399994,392.98999,384.25,384.850006,250500,384.850006
"228",379,384,372.73999,374.529999,1194500,374.529999
"229",370.779999,371.76001,361.160004,366,1532000,366
"230",369.600006,371.390015,353.140015,358.630005,2652300,358.630005
"231",358.570007,362.5,354.730011,361.859985,1292700,361.859985
"232",356.369995,377.399994,355.029999,373.470001,1819500,373.470001
"233",375.5,382.519989,372.059998,378.369995,1075100,378.369995
"234",378.609985,385.640015,371.51001,372.339996,792500,372.339996
"235",370.380005,376.980011,366.660004,375.130005,740900,375.130005
"236",375.809998,379.089996,371.390015,373.609985,513400,373.609985
"237",375.519989,384.070007,373,380.779999,663900,380.779999
"238",383.369995,387.5,379.089996,381.320007,518000,381.320007
"239",380.649994,382.470001,375.5,381.720001,456400,381.720001
"240",382.049988,389.820007,380.339996,386.670013,570600,386.670013
"241",388.059998,388.809998,380.75,383.119995,424500,383.119995
"242",387.190002,389.589996,382,388.950012,1271200,388.950012
"243",390.910004,390.910004,382.899994,383.390015,623700,383.390015
"244",382.619995,390.420013,381.480011,385.720001,579200,385.720001
"245",385.350006,387.839996,381.179993,382.890015,516500,382.890015
"246",381.850006,390.549988,381.179993,384.140015,508800,384.140015
"247",383.5,385.269989,377.079987,381,412800,381
"248",381.179993,388,379.290009,387.429993,454500,387.429993
"249",387.950012,389.309998,382.869995,384.089996,409400,384.089996
"250",385.269989,387.119995,378.899994,382.820007,354900,382.820007
"251",381.869995,382.649994,375,375.959991,624100,375.959991
"252",379.480011,384.809998,377.109985,382.600006,621800,382.600006
"253",383.140015,396.779999,381.140015,393.779999,721300,393.779999
"254",394.5,394.950012,382.399994,382.950012,650100,382.950012
"255",385.850006,388.790009,381.950012,385.100006,461100,385.100006
"256",384.399994,387.329987,371.26001,372.519989,1117800,372.519989
"257",372.609985,378.579987,368.119995,368.649994,1207600,368.649994
"258",368.649994,371.420013,365.600006,366.459991,805800,366.459991
"259",367,370.089996,363,368.26001,627700,368.26001
"260",369.450012,370.01001,366.730011,366.959991,830700,366.959991
"261",368.920013,374.809998,367.350006,370.209991,1003400,370.209991
"262",373.859985,378.700012,370.279999,374.070007,738900,374.070007
"263",374.209991,374.709991,369.029999,371.279999,596400,371.279999
"264",372.170013,376.470001,370.959991,371.529999,665000,371.529999
"265",374.440002,376.01001,370.619995,375.859985,760100,375.859985
"266",374.470001,383.950012,373.269989,381.709991,842200,381.709991
"267",383.100006,387.709991,380,383.320007,712900,383.320007
"268",386.399994,396.220001,382.040009,391.839996,869800,391.839996
"269",392.899994,393.149994,371.970001,374.359985,1429600,374.359985
"270",373.5,385.709991,371.51001,382.880005,1095200,382.880005
"271",382.799988,384.220001,375,379.769989,603700,379.769989
"272",379.160004,379.170013,366.179993,366.649994,848700,366.649994
"273",366.690002,370.98999,345.01001,345.790009,2403100,345.790009
"274",345.170013,353.970001,340.649994,347.859985,1546600,347.859985
"275",346.329987,350.799988,331.670013,331.980011,1297000,331.980011
"276",328.440002,339.100006,319.5,338.799988,2005600,338.799988
"277",338.799988,343.380005,331.089996,334.609985,1022600,334.609985
"278",342.029999,352.5,322.019989,322.619995,1634600,322.619995
"279",327.209991,339.600006,314.98999,336.380005,2088300,336.380005
"280",339.679993,350.98999,334.869995,342.670013,1398200,342.670013
"281",340.839996,340.839996,322.690002,324.570007,1557300,324.570007
"282",321.339996,330.839996,313.529999,330.690002,1981400,330.690002
"283",331.910004,336.040009,327.51001,333.179993,834400,333.179993
"284",334,341.079987,328.950012,332.149994,1175400,332.149994
"285",331,332.410004,322.100006,323.040009,844000,323.040009
"286",320.549988,324.660004,316.170013,317.51001,946800,317.51001
"287",317.429993,321.660004,315.299988,315.820007,841600,315.820007
"288",318.059998,323.899994,315.149994,323.859985,688700,323.859985
"289",324.350006,326.160004,320.600006,324.890015,552300,324.890015
"290",324.959991,327.869995,318.5,320.970001,935100,320.970001
"291",321.130005,324.209991,318.959991,320.440002,840300,320.440002
"292",320.350006,327.380005,320.230011,321.779999,923300,321.779999
"293",321.940002,333.130005,321.5,330.470001,909500,330.470001
"294",327.970001,334.149994,327.970001,333.910004,746200,333.910004
"295",335,337,328.200012,333.480011,716700,333.480011
"296",330.329987,335.040009,328.279999,334.410004,599300,334.410004
"297",334.579987,341.170013,332.839996,340.779999,836100,340.779999
"298",343.579987,344.790009,339.480011,341.700012,759700,341.700012
"299",346,346.730011,337.420013,344.549988,1234400,344.549988
"300",344.429993,346.640015,335.420013,337.75,851500,337.75
"301",339.709991,342.619995,338.160004,341.420013,577800,341.420013
"302",341.559998,341.970001,334.290009,334.929993,569600,334.929993
"303",336.549988,345.850006,333.950012,343.299988,1348900,343.299988
"304",343,352.589996,335.630005,339.079987,924000,339.079987
"305",338.480011,339.980011,330.690002,333.859985,690000,333.859985
"306",334.089996,337.609985,333.160004,334.869995,431300,334.869995
"307",331.160004,336,327.51001,327.690002,608400,327.690002
"308",327.519989,332.320007,321.200012,321.290009,693300,321.290009
"309",325.579987,331,317.709991,330.709991,733600,330.709991
"310",332.649994,335.700012,326.940002,329.23999,996300,329.23999
"311",329.799988,340.399994,328.5,338.480011,1037400,338.480011
"312",340.820007,346.869995,338.320007,344.359985,1032800,344.359985
"313",342.450012,345.48999,324.769989,330.559998,1317100,330.559998
"314",330.820007,332.619995,320.709991,332.200012,815400,332.200012
"315",326.649994,339.100006,321.609985,337.350006,857500,337.350006
"316",339.859985,340.369995,325.480011,328.589996,848500,328.589996
"317",324.109985,326.5,316.570007,319.609985,1010200,319.609985
"318",318.649994,324.290009,315.369995,319.700012,681300,319.700012
"319",322.559998,328.880005,321.390015,328.040009,554000,328.040009
"320",326.070007,328.549988,322.279999,322.779999,688000,322.779999
"321",323.98999,327.279999,323,325.079987,575200,325.079987
"322",326.859985,328.589996,319.26001,321.559998,846100,321.559998
"323",324.399994,324.399994,317.630005,318.200012,816400,318.200012
"324",319.649994,324.76001,318.980011,322.630005,874500,322.630005
"325",323.399994,323.910004,320.75,321.390015,405800,321.390015
"326",320.51001,322.690002,315.369995,315.829987,546100,315.829987
"327",316.309998,318.190002,311.339996,314.25,688700,314.25
"328",316.029999,318.480011,313.809998,316.01001,605800,316.01001
"329",317.98999,318.519989,310.51001,312,752300,312
"330",312,321.230011,311.040009,316.170013,704400,316.170013
"331",318.079987,327.160004,316.23999,323.970001,803000,323.970001
"332",317,317.98999,299.559998,313.049988,2085600,313.049988
"333",311,311,298.190002,303.679993,1568900,303.679993
"334",302.929993,303.559998,294.109985,301.220001,1195300,301.220001
"335",299.920013,303.549988,295.75,296.140015,1036000,296.140015
"336",297.600006,307.720001,288.160004,292.410004,1259500,292.410004
"337",290.160004,292.910004,287.549988,291.25,1398700,291.25
"338",293.529999,294.5,286.320007,288.540009,1037300,288.540009
"339",290.5,292,284.040009,285.859985,758800,285.859985
"340",285,288.609985,281.890015,284.600006,764400,284.600006
"341",285.01001,289.980011,282.589996,288.899994,720400,288.899994
"342",290.440002,314.839996,290.440002,306.940002,2944500,306.940002
"343",307,310.950012,302,309.540009,1258000,309.540009
"344",306.420013,306.959991,299.619995,300.450012,819900,300.450012
"345",300.630005,306.459991,297.470001,303.209991,667900,303.209991
"346",302.570007,308.5,300.399994,308,1229100,308
"347",307.850006,307.850006,300,301.809998,938300,301.809998
"348",303.75,304.309998,294.179993,296.600006,766700,296.600006
"349",297.880005,299.709991,293.529999,294.679993,441900,294.679993
"350",292.290009,296.26001,291.100006,295.309998,568700,295.309998
"351",295.579987,296.920013,293.350006,294.609985,585400,294.609985
"352",294.119995,295.570007,292.5,293.73999,637400,293.73999
"353",291.790009,298,291.690002,296.5,737500,296.5
"354",297.049988,301.709991,294.019989,300.890015,775700,300.890015
"355",301.369995,304.869995,297.640015,300.320007,670800,300.320007
"356",301.339996,311.359985,297.779999,306.880005,1012700,306.880005
"357",307.640015,314.790009,304.959991,312.089996,1153400,312.089996
"358",310.140015,315.380005,306.48999,311.850006,714000,311.850006
"359",312.890015,315.679993,312.01001,315.130005,630000,315.130005
"360",315.529999,317.25,305.279999,308.720001,829700,308.720001
"361",308.220001,310.619995,303.519989,308.100006,644300,308.100006
"362",308,313.929993,306.130005,311.950012,535500,311.950012
"363",311.709991,312.420013,308.839996,309.529999,353600,309.529999
"364",310.119995,313.670013,307.630005,308.279999,465200,308.279999
"365",309.940002,317.820007,307.579987,315.670013,606900,315.670013
"366",316.899994,320.690002,310.359985,315.299988,1034200,315.299988
"367",312.26001,316.26001,309.709991,315.609985,613900,315.609985
"368",314.630005,327.559998,312.410004,327.070007,1096400,327.070007
"369",327.660004,338.480011,327.660004,336.929993,1300000,336.929993
"370",336.869995,336.880005,323.670013,329.040009,1014100,329.040009
"371",330.049988,334.529999,326.899994,331.970001,714900,331.970001
"372",328.950012,332.179993,321.73999,327.109985,574400,327.109985
"373",327.890015,330.25,321.769989,327.230011,655000,327.230011
"374",336.690002,342.660004,333,336.609985,1500900,336.609985
"375",336.630005,343.339996,332.959991,341.820007,948300,341.820007
"376",343.600006,349.23999,343.149994,344.98999,1205600,344.98999
"377",344.950012,351.470001,342.579987,351.140015,871600,351.140015
"378",352,355.980011,347,353.859985,540600,353.859985
"379",356.369995,362.769989,353.5,360.950012,954300,360.950012
"380",364,370.5,358.809998,369.589996,1002500,369.589996
"381",370.299988,374.839996,366.200012,371.309998,881400,371.309998
"382",371.279999,371.320007,364.200012,366.269989,921300,366.269989
"383",365.079987,366.519989,362.529999,365.209991,595800,365.209991
"384",366.589996,367.589996,359.339996,366.429993,698100,366.429993
"385",366.299988,370.140015,364.660004,367.640015,546200,367.640015
"386",368.559998,368.559998,359.76001,364.75,596400,364.75
"387",364.029999,366.670013,362.040009,365.429993,415300,365.429993
"388",365.519989,367.230011,360.720001,365.980011,456700,365.980011
"389",363.640015,368.200012,362.579987,367.73999,667000,367.73999
"390",367.040009,368.799988,363.690002,367.109985,965100,367.109985
"391",367.190002,368.230011,363.190002,366.209991,1106500,366.209991
"392",369.880005,374.480011,366.209991,372.769989,846700,372.769989
"393",370.980011,376.109985,369.570007,374.48999,672700,374.48999
"394",376,376.75,369.220001,373.589996,579300,373.589996
"395",373.140015,373.660004,361.649994,367.600006,1093900,367.600006
"396",365.559998,375.76001,363.160004,371.51001,758400,371.51001
"397",372.640015,375,365.440002,368.01001,961500,368.01001
"398",366.73999,373.220001,365.820007,371.029999,675200,371.029999
"399",372.480011,401.5,367.519989,397,2148400,397
"400",395.179993,399,390.75,394.880005,1312200,394.880005
"401",394,395.839996,389.519989,390.049988,769100,390.049988
"402",391.290009,395.320007,388.220001,391.420013,477700,391.420013
"403",380,380,367.630005,374.269989,1161000,374.269989
"404",372.769989,374.410004,363.25,372.140015,1000600,372.140015
"405",371.220001,371.850006,364.859985,368.779999,633400,368.779999
"406",367,368.570007,362.309998,366.450012,590200,366.450012
"407",367.049988,369.399994,364.959991,366.230011,517700,366.230011
"408",365,369,361.190002,361.869995,551100,361.869995
"409",364.480011,373.920013,361.76001,371.779999,595400,371.779999
"410",373,377.859985,370.170013,374.26001,669600,374.26001
"411",375.929993,377.540009,371.390015,374.799988,543800,374.799988
"412",374.549988,381.350006,374.149994,378.559998,553500,378.559998
"413",376.23999,382.190002,372.029999,380.170013,464700,380.170013
"414",378.839996,382.140015,376.589996,379.190002,438900,379.190002
"415",378.350006,380.190002,374.600006,376.329987,421300,376.329987
"416",378.690002,389.079987,377.040009,388.440002,847700,388.440002
"417",390,392.26001,387.049988,390.049988,657900,390.049988
"418",392.5,408.75,388.910004,406.619995,1234200,406.619995
"419",405.959991,416.48999,405.149994,408.51001,956700,408.51001
"420",407.200012,412.170013,406.299988,406.75,484400,406.75
"421",405.5,410.73999,399.470001,403.929993,627100,403.929993
"422",404.119995,409.670013,403,406.940002,541000,406.940002
"423",405.940002,405.940002,392.709991,397.929993,483900,397.929993
"424",395.420013,397.670013,388.019989,395.420013,503600,395.420013
"425",396.25,398.470001,392.100006,395.040009,355700,395.040009
"426",394.160004,396.019989,389.630005,393.769989,346000,393.769989
"427",394.839996,396.549988,382.440002,388.880005,684200,388.880005
"428",390.279999,398.570007,389.25,397.709991,538800,397.709991
"429",397.779999,400,388.109985,392.170013,493400,392.170013
"430",392.76001,394.529999,386.049988,386.48999,525800,386.48999
"431",382.730011,392.470001,375.209991,388.329987,644600,388.329987
"432",386.839996,386.980011,381.940002,383.700012,610500,383.700012
"433",385.059998,389.320007,383,387.25,680600,387.25
"434",389.730011,393.320007,387.390015,390.279999,1147800,390.279999
"435",387.290009,393.799988,385.950012,390.190002,372800,390.190002
"436",391.600006,394.769989,388.670013,390.049988,442200,390.049988
"437",389.709991,396.549988,388.910004,391.529999,406200,391.529999
"438",391.109985,407.100006,390.01001,406,813200,406
"439",405.920013,410,400.269989,404.040009,841600,404.040009
"440",406.410004,410,392,394.230011,866700,394.230011
"441",395.850006,405.75,395.01001,400.570007,586900,400.570007
"442",401.369995,403.589996,397.980011,403.040009,516200,403.040009
"443",401.359985,401.429993,387.839996,392.049988,627500,392.049988
"444",393.920013,400.75,386.75,391.769989,453700,391.769989
"445",391.570007,396.230011,386.429993,394.149994,371500,394.149994
"446",394,396.640015,388.679993,392.529999,422000,392.529999
"447",390.600006,397.940002,381,381.940002,673300,381.940002
"448",382.649994,384.179993,367.730011,371.670013,761600,371.670013
"449",377.119995,385.940002,373.100006,384.160004,810200,384.160004
"450",384.160004,385.779999,374.399994,377.549988,444900,377.549988
"451",381.309998,399.399994,380.779999,398.519989,684500,398.519989
"452",398.070007,401,392.450012,399.059998,440000,399.059998
"453",399.899994,399.899994,389.98999,395.220001,553500,395.220001
"454",396.579987,400.220001,387.519989,389.829987,728900,389.829987
"455",393.290009,398.279999,383.609985,387.799988,643900,387.799988
"456",384.170013,387.190002,377.089996,380.690002,778000,380.690002
"457",380.279999,386.089996,350.779999,351.390015,1416600,351.390015
"458",342.579987,348.98999,330.730011,336.940002,2351700,336.940002
"459",329.98999,342.790009,329.100006,335.820007,1038700,335.820007
"460",343.429993,343.429993,327.579987,336.179993,947000,336.179993
"461",335.859985,347.980011,332.399994,339.700012,1086800,339.700012
"462",344.820007,347,335.440002,339.23999,890300,339.23999
"463",339,355.529999,339,355.109985,997300,355.109985
"464",358.209991,361.179993,347.73999,352.589996,663600,352.589996
"465",354.359985,360.600006,352.619995,354.929993,819100,354.929993
"466",359.209991,367,349.589996,357.609985,981400,357.609985
"467",359.880005,365.679993,355.890015,364.25,823600,364.25
"468",359.380005,365.470001,358.019989,363.339996,536600,363.339996
"469",362.100006,362.549988,352.579987,356.660004,544000,356.660004
"470",355.929993,357.920013,344.630005,346.559998,657100,346.559998
"471",349.109985,352.679993,341.079987,342.100006,594100,342.100006
"472",344.640015,349.850006,335.799988,337.290009,935300,337.290009
"473",334.51001,344.48999,332,341.649994,796700,341.649994
"474",340.200012,347.329987,338.570007,345.329987,768300,345.329987
"475",343.450012,345.23999,333.929993,338.98999,827800,338.98999
"476",337.470001,343.670013,331.540009,337.290009,552500,337.290009
"477",339.600006,345.579987,339.209991,343.170013,481200,343.170013
"478",340.200012,349.630005,339.920013,340.859985,199500,340.859985
"479",343.959991,355.140015,341.839996,353.179993,706000,353.179993
"480",351.480011,356.98999,348.269989,353.589996,558600,353.589996
"481",354.619995,363.720001,350.450012,363.640015,651100,363.640015
"482",360.01001,364.890015,357.559998,359.570007,555700,359.570007
"483",361.100006,368.23999,359.5,365.649994,696800,365.649994
"484",372.5,394.980011,372.23999,382.609985,1100700,382.609985
"485",382.630005,396.320007,371.649994,372.799988,1012900,372.799988
"486",367.320007,381.970001,364.890015,381.690002,896700,381.690002
"487",379.279999,389.299988,370.350006,372.829987,835800,372.829987
"488",374.519989,380.309998,367.350006,377.589996,876100,377.589996
"489",382.170013,385.220001,372.390015,375.720001,814700,375.720001
"490",381.200012,385.980011,376.829987,377.959991,601200,377.959991
"491",378.26001,381.980011,372.649994,378.51001,478900,378.51001
"492",382.959991,386.899994,379,381.170013,758400,381.170013
"493",381.700012,386.350006,370.600006,375.5,833100,375.5
"494",377.549988,381.48999,364.730011,369,804800,369
"495",369,373.399994,355.450012,360.700012,827100,360.700012
"496",360.950012,363.820007,354.329987,356.230011,852400,356.230011
"497",357.600006,363,344.179993,344.600006,1514200,344.600006
"498",343.329987,347.890015,340.339996,340.640015,463800,340.640015
"499",341.980011,363.529999,339.130005,363.290009,832700,363.290009
"500",359.450012,364.869995,352.600006,364.790009,690200,364.790009
"501",366.549988,371.209991,361.540009,362.619995,522200,362.619995
"502",364.730011,374.75,364.640015,373.5,680200,373.5
"503",368.149994,376.790009,366.01001,372.440002,599600,372.440002
"504",373.660004,385.940002,371.579987,372.079987,750200,372.079987
"505",379.540009,399.700012,377.649994,397.549988,1207600,397.549988
"506",397.339996,400.799988,393.940002,396.630005,959400,396.630005
"507",399.309998,401.089996,389,397.26001,963500,397.26001
"508",398.019989,401.459991,395.609985,399.579987,615600,399.579987
"509",399.399994,410,395.980011,408.059998,949300,408.059998
"510",405.649994,412.290009,403.549988,408.630005,758000,408.630005
"511",408.160004,408.160004,399.109985,400.730011,693300,400.730011
"512",401.420013,405.160004,399.630005,405.019989,475100,405.019989
"513",406.170013,410.630005,402.850006,404.540009,468800,404.540009
"514",402.720001,420.290009,402.720001,417.380005,860200,417.380005
"515",420.420013,420.480011,410,418.839996,710400,418.839996
"516",415.769989,421.98999,404,404.75,899500,404.75
"517",404.920013,406.790009,393.170013,401.209991,914000,401.209991
"518",401.799988,408.880005,399.160004,407.929993,655100,407.929993
"519",410.850006,418.950012,406.100006,418.290009,668000,418.290009
"520",415.109985,416.48999,408.809998,413.950012,761000,413.950012
"521",415.720001,418.51001,413,417.149994,724700,417.149994
"522",416.350006,420.440002,412.630005,419.910004,867800,419.910004
"523",419.679993,430.579987,419.450012,429.269989,1441800,429.269989
"524",428.519989,431.320007,425.320007,430.149994,702300,430.149994
"525",428.920013,429.059998,422.48999,425.399994,474600,425.399994
"526",426.109985,427.5,419.630005,421.040009,629600,421.040009
"527",428.899994,429.899994,406.399994,406.559998,1330800,406.559998
"528",408.290009,414.220001,404.269989,406.459991,738400,406.459991
"529",405.440002,408,399.290009,406.859985,692100,406.859985
"530",409.369995,413.350006,403,408.51001,587000,408.51001
"531",411.559998,418.100006,408.019989,416.339996,636900,416.339996
"532",415.980011,421.660004,411.51001,412.089996,349300,412.089996
"533",412,416.26001,408.570007,414.970001,349600,414.970001
"534",417.970001,424.390015,415.720001,423.970001,7e+05,423.970001
"535",423.73999,426.410004,420.350006,420.600006,397800,420.600006
"536",420,423.399994,417.079987,422.51001,411100,422.51001
"537",421.809998,422.609985,415.579987,418.619995,406600,418.619995
"538",418.209991,423.649994,416,422.519989,386600,422.519989
"539",424.940002,426.529999,415.76001,420.380005,660400,420.380005
"540",418.570007,428.059998,415.829987,426.149994,611100,426.149994
"541",424,433.73999,424,433.329987,598800,433.329987
"542",430.190002,434.350006,428.619995,430.73999,518000,430.73999
"543",434.799988,440.049988,431.929993,439.570007,511000,439.570007
"544",441.179993,442,428.359985,433.829987,769300,433.829987
"545",432.119995,439.649994,430.48999,437.130005,478300,437.130005
"546",436.929993,438.019989,421.309998,423.690002,812300,423.690002
"547",422.899994,422.899994,409.190002,409.579987,1020800,409.579987
"548",407.51001,407.51001,399.579987,402.640015,1091700,402.640015
"549",404.149994,413.209991,402.25,412.049988,874200,412.049988
"550",413.559998,421.799988,411.190002,417.619995,839700,417.619995
"551",419.380005,419.600006,408.529999,409.01001,988800,409.01001
"552",409.890015,412.359985,406.339996,407.5,925200,407.5
"553",408.470001,415,408.399994,414.470001,1158500,414.470001
"554",410,413.76001,404.839996,407.600006,545700,407.600006
"555",407.73999,409.720001,404.399994,406.98999,627900,406.98999
"556",407.790009,409.679993,402.820007,405.5,479500,405.5
"557",401,405.119995,396.839996,402.589996,880900,402.589996
"558",401.480011,402.589996,391.429993,391.799988,552600,391.799988
"559",391.420013,397.609985,388.48999,395,431600,395
"560",398.779999,406.230011,398.519989,405.619995,674800,405.619995
"561",405.070007,407.450012,398.359985,402.869995,450800,402.869995
"562",405.670013,408.309998,402.299988,404.829987,436300,404.829987
"563",406.73999,412.600006,406.73999,410.619995,492300,410.619995
"564",412.51001,412.899994,408,410.049988,496500,410.049988
"565",411.350006,415.890015,407.559998,414.820007,513000,414.820007
"566",414.339996,415.160004,400.839996,407,789300,407
"567",408,410.799988,400.829987,406.529999,517300,406.529999
"568",408.170013,412.630005,406.549988,408.940002,657400,408.940002
"569",408.079987,410.940002,396,401.26001,703800,401.26001
"570",400,400.339996,395.140015,395.730011,577700,395.730011
"571",397.179993,408.480011,394.329987,408.230011,579700,408.230011
"572",410,410.190002,391.730011,393.480011,843500,393.480011
"573",393.170013,394.5,381.179993,382.940002,1254100,382.940002
"574",382.809998,385.98999,375.200012,375.5,811500,375.5
"575",377.899994,383,366.359985,367.690002,1054900,367.690002
"576",366.959991,368.019989,342.019989,342.970001,1978400,342.970001
"577",346.399994,347.549988,332.220001,333.339996,1920400,333.339996
"578",332.5,336,329,334.029999,921700,334.029999
"579",335.51001,346.640015,334.459991,344.140015,972700,344.140015
"580",344.429993,346.320007,338.670013,340.459991,850700,340.459991
"581",340.380005,351.899994,337.660004,349.98999,891200,349.98999
"582",351.25,351.670013,339.609985,343.660004,846000,343.660004
"583",343.130005,345.980011,338.619995,344.149994,598100,344.149994
"584",343.799988,345.040009,337.959991,343.140015,554800,343.140015
"585",343.040009,345.440002,338.910004,340.790009,503400,340.790009
"586",342.690002,344.290009,331.25,335.410004,812400,335.410004
"587",336.980011,339.709991,334.670013,336.890015,848300,336.890015
"588",332.200012,344.920013,332.200012,344.230011,916700,344.230011
"589",333,336.5,318.700012,322.399994,1967300,322.399994
"590",319.329987,329.75,319.329987,329,1183700,329
"591",325.790009,327.359985,320.73999,324.170013,864100,324.170013
"592",323.559998,323.809998,311.350006,312.859985,1407500,312.859985
"593",306.670013,309.299988,299.109985,305.149994,1153600,305.149994
"594",306.350006,309.190002,303.589996,304.619995,836900,304.619995
"595",301.950012,306.269989,297.320007,305.850006,784100,305.850006
"596",306.220001,314.059998,304,308.040009,1049100,308.040009
"597",305.799988,309.209991,303.700012,304.940002,756000,304.940002
"598",301.519989,304.570007,297.269989,302.570007,738600,302.570007
"599",304.880005,314.290009,304.880005,309.950012,999900,309.950012
"600",308.01001,321.48999,302.730011,320.089996,1252700,320.089996
"601",316.76001,318.660004,310.369995,315.26001,934700,315.26001
"602",316.660004,318.809998,308.470001,312.559998,401100,312.559998
"603",313.380005,315.790009,307.700012,307.929993,718300,307.929993
"604",307.089996,310.670013,302.779999,307.779999,627100,307.779999
"605",308.609985,310.359985,302.880005,307.959991,627800,307.959991
"606",305.980011,306.450012,295.730011,301.720001,863500,301.720001
"607",301.130005,309.73999,301.130005,303.950012,670200,303.950012
"608",306.029999,309.420013,300.579987,302.059998,844600,302.059998
"609",304.839996,304.950012,295.269989,300,979900,300
"610",300.119995,304.529999,298.730011,299.600006,767600,299.600006
"611",302.079987,307,297.859985,306.720001,775500,306.720001
"612",306.540009,310.920013,303.51001,304.25,726000,304.25
"613",306.880005,309.619995,306.230011,306.839996,554900,306.839996
"614",306.829987,309.470001,305.25,306.160004,556000,306.160004
"615",307.179993,308.190002,302.320007,307.420013,653900,307.420013
"616",306.809998,315.200012,304,305.23999,624200,305.23999
"617",307.339996,312.920013,301.76001,310.980011,587900,310.980011
"618",311.100006,317.839996,305.76001,306.630005,1001000,306.630005
"619",306.339996,311.899994,303.769989,310.829987,971200,310.829987
"620",315.700012,327.829987,315.25,320.480011,1617100,320.480011
"621",324.26001,324.26001,312,320.26001,1493700,320.26001
"622",318.76001,320.320007,311.26001,312.549988,780700,312.549988
"623",313.130005,317.420013,311.839996,312.899994,702200,312.899994
"624",313.25,316.649994,300.519989,305.079987,1005000,305.079987
"625",306.23999,311.570007,304.070007,310.670013,564700,310.670013
"626",312.119995,316.25,311.23999,313,1499000,313
"627",317.609985,318.600006,313.149994,316.559998,688700,316.559998
"628",317.619995,320.429993,313,315.529999,758200,315.529999
"629",317.420013,320.359985,312.529999,318.390015,545000,318.390015
"630",316.149994,320.76001,306.079987,307,799600,307
"631",305.100006,305.859985,296.809998,302.839996,928800,302.839996
"632",300.920013,308.390015,300,307.970001,789800,307.970001
"633",308.149994,309.839996,291.660004,301.429993,1533800,301.429993
"634",296.98999,296.98999,288,291.820007,1414200,291.820007
"635",292.119995,295.48999,287.660004,292.559998,648400,292.559998
"636",292.980011,300.339996,289.529999,298.200012,875900,298.200012
"637",299.190002,299.690002,295.779999,298.369995,492500,298.369995
"638",297.26001,303.299988,297.079987,299.420013,646300,299.420013
"639",299.790009,304.200012,297.200012,303.089996,548000,303.089996
"640",303.519989,303.679993,296.350006,298.109985,692700,298.109985
"641",298.200012,300.320007,294.700012,296.519989,609000,296.519989
"642",298.339996,310.869995,296.910004,309.26001,992100,309.26001
"643",310.869995,314.290009,303.589996,313.630005,1144900,313.630005
"644",311.119995,311.519989,302.920013,303.420013,679500,303.420013
"645",304.350006,309.730011,300.609985,309.179993,956700,309.179993
"646",314.5,314.950012,302.809998,306.040009,691600,306.040009
"647",304.309998,311.269989,303.519989,311.130005,512700,311.130005
"648",309.799988,312.26001,301.200012,304.76001,690600,304.76001
"649",306.679993,313.929993,304.609985,309.429993,704200,309.429993
"650",308.950012,311.109985,303.059998,305.23999,506500,305.23999
"651",302.149994,304,296.519989,299.570007,845300,299.570007
"652",304.480011,306,293.399994,300.26001,1188200,300.26001
"653",297.660004,304.609985,294.01001,302.220001,811600,302.220001
"654",303.119995,310.079987,303.119995,309.869995,694000,309.869995
"655",308.839996,310.179993,299.980011,304.890015,537200,304.890015
"656",298.640015,305.100006,295.609985,295.869995,543400,295.869995
"657",298.130005,307.670013,296.940002,304.859985,610800,304.859985
"658",301.829987,304.299988,292.420013,293.529999,676400,293.529999
"659",295.369995,296.910004,290.470001,293.109985,564000,293.109985
"660",295.320007,297.350006,290.720001,296.850006,730200,296.850006
"661",299.339996,300.820007,296.799988,298.380005,781200,298.380005
"662",299.209991,301,294.98999,296.029999,571500,296.029999
"663",297.980011,300.51001,295.019989,297.779999,451700,297.779999
"664",297.5,298.950012,291.609985,295.019989,441400,295.019989
"665",293.959991,296.26001,285.549988,286.850006,815800,286.850006
"666",288.23999,290.369995,283.48999,284.730011,527500,284.730011
"667",285.869995,291.140015,281.109985,281.410004,801500,281.410004
"668",280.040009,290.290009,279.390015,287.640015,713600,287.640015
"669",289.790009,292.700012,287.089996,290.570007,509300,290.570007
"670",292.019989,293.459991,287.25,290.049988,604500,290.049988
"671",289.200012,290.390015,281.25,285.119995,566000,285.119995
"672",288.209991,288.98999,282.309998,286.5,628600,286.5
"673",287.940002,293.640015,287.940002,289.369995,494100,289.369995
"674",290.450012,293.200012,287.670013,292,570100,292
"675",291.529999,291.929993,278.720001,279,927500,279
"676",279.029999,285.049988,271.570007,283.720001,1159800,283.720001
"677",284,287.480011,282.549988,283.329987,517600,283.329987
"678",284.640015,288.880005,281.01001,284.179993,539800,284.179993
"679",283.839996,287,279.470001,281.619995,617100,281.619995
"680",280.5,287.279999,280.5,285.890015,476100,285.890015
"681",284.769989,288.890015,283.649994,288.119995,604700,288.119995
"682",288.549988,288.549988,281.399994,285.059998,548800,285.059998
"683",284.660004,287.950012,284.660004,286.149994,404900,286.149994
"684",288.75,297.640015,286.679993,295.869995,1661800,295.869995
"685",297.359985,299.980011,293.029999,294.700012,649400,294.700012
"686",295.019989,296,287.619995,289.709991,642300,289.709991
"687",290.209991,291.899994,286.329987,286.649994,468800,286.649994
"688",287.700012,287.700012,277.859985,281.309998,855900,281.309998
"689",280.450012,282.809998,271.369995,273.459991,770400,273.459991
"690",275.299988,280.049988,272.019989,277.399994,515100,277.399994
"691",277.269989,279.410004,273.399994,276.470001,589600,276.470001
"692",275.309998,277.859985,272.26001,274.130005,572100,274.130005
"693",274.350006,281.700012,272.269989,280.720001,632000,280.720001
"694",281.660004,284.040009,278,282.929993,511900,282.929993
"695",280.660004,287.769989,280.660004,283.809998,422700,283.809998
"696",280.51001,288.630005,279.220001,285.100006,984000,285.100006
"697",286.820007,292.25,286.089996,290.829987,980600,290.829987
"698",289.380005,299.950012,288.980011,298.359985,960600,298.359985
"699",300.109985,306.420013,298.899994,300.769989,1074600,300.769989
"700",299.399994,310.149994,298.600006,305.440002,840700,305.440002
"701",305.350006,306.959991,303,303.820007,731900,303.820007
"702",302.26001,303.390015,298.279999,299.399994,827000,299.399994
"703",301.209991,302.709991,299.940002,301.570007,445700,301.570007
"704",303.51001,303.51001,298.700012,300.190002,530000,300.190002
"705",301.970001,301.970001,294.859985,297.98999,496800,297.98999
"706",305,306.929993,301.200012,301.309998,723200,301.309998
"707",301.859985,307.070007,299.470001,305.019989,589300,305.019989
"708",303.75,306.089996,299.220001,305.769989,565800,305.769989
"709",305.279999,308.01001,301.790009,306.209991,412800,306.209991
"710",305.619995,310.529999,303.220001,308.559998,384800,308.559998
"711",310,313.390015,308.589996,310.459991,387600,310.459991
"712",310.100006,311.790009,306.119995,311,604400,311
"713",310.619995,311.380005,303.48999,306.279999,741100,306.279999
"714",309,313.160004,307.440002,310.480011,829800,310.480011
"715",313.049988,315.940002,310.73999,311.040009,632800,311.040009
"716",323.359985,344.100006,322.109985,332.600006,2345700,332.600006
"717",331.369995,333.279999,324.269989,324.48999,1017700,324.48999
"718",329.179993,333.720001,325.619995,326.390015,952300,326.390015
"719",327.519989,342.470001,327.029999,341.790009,1106100,341.790009
"720",340.339996,344.98999,338.709991,344.279999,611900,344.279999
"721",344,349.940002,341.359985,348.410004,905400,348.410004
"722",346.329987,349.630005,341.820007,348.299988,1009400,348.299988
"723",349.799988,350,337.029999,338.390015,1029600,338.390015
"724",340.950012,349.859985,338.709991,344.869995,912200,344.869995
"725",342.589996,344.209991,337.529999,340.190002,622500,340.190002
"726",344.179993,348.190002,340.209991,344.459991,630800,344.459991
"727",341.980011,347.420013,341.980011,344.23999,1058100,344.23999
"728",343.600006,353,341.609985,350.779999,858300,350.779999
"729",350.929993,365.73999,350.929993,360.660004,1286400,360.660004
"730",362.440002,367.019989,358.480011,366.820007,845000,366.820007
"731",366.869995,367.399994,361.76001,363.829987,735100,363.829987
"732",365.070007,372.589996,364.619995,371.579987,734400,371.579987
"733",372.059998,372.470001,366.769989,369,463600,369
"734",368.179993,369,363.070007,366.079987,652200,366.079987
"735",366.98999,369.5,363.399994,368.809998,929700,368.809998
"736",369.190002,373.339996,367.570007,369.970001,605000,369.970001
"737",370.970001,372,366.160004,368.339996,501800,368.339996
"738",369.519989,373.730011,368.299988,372.26001,575900,372.26001
"739",373.089996,373.089996,362.890015,365.630005,974400,365.630005
"740",357.149994,372.149994,357,367.670013,1061600,367.670013
"741",368.399994,376.679993,368.25,373.529999,935700,373.529999
"742",374.100006,382.25,372.079987,372.160004,949900,372.160004
"743",376.160004,379.179993,372.559998,376.420013,995900,376.420013
"744",367.839996,377.220001,367.709991,376.01001,756600,376.01001
"745",375.730011,375.730011,368.220001,369.100006,1002900,369.100006
"746",370.299988,373.630005,368.730011,371.359985,831300,371.359985
"747",371.950012,373.980011,363.140015,372.549988,903700,372.549988
"748",374.940002,375.799988,371.01001,375.619995,1192800,375.619995
"749",377.200012,377.880005,372.559998,374.200012,431200,374.200012
"750",374.75,376.709991,372.51001,376.51001,221500,376.51001
"751",376.76001,377.76001,374,374.859985,451900,374.859985
"752",375.23999,375.950012,370.970001,373.320007,293000,373.320007
"753",373.73999,375.820007,371.040009,373.700012,369200,373.700012
"754",373.640015,376.709991,372.040009,375.480011,494600,375.480011
"755",378,379,369.23999,373.350006,512400,373.350006
"756",368.209991,372.350006,367.049988,369.160004,500800,369.160004
"757",368.230011,372.140015,364.5,371.73999,690800,371.73999
"758",371.559998,373.829987,368.019989,373.130005,736400,373.130005
"759",373.179993,384.850006,370.709991,382.420013,743100,382.420013
"760",383.630005,386.540009,381.369995,383.470001,587500,383.470001
"761",384.619995,386.100006,380,381.410004,568100,381.410004
"762",380.01001,380.339996,375.130005,378.929993,637200,378.929993
"763",378.299988,388.420013,375.570007,387.619995,638900,387.619995
"764",387.420013,396.470001,387.420013,390.75,680700,390.75
"765",393.170013,394,381.820007,385.570007,620500,385.570007
"766",386.100006,386.600006,382.529999,385.940002,862800,385.940002
"767",385.899994,386.309998,363.679993,363.709991,1488400,363.709991
"768",365.720001,367.140015,356.459991,359.140015,1320300,359.140015
"769",359.420013,360.450012,354.209991,356.600006,737600,356.600006
"770",359.910004,359.910004,343.089996,345.279999,1103100,345.279999
"771",341.200012,343.320007,336.170013,339.420013,775000,339.420013
"772",341.600006,345.769989,337.299988,344.079987,729500,344.079987
"773",346.25,347.970001,338.899994,339.25,558600,339.25
"774",335.679993,337.570007,331.570007,336.179993,664100,336.179993
"775",333.170013,338.980011,328.130005,337.940002,988600,337.940002
"776",339.690002,347,339.390015,341.119995,930100,341.119995
"777",347.899994,359.48999,347.619995,356,956800,356
"778",364.839996,376.679993,363,372.160004,1404400,372.160004
"779",385.529999,394.679993,375.029999,389.850006,1605500,389.850006
"780",391.070007,391.369995,378.51001,381.869995,1172400,381.869995
"781",378.160004,389.839996,377.440002,386.209991,939500,386.209991
"782",390.209991,398,387.980011,396.75,992800,396.75
"783",398.130005,407.049988,397.640015,406.299988,1076200,406.299988
"784",406.440002,408,398.100006,398.809998,656800,398.809998
"785",399.100006,402.089996,393.390015,399.549988,536800,399.549988
"786",396.820007,402,395.01001,397.649994,512200,397.649994
"787",397.859985,402.209991,395.309998,400.809998,564000,400.809998
"788",399.899994,401.089996,393.76001,399.140015,660800,399.140015
"789",396.070007,404.540009,392.859985,403.149994,655300,403.149994
"790",395.540009,426.359985,386.839996,425.380005,2959700,425.380005
"791",437.25,457.600006,437,442.350006,3568800,442.350006
"792",444.019989,461.339996,442.440002,457.920013,2299300,457.920013
"793",468.559998,470,430.700012,431.609985,2093500,431.609985
"794",422.369995,445.049988,418.220001,444.570007,1591000,444.570007
"795",445,465.51001,445,464.75,1713100,464.75
"796",454.720001,467.690002,448.109985,461.549988,1210600,461.549988
"797",467.959991,494.559998,467.130005,493.480011,1960700,493.480011
"798",480.940002,500,480,488.170013,1270200,488.170013
"799",477.290009,496.98999,477,494.429993,1130700,494.429993
"800",466.940002,486.690002,466.149994,474.440002,1344100,474.440002
"801",488.450012,488.709991,460.799988,475.019989,1390500,475.019989
"802",479.109985,485.980011,459.609985,464.700012,1351800,464.700012
"803",444.359985,451.959991,426.100006,431.890015,1627800,431.890015
"804",445.01001,466.040009,418.01001,465.549988,1380700,465.549988
"805",452.51001,484.579987,433.820007,440.829987,1926300,440.829987
"806",494,512.97998,473,491.690002,3856500,491.690002
"807",495.779999,499,455.559998,485,2529500,485
"808",483.929993,518,469.450012,489.829987,2358200,489.829987
"809",493.01001,499.5,435.01001,438.450012,2027000,438.450012
"810",449.839996,477,433.279999,455.630005,1829300,455.630005
"811",468.220001,471.98999,424.01001,449.529999,1615700,449.529999
"812",443.040009,458.829987,427.079987,429.779999,1288000,429.779999
"813",426.51001,452.700012,424.019989,452.299988,1686200,452.299988
"814",446.029999,465.790009,445.149994,449.519989,1109000,449.519989
"815",463.089996,476.100006,461,473,1337000,473
"816",474,495.480011,463.799988,488.290009,1953200,488.290009
"817",484.140015,499.98999,476.450012,496.649994,1679800,496.649994
"818",494.290009,501,483.109985,498.75,1058900,498.75
"819",495.559998,503.26001,485.040009,493.320007,1169500,493.320007
"820",503.380005,511.01001,488.890015,504.269989,1285500,504.269989
"821",502.809998,509.73999,492.01001,501.51001,1046900,501.51001
"822",502.209991,514.109985,488,512.330017,1167100,512.330017
"823",510.100006,515.640015,500.869995,512.960022,1011800,512.960022
"824",512.01001,519,504.119995,517.02002,789800,517.02002
"825",524.619995,525.900024,517,524.840027,962600,524.840027
"826",525.299988,527.099976,510.5,511.690002,836800,511.690002
"827",518.919983,541.969971,517.619995,539.929993,1206300,539.929993
"828",549.98999,572.5,539.140015,568.789978,2133500,568.789978
"829",566.710022,574.320007,560.390015,567.98999,949300,567.98999
"830",566.059998,568.98999,536.799988,544.460022,1026300,544.460022
"831",555.5,563.369995,540.950012,558.080017,825800,558.080017
"832",558.929993,573.159973,557.48999,565.52002,739500,565.52002
"833",573.640015,574,556.469971,566.210022,837100,566.210022
"834",563.150024,565.679993,539.150024,547.52002,1467800,547.52002
"835",537.47998,539.97998,522.419983,528.609985,1128200,528.609985
"836",532.640015,533.169983,513.809998,516.150024,1306300,516.150024
"837",513.98999,527.429993,507.690002,525.880005,938000,525.880005
"838",524.22998,529.210022,514.549988,525.5,482200,525.5
"839",528.179993,544.200012,527.619995,541.820007,885600,541.820007
"840",563.059998,581,561.27002,574.369995,1550700,574.369995
"841",559.200012,569.98999,541.559998,553.5,1906200,553.5
"842",564.390015,570.210022,555.960022,559.830017,1132100,559.830017
"843",562,567.830017,553.52002,563.400024,698900,563.400024
"844",565.22998,578.77002,564.099976,574.109985,1040900,574.109985
"845",576.97998,578,556.450012,557.539978,918600,557.539978
"846",560.650024,581.780029,558.51001,577.119995,1058900,577.119995
"847",577.179993,580.77002,565.599976,570.859985,702300,570.859985
"848",566.780029,577,563.080017,576.719971,865700,576.719971
"849",582,583.539978,558.890015,560.280029,962800,560.280029
"850",561,569.5,557.599976,557.599976,737900,557.599976
"851",562.070007,580.549988,561.390015,576.890015,840800,576.890015
"852",577.51001,578.340027,556.679993,560.97998,812600,560.97998
"853",558.119995,574.190002,558.119995,569.909973,653500,569.909973
"854",548.539978,556.130005,534.25,545.210022,3742000,545.210022
"855",538.700012,555.530029,522.02002,544.01001,5902600,544.01001
"856",547.5,583.030029,546.130005,578.210022,7869500,578.210022
"857",580.700012,615.359985,571.52002,612.809998,6675100,612.809998
"858",605,610,597.619995,599.469971,1579300,599.469971
"859",602.200012,618.710022,591.669983,617.659973,1511500,617.659973
"860",615.369995,616.679993,589.599976,604.280029,1541000,604.280029
"861",596.98999,610.98999,592.789978,598.539978,851800,598.539978
"862",585,600.140015,578.429993,597,1324100,597
"863",587.880005,605.26001,579.599976,604.039978,964700,604.039978
"864",603.48999,611.559998,601.890015,608.590027,849900,608.590027
"865",613.030029,617.369995,603,606.590027,925500,606.590027
"866",621,625.789978,592.320007,596.159973,1515800,596.159973
"867",616.01001,619.679993,583.140015,588.390015,1230200,588.390015
"868",584.539978,593.48999,582.320007,590.570007,676100,590.570007
"869",590,597.150024,575.890015,592.900024,741400,592.900024
"870",596.330017,606.5,594.859985,603.099976,678000,603.099976
"871",601.340027,604.030029,590.299988,597.349976,645000,597.349976
"872",602.309998,646.330017,598.710022,643.919983,2668600,643.919983
"873",634.090027,634.190002,618.190002,628.47998,1238800,628.47998
"874",631.330017,637.539978,623.01001,628.76001,832700,628.76001
"875",630,644.700012,599,605.039978,1459600,605.039978
"876",604.669983,620.289978,602.51001,619.960022,813900,619.960022
"877",611.02002,616.349976,601.559998,611.359985,1817800,611.359985
"878",609.369995,617.27002,605.77002,610.869995,663200,610.869995
"879",621.929993,626.059998,611.159973,623.650024,754900,623.650024
"880",625,625,601.02002,609.169983,984700,609.169983
"881",612.099976,630.76001,608.76001,622.450012,802500,622.450012
"882",635,639,623.5,627.25,1041000,627.25
"883",636.030029,653.530029,628.22998,640.880005,1423100,640.880005
"884",650.409973,650.48999,632.419983,640.340027,660100,640.340027
"885",648,655.929993,629,640.630005,1009600,640.630005
"886",638.400024,639.98999,617.950012,620.859985,929000,620.859985
"887",623.669983,633.840027,614.109985,615.880005,733200,615.880005
"888",615.580017,644.340027,612.200012,641.22998,864200,641.22998
"889",641.98999,644.73999,626.5,632.73999,568800,632.73999
"890",628.75,634.26001,621.98999,632.210022,410300,632.210022
"891",635,650,632.210022,644.059998,713700,644.059998
"892",646.640015,664.640015,646.5,658.210022,671100,658.210022
"893",658,658,635.640015,638.859985,753400,638.859985
"894",642.590027,644.059998,634.359985,637.530029,497200,637.530029
"895",637.919983,644.320007,628.340027,630.309998,571300,630.309998
"896",623.700012,623.700012,596.02002,608.940002,1206000,608.940002
"897",620,638.419983,613.289978,637.400024,850800,637.400024
"898",636.200012,638.359985,629.070007,631,452000,631
"899",634.049988,634.469971,625.880005,632.159973,369900,632.159973
"900",625.719971,641.380005,625.719971,631.469971,615700,631.469971
"901",634.679993,634.789978,620.059998,632.070007,663000,632.070007
"902",634.840027,647.400024,632.72998,645.179993,487200,645.179993
"903",654.460022,654.460022,636.099976,648.429993,747700,648.429993
"904",654.950012,660,623.900024,624.52002,1132700,624.52002
"905",628.880005,630,613.599976,621.210022,663500,621.210022
"906",621,627.460022,614.549988,620.210022,432600,620.210022
"907",623,624.359985,596.580017,608.23999,624300,608.23999
"908",601.109985,608.23999,592.450012,598.859985,587200,598.859985
"909",599.900024,617,599.900024,612.349976,562600,612.349976
"910",611.48999,616.23999,607.27002,610.890015,378100,610.890015
"911",610.090027,617.309998,610.090027,612.570007,302900,612.570007
"912",614.73999,627.98999,614.210022,620.72998,403900,620.72998
"913",623.01001,623.01001,613.27002,618.590027,387900,618.590027
"914",628.97998,640.650024,625,629.630005,720700,629.630005
"915",610.01001,619.75,608.440002,616.890015,656600,616.890015
"916",617.179993,618.070007,603.219971,605.48999,662200,605.48999
"917",612.380005,613.099976,590.710022,594.77002,991900,594.77002
"918",596.51001,615,594.73999,610.5,734300,610.5
"919",605.5,613.140015,604.48999,612,487900,612
"920",614.669983,619.52002,610.22998,614.969971,534900,614.969971
"921",611,614.51001,598.900024,602.609985,584200,602.609985
"922",602.330017,621.609985,601.349976,619.929993,908100,619.929993
"923",615.630005,620,589.299988,592.679993,1028000,592.679993
"924",591.299988,610.98999,591.299988,610.150024,878000,610.150024
"925",610.400024,610.419983,575.099976,577.400024,841500,577.400024
"926",575,584,564.5,580.359985,715400,580.359985
"927",577.780029,578.98999,560.780029,561.890015,688300,561.890015
"928",565,575.080017,564.960022,571.150024,620400,571.150024
"929",566.640015,572.799988,548.23999,550.099976,879300,550.099976
"930",551.789978,561.330017,540,544.75,814100,544.75
"931",554.409973,566.51001,550.650024,564.200012,762200,564.200012
"932",569.169983,582.859985,567.590027,579.900024,612400,579.900024
"933",584.119995,586.440002,568,569.150024,804400,569.150024
"934",557.190002,569.369995,557.190002,565,686500,565
"935",567.47998,567.830017,544.960022,555.23999,1977100,555.23999
"936",551.140015,556.460022,542.159973,555.700012,682500,555.700012
"937",552.359985,573.450012,552.359985,571.51001,580500,571.51001
"938",572.369995,578.159973,562.48999,565.190002,535600,565.190002
"939",561,564.98999,554.700012,557.460022,457900,557.460022
"940",555.400024,575.919983,551,574.059998,643600,574.059998
"941",572.830017,574.619995,559.059998,571.919983,637000,571.919983
"942",573.200012,576,567.919983,573.609985,454100,573.609985
"943",589.77002,589.77002,554,559.780029,2159300,559.780029
"944",562.5,568.380005,552.27002,568.140015,1092600,568.140015
"945",562,576,554.039978,564.799988,1235100,564.799988
"946",598.900024,619.969971,591.150024,605.080017,4843300,605.080017
"947",605.320007,610.380005,579.02002,581.640015,1725300,581.640015
"948",588.48999,593.880005,581.650024,591.690002,957200,591.690002
"949",614.650024,615,598.099976,599.880005,2355600,599.880005
"950",601,604.440002,593.51001,602.070007,1190100,602.070007
"951",602.25,605.390015,590.849976,601.549988,1003200,601.549988
"952",601.599976,616.309998,600.179993,607.97998,1243900,607.97998
"953",609.179993,610.919983,596.75,600.820007,951400,600.820007
"954",598.02002,605.119995,580.73999,585.179993,1048300,585.179993
"955",590,605.429993,585.669983,599.73999,1168800,599.73999
"956",600,601.090027,579,583.140015,778400,583.140015
"957",582,586.48999,573.140015,576.630005,637500,576.630005
"958",577.530029,581.679993,567.02002,572.400024,493800,572.400024
"959",566.039978,577.049988,566.039978,575.72998,467200,575.72998
"960",580.289978,582.719971,575.119995,579.809998,565900,579.809998
"961",574.659973,587.619995,574.659973,585.73999,533500,585.73999
"962",584.97998,590.969971,579.039978,582.52002,526200,582.52002
"963",576.690002,578.97998,563.869995,567.039978,592900,567.039978
"964",576,576,555.539978,555.789978,905000,555.789978
"965",545.119995,556.580017,533.22998,543.559998,1164700,543.559998
"966",545.059998,557.409973,539.169983,548.580017,835900,548.580017
"967",551.890015,561.23999,550,557.190002,490400,557.190002
"968",578.090027,593.960022,575.950012,587.140015,1195600,587.140015
"969",595,596.799988,578.950012,588.809998,944300,588.809998
"970",589.039978,589.039978,572.719971,578.030029,748400,578.030029
"971",551.609985,573.159973,540.309998,567.549988,1321100,567.549988
"972",560,565.98999,546.929993,559.219971,839200,559.219971
"973",564.849976,573.659973,560,567.72998,671000,567.72998
"974",568.919983,571,554.840027,556.780029,548500,556.780029
"975",560.219971,567.700012,556.799988,566.429993,565800,566.429993
"976",557.450012,566.789978,556,559.289978,542100,559.289978
"977",556.380005,556.599976,536.049988,538.150024,1051700,538.150024
"978",543,543,518.190002,519.039978,1240800,519.039978
"979",519.190002,525.690002,514.419983,514.710022,947600,514.710022
"980",513.960022,521.27002,509.339996,518.73999,1045300,518.73999
"981",538.859985,538.859985,516.799988,523.609985,1764400,523.609985
"982",521.609985,528.440002,505.799988,506.100006,1270300,506.100006
"983",507.179993,515.469971,507.179993,508.309998,711800,508.309998
"984",513.419983,518.919983,509.200012,514.049988,498200,514.049988
"985",520,520.780029,507.600006,516.030029,1707500,516.030029
"986",516,525.280029,513.690002,514.070007,937400,514.070007
"987",515.940002,515.940002,503.809998,505.130005,782700,505.130005
"988",505.200012,509.540009,497.119995,498.839996,966000,498.839996
"989",497.01001,501.850006,490.059998,492.450012,961200,492.450012
"990",497.48999,499.700012,492.790009,495.410004,881900,495.410004
"991",497.100006,497.880005,486.299988,497.140015,1007900,497.140015
"992",500,500,484,488.640015,934300,488.640015
"993",485.290009,487.119995,477.869995,478.980011,1184100,478.980011
"994",478.220001,483.540009,471.579987,479.769989,1013500,479.769989
"995",484.119995,502.600006,483.549988,500.380005,1245800,500.380005
"996",500.690002,500.98999,486.820007,491.790009,1086300,491.790009
"997",491.799988,494.459991,485.149994,486.570007,862500,486.570007
"998",486.899994,496.75,486.5,496.209991,856300,496.209991
"999",500,506.98999,496.809998,498.890015,1820900,498.890015
"1000",494,497.290009,485.059998,496.73999,1009300,496.73999
"1001",496,496.480011,488.5,490.059998,849600,490.059998
"1002",491.200012,493.630005,488.519989,492.190002,545700,492.190002
"1003",492.440002,495.230011,486.029999,488.929993,289100,488.929993
"1004",488.720001,492.690002,482.209991,482.959991,713400,482.959991
"1005",485,490.450012,482.420013,484.220001,558200,484.220001
"1006",487.390015,488.829987,477.679993,478.299988,633200,478.299988
"1007",477.809998,483.570007,470.779999,483.109985,897900,483.109985
