"","SNA.Open","SNA.High","SNA.Low","SNA.Close","SNA.Volume","SNA.Adjusted"
"1",171.779999,173.199997,170.059998,171.149994,342100,153.254913
"2",171.490005,174.300003,171.229996,172.770004,325900,154.70549
"3",172.309998,173.539993,169.800003,171.699997,228700,153.74736
"4",172,173.990005,171.240005,173.190002,228900,155.081604
"5",173.5,174.279999,173.080002,173.990005,338100,155.797989
"6",173.610001,176.770004,173.610001,176.270004,463800,157.839539
"7",176.360001,177.619995,175.619995,177.410004,396200,158.860382
"8",177.360001,177.679993,174.899994,177.470001,410900,158.914063
"9",177.910004,178.570007,176.389999,177.130005,231600,158.60965
"10",176.380005,176.789993,173.539993,174.419998,370000,156.182983
"11",174.910004,176.199997,174.369995,175.199997,241700,156.881439
"12",175.050003,176.520004,174.25,174.869995,233400,156.585938
"13",175.630005,175.970001,173.839996,174.839996,235900,156.559052
"14",174.839996,175.529999,172.339996,173.649994,223700,155.493515
"15",174.270004,177.970001,174.270004,177.380005,316900,158.833481
"16",178.649994,179.119995,176.449997,179.009995,332900,160.29306
"17",178.960007,180.460007,177.759995,180.020004,465200,161.197464
"18",180.580002,180.740005,179.320007,180.610001,432700,161.725769
"19",181.240005,181.559998,179.460007,181.479996,495400,162.504807
"20",180.770004,181.610001,178.229996,181.529999,818900,162.549576
"21",181.729996,181.729996,178.050003,180.300003,897800,161.448181
"22",175.75,178.419998,164.270004,166.979996,2264400,149.520905
"23",169.949997,173.419998,168.020004,169.779999,1233800,152.028152
"24",170.429993,170.699997,166.550003,167.850006,802600,150.299927
"25",168.229996,168.460007,166.410004,166.820007,565000,149.377625
"26",167.020004,167.169998,165.729996,166.610001,447600,149.18956
"27",166.669998,169.919998,166.25,168.699997,837600,151.06105
"28",169.270004,170.119995,168.809998,169.889999,348700,152.126633
"29",171,172.600006,170.729996,171.860001,404900,153.890656
"30",172,173.160004,169.610001,172.919998,576600,154.839783
"31",172.5,175.779999,172.240005,175.350006,553200,157.015747
"32",175.729996,175.970001,172.350006,173.309998,585900,155.189072
"33",172.720001,173.660004,172,172.570007,480900,154.526428
"34",172.889999,173.710007,171.610001,172.389999,517200,154.365265
"35",171.490005,172.089996,170.210007,170.990005,568000,153.744812
"36",171.660004,171.940002,169.929993,171.029999,272900,153.780792
"37",170,171.360001,168.660004,171.360001,493600,154.077484
"38",171.380005,172.100006,170.289993,171.100006,351800,153.843765
"39",170.649994,171.050003,168.899994,169.669998,372800,152.557968
"40",172.240005,174.5,171.580002,172.850006,584900,155.417206
"41",173.369995,173.5,170.729996,171.080002,350200,153.82579
"42",171.070007,171.070007,169,170.490005,434900,153.295258
"43",169.570007,170.100006,168.610001,169.009995,369300,151.964539
"44",169.149994,169.979996,168.350006,168.460007,245700,151.469971
"45",168.699997,170.059998,168.449997,169.009995,269300,151.964539
"46",169.009995,170.220001,167.660004,168.339996,300400,151.362122
"47",168.490005,170.190002,168.470001,169.839996,310300,152.710785
"48",169.309998,170.830002,169.080002,170.759995,460800,153.538025
"49",169.800003,170.509995,168.899994,169.449997,297100,152.360138
"50",169.960007,173.139999,169.919998,172.25,343000,154.877731
"51",172.720001,173.75,172.419998,172.889999,338700,155.453247
"52",173.520004,173.630005,172.220001,172.880005,341000,155.444229
"53",172.880005,173,171.570007,171.740005,224900,154.419189
"54",172.630005,173.259995,168.889999,169.550003,357800,152.450043
"55",169,169,165.869995,167.179993,816200,150.319061
"56",167.929993,168.809998,166.110001,166.360001,673500,149.581757
"57",166.850006,167.360001,164.699997,165.520004,588900,148.826508
"58",164.619995,165.240005,162.240005,164.910004,589400,148.278
"59",164.679993,168.25,164.169998,167.75,325900,150.831604
"60",167.479996,168.509995,167.199997,167.270004,283200,150.400009
"61",167.190002,168.929993,166.699997,168.309998,260100,151.335083
"62",167.970001,169.360001,167.720001,168.669998,597000,151.658813
"63",168.669998,169.149994,165.619995,167.220001,454300,150.355057
"64",167.240005,167.759995,164.229996,164.740005,501900,148.125168
"65",165.179993,166.490005,162.899994,163.139999,455700,146.686539
"66",163.479996,165.570007,163.009995,164.410004,447400,147.828461
"67",164.199997,165.759995,164.089996,164.380005,522700,147.801483
"68",164.389999,165.369995,163.869995,164.369995,316800,147.79248
"69",164.100006,165.229996,163.220001,165.190002,530700,148.529785
"70",165.119995,165.740005,162.089996,162.630005,798800,146.227966
"71",162.380005,162.940002,161.369995,161.389999,489300,145.113037
"72",161.910004,163.509995,161.070007,163.509995,671100,147.019211
"73",162.630005,163.619995,159.910004,163.309998,808600,146.839386
"74",164.5,165.529999,161.949997,163.770004,957100,147.253021
"75",165.360001,173.979996,165.360001,173.130005,1732100,155.669006
"76",173.020004,176.259995,173.020004,175.210007,838700,157.539246
"77",177.559998,177.800003,174.009995,175.259995,657300,157.584183
"78",176.190002,176.919998,174.699997,174.899994,522300,157.260468
"79",175.119995,175.119995,170.100006,170.229996,1114500,153.061432
"80",170.369995,171.270004,170.009995,170.320007,619600,153.142426
"81",170.490005,170.979996,166.789993,167.529999,780800,150.633774
"82",168.380005,168.380005,166.699997,167.490005,740800,150.597809
"83",167.570007,168.860001,167.339996,168.850006,552700,151.820679
"84",168.850006,168.850006,166.820007,167.240005,627200,150.373001
"85",167.490005,170,167.479996,169.759995,455500,152.638855
"86",170.259995,170.479996,168.039993,170.449997,317500,153.259293
"87",169.690002,171.130005,169.690002,170.5,297400,153.304276
"88",170.75,171.570007,170.190002,170.690002,310700,153.475082
"89",170.679993,171.779999,170.339996,170.839996,322400,153.609924
"90",170.449997,171.720001,168.429993,171.320007,365200,154.04155
"91",170.839996,171.240005,169.199997,170,865600,152.85466
"92",170,171.369995,170,170.919998,446100,153.681885
"93",171.039993,171.320007,169.399994,170.679993,649200,153.46608
"94",169.970001,169.970001,164.100006,164.169998,633300,148.229263
"95",164.169998,165.429993,161.960007,164.320007,695400,148.3647
"96",164.679993,166.259995,163.119995,165.710007,553000,149.619751
"97",166,166.759995,163.429993,163.899994,595300,147.985474
"98",163.850006,164.309998,162.759995,163.210007,502000,147.362488
"99",163.589996,163.589996,161.330002,162.169998,441900,146.423477
"100",162.330002,162.460007,159,160.199997,916300,144.644714
"101",159.690002,160.779999,158.389999,160.710007,493100,145.10527
"102",159.619995,161.100006,159.020004,159.649994,380100,144.148148
"103",159.940002,162.360001,158.550003,161.660004,836300,145.962967
"104",161.979996,164.259995,160.990005,163.440002,548300,147.57016
"105",164.220001,165.440002,162.529999,162.75,572700,146.947159
"106",162.080002,163.740005,161.5,163.059998,413700,147.227066
"107",163.259995,163.770004,162.100006,162.380005,400700,146.613083
"108",162.520004,162.589996,160.339996,160.889999,417700,145.267746
"109",160.889999,160.889999,154.720001,156.880005,1335600,141.647141
"110",156.860001,158,154.509995,157.509995,1105600,142.215958
"111",158,159.509995,156.440002,157.470001,493200,142.179825
"112",157.800003,158.509995,156.899994,157.759995,531800,142.441681
"113",158,158,155.949997,157.020004,577100,141.773529
"114",155.960007,157,154.820007,156.160004,561400,140.99704
"115",156.190002,158,155.850006,157.960007,660000,142.622269
"116",158,158.470001,155.889999,157.639999,587400,142.333298
"117",157,157.589996,156.350006,156.389999,427800,141.204697
"118",156.100006,156.110001,152.919998,153.240005,731400,138.360535
"119",153.229996,155.679993,152.490005,154.770004,566900,139.742004
"120",155.080002,156.279999,154.059998,154.470001,1266600,139.4711
"121",154.850006,156.860001,154.559998,156.050003,352500,140.89772
"122",155.919998,156.5,154.809998,154.899994,445400,139.85936
"123",155.179993,156.559998,154.910004,155.919998,569700,140.780319
"124",156.399994,157.639999,155.479996,156.509995,795600,141.313049
"125",156.699997,158.919998,156.649994,158,771400,142.658356
"126",158.75,159.740005,157.910004,158.830002,401300,143.407776
"127",159.259995,159.429993,154.759995,156.960007,758900,141.719315
"128",156.050003,156.75,153.869995,154.320007,860800,139.335693
"129",154.550003,156.509995,154.089996,155.990005,549000,140.843536
"130",155.119995,155.990005,154.039993,154.139999,605000,139.173157
"131",154,154.5,152.789993,153.479996,920000,138.577271
"132",154,155.130005,152.600006,152.940002,670200,138.089676
"133",153,154.339996,152.5,154.279999,1019300,139.299591
"134",154.389999,156.259995,154.139999,155.740005,646000,140.617798
"135",156.440002,159.75,156,159.020004,931200,143.579315
"136",158.570007,159.119995,156.350006,156.690002,887500,141.475555
"137",156.699997,157.960007,156.080002,157.710007,1154900,142.39653
"138",160,162.490005,149.5,150.339996,2289700,135.742142
"139",150.479996,152.5,148.660004,150,1522400,135.43515
"140",149.869995,150,146.470001,147.509995,1285900,133.18692
"141",147.759995,150.029999,147.009995,149.940002,1092100,135.380936
"142",150.199997,150.869995,149.149994,150.039993,1300200,135.471313
"143",150.080002,155.050003,149.070007,154.880005,1697300,139.841309
"144",154,155.619995,152.320007,152.429993,1209800,137.629227
"145",152.75,154.470001,150.630005,154.199997,725100,139.227356
"146",154.639999,156.449997,152.210007,152.960007,742200,138.107773
"147",152.949997,153.919998,151.539993,152.990005,464200,138.134811
"148",152.990005,154.309998,152.550003,152.850006,470500,138.008453
"149",152.839996,153.339996,151.75,152.759995,409900,137.927139
"150",154.020004,155.869995,153.039993,154.949997,481200,139.904541
"151",155,155.880005,153.899994,154.229996,543600,139.254425
"152",154.699997,155.850006,154.279999,155.199997,670200,140.130264
"153",154.160004,155.089996,152.039993,152.770004,574800,137.936188
"154",152.490005,154.300003,152.350006,152.460007,603100,137.656281
"155",153.449997,153.970001,152.139999,153.759995,495700,138.830078
"156",153.759995,153.820007,150.979996,151.520004,502600,136.807587
"157",150.929993,151.580002,149.550003,151.520004,506800,137.45166
"158",151.309998,152.199997,148.75,148.820007,425400,135.00235
"159",148.070007,149.160004,147.880005,147.960007,757700,134.222183
"160",145.830002,146.779999,141.240005,141.699997,1854200,128.543411
"161",141.949997,142.779999,140.830002,142,1291300,128.815567
"162",141.75,143.419998,141.360001,141.509995,871000,128.371048
"163",141.869995,142.990005,141.360001,142.830002,639400,129.568481
"164",142.880005,146.759995,142.800003,144.910004,655700,131.455383
"165",145.320007,145.470001,144.070007,144.759995,320400,131.31929
"166",144.179993,146.449997,143.839996,145.699997,620100,132.172028
"167",145.679993,146.160004,144.460007,146.149994,512500,132.5802
"168",146.470001,148.009995,146.25,147.570007,442300,133.868408
"169",148,148.070007,145.919998,146.009995,425100,132.453232
"170",145.979996,145.979996,144.190002,144.669998,613300,131.237686
"171",145.300003,146.5,144.179993,145.699997,411100,132.172028
"172",145.550003,146.449997,145.039993,146.339996,341400,132.752609
"173",146.009995,147.399994,145.610001,147,298700,133.351334
"174",148,148,146.479996,147.210007,378400,133.54187
"175",147.570007,149.479996,147.029999,149.369995,369400,135.501297
"176",149.050003,149.860001,148.610001,148.970001,436900,135.138382
"177",148.970001,148.970001,146.679993,147.009995,611800,133.360352
"178",146.720001,147.169998,145.580002,146.660004,779600,133.042892
"179",147.110001,147.300003,146.089996,146.660004,565400,133.042892
"180",146.860001,147.919998,146.229996,146.800003,476400,133.169907
"181",147.139999,149.360001,146.639999,149.059998,577400,135.220062
"182",149.179993,149.690002,148.429993,148.580002,453800,134.784607
"183",148.589996,149.5,148.089996,149.320007,423100,135.455933
"184",149.320007,149.449997,148.759995,149.059998,746900,135.220062
"185",149.210007,150.309998,147.970001,149.630005,431500,135.737152
"186",150.149994,150.380005,148.809998,150.050003,541800,136.118134
"187",149.789993,150,147.039993,147.389999,808700,133.705109
"188",147.300003,149.210007,147.300003,149.009995,495400,135.174683
"189",149.149994,149.389999,147.610001,147.899994,843300,134.16774
"190",148.029999,150.660004,146.470001,150.649994,711300,136.662445
"191",150.5,151.880005,150.100006,151.440002,518700,137.379089
"192",151.610001,151.910004,148,148.589996,867600,134.793686
"193",148.300003,149.309998,147.360001,149.270004,778000,135.410568
"194",149.429993,151.190002,149.25,150.940002,374600,136.925507
"195",151.320007,151.809998,150.009995,150.25,368700,136.299561
"196",150.199997,151.169998,149.740005,150.940002,432200,136.925507
"197",150.970001,152.279999,150.630005,151.610001,517300,137.533264
"198",152.059998,153.210007,151.729996,152.009995,481800,137.896164
"199",151.850006,152.169998,150.460007,152.020004,640900,137.905228
"200",151.919998,152.940002,151.460007,152.25,478100,138.113831
"201",152.259995,155.289993,152.259995,153.520004,1055700,139.265945
"202",155.910004,156.940002,148.589996,156.190002,1400000,141.688049
"203",156.570007,160.779999,155.630005,160.119995,2093100,145.253143
"204",161.710007,162.889999,160.660004,162.149994,1368100,147.09465
"205",162.899994,163.059998,161.660004,162.320007,1146900,147.248886
"206",161.899994,162.179993,158.179993,159.919998,788100,145.071732
"207",160.210007,161.199997,158.850006,159.470001,768100,144.663528
"208",159.389999,159.940002,157.369995,158.449997,1060800,143.73819
"209",158.270004,158.490005,155.970001,157.089996,557000,142.504471
"210",157.320007,158.720001,156.919998,157.779999,390100,143.130432
"211",158.169998,158.610001,156.380005,158.360001,526400,143.65654
"212",158.330002,159.229996,157.279999,158.5,364200,143.783554
"213",158.479996,159.009995,157.970001,158.220001,462000,143.529587
"214",157.830002,160.089996,157.330002,159.149994,475100,144.373245
"215",159.570007,159.779999,157.550003,158.550003,571400,143.828934
"216",158.330002,158.369995,155.570007,157.330002,1191200,142.722198
"217",156.710007,157.399994,155.970001,156.809998,427700,142.250488
"218",156.169998,156.960007,155.210007,155.869995,357900,141.397766
"219",155.539993,158.089996,155.539993,156.070007,388400,141.579193
"220",156.490005,156.699997,155.119995,156.679993,370400,142.132568
"221",155.979996,157.729996,155.130005,156.690002,390400,142.141617
"222",156.279999,157.5,155.779999,157.070007,282000,143.235977
"223",156.570007,157.740005,156.570007,157.020004,331800,143.190338
"224",157,159.539993,156.610001,159.419998,399500,145.378922
"225",159.630005,161.679993,159.240005,161.119995,621200,146.929214
"226",161.460007,161.759995,160.570007,161.369995,590400,147.157227
"227",161.740005,162,159.539993,159.699997,126100,145.634308
"228",159.660004,161.339996,159.270004,161.289993,330700,147.084244
"229",161.369995,164.119995,160.550003,164.070007,507600,149.619415
"230",164.350006,167.929993,164.119995,167.220001,457400,152.491959
"231",167.470001,171.800003,166.830002,169.429993,934300,154.507294
"232",169.210007,169.380005,166.289993,168.25,617300,153.431259
"233",169.429993,174.059998,169.210007,173.320007,846600,158.054703
"234",172.020004,173.460007,170.929993,171.169998,418100,156.09407
"235",171.199997,171.470001,168.429993,168.619995,423700,153.768646
"236",168.820007,171.100006,168.410004,170.929993,323900,155.875198
"237",171.860001,172.589996,170.600006,172.190002,395200,157.024216
"238",172.830002,173.679993,170.889999,171.330002,666100,156.239975
"239",171.449997,171.929993,170.289993,170.779999,350300,155.738403
"240",170.449997,172.089996,170.059998,170.279999,415000,155.28244
"241",170.369995,170.369995,165.449997,165.5,702900,150.923462
"242",166.710007,168.970001,166.089996,168.199997,761900,153.385635
"243",169.300003,173.25,169.300003,172.619995,656000,157.416336
"244",172.660004,173.490005,170.110001,172.350006,584800,157.170166
"245",173.580002,175.270004,173.460007,174.940002,742100,159.532028
"246",174.899994,176.100006,174.020004,175.550003,619600,160.088272
"247",175.979996,176.380005,174.5,174.699997,359500,159.313141
"248",175.149994,175.860001,174.429993,174.820007,192800,159.422607
"249",175.089996,175.949997,174.830002,175.410004,258500,159.960617
"250",175.509995,176.080002,173.860001,175.880005,275000,160.389221
"251",176.75,176.75,174.220001,174.300003,326300,158.948395
"252",174.580002,177.089996,172.289993,176.889999,727700,161.310287
"253",176.679993,176.979996,173.669998,175.190002,434800,159.76001
"254",175.880005,176.830002,175.059998,176.169998,432400,160.653687
"255",176.729996,178.679993,176.279999,178.449997,407800,162.73288
"256",178.119995,181.690002,177.559998,181.470001,1454300,165.486908
"257",181.130005,181.990005,178.509995,178.759995,617400,163.015579
"258",178,180.520004,177.020004,180.389999,494700,164.502029
"259",180.800003,183.770004,180.649994,183.759995,425300,167.57518
"260",183.800003,185.470001,183.279999,183.589996,584600,167.420166
"261",184.460007,184.979996,180.559998,180.669998,647500,164.757355
"262",181.580002,181.580002,179.660004,181.169998,398200,165.213318
"263",181.360001,182.240005,179.570007,179.759995,592200,163.927475
"264",180.330002,182.940002,179.479996,182.789993,542600,166.690613
"265",182.940002,183.589996,181.520004,182.690002,511000,166.599442
"266",183,184,181.029999,183.199997,550600,167.064499
"267",183.529999,183.679993,181.600006,182.770004,505300,166.672424
"268",182.929993,183.190002,180.770004,181.029999,399100,165.085632
"269",181.630005,182.259995,180.389999,182.25,337000,166.198196
"270",180,181.470001,177.729996,177.910004,772500,162.240402
"271",176.119995,176.119995,171.320007,172.889999,1206600,157.662582
"272",173.899994,174.419998,170.970001,171.309998,765100,156.221741
"273",170.089996,171.669998,169.149994,169.880005,698800,154.917694
"274",168.630005,169.600006,166.509995,167.889999,792800,153.102966
"275",166.179993,170.809998,164.119995,164.289993,922700,149.820007
"276",160.580002,167.990005,160.009995,167.070007,887100,152.355179
"277",166.770004,170.759995,166.419998,166.630005,865200,151.953964
"278",164,164.100006,156.509995,156.720001,1697000,142.916748
"279",159.440002,160.649994,154.5,158.809998,2047600,144.822647
"280",160.270004,161.929993,158.619995,159.25,761200,145.223938
"281",158.850006,158.850006,156.080002,157.639999,747700,143.755707
"282",156.899994,159.419998,156.899994,159.029999,466900,145.0233
"283",160.25,161.559998,158.979996,161.179993,492700,146.983932
"284",161.119995,164.389999,160.130005,160.880005,721300,146.710358
"285",159.839996,161.809998,159.119995,160.940002,732200,146.765076
"286",161.110001,161.699997,158.039993,158.080002,614500,144.156998
"287",158.929993,161.509995,158.259995,159.789993,438600,145.71637
"288",160.619995,161.020004,159.130005,160.220001,262800,146.108536
"289",160.779999,161.160004,158.710007,160.160004,486700,146.053772
"290",160.259995,161.729996,158.210007,158.270004,549700,144.3302
"291",159.199997,161.339996,157.699997,159.220001,990300,145.196579
"292",158.869995,159.440002,152.339996,153.220001,844300,140.448349
"293",151.990005,153.970001,150.679993,153.649994,495400,140.842499
"294",153.160004,156.699997,151.710007,156.050003,523300,143.042435
"295",156.699997,159.520004,156.699997,158.940002,496800,145.691559
"296",157.240005,159.139999,156.550003,158.949997,426200,145.700714
"297",159.770004,159.770004,153.630005,154.770004,1071600,141.869141
"298",155.690002,155.690002,152.979996,153.380005,1915000,140.595001
"299",153.300003,153.369995,149.309998,151.470001,1599600,138.844223
"300",152.570007,153.899994,151.649994,151.940002,834500,139.27507
"301",152.419998,154.320007,151.660004,152.210007,676400,139.522552
"302",152.460007,153.380005,151.75,152.139999,520700,139.458374
"303",151.889999,154.039993,151.889999,152.899994,1223800,140.155014
"304",152.75,153.039993,147.789993,149.429993,839400,136.974258
"305",150.089996,151.979996,149.619995,150.789993,613900,138.220886
"306",151.25,153.839996,150.279999,151.699997,539600,139.055054
"307",150.529999,151.800003,148.300003,148.410004,559600,136.039291
"308",148.830002,150.279999,146.039993,146.259995,465200,134.068497
"309",148.139999,149.130005,147.630005,148.850006,947400,136.442612
"310",149.479996,149.75,145.669998,146.380005,1061200,134.178482
"311",147.059998,147.929993,145.979996,147.220001,492300,134.948486
"312",147.669998,149.470001,147.259995,147.539993,629000,135.241806
"313",147.119995,147.199997,143.050003,145.529999,792500,133.399353
"314",145.940002,148.059998,145.240005,148.009995,695400,135.672638
"315",145.929993,150.740005,145.75,150.559998,618900,138.010056
"316",151.149994,151.539993,148.660004,149.610001,545700,137.139267
"317",148.820007,149.929993,143.889999,145.960007,530400,133.793518
"318",147.330002,147.589996,145.119995,145.399994,355800,133.280182
"319",147.130005,148.139999,146.139999,146.919998,607800,134.673477
"320",145.880005,146.270004,143.720001,144.589996,860500,132.537689
"321",145.339996,146.25,144.479996,145.440002,434400,133.316849
"322",146.460007,146.619995,144.929993,145.559998,340500,133.426834
"323",146.800003,148.919998,146.130005,147.059998,680600,134.801834
"324",147.009995,147.009995,144.029999,144.440002,737600,132.400192
"325",144.649994,146.449997,143.559998,143.639999,1195000,131.666901
"326",152,158.630005,149.059998,152.589996,2819500,139.870865
"327",152.449997,152.449997,146.289993,146.839996,1340200,134.600128
"328",148.389999,150.190002,146.600006,147.389999,938700,135.104294
"329",148.339996,149.809998,143.899994,146.169998,829500,133.986008
"330",145.899994,147.100006,144.410004,146.360001,781700,134.160156
"331",147.169998,148.899994,145.839996,147.839996,578700,135.516815
"332",147.960007,147.960007,145.759995,147.229996,475300,134.957642
"333",147.270004,147.389999,145.229996,145.25,587900,133.142685
"334",144.619995,145.389999,142.970001,145.110001,640600,133.014359
"335",145.399994,147.110001,144.970001,145.190002,598100,133.087708
"336",144.429993,144.429993,141.630005,143.130005,695200,131.199402
"337",142.070007,146.389999,142,145.729996,391100,133.582657
"338",146.029999,146.990005,145.369995,146.600006,374000,134.380142
"339",146.490005,148.020004,146.089996,147.899994,499800,135.571793
"340",148.399994,148.649994,146.809998,148.039993,526100,135.700134
"341",148.009995,148.649994,146.270004,147.75,244100,135.434296
"342",147.75,149.070007,147.75,148.979996,425900,136.561752
"343",149.130005,150.559998,148.509995,149.600006,424500,137.130081
"344",148.940002,150.100006,148.449997,149.539993,457200,137.075089
"345",149.740005,151.600006,149.470001,150.759995,427100,138.193375
"346",151.070007,152.690002,150.729996,151.830002,389900,139.17421
"347",151.110001,151.470001,150.210007,150.330002,402100,138.547516
"348",151.830002,155.039993,151.600006,154.539993,645700,142.427505
"349",154.470001,154.509995,152.729996,152.839996,563500,140.860764
"350",151.940002,152.009995,149.880005,151.179993,399500,139.330887
"351",151.229996,152.309998,150.029999,151.759995,270700,139.865402
"352",151.149994,152.149994,150.309998,151.229996,224900,139.376938
"353",150.460007,151.300003,148.729996,149.360001,335800,137.653549
"354",149.809998,151.020004,149.029999,150.309998,286400,138.529083
"355",150.259995,150.259995,146.660004,147.820007,551000,136.234268
"356",148.779999,152.160004,148.300003,150.820007,555500,138.999115
"357",151.300003,153.240005,150.729996,152.979996,676700,140.989807
"358",153,154,152.630005,153.229996,428600,141.2202
"359",153.929993,155.649994,153,155.419998,306300,143.238556
"360",156.320007,157.880005,155.660004,156.389999,326000,144.132553
"361",155.820007,157.070007,155.75,156.940002,235300,144.63945
"362",157.080002,158.960007,156.570007,157.889999,554000,145.514969
"363",158.039993,159.25,157.289993,158.550003,396400,146.12326
"364",158.610001,159.449997,157.860001,158.490005,530000,146.067947
"365",159.399994,160.809998,158.020004,159.479996,635700,146.980347
"366",159.570007,161.320007,158.679993,161.169998,886700,148.537903
"367",159.490005,159.490005,157.899994,159.339996,414700,146.851318
"368",157.820007,158.800003,157.050003,158.779999,578600,146.335236
"369",159.529999,160.419998,157.639999,160.160004,688300,147.607056
"370",159.820007,160.110001,158.080002,158.75,408300,146.307556
"371",159.809998,160.720001,159.279999,159.669998,781800,147.155457
"372",159.5,159.919998,157.639999,159.619995,603600,147.109375
"373",159.509995,161.589996,157.820007,160.300003,551800,147.736099
"374",160.869995,162.729996,159,161.889999,769100,149.201431
"375",161.720001,162.229996,159.869995,162,981500,149.302872
"376",162.520004,164.559998,160.649994,160.720001,613700,148.123169
"377",159.699997,161.300003,157.5,160.350006,558100,147.78215
"378",161.240005,161.619995,159.630005,160.080002,181300,147.533325
"379",160.860001,164.070007,160.860001,163.860001,802500,151.017075
"380",163.820007,163.820007,162.039993,163.360001,340100,150.556244
"381",164.130005,166.039993,163.350006,165.570007,317100,152.593048
"382",165.860001,166.5,165.330002,166.320007,319500,153.284256
"383",165.229996,165.429993,162.899994,163.320007,490300,150.519379
"384",164.389999,164.639999,162.710007,164.100006,519100,151.238266
"385",164.039993,166.139999,163.880005,165.259995,276400,152.307281
"386",165.649994,165.649994,162.729996,163.869995,431000,151.026276
"387",162.589996,162.589996,156.059998,159.570007,1431700,147.063309
"388",160.149994,160.589996,157.059998,158.25,1399000,145.846741
"389",162.009995,173.520004,155,173.289993,2717100,159.707947
"390",172.580002,175.059998,172.050003,173.740005,1729300,160.122681
"391",173,174.350006,170.949997,171.179993,866900,157.763336
"392",170.520004,170.520004,164.029999,165.699997,1018500,152.712875
"393",165.580002,168.360001,164.610001,168.240005,759100,155.053772
"394",169,170.539993,168.020004,168.809998,620100,155.579102
"395",168.889999,169.539993,167.570007,168.009995,404900,154.841782
"396",167.979996,169.729996,166.559998,167.330002,483200,154.215088
"397",168.470001,170.580002,166.970001,169.589996,543900,156.297974
"398",169.100006,169.410004,167.009995,167.179993,553600,154.076828
"399",166.860001,168.220001,165.899994,167.25,453200,154.141373
"400",167.960007,170.330002,167.100006,168.429993,451700,155.228882
"401",168.580002,169.479996,167.820007,168.809998,979600,155.579102
"402",168.889999,170.720001,168.009995,170.110001,1011000,156.777206
"403",170.149994,171.020004,169.539993,170.410004,450500,157.053696
"404",170.649994,172.289993,169.570007,171.550003,788200,158.104324
"405",171.309998,172.110001,169.800003,170.179993,331100,156.84169
"406",170.929993,171.350006,169.619995,170.25,303000,156.906235
"407",170.190002,172.770004,170.190002,171.839996,499000,158.371613
"408",171.419998,172.550003,169.199997,172.279999,517900,158.77713
"409",172.190002,174.119995,170.169998,173.970001,380900,161.10144
"410",174.339996,176.029999,173.339996,175.339996,359800,162.370102
"411",176.050003,177.880005,175.320007,177.509995,421100,164.379608
"412",177.610001,180.539993,176.880005,180.070007,487700,166.750229
"413",180,180.020004,177.309998,177.399994,290200,164.27774
"414",177.559998,177.559998,175.860001,176.610001,366700,163.546188
"415",176.919998,176.919998,175.389999,176.089996,332600,163.064651
"416",177.229996,178.300003,176.229996,176.839996,350000,163.75914
"417",177.5,178.360001,176.679993,177.820007,303000,164.666687
"418",177.850006,179.5,176.479996,179.020004,651900,165.777908
"419",179.100006,179.440002,177.729996,178.460007,357000,165.259323
"420",178.119995,178.300003,175.949997,176.779999,344100,163.703583
"421",176.970001,178.229996,176.089996,178.220001,357600,165.037109
"422",178.119995,181.059998,178.119995,181.009995,510800,167.620697
"423",181.360001,182.25,181.259995,181.399994,465000,167.981842
"424",180.789993,181.830002,180.169998,180.600006,425600,167.241043
"425",181.380005,184.660004,181.380005,183.75,442400,170.158035
"426",183.330002,186.110001,182.190002,184.770004,646000,171.102585
"427",185,187.070007,183.639999,186.429993,704000,172.639771
"428",187.279999,187.830002,185.649994,186.199997,580100,172.426788
"429",186.089996,187.360001,185.259995,186.419998,620300,172.630508
"430",186.960007,187.550003,185.899994,186.720001,682000,172.90834
"431",187,187.830002,185.820007,187.25,485100,173.399124
"432",187.570007,188.160004,186.490005,187.100006,383800,173.260223
"433",187.960007,188.589996,186.330002,187.589996,460100,173.713974
"434",188.009995,189.460007,187.520004,188.460007,644400,174.519638
"435",188.389999,188.660004,185.440002,185.860001,419000,172.111938
"436",186.660004,187.059998,182.889999,183.820007,552400,170.222839
"437",183.639999,185.369995,182.759995,184.490005,521800,170.843292
"438",184.710007,185.470001,183.539993,184.240005,278300,170.611801
"439",184,184.75,183.070007,183.600006,479900,170.019135
"440",184.899994,185.470001,183.300003,183.910004,287100,170.306198
"441",184.190002,185.639999,183.210007,185.539993,503900,171.815613
"442",186.369995,187.729996,184.130005,184.570007,509900,170.917374
"443",183.770004,184.130005,180.220001,180.619995,714300,167.259537
"444",181.399994,181.470001,178.860001,179.419998,651900,166.148315
"445",179.210007,180.460007,178.229996,179.320007,641100,166.055695
"446",179.059998,179.979996,177.860001,178,686200,164.833344
"447",177.320007,177.320007,170.179993,170.440002,860100,157.832535
"448",169.949997,172.089996,167.520004,167.820007,671100,155.406372
"449",170.100006,170.259995,166.220001,168.630005,531600,156.156448
"450",167.970001,170.399994,167.160004,169.199997,782000,156.684296
"451",170.199997,172.139999,168.809998,171.589996,606900,158.897507
"452",171.570007,172.470001,165.779999,167.570007,1315800,155.174866
"453",158.990005,159.389999,150.389999,151.470001,3299100,140.265762
"454",153.100006,153.110001,148.009995,150.509995,1559900,139.37677
"455",151.059998,153.25,149.850006,150.779999,1115900,139.626816
"456",148.149994,149.539993,145.419998,149.110001,1188900,138.080368
"457",149.110001,150.729996,147.309998,147.600006,968000,136.682037
"458",148.029999,150.649994,146.669998,149.960007,856400,138.867477
"459",148.419998,149.979996,147.580002,148.710007,858000,137.70993
"460",150.190002,151.300003,146.699997,148.330002,1107200,137.358032
"461",148.809998,152.089996,147.990005,150.729996,859400,139.580551
"462",151.789993,155.210007,151.580002,153.940002,851600,142.55307
"463",153.75,155.910004,152.529999,155.710007,626600,144.192123
"464",156.919998,159.020004,156.070007,157.259995,558700,145.627472
"465",157.660004,158.460007,153.149994,155.080002,804200,143.608765
"466",155.199997,158.759995,154.679993,157.820007,450800,146.146057
"467",159.389999,161.990005,158.179993,161.009995,997900,149.100113
"468",159.800003,161.970001,159.600006,161.639999,729900,149.683502
"469",160.600006,162.149994,159.5,161.490005,470700,149.544617
"470",161.690002,161.690002,158.600006,159.020004,348400,147.257294
"471",159.320007,161.940002,159,159.910004,384600,148.081482
"472",161.509995,162.720001,159.369995,160.5,372500,148.627823
"473",159.850006,163.240005,158.550003,163.059998,444500,150.998459
"474",162.559998,165.529999,162.539993,165.149994,446900,152.933899
"475",164.179993,165.759995,162.990005,164.429993,499500,153.148056
"476",162.399994,165.279999,160.789993,161.899994,787100,150.791672
"477",162.160004,162.759995,160.509995,160.559998,496300,149.543625
"478",159.830002,162.419998,159.5,161,206700,149.95343
"479",162.009995,162.979996,160.080002,161.199997,606500,150.139679
"480",160.839996,160.940002,158.919998,160.339996,685000,149.338669
"481",160.589996,164.470001,159.720001,164.470001,525700,153.185333
"482",164.240005,165.399994,163.610001,164,463200,152.747604
"483",163.350006,166.460007,162.789993,166.240005,724600,154.833893
"484",169.100006,169.300003,163.610001,164.289993,700900,153.01767
"485",164.710007,164.830002,155.860001,156.490005,983600,145.752869
"486",154.190002,155.979996,151.309998,155.970001,859300,145.268555
"487",156.169998,157.5,149.830002,151,643200,140.639526
"488",150.529999,151,145.940002,148.710007,553600,138.506668
"489",150.740005,151.820007,146.869995,147.339996,538500,137.230667
"490",149.399994,150.820007,148.25,148.389999,468400,138.208603
"491",149.399994,151.130005,149.119995,149.940002,706900,139.652237
"492",148.449997,150.529999,146.720001,147.320007,513800,137.212036
"493",146.809998,147.860001,144.839996,145.619995,463000,135.628647
"494",146.669998,148.520004,145.240005,146.630005,363500,136.569382
"495",146.570007,149.050003,140.589996,142.25,843500,132.489899
"496",141.75,143.660004,138.100006,139.949997,630000,130.347687
"497",139.190002,142.309998,138.169998,138.639999,912500,129.127579
"498",138.039993,138.550003,135.289993,136.130005,367600,126.78981
"499",136.360001,141.820007,135.809998,141.699997,993200,131.977646
"500",140,144.020004,138.699997,144.020004,698800,134.138489
"501",144.529999,146.479996,143.059998,144.25,456600,134.352661
"502",144.75,146.440002,142.990005,145.289993,657400,135.32132
"503",143.139999,147.699997,141.5,147.460007,723500,137.342407
"504",147.190002,148.399994,143.220001,145.460007,1736000,135.47966
"505",148.009995,151.830002,147.419998,150.770004,1251400,140.425354
"506",151.070007,154.029999,149.699997,152.699997,495600,142.2229
"507",154.910004,155.399994,153.580002,154.649994,787500,144.039093
"508",156.110001,158.509995,155.699997,157.759995,657200,146.935715
"509",157.509995,160.190002,156.960007,160.110001,471500,149.124481
"510",159.339996,161.279999,158.979996,160.330002,481700,149.329407
"511",159.860001,163.779999,159.149994,162.130005,799000,151.00589
"512",162.610001,163.029999,160.550003,161.630005,614800,150.540207
"513",161.880005,163.160004,161.509995,162.449997,513100,151.303955
"514",162.440002,167.369995,162.270004,166.229996,602300,154.82457
"515",167,168.910004,166.479996,167.759995,677700,156.249603
"516",165.259995,165.259995,156.710007,162.649994,1111300,151.490189
"517",163.639999,164.229996,161.020004,163.169998,768200,151.974518
"518",163.300003,164.669998,162.869995,163.369995,466300,152.160797
"519",164.949997,165,162.619995,163.220001,767500,152.021088
"520",161.899994,163.690002,160.309998,162.860001,577000,151.685822
"521",163.580002,164.059998,161.839996,162.350006,727500,151.210785
"522",163.160004,164.669998,161.460007,164,387800,152.747604
"523",163.600006,166.149994,162.419998,165.990005,667200,154.601028
"524",165.979996,166.759995,164.320007,165.389999,427900,154.042236
"525",165.75,166.679993,164.919998,166.179993,512100,154.778
"526",166.199997,166.550003,165.270004,165.960007,699300,154.57312
"527",165.619995,167.220001,163.679993,165.589996,995600,154.228485
"528",154.880005,155.800003,150.25,151.720001,1957700,141.310135
"529",151.080002,154.479996,150.979996,153.080002,1013700,142.576828
"530",154.039993,155.410004,153.539993,155.240005,944800,144.588638
"531",155.619995,157.020004,155.320007,155.660004,681900,144.979797
"532",155.830002,156.509995,154.720001,155.279999,1171800,144.625885
"533",154.720001,157.220001,154.289993,155.919998,675500,145.22197
"534",156.869995,157.820007,155.770004,157.779999,403300,146.954346
"535",158.690002,160.309998,157.020004,159.130005,539800,148.211716
"536",159.419998,160.160004,158.190002,159.830002,785400,148.863708
"537",159.929993,161.309998,159.300003,160.860001,502700,149.823013
"538",160.509995,162.110001,160.020004,161.339996,467100,151.162827
"539",162.610001,162.610001,160.679993,160.809998,372000,150.666245
"540",160.470001,161.899994,159.820007,159.979996,608700,149.888596
"541",159.630005,163,158.619995,162.940002,508400,152.661865
"542",162.839996,162.839996,159.509995,160,529700,149.907349
"543",161.190002,161.419998,158.139999,158.910004,754900,148.886093
"544",159.949997,162.149994,158.229996,159.679993,811900,149.607529
"545",159.809998,161.559998,159.740005,160.570007,570900,150.441406
"546",160.910004,162.160004,160.600006,160.880005,429100,150.731827
"547",160.729996,160.75,159.139999,160.509995,503200,150.385178
"548",159.110001,159.850006,156.779999,157.610001,623200,147.668091
"549",156.369995,159.990005,156.369995,159.869995,460700,149.785553
"550",160.220001,161.050003,159.080002,160.270004,531800,150.160309
"551",160.5,160.990005,158.800003,158.919998,616600,148.895462
"552",158.770004,159.210007,156.050003,156.610001,680400,146.731201
"553",156.410004,157.339996,155.330002,155.679993,835900,145.859833
"554",156.300003,159.25,156.190002,158.949997,666500,148.923569
"555",159.929993,160.600006,158.039993,158.759995,568300,148.74556
"556",158.160004,158.25,153.5,155.190002,758200,145.400757
"557",155.300003,157.350006,155.300003,156.550003,508500,146.674988
"558",155.729996,155.860001,149.789993,149.960007,514600,140.500687
"559",150.199997,152.350006,149.970001,151.080002,495200,141.550018
"560",152.339996,153.550003,151.179993,152.539993,488000,142.917923
"561",152.809998,154.479996,152.380005,153.619995,609000,143.929779
"562",153.860001,155.729996,153.389999,154.639999,351800,144.885422
"563",155.970001,156.929993,155.350006,156.520004,480600,146.646866
"564",158.130005,160.029999,157.800003,159.259995,430000,149.214035
"565",159.169998,159.429993,157.429993,159.020004,475400,148.989182
"566",159.820007,160.410004,158.5,159.089996,747000,149.054749
"567",159.839996,162.130005,159.389999,161.199997,354800,151.031647
"568",161.679993,162.330002,161.020004,161.210007,464300,151.041031
"569",160.5,160.850006,159.429993,160.039993,601200,149.944809
"570",158.589996,158.990005,156.740005,157.240005,736400,147.321442
"571",155.75,155.75,150.75,153.800003,914000,144.09845
"572",154.050003,156.770004,154.050003,155.259995,458400,145.466339
"573",156.559998,157.429993,154.649994,155.970001,487000,146.131561
"574",156.350006,157.360001,156.039993,156.399994,607200,146.534439
"575",154.339996,157.800003,152.699997,156.809998,1074500,146.918579
"576",157.639999,158.240005,156.419998,157.839996,1180400,147.883621
"577",168,174,167.229996,168.070007,2511700,157.468292
"578",167.160004,168.860001,164.470001,168.410004,882300,157.78688
"579",169.389999,171.740005,168.5,171.210007,910300,160.410217
"580",171.300003,172.589996,169.440002,169.929993,599800,159.210953
"581",169.039993,169.190002,166.589996,168.160004,478200,157.552643
"582",168,169.960007,167.059998,169.770004,299600,159.061096
"583",170.270004,171.679993,168.660004,169.029999,312600,158.367737
"584",168.940002,169.460007,167.479996,168.279999,345100,157.665054
"585",168.759995,168.759995,165.910004,166.740005,404500,156.222198
"586",166.380005,170.059998,165.729996,169.399994,608600,158.714401
"587",169.279999,172.429993,169.279999,171.460007,544000,160.644501
"588",168.509995,171.130005,167.860001,170.520004,453300,159.763794
"589",168.970001,169.580002,167.320007,168.570007,614500,157.936752
"590",169,169.190002,167.160004,167.880005,549100,157.290283
"591",166.110001,168.100006,164.770004,167.699997,526200,157.121658
"592",167.509995,168.789993,164.820007,168.279999,455500,157.665054
"593",165.020004,165.25,159.929993,160.399994,580000,150.28212
"594",160.880005,163.720001,160.880005,162.240005,348100,152.006073
"595",161.440002,163.990005,160.929993,163.449997,576200,153.139725
"596",164.190002,166.509995,164.169998,165.419998,386600,154.985458
"597",163.770004,165.809998,162.970001,163.139999,470200,152.849289
"598",161.490005,161.559998,155.770004,155.919998,640900,146.940369
"599",157.509995,160.149994,157.029999,158.929993,536700,149.777023
"600",157.869995,159.639999,157.5,159.410004,448700,150.22937
"601",157.619995,157.919998,155.169998,157.320007,501800,148.25975
"602",158.529999,158.850006,156.360001,158.300003,316200,149.183334
"603",158.389999,159.080002,155,155.130005,565800,146.195847
"604",154.039993,157,153.509995,156.600006,791200,147.581223
"605",156.660004,159.009995,156.009995,157.070007,318700,148.024185
"606",155.369995,157.070007,154.460007,155.919998,384300,146.940369
"607",155.830002,156.820007,154.240005,156.210007,275000,147.213669
"608",157.949997,160.039993,157.600006,159.800003,471200,150.596939
"609",160.869995,161.729996,158.429993,161.610001,335800,152.302689
"610",162.509995,162.660004,159.410004,162.199997,320900,152.858704
"611",163.130005,163.919998,162.119995,162.440002,259200,153.084885
"612",163.009995,165.139999,162.610001,163.020004,302300,153.631485
"613",164.289993,165.300003,162.369995,162.490005,288800,153.132019
"614",162.570007,163.039993,161.389999,161.979996,253800,152.651367
"615",162.539993,165.520004,162.539993,165.169998,254100,155.657654
"616",164.679993,164.800003,162.179993,164.089996,304800,154.639862
"617",164.669998,165.289993,161.429993,161.649994,299900,152.340363
"618",163.039993,167.110001,163.029999,165.899994,343800,156.345612
"619",166.380005,166.669998,163.839996,165.059998,326600,155.553986
"620",166.589996,168.190002,164.979996,167.990005,341000,158.315277
"621",167,167.25,159.679993,161.820007,879600,152.500595
"622",162,163.860001,161.050003,162.589996,390400,153.226242
"623",163,164.089996,161.669998,163.979996,362400,154.536179
"624",163.759995,165.039993,162.970001,163.529999,383200,154.112091
"625",163.990005,164.360001,162.830002,163.479996,391400,154.064972
"626",164.039993,166.080002,164.009995,165.639999,665300,156.100586
"627",165.639999,166.869995,162.169998,165.350006,867200,155.827316
"628",165.460007,166.279999,160.690002,162.960007,678900,153.574921
"629",163.419998,164.220001,162.369995,162.809998,344900,153.433594
"630",162.059998,162.279999,159.720001,161.699997,456900,152.387482
"631",161.110001,161.490005,159.289993,159.899994,307600,150.691147
"632",158.649994,158.839996,156.589996,157.199997,590600,148.146652
"633",158.199997,158.25,156.350006,156.669998,411200,147.647156
"634",156.039993,156.679993,155.059998,156.5,353300,147.486954
"635",157.169998,160.589996,157.169998,159.759995,321200,150.559189
"636",159.910004,159.929993,157.550003,158.360001,337000,149.239838
"637",158.399994,160.600006,158.029999,160.039993,441400,150.823074
"638",160.160004,160.160004,153.509995,153.75,762800,144.89537
"639",151.5,157.080002,149.179993,151.330002,909800,142.614731
"640",152.190002,153.119995,149.860001,150,711000,141.361298
"641",150.220001,151.179993,148.399994,150.800003,621600,142.11525
"642",152.119995,154.919998,151,154.839996,490500,145.922562
"643",153.789993,156.149994,153.240005,154.759995,476200,145.847168
"644",154.75,155.039993,153.660004,154.119995,506600,145.244034
"645",153.460007,155.449997,152.929993,155.330002,305600,146.384369
"646",155.169998,155.330002,154.279999,154.589996,237600,145.686966
"647",153.5,155.809998,152.820007,155.809998,268400,146.836716
"648",156.080002,156.080002,151.520004,152.610001,341300,143.820999
"649",152.25,153.759995,148.539993,149.779999,543800,141.153992
"650",149.699997,150.419998,148.179993,149.25,495100,140.65451
"651",146.979996,148.059998,146.029999,147.639999,565800,139.137222
"652",148.899994,151.729996,148.320007,151.520004,533600,142.793747
"653",149.309998,152.289993,148.919998,151.800003,366600,143.057648
"654",153.279999,155.039993,153.070007,154.470001,344800,145.573883
"655",154.429993,154.899994,152.899994,153,337500,144.188538
"656",152.190002,153.130005,149.559998,149.869995,326700,141.2388
"657",150.080002,153.910004,149.490005,151.399994,256600,142.680679
"658",149.110001,149.509995,145.949997,146.419998,342500,137.987473
"659",146.690002,146.690002,143.119995,144.020004,402000,135.725723
"660",144.940002,148,144.940002,147.419998,243700,138.929901
"661",148.649994,149.729996,148.330002,149.009995,290000,141.339127
"662",148.770004,149.240005,146.740005,146.809998,268200,139.25238
"663",148.429993,149.25,147.699997,148.360001,263900,140.72261
"664",148.979996,150.539993,148.619995,149.559998,294900,141.860825
"665",148.699997,149.389999,144.419998,145.070007,383800,137.60199
"666",146.649994,147.029999,144.550003,146.039993,194900,138.522003
"667",146.990005,147.279999,144.820007,145.100006,328900,137.630432
"668",144.470001,146.539993,144.139999,146.270004,303400,138.740189
"669",148.339996,149.440002,148,148.559998,286000,140.912308
"670",149.720001,150.460007,148.460007,148.679993,234400,141.026138
"671",147.020004,148.259995,145.600006,147.330002,455800,139.745621
"672",148.600006,149.5,147.740005,148.850006,286800,141.187393
"673",150.080002,152.779999,150.080002,151.740005,317200,143.928604
"674",152.360001,153.070007,150.740005,151.070007,251700,143.293106
"675",151.690002,153.5,151.050003,152.399994,274300,144.554611
"676",152.279999,158.020004,152.190002,158.020004,362000,149.88533
"677",158.660004,161.589996,156.830002,161.589996,409700,153.271545
"678",162.360001,163.449997,161.690002,162.860001,599600,154.476151
"679",163.860001,164.669998,162.029999,162.449997,509800,154.087265
"680",161.729996,162.759995,161.220001,162.050003,352100,153.707855
"681",161.509995,161.509995,156.559998,157.839996,364900,149.714584
"682",156.850006,157.259995,153.869995,155.190002,371300,147.201004
"683",155.119995,157.139999,154.690002,155.139999,324300,147.153595
"684",155.5,156.990005,154.699997,155.710007,404000,147.694244
"685",154.460007,156.580002,153.570007,155.350006,386600,147.352798
"686",156.029999,156.029999,152.649994,153.350006,339700,145.455734
"687",153.039993,156.100006,152.800003,155.589996,317400,147.580414
"688",155.619995,156.279999,154.119995,154.919998,295000,146.944885
"689",155.690002,156.639999,154.360001,155.339996,217300,147.343262
"690",156.229996,157.600006,155.899994,156.539993,337600,148.481522
"691",157.75,159.669998,154.039993,154.779999,498800,146.812103
"692",153.639999,154.820007,151.690002,152.789993,612300,144.924561
"693",151.850006,152.910004,150.009995,152.110001,396400,144.279556
"694",152.880005,155.559998,152.119995,155.449997,231500,147.447617
"695",154.589996,155.5,153.25,154.479996,398500,146.527542
"696",153,153.660004,151.710007,151.889999,317400,144.070877
"697",153.440002,153.440002,151.630005,151.839996,386000,144.023453
"698",152.529999,153.860001,152.100006,153.149994,350100,145.266022
"699",155.440002,159.520004,155.149994,156.460007,243300,148.405624
"700",155.639999,158,155.039993,157.949997,255200,149.818893
"701",157.479996,159.5,157.119995,158.300003,496000,150.150894
"702",158.039993,160.169998,157.419998,158.029999,531500,149.894791
"703",157.970001,162.399994,152.839996,155.660004,780400,147.646774
"704",154.809998,158.009995,154.470001,157.520004,490500,149.411072
"705",158.740005,161,158.740005,159.360001,417000,151.156342
"706",159.5,163.5,158.690002,162.639999,347700,154.267487
"707",162.429993,165.080002,162.009995,164.929993,397800,156.439606
"708",165.619995,166.070007,163.850006,165.550003,447800,157.027679
"709",165.5,167.490005,165.5,166.639999,327200,158.0616
"710",167.479996,168,165.979996,166.330002,245700,157.767502
"711",165.210007,167.199997,164.899994,165.699997,319000,157.169968
"712",165.339996,165.339996,163.009995,164.869995,298800,156.38269
"713",164.139999,164.889999,161.850006,162.669998,370000,154.295944
"714",164.289993,166.869995,163.039993,166.869995,318200,158.279724
"715",168.429993,168.929993,167.089996,168.509995,728400,159.835312
"716",168.149994,168.869995,166.490005,168.070007,448900,159.417969
"717",167.440002,167.440002,165.080002,166.809998,624000,158.222824
"718",168,168.419998,166.490005,166.970001,324500,158.374588
"719",166.970001,167.979996,165.5,166.940002,497900,158.34613
"720",165.5,167.970001,165.5,167.949997,167000,159.304153
"721",168.479996,169.479996,167.289993,168.940002,280000,160.243164
"722",167.479996,168.559998,164.279999,164.309998,318600,155.851501
"723",164.089996,165.25,162.929993,164.539993,478000,156.069672
"724",164.839996,165.419998,163.220001,163.669998,300100,155.244461
"725",163.020004,164,161.589996,162.050003,340500,153.707855
"726",161.949997,161.949997,160.449997,161.410004,274000,154.128036
"727",161,161.449997,158.619995,158.690002,425400,151.530701
"728",158.610001,159.770004,157.809998,157.979996,308200,150.852753
"729",158.470001,159.369995,157.669998,158.889999,319400,151.72168
"730",159.589996,163.520004,159.080002,162.460007,1694500,155.130661
"731",163.029999,163.229996,161.830002,162.899994,314700,155.550797
"732",162.429993,162.919998,161.529999,162.380005,266500,155.054245
"733",161.789993,161.910004,160.139999,160.460007,129000,153.220886
"734",160.990005,161.449997,157.779999,157.830002,299600,150.709518
"735",155.990005,156.720001,154.559998,156.570007,421200,149.506393
"736",157.039993,159.990005,157.039993,159.169998,550500,151.989044
"737",159.869995,162.270004,159.770004,162.190002,440400,154.872833
"738",163.399994,165.020004,162.279999,164.970001,357100,157.527405
"739",164.520004,165.809998,163.880005,165.740005,340100,158.262665
"740",165.529999,166.610001,164.160004,165.160004,525300,157.708832
"741",166.169998,168.050003,165.75,167.679993,308900,160.115143
"742",167.460007,170.800003,166.869995,170.419998,387300,162.731522
"743",170.460007,171.580002,168.649994,170.380005,648200,162.693329
"744",172,172.429993,170.279999,171.139999,342900,163.419037
"745",171.179993,172.610001,170.399994,171.850006,435500,164.097031
"746",171.940002,172.320007,171.050003,171.619995,451600,163.877365
"747",171.410004,171.410004,167.179993,167.75,563200,160.181976
"748",168.889999,170.130005,167.649994,169.679993,537500,162.024902
"749",170.360001,170.360001,169.080002,169.820007,206200,162.1586
"750",169.630005,169.630005,168.710007,168.919998,55000,161.299179
"751",169.509995,169.820007,167.539993,169.779999,175000,162.120422
"752",170.050003,170.5,168.919998,169.199997,117500,161.566559
"753",169.490005,169.600006,167.869995,168.839996,176500,161.222809
"754",168.429993,169.75,168.429993,169.399994,198900,161.757553
"755",170.399994,170.850006,168.020004,169,467900,161.375595
"756",166.089996,167.369995,165.240005,167.089996,362500,159.551773
"757",166.360001,166.449997,164.869995,165.860001,407600,158.377258
"758",165.149994,165.630005,163.639999,164.789993,438200,157.355499
"759",165.25,167.350006,164.970001,166.610001,305000,159.093414
"760",167.169998,167.479996,165.190002,166.660004,213500,159.141159
"761",166.660004,167.210007,165.429993,166.550003,227600,159.036118
"762",167.059998,167.509995,166.320007,167.479996,162300,159.924164
"763",167.800003,169.649994,167.389999,168.470001,182900,160.869492
"764",167.960007,168.529999,165.839996,167.169998,309700,159.628143
"765",168.229996,169.570007,167.860001,168.669998,255300,161.060471
"766",169.279999,171.649994,168.520004,170,429000,162.330475
"767",169.75,169.990005,167.910004,168.809998,396500,161.194168
"768",169.360001,169.589996,167.179993,167.649994,257200,160.086502
"769",166.669998,168.619995,165.619995,168.440002,189200,160.840836
"770",168.880005,168.880005,164.380005,165.970001,352800,158.482285
"771",162.740005,164.479996,162.369995,162.899994,239700,155.550797
"772",163.679993,166.190002,163.380005,164.800003,286200,157.365097
"773",165.720001,166,164.029999,164.929993,203600,157.489212
"774",163.419998,164.899994,162.059998,163.339996,328300,155.970917
"775",162.419998,163.460007,159.020004,159.630005,368500,152.428329
"776",161.009995,162.550003,159.690002,161.820007,587300,154.519501
"777",164.589996,165.279999,162.119995,162.619995,607000,155.283417
"778",163.300003,165.130005,162.429993,163.740005,752300,156.35289
"779",165.550003,165.589996,158.009995,160.059998,726600,152.838913
"780",158.449997,158.449997,155.350006,155.740005,428300,148.713821
"781",155.240005,156.240005,154.110001,155.600006,662600,148.580154
"782",156.139999,157.139999,155.160004,155.520004,615200,148.503738
"783",156.149994,157.339996,155.429993,157,582200,149.916977
"784",156.179993,157.279999,155,155.339996,348100,148.331848
"785",155.5,156.309998,155.039993,156.259995,465700,149.210358
"786",155.550003,157.619995,155.5,157.539993,438900,150.432602
"787",158.059998,158.630005,157.369995,158,531500,150.871857
"788",157.759995,160.009995,157.279999,159.949997,365200,152.733871
"789",159.429993,160.330002,157.860001,160.070007,511900,153.887543
"790",155.779999,159.850006,155.779999,159.100006,979800,152.955002
"791",159.330002,159.330002,153.5,153.630005,710200,147.696274
"792",154.619995,155.339996,149.25,149.449997,622300,143.677719
"793",147.369995,151.509995,146.5,147.009995,784100,141.331955
"794",142.759995,145.960007,141.020004,144.75,1025400,139.159241
"795",145.699997,148.710007,142.910004,148.710007,653500,142.966278
"796",147.970001,151.039993,143.210007,144.139999,532900,138.572815
"797",146.339996,150.050003,145.020004,149.550003,546800,143.773865
"798",147.490005,147.690002,140.25,141.529999,468600,136.063629
"799",137.759995,142.059998,137.199997,141.770004,420400,136.294357
"800",134.789993,137.570007,129.720001,131.940002,870400,126.844017
"801",135.619995,140.539993,132.580002,140.380005,574300,134.958023
"802",136.860001,136.940002,128.279999,129.460007,678500,124.459808
"803",120.269997,127.410004,118.080002,118.82,814000,114.230759
"804",125.720001,126.970001,116.57,126.220001,1055300,121.34494
"805",110.25,121.099998,109.690002,116.480003,859200,111.981133
"806",118.690002,125.510002,112.400002,125.440002,872200,120.59507
"807",117.110001,119.68,97.480003,111.019997,1102900,106.73201
"808",109.389999,113.769997,104.059998,107.029999,1200500,102.896126
"809",108.82,109.339996,97.879997,99.870003,896200,96.012672
"810",98.150002,99.550003,90.720001,95.57,1122900,91.878754
"811",101,107.330002,99.879997,106.589996,692900,102.473122
"812",106.889999,113.68,103.540001,109.940002,1049200,105.693733
"813",111.059998,114.050003,108.459999,113.540001,951800,109.154678
"814",109.389999,110.379997,101.339996,107.849998,632000,103.684448
"815",107.989998,113.120003,104.870003,113.029999,589100,108.664383
"816",111.519997,113.970001,107.529999,108.82,689500,104.616982
"817",104.010002,107.75,100.589996,104.260002,954200,100.233124
"818",102.900002,105.400002,99.040001,100.779999,881800,96.88752
"819",100,101.43,94,95.519997,930100,91.830673
"820",100.730003,107.339996,99.690002,106.059998,976800,101.963593
"821",110.699997,116.68,109.639999,109.830002,788100,105.587982
"822",111.379997,117.18,109.110001,116.419998,652400,111.923454
"823",118.739998,124.43,118.540001,122.120003,718200,117.403297
"824",122.559998,122.559998,113.589996,114.160004,449000,109.75074
"825",116,119.599998,114.129997,116.18,823300,111.692726
"826",112.650002,113.019997,107.540001,109.669998,531500,105.434158
"827",109.309998,111.339996,107.199997,110.790001,688300,106.510902
"828",114.400002,119.099998,114.010002,118.330002,1000600,113.759674
"829",115.599998,116.639999,113.519997,114.660004,720300,110.231422
"830",111.190002,113.800003,108.779999,110.540001,1166500,106.270561
"831",112.809998,114.209999,111.709999,113.760002,829000,109.366188
"832",113.800003,117.330002,113.07,113.669998,605200,109.279671
"833",114.870003,117.43,114.019997,116.07,782000,111.586967
"834",116.980003,125.519997,116.980003,125.040001,773900,120.21051
"835",127.790001,133.050003,125.279999,126.389999,850100,121.508369
"836",129.860001,136.559998,129.149994,135.520004,937300,130.285736
"837",132.899994,133.589996,129.929993,130.289993,924100,125.257744
"838",127.949997,129.449997,123,124.050003,709200,119.258751
"839",122.529999,122.529999,118.540001,121.400002,647400,116.711113
"840",122.620003,124.709999,121.419998,121.669998,523800,116.970673
"841",122.029999,122.82,119.059998,119.699997,377500,115.076767
"842",121.769997,123.949997,121.610001,122.209999,388100,117.489807
"843",124.5,127.809998,124.5,127.330002,322000,122.412071
"844",125.720001,126.790001,122.360001,124.839996,398500,120.018227
"845",125.160004,125.93,122.730003,122.739998,611000,117.999344
"846",121.769997,122.779999,118.919998,120.050003,643900,115.413246
"847",118,124.010002,115.599998,123.889999,670100,119.104935
"848",122.989998,125.519997,121.139999,122.949997,1250200,118.201233
"849",127.75,135.169998,127.040001,134.389999,667100,129.199371
"850",133.770004,137.119995,131.990005,132.869995,574000,127.738083
"851",133.990005,136.669998,133.429993,133.720001,549600,129.608749
"852",133.179993,135.149994,132.699997,132.869995,353900,128.784882
"853",133.649994,133.649994,128.339996,128.880005,602600,124.917564
"854",134.470001,138.270004,134.470001,137,689100,132.787903
"855",140,142,135.619995,136.210007,783100,132.022217
"856",137.679993,138.210007,133.740005,133.75,578000,129.637817
"857",132.520004,132.520004,127.389999,129.690002,905100,125.702652
"858",129.970001,132.740005,129.639999,130.009995,624300,126.012817
"859",131.830002,135.070007,131.029999,134.419998,768200,130.287231
"860",136.820007,141.399994,136.460007,140.979996,686500,136.645538
"861",139.630005,143.220001,139.559998,142.910004,446900,138.516205
"862",147.809998,154.169998,147.800003,152.199997,963000,147.520584
"863",153.350006,156.949997,153.009995,156.059998,498500,151.261917
"864",152.789993,153.080002,149.729996,151.440002,525600,146.783951
"865",150.419998,150.619995,145.330002,145.550003,534500,141.075027
"866",139.279999,139.279999,132.740005,133.330002,714700,129.230759
"867",137.899994,139.229996,131.619995,135.009995,588300,130.859085
"868",130.179993,136.529999,129.460007,135.460007,609600,131.295242
"869",141.190002,141.660004,135,137.259995,538800,133.039902
"870",138.110001,138.460007,134.850006,135.970001,400100,131.789597
"871",134.479996,136.149994,133.929993,135.610001,396000,131.440659
"872",138.509995,138.509995,134.320007,135.889999,1026100,131.712036
"873",134.600006,135.779999,132.509995,134.889999,402800,130.742783
"874",137.110001,138.389999,135.580002,137.080002,466500,132.865463
"875",135.210007,135.210007,130.490005,130.820007,523900,126.797905
"876",130,131.919998,128.100006,131.690002,536100,127.641167
"877",131.460007,133.860001,130.860001,133.559998,1193700,129.453674
"878",135.509995,137.789993,134.5,136.100006,432400,131.915604
"879",135.5,139.550003,135.5,138.509995,431100,134.251465
"880",139.869995,140.309998,133.100006,134.119995,722700,129.996445
"881",136.039993,138.759995,135.110001,135.990005,519600,131.80896
"882",138.470001,139,135.869995,137.009995,437600,132.797592
"883",135.509995,136.25,133.979996,134.160004,624200,130.035233
"884",133.350006,133.970001,130.710007,132.839996,520700,128.755814
"885",132.589996,132.589996,128.660004,128.889999,4e+05,124.927246
"886",129.660004,131.949997,129.419998,131.899994,295500,127.844704
"887",133.179993,135.509995,131.949997,133.380005,408300,129.279221
"888",132.990005,136.529999,132.210007,136.440002,327600,132.245132
"889",139.520004,141.910004,138.039993,141.440002,410300,137.091415
"890",140.610001,144.320007,140.100006,142.820007,408100,138.42897
"891",143.369995,143.550003,139.330002,139.949997,466200,135.647202
"892",138.970001,139.320007,136.220001,137.160004,258300,132.943008
"893",137.880005,140.490005,137.880005,139.690002,259400,135.395203
"894",139.490005,140.479996,138.369995,139.389999,192100,135.104446
"895",139.139999,143.119995,139.139999,142.330002,314500,137.954041
"896",142.75,143.490005,139.75,141.75,419300,137.391861
"897",141.229996,146.039993,139.020004,145.610001,437900,141.133179
"898",144.419998,145.210007,142.710007,143,346000,138.603424
"899",144,146.369995,143.610001,146.020004,304900,141.530579
"900",144.020004,146.850006,142.360001,145.300003,630600,140.832733
"901",145.5,146.889999,141.550003,145.869995,1034200,141.385193
"902",146.460007,146.460007,141.25,143.619995,518200,139.204376
"903",142.929993,144.759995,142.229996,143.759995,491200,139.340057
"904",145.529999,148.529999,145.529999,148.160004,446400,143.604797
"905",146.600006,148.419998,145.630005,146.229996,311700,141.734116
"906",146.470001,147.389999,145.630005,147.300003,459200,142.771255
"907",147.720001,151.850006,147.720001,150.089996,329000,145.475449
"908",151.889999,155.399994,151.809998,153.880005,466300,149.148941
"909",155.440002,155.440002,152.100006,153.380005,262200,148.664307
"910",152.309998,153.979996,151.809998,153.100006,250200,148.392929
"911",151.979996,155.210007,151.539993,153.639999,162000,148.91629
"912",153.789993,154.449997,151.509995,153.139999,411800,148.431656
"913",152.880005,154.070007,151.589996,151.770004,355800,147.103806
"914",150.869995,152.660004,149.979996,150.300003,262600,146.723099
"915",148.600006,149.75,148.119995,148.869995,335500,145.327118
"916",148.979996,149.619995,147.169998,147.899994,273200,144.380188
"917",147.839996,149.979996,147.490005,149.259995,297200,145.70784
"918",149.979996,149.979996,146.330002,147.830002,258100,144.311874
"919",147.830002,148.25,146.880005,147.210007,174600,143.706635
"920",148.179993,149.649994,147.330002,147.619995,212000,144.106857
"921",147.960007,150.820007,147.149994,150.339996,279900,146.762131
"922",150.100006,150.220001,148.089996,148.270004,376100,144.741394
"923",147.270004,151.380005,146.639999,151.330002,296500,147.728577
"924",151.369995,155.610001,151.369995,155.160004,368100,151.467438
"925",155.639999,156.309998,150.149994,151.300003,296100,147.69928
"926",153.919998,155.160004,150.419998,151.220001,327100,147.621201
"927",151.199997,151.679993,147.570007,147.669998,379400,144.155655
"928",148.770004,151.570007,148.600006,150.449997,226500,146.869507
"929",150.369995,151.669998,147.25,147.710007,212300,144.194733
"930",148.089996,148.880005,146.059998,147.820007,273800,144.302109
"931",149.699997,153.309998,148.960007,152.830002,291200,149.192871
"932",152.669998,154.070007,152.100006,152.960007,235200,149.319778
"933",150.850006,151.240005,146.339996,149.089996,556700,145.541885
"934",147.149994,150.520004,146.149994,148.710007,340900,145.170914
"935",148.380005,151.210007,147.429993,147.529999,442200,144.018997
"936",144.119995,144.990005,139.25,140.919998,282500,137.566315
"937",140.770004,144.770004,140.770004,144.490005,365400,141.051361
"938",144.800003,146.259995,140.690002,141.089996,397000,137.732269
"939",140.820007,143.270004,138.940002,141.389999,260800,138.025131
"940",140.070007,143.110001,140.070007,142.039993,255600,138.659653
"941",144.669998,147.570007,143.270004,146.710007,333700,143.218521
"942",147.210007,147.699997,144.410004,145.399994,239600,141.939682
"943",146.449997,148.990005,145.699997,147.130005,630700,143.62851
"944",147.820007,150,144.110001,145.119995,535000,141.666367
"945",142.149994,148.75,142.149994,148.119995,589500,144.594955
"946",149.889999,152.050003,149.070007,151.630005,305700,148.021423
"947",152.580002,161.470001,151.970001,156.050003,860500,152.336243
"948",157.990005,161.309998,157.559998,158.399994,399400,154.630295
"949",158.300003,159.199997,156.839996,158.389999,278600,154.62056
"950",159.149994,160.229996,156.779999,157.210007,269000,153.468643
"951",157.990005,159.729996,157.169998,157.759995,259200,154.005554
"952",157.199997,158.600006,154.619995,155.470001,280600,151.77002
"953",156.100006,157.550003,154.770004,156.830002,251800,153.097687
"954",154.429993,159.820007,153.470001,157.970001,337700,154.210556
"955",158.860001,161.350006,158.330002,159.160004,417600,155.372223
"956",155.910004,158.919998,154.770004,155.960007,659400,152.248383
"957",156.389999,158.110001,153.869995,154.929993,445700,151.242889
"958",154.889999,156.839996,154.009995,155.270004,636200,151.574799
"959",167.449997,169.990005,162.130005,169.449997,1902600,165.417328
"960",170.919998,171.889999,168.080002,169.389999,657500,165.358765
"961",167.710007,168.75,163.539993,164.25,548000,160.34108
"962",163.279999,163.589996,157.539993,158.419998,601300,154.649841
"963",155.699997,156.570007,153.350006,154.679993,560600,150.998825
"964",153.910004,157.100006,153.399994,155.910004,529500,152.199585
"965",155.889999,158.160004,153.270004,157.529999,443700,153.781021
"966",159.649994,164.220001,159.070007,163.809998,423600,159.911545
"967",165.600006,166.600006,162.199997,163.919998,596500,160.018936
"968",161.300003,161.300003,156.729996,157.630005,465900,153.878632
"969",159.089996,163.440002,158.550003,161.710007,419100,157.861557
"970",163.059998,164.360001,160.759995,162.649994,326100,158.77916
"971",170.300003,178.660004,167.889999,168.259995,804000,164.255646
"972",168.309998,173.720001,167.619995,172.669998,422600,168.560699
"973",173.210007,173.210007,168.529999,170.179993,400400,166.129959
"974",168.789993,170.119995,165.509995,167.419998,389400,163.435654
"975",168.25,172.25,168.100006,171.320007,316600,167.242844
"976",175.160004,175.160004,172.529999,174.610001,424300,170.454544
"977",172.770004,173.910004,169.690002,172.580002,414100,168.472855
"978",173.259995,175.479996,171.029999,171.210007,408600,167.135468
"979",169.539993,172.089996,167.649994,171.720001,312400,168.846344
"980",171.580002,174.100006,170.949997,172.919998,415400,170.02626
"981",174.279999,176.410004,173.520004,176.029999,407600,173.084213
"982",178.5,180.699997,177.009995,179.059998,355600,176.063507
"983",178.119995,178.119995,174.860001,174.960007,355400,172.03212
"984",175.570007,177,174.190002,177,196300,174.037964
"985",175.690002,176.910004,174.809998,175.850006,430900,172.907227
"986",178.100006,178.410004,174.490005,175.789993,408600,172.848221
"987",174.509995,176.380005,173.610001,176.020004,473400,173.074387
"988",176.020004,180.259995,175.759995,177.449997,767100,174.480423
"989",177.839996,181.229996,177.220001,181.130005,393400,178.098862
"990",180.100006,181.639999,178.940002,179.850006,521800,176.840286
"991",178.529999,181.800003,178.059998,180.919998,333400,177.89238
"992",181.679993,183.229996,180.309998,182.080002,356000,179.032974
"993",181.059998,182.229996,178.580002,180.779999,494200,177.754715
"994",179.75,182.520004,179.75,180.779999,477100,177.754715
"995",182.320007,182.339996,175.029999,175.179993,424100,172.248428
"996",177.009995,177.029999,173.690002,174.940002,645300,172.012451
"997",175.339996,175.679993,171.020004,171.919998,707100,169.042999
"998",172,173,169.619995,171.160004,755700,168.295715
"999",171.300003,171.710007,167.830002,169.860001,1223900,167.017456
"1000",168.009995,170.179993,165.559998,169.710007,381000,166.86998
"1001",170.020004,170.199997,166.830002,167.539993,367400,164.736282
"1002",168.240005,169.509995,167.339996,167.839996,255600,165.03125
"1003",169.449997,169.899994,167.649994,169.770004,106400,166.92897
"1004",170.789993,171.899994,169.190002,170.369995,280700,167.518921
"1005",171.399994,171.520004,167.270004,168.860001,154500,166.034195
"1006",169.240005,171.910004,169.240005,170.949997,259900,168.089218
"1007",170.360001,171.389999,169.289993,171.139999,287800,168.276047
