"","TYL.Open","TYL.High","TYL.Low","TYL.Close","TYL.Volume","TYL.Adjusted"
"1",143.800003,144.820007,142.75,144.770004,228400,144.770004
"2",145,147.539993,144.880005,146.610001,255500,146.610001
"3",146.600006,148.869995,145.380005,148.020004,298900,148.020004
"4",148.029999,149.729996,147.179993,147.789993,209700,147.789993
"5",147.630005,149.610001,147.149994,149.320007,228300,149.320007
"6",149.929993,152.369995,149.089996,150.110001,239300,150.110001
"7",150.509995,153.809998,150.179993,151.910004,194300,151.910004
"8",152.149994,152.520004,150,152.130005,191700,152.130005
"9",152.889999,153.919998,150.229996,151.350006,300800,151.350006
"10",151.100006,151.669998,150.199997,151.210007,236100,151.210007
"11",151.190002,151.839996,150.339996,150.979996,203000,150.979996
"12",150.509995,151.320007,148.850006,149.149994,240100,149.149994
"13",150.070007,150.399994,148.490005,148.820007,135900,148.820007
"14",148.679993,149.910004,147.220001,147.330002,188400,147.330002
"15",148.050003,149.360001,146.979996,147.479996,219300,147.479996
"16",147.919998,148.759995,147.679993,148.169998,210700,148.169998
"17",148.809998,148.889999,146.160004,147.630005,131300,147.630005
"18",147.059998,149.339996,147.059998,149.270004,144700,149.270004
"19",148.880005,148.880005,146,147.479996,200800,147.479996
"20",145.929993,146.369995,144.190002,146.020004,256000,146.020004
"21",146.720001,146.75,145.070007,146.320007,256200,146.320007
"22",145.389999,147.5,143.490005,145,269300,145
"23",145.729996,146.690002,144.970001,145.550003,341500,145.550003
"24",144.880005,146.820007,143.380005,146.779999,352600,146.779999
"25",146.600006,147.880005,146.520004,147.169998,195000,147.169998
"26",146.820007,147.300003,145.419998,145.990005,276500,145.990005
"27",147.300003,166.860001,147.300003,160.660004,1107200,160.660004
"28",160.309998,161.240005,155.960007,157.740005,367900,157.740005
"29",157.979996,157.979996,155.610001,155.820007,186800,155.820007
"30",155.25,155.820007,154.139999,155.580002,217400,155.580002
"31",155.570007,156.940002,154.669998,155.649994,311300,155.649994
"32",155.660004,156.710007,153.600006,153.740005,261900,153.740005
"33",154.289993,155.419998,153.009995,154.050003,244200,154.050003
"34",154.309998,156.720001,154.309998,156.479996,236600,156.479996
"35",155.699997,156.779999,154.75,155.139999,140500,155.139999
"36",155.339996,155.699997,153.979996,154.350006,226800,154.350006
"37",154.039993,156.649994,153.820007,156.479996,254700,156.479996
"38",155.479996,156.320007,154.809998,155.630005,185800,155.630005
"39",154.910004,154.910004,151.589996,151.649994,368600,151.649994
"40",152.639999,153.139999,151.479996,152.850006,413800,152.850006
"41",152.860001,152.929993,151.369995,152.229996,161300,152.229996
"42",152.089996,153.270004,151.380005,152.869995,228300,152.869995
"43",151.770004,152.919998,151.529999,152.380005,137800,152.380005
"44",152.75,154.369995,151.889999,153.330002,176700,153.330002
"45",153.679993,154.679993,153.440002,153.820007,312300,153.820007
"46",154.300003,155,152.740005,154.339996,241900,154.339996
"47",154.809998,156.470001,154.25,155.600006,176600,155.600006
"48",155.520004,156.589996,155.009995,156.490005,270900,156.490005
"49",156.289993,156.289993,154.270004,155.270004,158900,155.270004
"50",156.330002,158,154.699997,157.110001,338100,157.110001
"51",157.800003,157.800003,155.580002,156.369995,149900,156.369995
"52",157.130005,157.130005,155.820007,156.350006,242000,156.350006
"53",156.320007,157.929993,155.5,156.25,139600,156.25
"54",156.270004,156.740005,154.339996,154.509995,162600,154.509995
"55",154.460007,155.5,153.899994,155.059998,138300,155.059998
"56",154.869995,155.5,153.710007,154.210007,262400,154.210007
"57",154.690002,154.949997,153.520004,154.479996,116700,154.479996
"58",153.139999,154.399994,152,154.130005,201600,154.130005
"59",153.990005,155.210007,153.25,154.580002,171200,154.580002
"60",154.679993,155.190002,153.580002,154.990005,132600,154.990005
"61",154.210007,155.490005,153.050003,153.589996,115300,153.589996
"62",153.600006,155.190002,153.360001,154.559998,112400,154.559998
"63",154.220001,156.259995,153.380005,153.529999,216500,153.529999
"64",153.119995,154.759995,152,152.580002,229800,152.580002
"65",153.460007,154.119995,152.089996,152.580002,212000,152.580002
"66",152.75,154.949997,152.149994,154.839996,115300,154.839996
"67",154.229996,155.910004,153.419998,153.809998,134200,153.809998
"68",153.940002,154.320007,152.789993,153.619995,101500,153.619995
"69",153.559998,154.990005,152.759995,154.779999,133800,154.779999
"70",154.919998,156.309998,153.800003,154.300003,150200,154.300003
"71",154.300003,155.509995,153.690002,154.279999,126200,154.279999
"72",155.009995,155.630005,154.389999,155.389999,138100,155.389999
"73",155.369995,156.809998,154.610001,156.580002,113200,156.580002
"74",156.419998,158.839996,156.309998,158.479996,140100,158.479996
"75",159.020004,159.020004,157.210007,158.070007,149100,158.070007
"76",158.160004,159.929993,157.600006,158.559998,141100,158.559998
"77",160,162.320007,158.910004,160.470001,138300,160.470001
"78",160.919998,162.460007,159.5,161.830002,178100,161.830002
"79",162.25,162.350006,159.630005,162.050003,234600,162.050003
"80",163.169998,168.949997,163.169998,166.919998,346400,166.919998
"81",166.009995,166.929993,162.160004,163.589996,273500,163.589996
"82",163.229996,164.389999,162.520004,163.770004,203300,163.770004
"83",163.800003,166.360001,163.339996,166.009995,241100,166.009995
"84",166.080002,166.529999,164.820007,165.940002,164900,165.940002
"85",166,167.490005,165.399994,166.429993,138700,166.429993
"86",166.630005,167.160004,164,166.210007,203100,166.210007
"87",165.589996,166.410004,164.460007,165.679993,198100,165.679993
"88",166.320007,166.610001,164.449997,165.679993,298300,165.679993
"89",164.970001,167.320007,164.320007,167.139999,143900,167.139999
"90",167.5,167.5,165.149994,167.020004,121900,167.020004
"91",166.809998,167.830002,165.550003,167.220001,115000,167.220001
"92",167.800003,169.410004,167.710007,168.929993,131700,168.929993
"93",169.229996,169.229996,166.240005,168.869995,169600,168.869995
"94",168.869995,168.869995,166.029999,166.410004,186900,166.410004
"95",166.289993,167.660004,165.160004,166.179993,97900,166.179993
"96",167.210007,169.789993,165.679993,169.169998,156300,169.169998
"97",169.580002,170.589996,168.779999,169.070007,160500,169.070007
"98",170.169998,170.630005,168.380005,169.789993,110400,169.789993
"99",169.789993,171.190002,168.660004,171.009995,149800,171.009995
"100",172.25,173.389999,170.009995,171.380005,119100,171.380005
"101",171,171.410004,170.320007,170.5,120800,170.5
"102",170.669998,170.839996,169.550003,170.759995,119000,170.759995
"103",171.539993,171.820007,169.949997,170.880005,211900,170.880005
"104",170.880005,171.479996,169.259995,171.440002,176600,171.440002
"105",171.889999,173.979996,170.839996,173.279999,168200,173.279999
"106",173.289993,174.639999,172.910004,174,141300,174
"107",173.169998,174.300003,171.509995,171.520004,98800,171.520004
"108",171.690002,172.210007,169.759995,170.949997,108700,170.949997
"109",170.669998,171.509995,168.850006,171.020004,105000,171.020004
"110",171.639999,171.940002,164.470001,166.169998,276400,166.169998
"111",165.080002,168.020004,160.119995,167.779999,195300,167.779999
"112",168.339996,170.639999,167.75,169.899994,194500,169.899994
"113",170.940002,172.169998,167.330002,169.139999,150300,169.139999
"114",168.240005,169.660004,165.399994,169.399994,133300,169.399994
"115",168.960007,171.720001,167.270004,169.830002,355500,169.830002
"116",169.910004,172.539993,168.899994,171.119995,191600,171.119995
"117",170.649994,172.300003,167.589996,170.220001,129200,170.220001
"118",170.070007,172.690002,170.070007,171.639999,120500,171.639999
"119",170.899994,174.75,170.800003,174,254500,174
"120",174.75,177.600006,172.979996,176.940002,306800,176.940002
"121",177.5,177.809998,175.059998,175.240005,131600,175.240005
"122",175.429993,176.630005,174.419998,175.029999,229200,175.029999
"123",175.619995,178.089996,174.770004,177.149994,153300,177.149994
"124",176.660004,177.279999,174.690002,176.830002,233100,176.830002
"125",176.839996,177.940002,175.649994,175.669998,251600,175.669998
"126",175.630005,175.679993,169.429993,169.830002,126000,169.830002
"127",170.589996,172.009995,169.220001,171.240005,180000,171.240005
"128",169.740005,172.199997,169.240005,170.039993,180900,170.039993
"129",170.589996,172.449997,170.25,172.350006,119700,172.350006
"130",172.330002,173.139999,171.259995,171.360001,110600,171.360001
"131",171.820007,172.589996,170.600006,171.190002,175600,171.190002
"132",172.220001,175.820007,172.110001,175.199997,156700,175.199997
"133",175.529999,175.529999,172.699997,174.220001,140200,174.220001
"134",174.210007,176.389999,174.059998,175.789993,154800,175.789993
"135",176.089996,178.690002,175.520004,176.119995,143900,176.119995
"136",175.869995,176.979996,174.320007,176.059998,130700,176.059998
"137",176.520004,178.25,176.080002,177.520004,129700,177.520004
"138",177.580002,179.440002,176.639999,177.559998,104800,177.559998
"139",176.880005,178.25,176.169998,177.339996,94800,177.339996
"140",177,180.279999,177,180.059998,144800,180.059998
"141",180.509995,182.309998,179.800003,181.009995,247300,181.009995
"142",181.279999,182.490005,179.509995,181.330002,226500,181.330002
"143",175.889999,180.809998,165.139999,169.899994,627300,169.899994
"144",169.190002,171.199997,168.529999,169.960007,270800,169.960007
"145",170.259995,173.520004,168.690002,171.809998,330600,171.809998
"146",172.490005,173.520004,171.050003,172.289993,263600,172.289993
"147",172.039993,172.039993,168.149994,170.270004,374600,170.270004
"148",170.899994,171.039993,168.580002,169.649994,136900,169.649994
"149",169.910004,171.089996,169.070007,170.529999,97700,170.529999
"150",170.220001,172.410004,169.419998,169.779999,140200,169.779999
"151",168.779999,169.880005,167.270004,167.490005,106300,167.490005
"152",166.729996,169.539993,166.630005,169.460007,112700,169.460007
"153",168.570007,169,167.360001,167.740005,135900,167.740005
"154",167.039993,170.899994,166.899994,169.529999,187100,169.529999
"155",171.039993,175.199997,170.539993,173.289993,169300,173.289993
"156",173.5,174.75,170.25,170.460007,180800,170.460007
"157",170.929993,172.929993,169.289993,172.320007,186000,172.320007
"158",172.059998,172.350006,169.820007,169.960007,220200,169.960007
"159",169.279999,170.880005,168.429993,169.759995,96800,169.759995
"160",169.649994,170.339996,168.399994,170.130005,76300,170.130005
"161",170.610001,171.970001,170.160004,171.619995,91600,171.619995
"162",170.580002,172.119995,169.509995,170.990005,101700,170.990005
"163",171.639999,171.820007,169.050003,169.970001,101100,169.970001
"164",170.850006,171.539993,169.240005,170.270004,156400,170.270004
"165",170.520004,170.690002,168.690002,169.039993,114300,169.039993
"166",169,169.699997,167.880005,169.050003,162600,169.050003
"167",168.889999,170.690002,168.759995,170.199997,132200,170.199997
"168",170.339996,173.410004,170.25,172.800003,191300,172.800003
"169",173,173,171.220001,171.509995,100800,171.509995
"170",171.199997,171.529999,169.339996,170.559998,136100,170.559998
"171",171.149994,171.789993,169,170.100006,135900,170.100006
"172",170.75,171.25,169.25,169.869995,118100,169.869995
"173",169.630005,170.740005,169.229996,169.710007,125500,169.710007
"174",170.660004,172.949997,170.009995,171.149994,173800,171.149994
"175",171.210007,171.889999,169.520004,171.75,123700,171.75
"176",171.449997,171.820007,169.350006,169.580002,129200,169.580002
"177",168.910004,169.800003,167.800003,169.009995,139700,169.009995
"178",168.449997,170.100006,167.5,169.830002,430800,169.830002
"179",169.839996,171.360001,169.210007,170.119995,140400,170.119995
"180",170.380005,171.460007,169.020004,170.5,142600,170.5
"181",169.919998,170.460007,168.830002,170.410004,177900,170.410004
"182",170.369995,170.699997,168.619995,170.610001,131900,170.610001
"183",171.229996,173.619995,171.210007,173.399994,159000,173.399994
"184",173.399994,173.399994,170.580002,171.970001,155900,171.970001
"185",172.910004,173.130005,169.179993,169.619995,174000,169.619995
"186",170.539993,172.75,169.300003,172.259995,231900,172.259995
"187",171.580002,173.649994,170.809998,173.380005,139400,173.380005
"188",173,174.630005,172.919998,174.320007,246900,174.320007
"189",174.850006,176.970001,173.740005,175.389999,210700,175.389999
"190",175.240005,176.350006,174.720001,175.059998,193200,175.059998
"191",175,175.470001,173.770004,175.309998,161800,175.309998
"192",175.539993,176.529999,174.860001,176.5,126900,176.5
"193",175.960007,177.880005,174.960007,177.460007,107500,177.460007
"194",177.830002,178.399994,177.25,178.25,98200,178.25
"195",178.699997,178.699997,176.100006,176.649994,161000,176.649994
"196",177.160004,177.610001,176.410004,177.529999,162200,177.529999
"197",177.470001,180.940002,177.380005,178.940002,158500,178.940002
"198",179.369995,180.570007,178.220001,179.509995,105600,179.509995
"199",179.690002,180.029999,178.669998,179.580002,166700,179.580002
"200",171.5,175.919998,169.5,175.619995,187600,175.619995
"201",175.759995,176.850006,175.139999,176.160004,136200,176.160004
"202",176.050003,176.240005,175.009995,176.240005,142800,176.240005
"203",176.940002,179.710007,176.009995,177.330002,211200,177.330002
"204",178.300003,178.610001,177.360001,177.779999,174700,177.779999
"205",177.429993,177.589996,176.490005,177.199997,110000,177.199997
"206",176.899994,177.490005,170.279999,170.509995,459000,170.509995
"207",177.679993,183.979996,176.279999,181.860001,519700,181.860001
"208",180.429993,182.050003,179.190002,180.330002,305200,180.330002
"209",179.309998,179.949997,175.860001,176.479996,260500,176.479996
"210",176.490005,177.830002,173.889999,177.289993,150600,177.289993
"211",177.309998,177.309998,173.919998,175.720001,173500,175.720001
"212",175.610001,176.460007,173.919998,174.639999,173300,174.639999
"213",174.690002,176.110001,172.940002,175.919998,158900,175.919998
"214",175.539993,175.990005,173.539993,174.559998,167900,174.559998
"215",175.100006,175.990005,172.179993,172.660004,165700,172.660004
"216",172.199997,173.559998,172.130005,172.679993,122500,172.679993
"217",170.660004,171.419998,168.119995,169.820007,212200,169.820007
"218",168.830002,170.770004,168.529999,170.669998,115900,170.669998
"219",170,170.929993,168.479996,170.889999,151000,170.889999
"220",170.240005,172.380005,170.029999,171.910004,81000,171.910004
"221",171.369995,171.5,170.039993,170.320007,98600,170.320007
"222",171.080002,174.520004,171.080002,173.740005,167800,173.740005
"223",173.649994,176.490005,172.960007,176.139999,202900,176.139999
"224",175.970001,177.630005,174.690002,175.100006,185500,175.100006
"225",175.220001,177.979996,175.220001,177.899994,188700,177.899994
"226",177.889999,178.610001,176.509995,176.630005,110900,176.630005
"227",177.25,178.399994,176.470001,176.869995,51000,176.869995
"228",176.779999,178.729996,176,176.259995,134400,176.259995
"229",176.440002,180.639999,175.880005,180.089996,204000,180.089996
"230",180.220001,180.220001,177.740005,179.869995,238000,179.869995
"231",180.25,183.419998,179.300003,182.919998,272600,182.919998
"232",182.300003,182.889999,181.009995,181.789993,350700,181.789993
"233",183.779999,184.380005,180.839996,183.710007,470600,183.710007
"234",184.020004,188.220001,182.880005,183.699997,522700,183.699997
"235",182.800003,185.610001,181.789993,181.960007,218200,181.960007
"236",181.600006,184.949997,181.600006,184.110001,160300,184.110001
"237",184.800003,185.710007,183.259995,183.649994,201900,183.649994
"238",183.429993,184.380005,182.279999,182.889999,178100,182.889999
"239",183.050003,183.429993,180.889999,181.5,218600,181.5
"240",181.009995,182.610001,180.770004,181.279999,141500,181.279999
"241",181.699997,181.699997,180.039993,180.220001,168300,180.220001
"242",180.520004,182.300003,179.020004,181.089996,441300,181.089996
"243",182.339996,182.990005,181.490005,181.860001,184200,181.860001
"244",181.889999,181.889999,178.770004,180.289993,236500,180.289993
"245",180.300003,180.729996,178.660004,179.110001,142300,179.110001
"246",179.669998,179.970001,178.059998,178.330002,117600,178.330002
"247",178.619995,178.619995,177.029999,177.360001,109900,177.360001
"248",177.089996,178.300003,176.360001,177.809998,134400,177.809998
"249",177.889999,178.699997,177.009995,177.100006,97400,177.100006
"250",177.399994,177.580002,176.449997,177.429993,59100,177.429993
"251",177.5,178.729996,176.539993,177.050003,84100,177.050003
"252",177.830002,179.009995,176.929993,178.690002,183400,178.690002
"253",179,180.279999,178.809998,180.190002,132500,180.190002
"254",180.820007,185.050003,180.820007,183.949997,165100,183.949997
"255",184.580002,185.339996,183.860001,184.389999,113700,184.389999
"256",184.050003,185.520004,182.919998,185.190002,209200,185.190002
"257",185.509995,187.240005,184.789993,186.860001,120000,186.860001
"258",186.089996,186.389999,183.589996,186.110001,180600,186.110001
"259",186.070007,188.080002,185.229996,187.889999,137700,187.889999
"260",187.610001,188.649994,186.899994,187.949997,85000,187.949997
"261",189.710007,190.979996,188.929993,189.630005,173900,189.630005
"262",190.419998,192.389999,189.100006,191.279999,115900,191.279999
"263",191.190002,192.649994,190.649994,191.820007,109600,191.820007
"264",192,194.660004,192,194.100006,107300,194.100006
"265",194.080002,198.139999,193.850006,197.679993,224200,197.679993
"266",197.259995,199.350006,193.990005,199.070007,242300,199.070007
"267",199.600006,200.889999,197.960007,198.589996,195600,198.589996
"268",199.259995,199.649994,197.639999,198.759995,122100,198.759995
"269",199.279999,202.199997,198.559998,202.050003,111600,202.050003
"270",201.610001,202.779999,201.070007,201.949997,145700,201.949997
"271",200.800003,202.850006,199.119995,201.009995,293800,201.009995
"272",201.720001,204.619995,201.050003,201.509995,219900,201.509995
"273",200.470001,201.460007,199.169998,200,218200,200
"274",199.820007,199.820007,196.330002,196.529999,105100,196.529999
"275",194.610001,197.070007,189.860001,189.940002,167000,189.940002
"276",186.520004,190.910004,183.300003,189.75,155900,189.75
"277",189.050003,193.130005,189.050003,190.529999,133800,190.529999
"278",192.5,193.149994,187.360001,187.410004,236300,187.410004
"279",188.759995,193,185,193,697400,193
"280",194.190002,194.860001,189.070007,191.970001,241400,191.970001
"281",191.360001,194.270004,190.600006,193.639999,142400,193.639999
"282",192.139999,198.410004,191.460007,198.410004,234500,198.410004
"283",199.600006,206.869995,198.050003,205.869995,270200,205.869995
"284",205.970001,208.259995,204.039993,205.809998,177700,205.809998
"285",205.759995,208.669998,203.729996,207.520004,271800,207.520004
"286",207.520004,208.600006,204.229996,205.139999,491000,205.139999
"287",207.029999,208,200.210007,201.720001,376400,201.720001
"288",204.229996,206.619995,203.449997,206.470001,226800,206.470001
"289",203.320007,205.919998,201.720001,205.660004,216100,205.660004
"290",205.869995,205.869995,201.979996,203.309998,220100,203.309998
"291",204.330002,206,202.880005,203.110001,192100,203.110001
"292",203,203.820007,199.210007,203.559998,285600,203.559998
"293",202.220001,207.350006,201.100006,207.089996,233900,207.089996
"294",206.369995,210.669998,205.75,210.029999,230400,210.029999
"295",210.970001,212.050003,207.660004,211.880005,340900,211.880005
"296",211.110001,213.220001,209.779999,211.350006,275100,211.350006
"297",211.919998,213.380005,210.089996,211.110001,199500,211.110001
"298",212.259995,213.149994,210.880005,212.199997,323100,212.199997
"299",209,209.529999,206.809998,208.600006,320200,208.600006
"300",209.419998,209.929993,205.330002,209.479996,271700,209.479996
"301",210.460007,211.639999,208.130005,209.25,336800,209.25
"302",209.440002,210,206.589996,209.039993,158800,209.039993
"303",209.539993,211.089996,208.179993,208.679993,352200,208.679993
"304",208.369995,208.490005,205.25,208.039993,223700,208.039993
"305",207.850006,212.5,206.649994,212.399994,204700,212.399994
"306",211.729996,214.330002,211.039993,212.479996,202600,212.479996
"307",211.259995,212.229996,209.149994,210.050003,151300,210.050003
"308",209.740005,211.139999,207.169998,207.369995,194400,207.369995
"309",210.529999,212.979996,207.550003,210.309998,202400,210.309998
"310",211.800003,213.75,207.649994,209.080002,357600,209.080002
"311",208.529999,208.839996,204.570007,206.270004,285900,206.270004
"312",207.020004,211.850006,206.169998,210.960007,140700,210.960007
"313",210.570007,212,203.179993,204.330002,293000,204.330002
"314",205.800003,206.669998,202.25,206.229996,252800,206.229996
"315",203.289993,209.759995,201.910004,209.039993,344400,209.039993
"316",209.830002,211.059998,207.679993,208.800003,261900,208.800003
"317",207.809998,209.559998,205.339996,206.660004,132500,206.660004
"318",207.809998,211.559998,207.460007,209.089996,155600,209.089996
"319",211.259995,213.550003,209.630005,212.759995,172300,212.759995
"320",210.929993,215.369995,210.929993,214.419998,137000,214.419998
"321",215,216.75,210.240005,214.639999,140300,214.639999
"322",215.220001,215.449997,213,214.210007,125700,214.210007
"323",216,219.119995,214.589996,218.899994,337200,218.899994
"324",219.979996,224,219.300003,224,384300,224
"325",224.059998,226.759995,222.139999,225.589996,314400,225.589996
"326",225.889999,226.589996,224.279999,226,473300,226
"327",226.199997,227.100006,224.850006,226.529999,220500,226.529999
"328",227.330002,227.589996,225.25,227.5,462800,227.5
"329",228.970001,230.820007,222.050003,223.050003,220900,223.050003
"330",222.75,222.75,218.550003,220.860001,232000,220.860001
"331",221.889999,222.970001,221.550003,221.809998,206000,221.809998
"332",222.839996,223.919998,220.729996,221.889999,240500,221.889999
"333",223.259995,227.5,218.639999,218.919998,360400,218.919998
"334",219.520004,220.020004,217.479996,220.020004,248000,220.020004
"335",220.029999,222.839996,218.949997,219.179993,264400,219.179993
"336",216.979996,220.690002,214.259995,219.559998,220300,219.559998
"337",218.089996,223.210007,217.259995,222.139999,109300,222.139999
"338",221.940002,224.490005,221,222.139999,283000,222.139999
"339",221.619995,224.020004,220.589996,223.880005,216700,223.880005
"340",224.960007,227.899994,223.899994,227.520004,165900,227.520004
"341",228.479996,229.720001,227.139999,229.5,205700,229.5
"342",229,232.119995,227.009995,231.009995,174500,231.009995
"343",231.679993,232.479996,228.729996,229.070007,272800,229.070007
"344",227.5,228.850006,224.270004,226.630005,244900,226.630005
"345",226.300003,228.820007,225.580002,226.919998,170200,226.919998
"346",226.970001,227.880005,225.570007,227.229996,128000,227.229996
"347",227.619995,228.949997,226.380005,227.75,299100,227.75
"348",228.5,229.529999,224.380005,225.720001,164900,225.720001
"349",225.949997,226.729996,223.660004,224.119995,121000,224.119995
"350",222.970001,226.389999,222.970001,226.389999,176900,226.389999
"351",226.279999,229.229996,225.119995,228.210007,95200,228.210007
"352",227.5,230.160004,225.949997,227.990005,95100,227.990005
"353",226.449997,228.649994,226.029999,227.190002,179900,227.190002
"354",228.190002,231.889999,228.190002,230.940002,218700,230.940002
"355",230.910004,232.139999,229.889999,231.619995,179500,231.619995
"356",232.169998,232.649994,230.949997,231.679993,137500,231.679993
"357",232.130005,236.029999,231.610001,234.970001,225900,234.970001
"358",235.570007,237.800003,235.380005,235.720001,184300,235.720001
"359",236.910004,236.910004,232.619995,235.710007,168500,235.710007
"360",235.5,236.429993,225.850006,228.070007,269400,228.070007
"361",228.070007,231.860001,227.529999,231.699997,214900,231.699997
"362",231.979996,233.050003,231.729996,232.179993,147900,232.179993
"363",232.440002,236.740005,231.070007,236.270004,180600,236.270004
"364",236.270004,237.229996,234.369995,235.740005,158100,235.740005
"365",236.559998,237.490005,235.550003,237,189200,237
"366",236.100006,237.320007,234.610001,236.669998,402200,236.669998
"367",235.110001,237.899994,235.110001,237.880005,192500,237.880005
"368",236.210007,238.570007,232.460007,238.160004,160200,238.160004
"369",238.029999,240.350006,238.029999,239.160004,133500,239.160004
"370",239.179993,239.979996,234.179993,234.539993,121200,234.539993
"371",235.949997,235.949997,230.100006,230.339996,299700,230.339996
"372",230.649994,230.649994,222.690002,224.559998,256100,224.559998
"373",225.559998,227.899994,222.070007,222.830002,333700,222.830002
"374",223.300003,225.389999,217.669998,217.929993,205100,217.929993
"375",217.669998,221.300003,217.449997,220.679993,330000,220.679993
"376",222.210007,223.240005,219.949997,222.100006,258400,222.100006
"377",220.490005,226.869995,219.589996,226.279999,196200,226.279999
"378",227.050003,227.929993,225.289993,225.759995,107300,225.759995
"379",226,226.339996,223.240005,224.779999,283700,224.779999
"380",225.130005,227.589996,225.130005,227.369995,182600,227.369995
"381",228.100006,231.619995,227.110001,231.410004,127500,231.410004
"382",232.119995,233.710007,230.029999,231.050003,101200,231.050003
"383",229.729996,232.979996,229.429993,231.300003,104600,231.300003
"384",233.699997,237.369995,233.380005,236.889999,108500,236.889999
"385",237.220001,237.740005,235.039993,235.839996,94400,235.839996
"386",236.110001,237.259995,234.850006,236.139999,69700,236.139999
"387",235.289993,238.119995,234.5,237.490005,85700,237.490005
"388",237.520004,238.279999,236.449997,237.740005,108500,237.740005
"389",238.630005,239.149994,237.720001,238.440002,108800,238.440002
"390",239.25,240.899994,237.970001,238.449997,136000,238.449997
"391",237.539993,240.979996,236.350006,240.729996,95900,240.729996
"392",241.539993,242.699997,234.759995,236.919998,126400,236.919998
"393",237.610001,239.639999,236.479996,238.339996,136500,238.339996
"394",237.759995,238.419998,235,237.839996,150100,237.839996
"395",243.529999,248.25,229.300003,231.410004,281500,231.410004
"396",230.039993,232.360001,221.360001,224.169998,266700,224.169998
"397",226.139999,229,220.529999,224.990005,160400,224.990005
"398",225.789993,228.229996,224.710007,226.779999,148900,226.779999
"399",225.949997,229.820007,225.949997,228.050003,135100,228.050003
"400",228.389999,228.600006,224.800003,226.690002,113700,226.690002
"401",226.889999,231.630005,226.100006,231.529999,90200,231.529999
"402",232.479996,234.059998,231.029999,233.529999,90600,233.529999
"403",233.130005,235.050003,232.309998,234.179993,75100,234.179993
"404",234.330002,236.979996,233.100006,233.490005,81200,233.490005
"405",232.539993,234.309998,232.460007,233.300003,83400,233.300003
"406",233.460007,234.699997,230.869995,231.389999,101100,231.389999
"407",232.399994,235.119995,230.600006,234.220001,96500,234.220001
"408",233.539993,234.320007,229.419998,232.089996,135300,232.089996
"409",233.389999,235.559998,233.089996,234.399994,120700,234.399994
"410",234.070007,235.039993,233.110001,234.509995,144800,234.509995
"411",235.039993,235.669998,232.639999,234.789993,81300,234.789993
"412",235.229996,239.610001,235.229996,236.360001,118600,236.360001
"413",236.570007,239.199997,235.330002,237.100006,75100,237.100006
"414",237.169998,239.75,236.690002,237.270004,123400,237.270004
"415",238.369995,242.589996,238.369995,242.149994,136400,242.149994
"416",243.490005,244.119995,241.470001,242.380005,109000,242.380005
"417",243.679993,243.919998,242.020004,243.350006,142400,243.350006
"418",243.75,245.410004,243.360001,245.240005,150800,245.240005
"419",245.169998,247.570007,243.360001,245.429993,101500,245.429993
"420",245.050003,248.399994,243.009995,246.949997,134900,246.949997
"421",247.149994,251.729996,246.279999,250.800003,159100,250.800003
"422",249.720001,249.720001,242.679993,246.190002,145100,246.190002
"423",245.929993,249.050003,245.190002,248.330002,203500,248.330002
"424",247.270004,249,245.059998,246.089996,171800,246.089996
"425",248.380005,248.449997,246.880005,247.440002,169800,247.440002
"426",246.470001,252.470001,246.470001,249.929993,150600,249.929993
"427",250,251.399994,246.839996,250.289993,222400,250.289993
"428",251.5,252.179993,246.529999,247.929993,183000,247.929993
"429",248.330002,250.440002,248.070007,249.270004,200900,249.270004
"430",248.570007,248.570007,239.639999,240.169998,234200,240.169998
"431",240.639999,243.820007,240.300003,242.729996,277600,242.729996
"432",242.380005,242.380005,237.449997,239.699997,166700,239.699997
"433",241.210007,242.460007,239.649994,242.100006,214300,242.100006
"434",242.300003,243.449997,239.809998,241.350006,725900,241.350006
"435",240.860001,246.070007,238.380005,245.860001,155800,245.860001
"436",245.729996,248.440002,243.970001,244.169998,205200,244.169998
"437",244.860001,246.550003,242.949997,244.210007,144500,244.210007
"438",244.800003,247.970001,244.309998,244.429993,161700,244.429993
"439",244.229996,246.639999,243.259995,245.059998,176100,245.059998
"440",246.619995,246.619995,239.029999,239.800003,107800,239.800003
"441",240.360001,242.979996,234.759995,236,152900,236
"442",236.960007,238.199997,235.130005,237.229996,86300,237.229996
"443",237.020004,237.289993,228.300003,229.759995,150000,229.759995
"444",229.919998,232,224.270004,225.360001,260300,225.360001
"445",224.449997,224.449997,216.110001,219.970001,186700,219.970001
"446",219.070007,221.190002,217,219.820007,233300,219.820007
"447",218.660004,218.660004,211.210007,212.809998,346400,212.809998
"448",211.380005,215.279999,209,210.800003,265000,210.800003
"449",215.130005,216.910004,210.130005,213.639999,226500,213.639999
"450",213.570007,216.020004,210.550003,213.899994,171800,213.899994
"451",216.970001,224.220001,215.5,223.740005,274300,223.740005
"452",222.789993,222.789993,218.960007,220.380005,129900,220.380005
"453",219.089996,220.070007,214.039993,215.720001,108700,215.720001
"454",216.850006,218.139999,211.100006,212.529999,155600,212.529999
"455",213.869995,215,211.039993,211.119995,334700,211.119995
"456",207.720001,214.25,205.910004,213.279999,186800,213.279999
"457",212.550003,213.279999,206,206.100006,246700,206.100006
"458",208.5,211.889999,206.75,210.559998,207200,210.559998
"459",205.869995,211.149994,205.410004,206.210007,163700,206.210007
"460",209.600006,212.460007,202.169998,205.440002,202300,205.440002
"461",205.130005,211.149994,203.330002,208.210007,195900,208.210007
"462",211.059998,215.929993,210.720001,211.660004,257600,211.660004
"463",209.559998,211.669998,191.910004,195,734700,195
"464",196,198.559998,194.070007,194.899994,408100,194.899994
"465",194.389999,195.649994,187.860001,188,1011200,188
"466",187.279999,189.919998,187,187.300003,970300,187.300003
"467",189.539993,191.169998,187.449997,187.5,1370900,187.5
"468",187.850006,190.009995,184.580002,187.75,909500,187.75
"469",186.440002,191.190002,186.089996,188.479996,383900,188.479996
"470",187.460007,189.050003,184.669998,187.020004,400200,187.020004
"471",187.960007,190.039993,185.759995,187.270004,357200,187.270004
"472",188.5,190.449997,186.529999,187.080002,520200,187.080002
"473",186.300003,190.539993,186.300003,190.179993,337500,190.179993
"474",188.979996,190.350006,187.889999,188.690002,243400,188.690002
"475",188.309998,189.330002,180.630005,181,266000,181
"476",177.809998,184.789993,176.550003,182.399994,304500,182.399994
"477",184.119995,185.919998,182.770004,184.910004,197700,184.910004
"478",183.110001,186.789993,183.110001,186.179993,99900,186.179993
"479",188.529999,189.199997,186.910004,189.110001,191400,189.110001
"480",188.529999,188.910004,187.029999,187.789993,291300,187.789993
"481",189.139999,191.389999,187.539993,190.669998,299100,190.669998
"482",189.350006,192.610001,188.850006,191.070007,355200,191.070007
"483",191.690002,193.940002,190.470001,192.759995,255200,192.759995
"484",195.199997,196.699997,192.160004,193.440002,240500,193.440002
"485",192.070007,193.740005,187.240005,187.330002,224000,187.330002
"486",183.550003,186.240005,181.740005,185.509995,339200,185.509995
"487",185.860001,188.380005,181.110001,182.279999,288700,182.279999
"488",182,188.179993,182,187.059998,314000,187.059998
"489",189.119995,190.339996,183.110001,184.080002,171400,184.080002
"490",186.559998,188.759995,185.149994,187.160004,240000,187.160004
"491",187.589996,188.059998,185.009995,186.350006,131900,186.350006
"492",184.289993,187.220001,184.289993,186.279999,307200,186.279999
"493",185.830002,186.419998,180.5,180.919998,326100,180.919998
"494",182.770004,184.350006,180.800003,183.149994,289200,183.149994
"495",182.710007,187.029999,180.779999,182.690002,253700,182.690002
"496",182.100006,183.5,176.490005,180.139999,357100,180.139999
"497",180.710007,182.710007,176.860001,177.179993,445600,177.179993
"498",176.009995,178,173.259995,173.850006,168700,173.850006
"499",175,181.139999,173.699997,181.119995,179500,181.119995
"500",178.339996,182.880005,177.350006,182.880005,230100,182.880005
"501",183.110001,185.020004,180.380005,181.509995,218700,181.509995
"502",182.820007,186.059998,181.490005,185.820007,311600,185.820007
"503",183.419998,186.940002,181.229996,182.240005,306500,182.240005
"504",181.100006,181.350006,176.270004,176.630005,230700,176.630005
"505",178.839996,182.520004,178.059998,180.160004,455300,180.160004
"506",180.690002,184.869995,177.850006,182.839996,174100,182.839996
"507",184.550003,186.470001,183.259995,185.110001,251700,185.110001
"508",185.580002,186.360001,183.679993,185.440002,205000,185.440002
"509",184.190002,185.949997,183.080002,185.460007,211400,185.460007
"510",184.789993,185.470001,182.910004,183.960007,180400,183.960007
"511",182.850006,184.050003,181.270004,182.649994,165200,182.649994
"512",182.669998,185.699997,181.220001,184.720001,208000,184.720001
"513",185.25,185.949997,183.669998,185.100006,176200,185.100006
"514",184.880005,186.75,184.199997,184.889999,362000,184.889999
"515",186.539993,190.830002,184.770004,189.449997,248200,189.449997
"516",188.419998,189.220001,183.139999,184.210007,250400,184.210007
"517",183.940002,186.369995,183.690002,185.949997,180500,185.949997
"518",185.649994,188.149994,185.539993,187.839996,171400,187.839996
"519",189.839996,191.479996,189.369995,189.759995,256900,189.759995
"520",188.809998,191.410004,188.550003,190.639999,150800,190.639999
"521",190.619995,190.619995,187.649994,188.259995,153800,188.259995
"522",189,190,187.639999,189.460007,134800,189.460007
"523",188.979996,192.479996,188.820007,189.190002,231900,189.190002
"524",190.100006,197.300003,190.009995,196.669998,318700,196.669998
"525",197.080002,200.770004,195.830002,200.589996,523900,200.589996
"526",201.75,205.899994,201.550003,205.679993,346600,205.679993
"527",206.199997,206.399994,202.229996,204.270004,198700,204.270004
"528",202.300003,205.220001,200.710007,203.910004,250400,203.910004
"529",203.139999,208.830002,203.139999,208.199997,238400,208.199997
"530",208.929993,210.75,206.850006,207.529999,295400,207.529999
"531",209.110001,209.779999,206.570007,209.639999,266600,209.639999
"532",209.660004,214,209.660004,213.289993,455800,213.289993
"533",212.520004,216.869995,212.460007,215.75,494500,215.75
"534",216.559998,217.889999,214.580002,216.039993,411100,216.039993
"535",215.399994,216.990005,214.149994,215.839996,212400,215.839996
"536",215.399994,215.520004,211.550003,213.190002,299900,213.190002
"537",208.869995,211.210007,201.199997,208.699997,756700,208.699997
"538",206.479996,209.210007,205.910004,207.550003,478900,207.550003
"539",208.570007,209,205.380005,205.5,353800,205.5
"540",204.610001,206.039993,203.529999,204.380005,367000,204.380005
"541",204,206.779999,203.809998,206.039993,303400,206.039993
"542",205.419998,207.199997,204.729996,204.789993,388800,204.789993
"543",206.910004,207.320007,203.389999,206.279999,267600,206.279999
"544",206.610001,206.679993,199.699997,201.529999,366400,201.529999
"545",201.949997,203.039993,200.589996,200.589996,230800,200.589996
"546",200.279999,201.600006,198.550003,199.410004,208000,199.410004
"547",200.020004,202.029999,198.479996,199.910004,186400,199.910004
"548",197.860001,199.789993,197.100006,199.190002,323600,199.190002
"549",199.5,202.460007,198.529999,202.029999,328400,202.029999
"550",201.970001,202.770004,200.259995,201.369995,337400,201.369995
"551",201.649994,203.610001,200.479996,201.639999,513600,201.639999
"552",201.550003,202.139999,199.320007,201.619995,508700,201.619995
"553",201.660004,203.380005,201.350006,202.389999,553900,202.389999
"554",202.169998,204.639999,201.199997,203.699997,273300,203.699997
"555",204.389999,205.479996,202.929993,204.570007,162300,204.570007
"556",203.759995,205.690002,202.369995,203.509995,156700,203.509995
"557",203.059998,208.429993,203.050003,207.729996,183300,207.729996
"558",206.639999,207.070007,198.949997,199.070007,608000,199.070007
"559",199.070007,199.330002,196.880005,198.089996,204500,198.089996
"560",199.940002,201.279999,198.210007,199.25,405600,199.25
"561",199.550003,200.679993,197.770004,199.850006,274800,199.850006
"562",201.179993,204.710007,200.619995,204.470001,246700,204.470001
"563",205.059998,206.029999,203.610001,204.399994,209900,204.399994
"564",205.979996,207.460007,203.770004,206.869995,164200,206.869995
"565",207,207.600006,205.190002,207.240005,229200,207.240005
"566",208.699997,208.960007,207.389999,208.699997,201000,208.699997
"567",209.119995,209.520004,205.630005,207.729996,206100,207.729996
"568",208.229996,210.330002,207.809998,209.440002,142100,209.440002
"569",209.149994,210.110001,206.25,210.110001,118000,210.110001
"570",210.410004,212.470001,209.509995,211.490005,143100,211.490005
"571",212.050003,214.539993,212.050003,213.070007,211900,213.070007
"572",213.339996,215.589996,212.070007,213.630005,138400,213.630005
"573",214.740005,218.320007,212.720001,217,311500,217
"574",217.009995,217.759995,215.520004,217.759995,116400,217.759995
"575",218.5,220.320007,217.860001,219.429993,192500,219.429993
"576",220.009995,221.699997,218.649994,218.970001,335000,218.970001
"577",219.740005,219.740005,215.479996,218.479996,199000,218.479996
"578",217.449997,220.210007,217.410004,219.690002,215700,219.690002
"579",220.270004,223.610001,219.699997,223.550003,217400,223.550003
"580",224.669998,226.470001,222.570007,222.889999,250500,222.889999
"581",223.330002,224.809998,221.220001,224.059998,189600,224.059998
"582",224.070007,226.419998,222.630005,225.910004,182700,225.910004
"583",227.119995,228.770004,225.570007,228.490005,288300,228.490005
"584",228.100006,232.270004,227.110001,231.910004,343900,231.910004
"585",232.360001,233.149994,224.619995,225.910004,367200,225.910004
"586",220,221.169998,207.529999,216.029999,636500,216.029999
"587",216.539993,220,215.529999,218.289993,270300,218.289993
"588",215,222.669998,213.910004,222.220001,430100,222.220001
"589",220,220.639999,215.75,217.279999,185200,217.279999
"590",217.130005,220.139999,216.009995,217.309998,170700,217.309998
"591",215.330002,216.929993,210.369995,215.699997,225000,215.699997
"592",215,219.960007,212.080002,218.229996,223800,218.229996
"593",213.600006,214.369995,209.869995,210.589996,173600,210.589996
"594",211.119995,215.300003,210.110001,211.179993,208300,211.179993
"595",209.460007,214.080002,209.460007,213.169998,111300,213.169998
"596",214.470001,218,212.899994,217,161600,217
"597",215.199997,217.130005,212.710007,213.710007,139900,213.710007
"598",210.440002,213.699997,209.889999,212.880005,154100,212.880005
"599",214.529999,217.259995,213.039993,217.130005,228300,217.130005
"600",216.110001,220.800003,215.990005,220.100006,217300,220.100006
"601",217.25,217.25,212.149994,213.380005,144700,213.380005
"602",214,216.669998,214,215.449997,119900,215.449997
"603",216.130005,220.710007,215.759995,217.210007,254500,217.210007
"604",216.070007,217.190002,212.5,212.990005,162800,212.990005
"605",213.850006,215.149994,212.330002,213.229996,92400,213.229996
"606",210.699997,215.869995,210.699997,213.350006,160800,213.350006
"607",212.729996,212.729996,205.899994,208.029999,194600,208.029999
"608",209.960007,212.460007,208.690002,211.5,201400,211.5
"609",212.490005,216.449997,211.050003,215.740005,179500,215.740005
"610",215.190002,218.699997,213.240005,218.429993,125700,218.429993
"611",219,220.830002,216.800003,219.910004,155900,219.910004
"612",220.320007,222.789993,218.639999,220.089996,127000,220.089996
"613",221.75,221.75,218.660004,219.5,121700,219.5
"614",219.050003,222.839996,216.690002,222.470001,187400,222.470001
"615",222.789993,224,218.020004,219.389999,228300,219.389999
"616",219.509995,219.809998,217.550003,219.190002,100900,219.190002
"617",217.520004,221.550003,217.009995,219.289993,79100,219.289993
"618",221.110001,223.910004,219.600006,221.059998,79000,221.059998
"619",221.289993,225.699997,220.350006,224.889999,120400,224.889999
"620",227.289993,228.470001,221.110001,222.050003,228800,222.050003
"621",220.779999,225.479996,220.199997,223.800003,237300,223.800003
"622",223.779999,225.119995,217.649994,218.229996,179300,218.229996
"623",217.949997,219.339996,212.779999,213.25,153300,213.25
"624",214.380005,215.850006,210.800003,211.539993,191300,211.539993
"625",212.800003,216.179993,212.460007,213.160004,172700,213.160004
"626",213.630005,217.380005,213.630005,216.020004,351500,216.020004
"627",220.190002,220.559998,217.190002,220.509995,110100,220.509995
"628",220.509995,221.509995,218,220.050003,86900,220.050003
"629",220.889999,222.229996,219.949997,221.059998,47600,221.059998
"630",220.330002,222.020004,218.580002,221.990005,86100,221.990005
"631",221.570007,221.610001,217.399994,218.889999,144300,218.889999
"632",217.240005,222.740005,217.240005,222.529999,223400,222.529999
"633",223.970001,227.179993,223.460007,225.199997,117300,225.199997
"634",225.479996,226.699997,223.929993,226.529999,92400,226.529999
"635",227.130005,227.75,225.600006,227.270004,104100,227.270004
"636",226.5,227.160004,223.399994,225.130005,198800,225.130005
"637",224.779999,226.610001,221.369995,222.860001,138300,222.860001
"638",222.770004,224.729996,221.009995,224.509995,161000,224.509995
"639",224.369995,225.580002,222.490005,224.419998,141200,224.419998
"640",225.539993,226.300003,220.869995,221.020004,159100,221.020004
"641",221.850006,222.389999,219.830002,220.539993,108400,220.539993
"642",221.589996,221.960007,218,219.470001,142200,219.470001
"643",219.100006,223.880005,219.100006,223.720001,144300,223.720001
"644",223.699997,229.119995,220.990005,228.759995,142200,228.759995
"645",229.130005,233.869995,229.130005,232.580002,146200,232.580002
"646",233,233.350006,228.539993,232.479996,163000,232.479996
"647",230.619995,234.389999,230.619995,233.259995,125300,233.259995
"648",233.240005,238.899994,232.889999,233.350006,339600,233.350006
"649",234.419998,250.449997,234.399994,246.839996,791800,246.839996
"650",248,249.910004,243.509995,248.75,625700,248.75
"651",238.800003,245.559998,238.570007,241.25,351000,241.25
"652",243.669998,246.740005,240.169998,246.389999,351900,246.389999
"653",244.949997,251.289993,244.169998,250.279999,359700,250.279999
"654",252,257.51001,250.600006,255.770004,353800,255.770004
"655",253.970001,256.679993,253.970001,255.539993,200800,255.539993
"656",254.970001,254.970001,250.259995,251.75,126500,251.75
"657",251.559998,256.859985,249.300003,254.850006,155900,254.850006
"658",251.279999,252.869995,248.610001,251.229996,157800,251.229996
"659",251.800003,254.729996,250.309998,253.119995,199300,253.119995
"660",254.449997,258.519989,253.050003,254.300003,272800,254.300003
"661",257.179993,257.570007,254.789993,256,163900,256
"662",255,256.459991,250.399994,254.860001,241800,254.860001
"663",257,258.940002,256.779999,257.850006,142700,257.850006
"664",259,259.640015,256.079987,258.589996,134400,258.589996
"665",257.940002,260.040009,252.699997,253.419998,235100,253.419998
"666",255.789993,257.369995,253.369995,257.26001,169300,257.26001
"667",257.329987,258.049988,250.669998,254.630005,263500,254.630005
"668",253.610001,256.399994,250.639999,254.5,172300,254.5
"669",256.630005,258.950012,255.070007,256.049988,174600,256.049988
"670",257.049988,257.299988,252.800003,256.540009,182000,256.540009
"671",255.399994,257.589996,254.279999,256.01001,217100,256.01001
"672",259,259.779999,254.050003,256.589996,219800,256.589996
"673",258,259.700012,254.240005,259.170013,165800,259.170013
"674",259.200012,261.700012,257.589996,257.779999,211600,257.779999
"675",258.959991,259.950012,251.860001,253.720001,254000,253.720001
"676",252.490005,252.619995,248.029999,250.539993,220200,250.539993
"677",250.619995,253.830002,249.440002,252.5,191100,252.5
"678",254.610001,259.450012,254.350006,258.390015,212500,258.390015
"679",258.019989,258.369995,253.649994,256.700012,217400,256.700012
"680",255.199997,258.970001,255.199997,257.649994,165200,257.649994
"681",257.769989,260.970001,256.880005,259.690002,206200,259.690002
"682",259.230011,261.390015,257.619995,260.660004,226400,260.660004
"683",261.5,262.98999,258.829987,259.299988,209000,259.299988
"684",261.23999,262.440002,256.670013,258.320007,349800,258.320007
"685",258.850006,260.459991,257.040009,259.959991,256300,259.959991
"686",260.600006,263.880005,255.789993,256.660004,280000,256.660004
"687",256.660004,263.48999,255.369995,262.959991,254600,262.959991
"688",263.220001,264.519989,260.809998,263.190002,132700,263.190002
"689",265,265,255.669998,256.26001,262800,256.26001
"690",256.200012,263.279999,256.170013,262.5,387900,262.5
"691",263.929993,265.440002,260.940002,262.01001,165600,262.01001
"692",260.600006,261.859985,255.889999,257.859985,194200,257.859985
"693",257.859985,262.98999,255.449997,262.070007,430000,262.070007
"694",262.450012,265.559998,260.170013,262.290009,231300,262.290009
"695",261.390015,261.660004,259.25,260.100006,256300,260.100006
"696",259.359985,263.709991,255.100006,260.480011,258200,260.480011
"697",261.899994,266.579987,261.170013,265.309998,294000,265.309998
"698",264.220001,265.720001,261.859985,264.339996,204000,264.339996
"699",266.339996,270.600006,266.019989,268.23999,173200,268.23999
"700",268.290009,270.51001,267.359985,268.380005,162500,268.380005
"701",268.380005,271.869995,268,269.690002,184500,269.690002
"702",269.420013,269.420013,261.660004,263.290009,308800,263.290009
"703",264.230011,268.779999,263.359985,268.029999,208100,268.029999
"704",268.029999,268.029999,258.959991,263.230011,181200,263.230011
"705",265.149994,265.809998,263.179993,263.279999,119800,263.279999
"706",262.809998,265.790009,259.649994,260.140015,106300,260.140015
"707",259.089996,264.320007,257.690002,258.079987,220900,258.079987
"708",260.73999,265.470001,258.589996,262.799988,196800,262.799988
"709",261.130005,264.570007,259.019989,260.929993,218400,260.929993
"710",262.230011,263.660004,260.390015,262.320007,168600,262.320007
"711",262.130005,266.119995,261.429993,264.380005,165400,264.380005
"712",264.540009,269.420013,262.880005,269.140015,285000,269.140015
"713",245,274.890015,245,268.519989,680300,268.519989
"714",269.410004,275,267.769989,271.970001,231100,271.970001
"715",272.75,272.75,269.279999,269.829987,241600,269.829987
"716",269.670013,272.079987,268.670013,271.839996,223000,271.839996
"717",272.279999,276.440002,269.839996,276.059998,186100,276.059998
"718",277.380005,277.660004,273.23999,274.149994,208000,274.149994
"719",274.200012,278.890015,271.859985,277.720001,283100,277.720001
"720",276.290009,281.209991,275.01001,279.619995,194000,279.619995
"721",280,284.329987,277.839996,278.380005,302300,278.380005
"722",277.190002,281.029999,275.869995,279.890015,203300,279.890015
"723",279.609985,282.660004,278.619995,282.279999,198300,282.279999
"724",283.75,286.73999,282,284.829987,332400,284.829987
"725",284.299988,288.5,283.809998,285,296500,285
"726",284.98999,288.23999,284.279999,286.929993,244800,286.929993
"727",285.98999,290.279999,284.230011,287.779999,409300,287.779999
"728",288.73999,290.609985,285.209991,286.899994,236600,286.899994
"729",289.049988,289.790009,285.730011,287.109985,230100,287.109985
"730",288.570007,291.420013,287.950012,289.329987,479800,289.329987
"731",289.440002,293.23999,289.200012,292.450012,2561700,292.450012
"732",293.529999,293.839996,289.160004,291.089996,466100,291.089996
"733",290.350006,293.23999,288.619995,290.170013,175600,290.170013
"734",289.329987,290,283.350006,289.279999,493900,289.279999
"735",287.589996,289.980011,284.660004,289.140015,323600,289.140015
"736",290,290.640015,285.850006,287.720001,349300,287.720001
"737",286.029999,286.309998,282.640015,285.869995,282500,285.869995
"738",286.640015,288.570007,285.179993,286.269989,248000,286.269989
"739",286.269989,287.23999,284.829987,285.350006,191200,285.350006
"740",284.98999,285.570007,280.809998,280.869995,184600,280.869995
"741",280.769989,280.829987,277.700012,279.420013,269600,279.420013
"742",278.890015,280.779999,277.190002,280.730011,319800,280.730011
"743",280.779999,284.709991,280.029999,284.700012,237100,284.700012
"744",285.820007,290.600006,285.029999,289.950012,309700,289.950012
"745",289.140015,292.160004,286.700012,291.850006,279500,291.850006
"746",291.600006,295,291.399994,294.5,291400,294.5
"747",295.359985,296.429993,293.429993,296.429993,370800,296.429993
"748",297.730011,299.850006,297.209991,299.779999,490200,299.779999
"749",300.220001,301.390015,296.589996,297.410004,260700,297.410004
"750",297.910004,298.589996,296.220001,298.390015,97000,298.390015
"751",299.140015,300.579987,298.269989,300.440002,170500,300.440002
"752",300,300.73999,298.799988,300.570007,201800,300.570007
"753",300.160004,300.899994,294.779999,298.359985,300500,298.359985
"754",297.73999,300.26001,296.079987,300.019989,384700,300.019989
"755",301.890015,306.399994,301.299988,306.23999,343900,306.23999
"756",302.320007,308.420013,302.320007,306.670013,165000,306.670013
"757",304,310.429993,302.630005,310.209991,228600,310.209991
"758",320.459991,320.459991,306.160004,311.269989,220000,311.269989
"759",311.709991,314.820007,310.98999,310.98999,214100,310.98999
"760",313.209991,313.5,310.649994,311.390015,334600,311.390015
"761",313.070007,313.070007,309.589996,310.230011,253200,310.230011
"762",307.720001,311.779999,307.720001,309.619995,169600,309.619995
"763",309.540009,311.01001,307.540009,308.570007,178100,308.570007
"764",308.899994,312.51001,308.899994,311.309998,240300,311.309998
"765",313.040009,315.01001,311.429993,312.190002,259100,312.190002
"766",313.480011,313.480011,308.730011,309.029999,310600,309.029999
"767",308.459991,312.600006,306.940002,310.839996,207400,310.839996
"768",312.600006,314.420013,311.230011,311.480011,273100,311.480011
"769",311.540009,313.859985,310.839996,311.75,198000,311.75
"770",313.690002,315.26001,308.809998,309.899994,163000,309.899994
"771",304.910004,310.459991,304.049988,308.700012,191400,308.700012
"772",310.149994,317.26001,308.73999,313.690002,186400,313.690002
"773",315.019989,317.700012,314.070007,316.230011,135400,316.230011
"774",315.5,321.529999,315.339996,321.429993,218900,321.429993
"775",321.019989,324.390015,320.190002,323.679993,363800,323.679993
"776",325.679993,330.23999,324.730011,329.269989,397500,329.269989
"777",332.200012,338.410004,331.399994,337.440002,246300,337.440002
"778",336.299988,336.299988,326.579987,330.23999,216700,330.23999
"779",330.470001,333.920013,328.450012,333.01001,121000,333.01001
"780",332.73999,334.160004,329.230011,329.73999,193800,329.73999
"781",329.320007,333.859985,327.980011,332.190002,292100,332.190002
"782",333.5,338.179993,331.109985,335.290009,188000,335.290009
"783",336.429993,338.619995,332.470001,338.429993,245600,338.429993
"784",335.059998,340.51001,329.359985,334.170013,302400,334.170013
"785",333.200012,340.799988,333.200012,338.25,349100,338.25
"786",324.309998,334.589996,324.309998,332.920013,374400,332.920013
"787",335,336.970001,330.970001,331.589996,602400,331.589996
"788",331.309998,335.26001,326.339996,334.160004,236700,334.160004
"789",333.940002,334.940002,329,330.149994,347100,330.149994
"790",321.049988,328.75,318.459991,326.440002,252300,326.440002
"791",329.160004,329.720001,320.220001,322.029999,264000,322.029999
"792",322.600006,329.049988,321.48999,324.320007,191500,324.320007
"793",319.329987,326.769989,315.399994,315.649994,279700,315.649994
"794",309.279999,314.029999,302.380005,313.350006,571500,313.350006
"795",314.450012,332.649994,313,331.660004,567200,331.660004
"796",332.440002,334.359985,319.109985,323.970001,385300,323.970001
"797",331,337.309998,324.320007,336.570007,300700,336.570007
"798",330.910004,331.75,320.76001,323.440002,197700,323.440002
"799",316.839996,322.869995,311.899994,321.649994,209000,321.649994
"800",304.640015,312.390015,292.209991,301.980011,393500,301.980011
"801",309.850006,310.470001,289.75,299.140015,419700,299.140015
"802",293.600006,297.48999,283.450012,288.420013,348100,288.420013
"803",272.070007,282.329987,264.450012,274.709991,517300,274.709991
"804",286.25,288.859985,270.690002,287.130005,475600,287.130005
"805",256.75,279.98999,254.509995,264.829987,394500,264.829987
"806",269.980011,287.329987,265.920013,286.320007,319300,286.320007
"807",264.559998,279.269989,247.220001,265.859985,446700,265.859985
"808",266.369995,272.820007,257.75,264.149994,233000,264.149994
"809",265.269989,272.380005,257.829987,260.76001,433500,260.76001
"810",261.440002,272.279999,257.799988,265.660004,410300,265.660004
"811",274.600006,279.959991,268.660004,270.980011,294300,270.980011
"812",271.920013,274.559998,258.01001,262.140015,468500,262.140015
"813",263.600006,289.079987,263.600006,289.079987,299700,289.079987
"814",283.380005,288.290009,277.649994,282.829987,208200,282.829987
"815",286.660004,301.26001,285.660004,300.809998,331400,300.809998
"816",296.369995,308.309998,294.769989,296.559998,523600,296.559998
"817",292.109985,299.230011,286.920013,291.579987,279700,291.579987
"818",288.690002,290.98999,276.950012,280.339996,373400,280.339996
"819",277.429993,285.390015,275.380005,284.820007,254900,284.820007
"820",287.339996,300.179993,285.26001,299.850006,330300,299.850006
"821",304.880005,309.880005,291.160004,294.029999,360900,294.029999
"822",297.649994,309.839996,292.890015,308.929993,283600,308.929993
"823",310.559998,316.059998,307.209991,311.98999,292200,311.98999
"824",308.720001,312.929993,304.51001,306.029999,161700,306.029999
"825",312.929993,327.619995,310.920013,327.130005,355200,327.130005
"826",323.619995,327.630005,318.019989,323.450012,264500,323.450012
"827",326.690002,330.359985,323.440002,326.5,420400,326.5
"828",331.48999,331.679993,320.700012,326.720001,304800,326.720001
"829",325.799988,336.019989,322.290009,328.049988,207500,328.049988
"830",322.690002,322.690002,311.619995,312.899994,221900,312.899994
"831",319.690002,322.880005,315.029999,318.220001,324700,318.220001
"832",318.290009,324.559998,316.5,319.359985,329100,319.359985
"833",321.75,321.75,312.51001,314.709991,494500,314.709991
"834",316.230011,323.170013,314.329987,320.940002,216600,320.940002
"835",325.809998,326,311.429993,312.01001,234400,312.01001
"836",315.519989,323.470001,311.01001,320.98999,312500,320.98999
"837",317.359985,324.820007,305.299988,320.690002,470200,320.690002
"838",318,318,311.570007,314.779999,326300,314.779999
"839",315,316.779999,308.920013,314.73999,276400,314.73999
"840",313.720001,325.350006,313.720001,322.559998,217400,322.559998
"841",325.070007,328.209991,321.079987,326.359985,224000,326.359985
"842",330.079987,334.649994,327.579987,332.589996,293500,332.589996
"843",337.429993,337.730011,329.570007,330.230011,209400,330.230011
"844",328.670013,337.660004,328.670013,335.609985,523700,335.609985
"845",337.040009,339,331.230011,331.899994,201300,331.899994
"846",330.76001,335.369995,326.160004,331.73999,233200,331.73999
"847",329.329987,334.5,326.359985,334.040009,220200,334.040009
"848",332.980011,354.929993,332.5,354.75,538800,354.75
"849",356.130005,366.269989,351.76001,352.079987,340300,352.079987
"850",353.220001,357.380005,352.559998,352.850006,298900,352.850006
"851",356.76001,368.980011,356.130005,361.630005,363600,361.630005
"852",359.179993,360.299988,350.480011,354.429993,350800,354.429993
"853",355.350006,361.140015,353.26001,360.049988,231400,360.049988
"854",363.970001,364.790009,350.910004,352.779999,322000,352.779999
"855",350.920013,365.230011,343,365,529400,365
"856",365.660004,379.559998,365.660004,370.450012,526900,370.450012
"857",372.350006,379.929993,369.350006,375.309998,1694000,375.309998
"858",373.339996,379.5,372.720001,375.850006,392200,375.850006
"859",379,382.660004,368.549988,382.660004,319300,382.660004
"860",381.619995,382.920013,374.190002,378.149994,287800,378.149994
"861",375.309998,378.880005,368.26001,371.579987,293900,371.579987
"862",367.579987,372.929993,355.190002,358.429993,521000,358.429993
"863",354.98999,359.640015,353.089996,358.170013,281600,358.170013
"864",360.869995,360.869995,354.73999,355.609985,265400,355.609985
"865",359.320007,366.809998,357.869995,363.829987,304600,363.829987
"866",360.25,363.140015,351.73999,351.899994,228500,351.899994
"867",360,364.26001,337.850006,342.709991,486300,342.709991
"868",337.040009,342.720001,332.420013,341.079987,629100,341.079987
"869",350,355.160004,341.540009,342.799988,393300,342.799988
"870",344.369995,347.480011,337.149994,339.049988,709100,339.049988
"871",341.220001,351.029999,337,342.549988,687700,342.549988
"872",344.420013,349.359985,330.380005,333.209991,7629900,333.209991
"873",333.559998,342.869995,332.670013,338.299988,609100,338.299988
"874",339.709991,340.890015,332.929993,334.470001,603200,334.470001
"875",333.660004,340.380005,328.019989,338.470001,516600,338.470001
"876",338.480011,341.529999,332.880005,340.320007,360700,340.320007
"877",340.320007,345.220001,335.880005,340.790009,800800,340.790009
"878",339.950012,341.820007,332.380005,339.859985,317100,339.859985
"879",339.109985,348.130005,337.839996,346.880005,337300,346.880005
"880",347.920013,351.390015,345.480011,350.320007,322900,350.320007
"881",351.48999,357.339996,350.390015,355.220001,350800,355.220001
"882",359.73999,360.119995,350.399994,352.470001,362500,352.470001
"883",352.470001,356.679993,347.790009,352.519989,321000,352.519989
"884",354.700012,358.98999,353.179993,355.040009,296300,355.040009
"885",358.600006,363.01001,354.670013,361.290009,281100,361.290009
"886",361.450012,362.070007,354.23999,359.730011,241400,359.730011
"887",361.279999,361.839996,343.040009,344.970001,392700,344.970001
"888",342.600006,349.670013,341.329987,347.570007,333200,347.570007
"889",351.350006,354.640015,346.920013,351.220001,195300,351.220001
"890",351.350006,352.850006,346.859985,351.320007,161000,351.320007
"891",353.670013,356.040009,348.799988,355.799988,133000,355.799988
"892",358.390015,371.73999,358.390015,370.399994,249300,370.399994
"893",372.410004,372.410004,365.799988,369,161400,369
"894",370.170013,370.549988,363.299988,367.859985,171100,367.859985
"895",367.470001,374.980011,362.320007,363.459991,198500,363.459991
"896",361.179993,361.179993,352.559998,357.190002,266400,357.190002
"897",360.670013,361.899994,356.179993,359.089996,168900,359.089996
"898",352.910004,356.160004,346.209991,347.26001,252900,347.26001
"899",347.660004,352.179993,345.019989,350.769989,392900,350.769989
"900",345.850006,355.410004,339.299988,350.040009,361300,350.040009
"901",354.119995,357.25,346.890015,357.25,265100,357.25
"902",358,366.720001,352.130005,363.970001,270600,363.970001
"903",363.140015,366.140015,358.390015,365.940002,218900,365.940002
"904",366.130005,371.049988,364.640015,365.589996,199900,365.589996
"905",366.279999,368.929993,362.709991,364.109985,218000,364.109985
"906",363.230011,364.299988,351.5,356.880005,208500,356.880005
"907",356.779999,356.779999,335.98999,336.369995,416400,336.369995
"908",335.420013,336.519989,325.130005,326.940002,498200,326.940002
"909",328.109985,334.809998,328.109985,328.76001,266900,328.76001
"910",329.700012,339.480011,329.700012,338.299988,278300,338.299988
"911",340.029999,342.869995,334.73999,335.570007,192100,335.570007
"912",337.200012,341.980011,336.859985,340.809998,187100,340.809998
"913",342.190002,344.519989,338.929993,340.040009,216300,340.040009
"914",341.73999,343.899994,336.869995,338.179993,178000,338.179993
"915",337.790009,343.5,336.399994,339.5,202100,339.5
"916",341.049988,344.399994,338.299988,339.910004,725100,339.910004
"917",343.579987,344.839996,334.589996,340.019989,266100,340.019989
"918",340,343.670013,338.839996,342.230011,188500,342.230011
"919",342.679993,346.899994,342.279999,343.829987,217000,343.829987
"920",346.429993,346.429993,338.320007,340.380005,206700,340.380005
"921",341.23999,343.480011,331.980011,337.630005,271300,337.630005
"922",339.579987,346.329987,337.140015,345.309998,346900,345.309998
"923",345.690002,349.950012,340.670013,347.619995,262700,347.619995
"924",350,351.880005,342.059998,349.779999,232200,349.779999
"925",344.149994,348.809998,335.420013,340.329987,426000,340.329987
"926",336.440002,338.779999,322,329.809998,276400,329.809998
"927",322.559998,329.799988,320.660004,325.410004,301300,325.410004
"928",332.040009,333,327.329987,329.630005,269200,329.630005
"929",332.950012,334.640015,325.01001,326.399994,238200,326.399994
"930",328.799988,331.209991,319.579987,325.329987,252000,325.329987
"931",329.25,334.720001,326.980011,330.049988,193700,330.049988
"932",331.809998,337.73999,329.709991,336.130005,304600,336.130005
"933",337.119995,339.269989,330.75,331.079987,191400,331.079987
"934",326.410004,333.679993,324.089996,333.679993,281100,333.679993
"935",334.23999,338.190002,328.869995,332.51001,757800,332.51001
"936",330.170013,333.630005,324.670013,328.959991,229100,328.959991
"937",338.799988,344.420013,330.75,344.029999,404400,344.029999
"938",341.839996,344.230011,337.380005,338.799988,248200,338.799988
"939",337.109985,341.570007,331.140015,334.23999,185300,334.23999
"940",334.410004,345.940002,332.200012,345.459991,197600,345.459991
"941",346.290009,350.790009,340.839996,346.690002,246300,346.690002
"942",347.799988,348.790009,345.649994,346.519989,172100,346.519989
"943",348.369995,352.5,344.600006,348.559998,345400,348.559998
"944",352.570007,358.440002,349.339996,357.26001,209900,357.26001
"945",352.369995,354.440002,346.450012,350.720001,195400,350.720001
"946",351.76001,357.529999,349.230011,357.170013,176400,357.170013
"947",355.309998,369.779999,355.190002,363.940002,210800,363.940002
"948",366.230011,376.029999,362.730011,375.76001,229800,375.76001
"949",378.420013,379.279999,373.01001,378.429993,142300,378.429993
"950",380,390.200012,378.040009,389.279999,320000,389.279999
"951",392.929993,395.970001,388.290009,394.75,212600,394.75
"952",394.980011,399.26001,391.059998,393.01001,199800,393.01001
"953",395.049988,396.269989,389.579987,393.51001,137500,393.51001
"954",388.579987,397.950012,387.450012,396.700012,147300,396.700012
"955",399.570007,402.029999,396.950012,398.519989,104200,398.519989
"956",400,404.230011,392.929993,394.140015,178400,394.140015
"957",396.26001,400.899994,392.630005,396.25,140400,396.25
"958",397.980011,401.359985,393.98999,396.880005,156600,396.880005
"959",396.630005,400.660004,389.959991,399.01001,327300,399.01001
"960",399.980011,404.769989,396.600006,404.399994,128800,404.399994
"961",403.350006,404.950012,395.470001,398.940002,196900,398.940002
"962",400.920013,403.660004,396.089996,397.059998,147300,397.059998
"963",393.519989,393.519989,384.029999,386.309998,211300,386.309998
"964",385.119995,391.480011,384.540009,388.670013,147000,388.670013
"965",385.98999,387.369995,377.410004,384.380005,209100,384.380005
"966",385.320007,395.01001,383.109985,387.440002,311700,387.440002
"967",390.230011,397.299988,390.230011,395.26001,188300,395.26001
"968",403.720001,411.920013,397.290009,405.980011,280100,405.980011
"969",415,428.850006,408.570007,409.899994,591900,409.899994
"970",408.850006,417.429993,408.850006,414.450012,405300,414.450012
"971",416.75,429.910004,409.269989,420.420013,379000,420.420013
"972",415.690002,420.420013,404.920013,414.940002,269800,414.940002
"973",419.109985,426.529999,418.48999,422.910004,217200,422.910004
"974",425,426.920013,411.140015,414.179993,187300,414.179993
"975",417.540009,418.299988,411.119995,416.149994,124500,416.149994
"976",412.279999,417.290009,410.98999,414.119995,118600,414.119995
"977",413.059998,415.809998,410.200012,413.670013,152300,413.670013
"978",413.179993,413.570007,406.970001,408.940002,153000,408.940002
"979",408.109985,416.309998,405.200012,414.380005,113600,414.380005
"980",414,417.559998,411.070007,414.470001,251200,414.470001
"981",415.98999,418.220001,411.970001,413.519989,120400,413.519989
"982",413.519989,413.959991,409.220001,410.850006,142100,410.850006
"983",413.390015,415.829987,409.720001,414.890015,145100,414.890015
"984",419.149994,426.309998,416.160004,426.109985,78500,426.109985
"985",424.660004,428.179993,421.170013,427.600006,249300,427.600006
"986",427,435.26001,422.519989,432.119995,393900,432.119995
"987",428.290009,429.679993,414.369995,418.170013,242300,418.170013
"988",417.230011,423.73999,416.559998,417.529999,145400,417.529999
"989",416.920013,425.140015,415.959991,420.440002,142700,420.440002
"990",422.820007,436.880005,422.820007,436.75,323700,436.75
"991",434.76001,447.679993,434.76001,447.440002,257200,447.440002
"992",444.459991,447.220001,438.559998,444.700012,480700,444.700012
"993",442.600006,450.470001,438,449.589996,207400,449.589996
"994",448.220001,452.76001,444.450012,450.799988,284400,450.799988
"995",450.619995,451.829987,443.929993,446.48999,261800,446.48999
"996",448.23999,452.390015,446.230011,452.339996,228300,452.339996
"997",452.339996,462.450012,450,461.859985,410600,461.859985
"998",464.73999,466.209991,451.299988,455.279999,406700,455.279999
"999",455.279999,457.209991,444.670013,448.809998,696100,448.809998
"1000",442.98999,446.769989,431.140015,433.98999,532000,433.98999
"1001",435.51001,439.190002,433.5,438.519989,352200,438.519989
"1002",440.720001,440.790009,432.299988,432.98999,193300,432.98999
"1003",431.720001,434.869995,430.640015,434.26001,369200,434.26001
"1004",439.73999,439.880005,429.029999,431.929993,145100,431.929993
"1005",434.640015,434.839996,426.399994,429.369995,106000,429.369995
"1006",432.399994,434.290009,428.420013,428.929993,302900,428.929993
"1007",428.420013,437.209991,427.619995,436.519989,284200,436.519989
