"","UNH.Open","UNH.High","UNH.Low","UNH.Close","UNH.Volume","UNH.Adjusted"
"1",161.130005,162.270004,159.149994,161.449997,3539700,150.20491
"2",162.350006,162.580002,159.740005,161.910004,2695200,150.632874
"3",161.75,162.630005,161.509995,162.179993,2961100,150.884048
"4",161.75,162.940002,161.110001,162.410004,3081300,151.098053
"5",162,162.429993,160.779999,161.949997,3040800,150.67009
"6",161.270004,162.979996,160.5,161.580002,3500700,150.325851
"7",161.300003,162.940002,160.610001,161.889999,3330600,150.614273
"8",161.690002,162.940002,160.889999,162.360001,2555900,151.051529
"9",162.160004,162.740005,161.410004,161.800003,3183300,150.530548
"10",162.610001,162.970001,157.509995,160.660004,5475800,149.46994
"11",161.059998,161.199997,156.089996,157.740005,6591600,146.753342
"12",157.740005,160.550003,157.240005,158.699997,4976900,147.646423
"13",159.020004,159.800003,157.809998,158.660004,3579100,147.609253
"14",158.619995,159.520004,156.559998,159.070007,4062600,147.990723
"15",159.360001,161.309998,159.100006,160.429993,3514100,149.255966
"16",160.820007,161.979996,160.350006,161.240005,3605800,150.009552
"17",161.860001,163.580002,161.25,162.75,4202400,151.414368
"18",163.5,163.800003,162.619995,162.990005,3110400,151.637619
"19",162.940002,163.460007,161.309998,162.089996,2784600,150.800339
"20",161.619995,162.190002,160.009995,162.100006,3037000,150.809601
"21",162.75,163.899994,162.029999,162.710007,3718500,151.377136
"22",162.520004,163.25,160.259995,160.759995,4714000,149.562973
"23",161.130005,162,160.210007,161.869995,2762300,150.595657
"24",161.509995,162.529999,160.220001,160.509995,3479400,149.330383
"25",161.050003,161.679993,159.539993,160.529999,2942700,149.348969
"26",160,160.630005,159.410004,160.309998,2339700,149.144302
"27",160.309998,161.300003,159.559998,160.440002,3056800,149.265244
"28",160.119995,161.589996,160.100006,160.75,1905900,149.55365
"29",160.690002,162.020004,160.690002,161.990005,3275800,150.707291
"30",161.449997,163.5,161.25,163.130005,2969400,151.767883
"31",162.580002,164.889999,162.580002,164.289993,4537900,152.847122
"32",164.779999,164.970001,162.330002,163.649994,3191600,152.251663
"33",159,160.160004,156.490005,157.619995,12033600,146.641678
"34",157.619995,160.820007,157.520004,160.570007,5419000,149.3862
"35",160.910004,161.779999,159.639999,160.570007,2725300,149.3862
"36",161.330002,162.600006,160.690002,162.600006,2459600,151.274811
"37",162.669998,163.089996,161.740005,163.059998,2715700,151.702759
"38",163.160004,165.460007,162.809998,165.380005,4071800,153.861191
"39",165.470001,166.759995,164.899994,165.380005,4382100,153.861191
"40",166.720001,168.600006,166.350006,167.940002,3514200,156.242874
"41",168.320007,168.429993,166.960007,167.309998,1889800,155.656769
"42",167.309998,168.449997,166.619995,168.199997,2254400,156.484772
"43",167.429993,169.350006,167.130005,168.699997,2576500,156.949936
"44",168.449997,169.360001,167.929993,168.300003,2702300,156.577805
"45",167.509995,168.460007,166.800003,167.910004,2048200,156.797256
"46",168.149994,169.070007,167.740005,168.009995,3631400,156.89064
"47",168.419998,170,168.059998,169.979996,3716600,158.73027
"48",169.990005,170.929993,169.550003,170.210007,3130200,158.945007
"49",169.660004,170.179993,168.5,169.059998,2522600,157.87114
"50",169.360001,171.970001,169.289993,171.779999,2807600,160.411133
"51",172.070007,172.139999,170.220001,171.300003,3138600,159.962906
"52",171.089996,171.539993,169.589996,169.699997,5622900,158.468796
"53",169.929993,170.240005,167.919998,168,3928600,156.881317
"54",168.669998,168.820007,167.059998,167.699997,4953100,156.601166
"55",168.130005,168.380005,165.630005,167.029999,2999800,155.97551
"56",166.229996,166.929993,164.770004,165.289993,3947400,154.350647
"57",166.130005,167.399994,164.350006,165,5243900,154.079834
"58",163.990005,165.110001,163.309998,164.600006,4383000,153.706329
"59",164.580002,166.070007,163.839996,165.350006,7327100,154.406677
"60",164.660004,164.970001,162.740005,163.440002,5900400,152.623108
"61",163.649994,165.929993,163.460007,164.990005,2993800,154.070511
"62",164.639999,165.100006,163.75,164.009995,3496100,153.155365
"63",164.619995,166.139999,164.25,165.589996,3473700,154.630783
"64",165.869995,166.449997,164.789993,164.970001,2886000,154.051865
"65",165.759995,167.259995,165.220001,165.369995,3541600,154.425369
"66",165.449997,166.020004,164.839996,165.339996,2923600,154.397369
"67",164.960007,166.5,164.619995,166.020004,2927800,155.032318
"68",166.190002,167,165.279999,165.479996,3234900,154.528061
"69",164.889999,165.839996,164.600006,165.830002,3172900,154.854965
"70",166.320007,166.419998,164.600006,165.559998,2978700,154.602768
"71",164.949997,165.649994,164.669998,164.960007,1979800,154.042496
"72",164.990005,167.419998,164.960007,167.179993,4396700,156.115555
"73",170.059998,170.229996,167.699997,168.589996,5526200,157.432266
"74",169.589996,171.190002,168.690002,169.25,4703400,158.048584
"75",169.520004,172.190002,168.369995,171.539993,3652100,160.186996
"76",172.130005,172.619995,170.470001,171.160004,2982300,159.832169
"77",172.660004,173.160004,171.699997,172.330002,2830300,160.924713
"78",173.5,174.740005,173.190002,174.039993,3394700,162.521561
"79",174.089996,175.649994,173.979996,174.380005,2817500,162.839035
"80",174.070007,176.070007,174.020004,174.630005,2438600,163.072495
"81",174.610001,175,173.910004,174.880005,2010800,163.305969
"82",175,176.139999,174.089996,174.589996,2709700,163.035141
"83",174.910004,175.369995,170.270004,174.139999,4951000,162.614914
"84",173.75,174.300003,171.860001,172.539993,3622200,161.120804
"85",173.050003,174.210007,172.380005,174.020004,2585200,162.502884
"86",174.539993,174.880005,173.309998,174.119995,2189000,162.596222
"87",173.929993,174.559998,173.570007,174.440002,2505900,162.895081
"88",174.100006,174.770004,172.729996,173.240005,1653700,161.77449
"89",173.039993,173.639999,172.460007,173.389999,1568700,161.914581
"90",172.759995,173.860001,171.669998,173.320007,1901300,161.849213
"91",172.639999,173.389999,171.520004,171.809998,2335400,160.439117
"92",171.789993,172,170.229996,171.529999,2831400,160.177628
"93",170.669998,171,167.25,168.119995,4343700,156.993362
"94",168.119995,170.389999,166.649994,168.860001,4442300,157.684357
"95",168.25,173.979996,167.869995,171.449997,3908000,160.102936
"96",172.300003,172.949997,170.25,172.589996,3877300,161.167496
"97",172.729996,174.899994,172.600006,174.699997,3480300,163.137863
"98",174.440002,175.520004,173.710007,175.220001,2471500,163.623459
"99",175.449997,176.100006,174.520004,175.589996,1612300,163.968964
"100",176.320007,178.729996,175.940002,178.050003,3212200,166.266159
"101",177.679993,178.889999,177,177.5,1583600,165.752548
"102",177.539993,178.080002,176.240005,176.589996,2285700,164.902786
"103",176.889999,176.899994,174.919998,175.179993,3320400,163.586105
"104",175.779999,179.580002,175.190002,179.580002,2890600,167.694916
"105",179.919998,179.919998,178.339996,179.389999,2610100,167.517487
"106",179.529999,180.320007,179.160004,179.369995,2640600,167.498795
"107",179.190002,181.059998,178.479996,180.820007,3443900,168.852844
"108",182,183.470001,179.649994,183.210007,3783600,171.084671
"109",183.210007,183.759995,180.979996,181.690002,3079900,169.665253
"110",181.839996,182.399994,180.860001,181.460007,2392200,169.450531
"111",181.460007,181.820007,176.419998,179.25,3705600,167.386734
"112",179.210007,181.389999,179.149994,181.050003,2458500,169.067612
"113",180.940002,182.839996,180.940002,182.360001,2039300,170.290909
"114",181.75,183.5,180.089996,180.380005,3078700,169.137543
"115",180.830002,182.460007,180.380005,181.630005,4473300,170.309662
"116",182.300003,183.020004,180.759995,183.020004,3887100,171.613007
"117",182.75,183.419998,182.220001,183.270004,2742600,171.847427
"118",183.490005,185.110001,182.710007,184.919998,2866300,173.394592
"119",184.899994,188.660004,184.779999,186.5,3841300,174.876083
"120",186.270004,186.270004,184.139999,185.25,3438500,173.704041
"121",185.130005,185.889999,183.389999,185.119995,2327400,173.582138
"122",185.720001,186.800003,184.220001,184.600006,2682800,173.094543
"123",185.679993,186.309998,185.089996,185.699997,2451200,174.126007
"124",185.820007,186.089996,184.330002,185.270004,2193600,173.722794
"125",185.149994,186.190002,184.929993,185.419998,2392000,173.863449
"126",186.289993,187.529999,185.740005,186.649994,2087000,175.016785
"127",186.139999,188.360001,185.720001,188.25,2587400,176.517044
"128",188.119995,188.190002,186.149994,186.940002,1844700,175.288727
"129",187.350006,188.429993,187.009995,187.960007,2252500,176.245148
"130",187.330002,188,186.149994,186.949997,2612000,175.29808
"131",187,187.660004,185.089996,185.949997,2664500,174.360443
"132",186.789993,187.300003,186.410004,186.690002,3342800,175.054291
"133",187,187.279999,185.320007,185.479996,2379300,173.919708
"134",185.809998,187.130005,184.770004,186.899994,2716700,175.25119
"135",187.070007,187.25,185.759995,186.350006,2444600,174.735474
"136",186.949997,187.199997,183.860001,186.850006,4235800,175.20433
"137",187.509995,189.410004,187.509995,189.190002,3401600,177.398468
"138",189.410004,191.919998,188.919998,191.5,3099600,179.564499
"139",191.380005,193,190.600006,191.779999,4911500,179.827072
"140",191.789993,192.169998,190.639999,190.889999,2356500,178.992569
"141",192.130005,192.479996,190.300003,190.399994,1960100,178.533051
"142",190.020004,191.529999,189.380005,190.75,2683500,178.861221
"143",190.240005,190.490005,188.460007,188.929993,2631400,177.154709
"144",189.110001,191.240005,187.600006,191.149994,1925000,179.236298
"145",191.589996,192.610001,191.139999,191.809998,3767100,179.855179
"146",193.399994,193.399994,191.619995,192.229996,3336800,180.248993
"147",192.139999,193.449997,192.139999,193,2463800,180.970978
"148",193.259995,194.960007,193.009995,194.770004,2886100,182.630707
"149",194.949997,196.039993,194.600006,194.880005,2892300,182.733841
"150",194.809998,195.410004,193.899994,194.779999,2074800,182.64006
"151",194.679993,194.990005,194.080002,194.899994,1741000,182.752579
"152",194.899994,195.360001,194.169998,194.830002,2125900,182.686966
"153",194.259995,194.389999,192.399994,192.570007,2698600,180.56781
"154",193.910004,194.539993,192.660004,193.020004,2210700,180.989807
"155",194.600006,194.75,192.899994,193.710007,2322000,181.636734
"156",194.470001,195.009995,193.809998,194.5,1595200,182.377533
"157",194.809998,195.270004,192.830002,193.770004,1881600,181.693024
"158",193.75,194.240005,192.660004,192.699997,2440900,180.689713
"159",192.839996,193.199997,190.630005,190.820007,2858500,178.92688
"160",190.880005,192.309998,190.880005,192.029999,1930500,180.061493
"161",192.149994,194.960007,191.559998,194.789993,2021900,182.649475
"162",194.5,194.589996,193.720001,194.240005,1547000,182.133743
"163",194.550003,195.070007,194.210007,194.75,1923700,182.611938
"164",195.330002,195.539993,194.139999,194.360001,1375000,182.246262
"165",194.589996,195.809998,194.360001,195.089996,2009900,182.930756
"166",194.830002,197.039993,194.330002,196.729996,2072200,184.468536
"167",196.380005,196.880005,195.199997,195.880005,1506700,183.671555
"168",196.929993,199.490005,196.389999,198.899994,2990200,186.503265
"169",199.789993,199.990005,198.360001,199.75,2241800,187.300308
"170",199.199997,200.440002,198.710007,199.309998,2700800,186.887695
"171",199.539993,199.990005,197.630005,198.380005,3040200,186.015701
"172",197.770004,199.479996,197.070007,198.169998,2684600,186.523956
"173",198.429993,198.860001,197,197.75,2206000,186.128601
"174",199.25,200.419998,198.779999,199.580002,3307900,187.851105
"175",199.440002,199.470001,196.910004,197.470001,2554700,185.865112
"176",197.800003,200.759995,197.779999,198.330002,2394400,186.674576
"177",197.949997,198.380005,197.089996,197.729996,2378600,186.109802
"178",198.520004,199.710007,197.199997,198.179993,4198700,186.53334
"179",198.169998,198.820007,197.509995,198.190002,1915200,186.54277
"180",198.440002,198.600006,192.389999,194.649994,3819000,183.210785
"181",195.020004,195.839996,194.059998,195.75,2788500,184.246155
"182",195.630005,196.130005,194.899994,195.210007,1895000,183.73793
"183",195.110001,195.869995,188.25,193.029999,5660200,181.68602
"184",193.270004,196.309998,190.919998,191.75,3105900,180.481232
"185",192.309998,194.360001,192.039993,192.699997,2775400,181.375427
"186",193.199997,195.619995,191.740005,194.490005,3267200,183.060242
"187",194.25,196.550003,193.509995,196.100006,2088400,184.575607
"188",195.820007,196.089996,194.479996,195.850006,2646300,184.340302
"189",196.589996,197.910004,196.330002,197.440002,2893600,185.836853
"190",197.5,199.440002,197.259995,198.630005,2533800,186.956924
"191",199.029999,200.729996,198.429993,200.479996,2286400,188.698212
"192",199.929993,199.929993,196.559998,197.899994,4069000,186.269821
"193",197.899994,199.990005,197.509995,198.059998,3361900,186.420395
"194",198.009995,198.320007,195.779999,196.300003,3365400,184.76384
"195",196.259995,196.429993,193.669998,194.679993,2499100,183.239044
"196",194.630005,196.070007,193.589996,195.259995,2935600,183.784927
"197",195.009995,195.360001,192.729996,192.919998,2954700,181.582458
"198",189.589996,192.710007,186,192.520004,5435000,181.205978
"199",192.479996,193.320007,191.360001,193.199997,2927400,181.846039
"200",196.800003,206.619995,196.369995,203.889999,8949700,191.907791
"201",203.800003,207.800003,203.679993,205.229996,4796300,193.169022
"202",205.470001,205.75,202.699997,203.25,3471800,191.30542
"203",204.259995,208.210007,203.690002,207.490005,5138800,195.296234
"204",207.580002,208.449997,205.800003,207.009995,2261400,194.844437
"205",206.380005,208.229996,205.880005,208.149994,3459900,195.917435
"206",208.320007,209.139999,207.070007,207.559998,2908300,195.362106
"207",207.919998,211.699997,207.580002,209.149994,4346000,196.858688
"208",209.149994,212.770004,208.550003,212.600006,4385300,200.105911
"209",212.210007,212.770004,209.380005,209.389999,2477400,197.084595
"210",209.389999,210.520004,207.800003,210.220001,3749600,197.865799
"211",211.619995,212.630005,208.919998,209.529999,1902900,197.216354
"212",210.110001,211.490005,209.009995,211.100006,2825900,198.694077
"213",210.720001,213.830002,210.100006,212.869995,2196900,200.360046
"214",211.910004,213.929993,211.800003,212.119995,2293700,199.65416
"215",212.740005,213.539993,210.889999,212.699997,1845800,200.200058
"216",212.080002,212.929993,210.699997,210.770004,2261100,198.383484
"217",210.589996,211.759995,209.130005,211.559998,1839700,199.12706
"218",211.460007,211.809998,210.199997,211.070007,1384700,198.665863
"219",210.309998,213.539993,209.940002,212.660004,2662200,200.162384
"220",212.210007,212.699997,210.919998,211.710007,1993900,199.268265
"221",210.880005,211.979996,209.619995,209.860001,1816300,197.526932
"222",210.380005,212.009995,209.899994,211.130005,1919600,198.722321
"223",210.460007,211.460007,209.149994,209.899994,1887500,197.56459
"224",210,210.679993,209.580002,210.25,2040400,197.894058
"225",211.130005,212.850006,210.75,212.600006,2327200,200.105911
"226",212.259995,212.809998,210.759995,211.220001,2257800,198.807053
"227",212,212.929993,211,212.509995,744000,200.02121
"228",212.25,214.25,211.809998,212.399994,2856300,199.917664
"229",213.880005,216.309998,212.509995,216.139999,2905700,203.437897
"230",217.699997,224.270004,217.360001,222.880005,4247200,209.781799
"231",223.830002,228.75,222.289993,228.169998,6846400,215.486053
"232",228.889999,229.220001,221.080002,226.779999,3325800,214.173294
"233",229.259995,231.770004,221.399994,221.419998,5591500,209.111252
"234",221,223.720001,219.160004,220.089996,3246300,207.855225
"235",221.020004,221.960007,219.029999,219.940002,2397500,207.713531
"236",220.589996,220.610001,218.190002,220.149994,2661600,207.911896
"237",220.550003,224.330002,220.220001,223.910004,2233300,211.462845
"238",222.509995,224.820007,222.039993,222.770004,1599500,210.386246
"239",221.399994,223.419998,221.259995,222.490005,2294100,210.12178
"240",221.740005,224.949997,221.229996,224.350006,3059400,211.878418
"241",225,226.970001,221.009995,221.25,2811700,208.950745
"242",223.75,223.75,220.630005,221.820007,6293400,209.489029
"243",222.600006,224.809998,222.190002,222.669998,3194100,210.291763
"244",222.990005,223.789993,220.850006,222.039993,2340200,209.696823
"245",223.110001,224.889999,221.729996,222.380005,2633200,210.017914
"246",223.119995,223.940002,221.369995,221.690002,2955300,209.366272
"247",222,222.350006,218.449997,220,1959700,207.770218
"248",219.089996,220.419998,219.089996,219.600006,1482400,207.392456
"249",219.979996,221.440002,219.25,220.419998,1861900,208.166885
"250",221.460007,222.789993,220.149994,222.770004,1452600,210.386246
"251",223.949997,223.949997,220.460007,220.460007,2350200,208.204651
"252",221.020004,222.449997,220,221.160004,3485000,208.865723
"253",221.619995,223.809998,220.520004,223.479996,2417600,211.056732
"254",224.339996,226.100006,224.169998,224.449997,2749100,211.972809
"255",225.190002,229.050003,224.720001,228.729996,2432800,216.014893
"256",228.130005,228.710007,224.610001,224.759995,2850800,212.26561
"257",224.759995,226.630005,223.300003,225.880005,2672200,213.323318
"258",224.830002,225.009995,223.029999,224.199997,2311600,211.736725
"259",224.179993,225.919998,223.699997,225.389999,2543600,212.860565
"260",227.449997,229.899994,226.520004,228.639999,3943800,215.929932
"261",233.369995,235,231.25,232.899994,6852600,219.953064
"262",234.669998,238.960007,233.850006,238.429993,5124800,225.17569
"263",239.259995,243.899994,238.550003,243.160004,6234200,229.642776
"264",244.179993,244.350006,241.070007,243.350006,4293600,229.82222
"265",243.589996,243.800003,241.360001,243.559998,4012200,230.020477
"266",242.990005,246.979996,242.410004,245.210007,3300000,231.578781
"267",246.009995,247.309998,243.710007,244.850006,2733300,231.238815
"268",244.75,246.190002,243.899994,245.179993,2420500,231.550446
"269",245,248.740005,244.460007,248.470001,2615300,234.657578
"270",249.279999,250.789993,247.399994,247.410004,2564700,233.656509
"271",232.880005,242.740005,232.100006,236.649994,11565500,223.494614
"272",242.839996,247,235.759995,236.779999,5187400,223.617401
"273",235.259995,237.820007,233.830002,235.220001,4268300,222.144104
"274",233,236.300003,231.190002,231.880005,3959900,218.989807
"275",230.789993,233.110001,208.479996,220.020004,6290000,207.789093
"276",212.199997,226.509995,210.210007,225.179993,7064800,212.662247
"277",222.330002,229.289993,221.509995,225.820007,5589200,213.266663
"278",225.330002,226.630005,216.259995,216.460007,4902400,204.427017
"279",218,223.279999,212.009995,220.960007,6225300,208.676819
"280",222.440002,228,222.149994,225.690002,4912000,213.14389
"281",223.149994,227.119995,222.389999,226.639999,3536800,214.041092
"282",224.949997,229.339996,223.919998,228.779999,2878400,216.062134
"283",229.270004,230,221.740005,226.020004,4662700,213.455612
"284",225.990005,230.550003,225.699997,229.369995,3621700,216.619308
"285",227.910004,228.75,225.610001,226.660004,3172300,214.059967
"286",226.149994,229.350006,225.110001,225.130005,3371900,212.615036
"287",226.300003,229.839996,225.080002,227.089996,2767900,214.466049
"288",227.899994,230.320007,225.910004,230.160004,2393900,217.365402
"289",231.639999,234.509995,229.699997,234.059998,3307000,221.048615
"290",234.399994,235.889999,232.440002,232.520004,2899500,219.594223
"291",234.419998,234.75,226.089996,226.160004,4368600,213.587769
"292",225.699997,229.289993,222.740005,224.449997,3514600,211.972809
"293",223.210007,225.820007,222.589996,225.190002,2613600,212.671707
"294",223.369995,229.429993,222.789993,228.380005,2627300,215.684341
"295",228.919998,229.149994,223.889999,226.179993,2652800,213.606644
"296",224.350006,227.820007,223.75,227.270004,3242200,214.636093
"297",227.929993,227.990005,223.919998,224.729996,3500900,212.939972
"298",226.110001,226.520004,222.5,225.429993,4834600,213.60321
"299",226.210007,227,222.770004,222.770004,3117300,211.082809
"300",223.529999,228.059998,223.160004,226.940002,3343800,215.034027
"301",227.130005,229.389999,225.020004,225.380005,3048200,213.555878
"302",225.830002,230.759995,225.660004,229.479996,3330200,217.440765
"303",229.660004,231.270004,227.75,227.860001,5690300,215.905777
"304",227.309998,227.970001,223.679993,225.050003,3407300,213.243195
"305",225.160004,227.600006,223.880005,226.779999,3429100,214.882431
"306",226.449997,227.440002,222.820007,222.820007,3419800,211.130173
"307",221.649994,221.660004,215.100006,215.210007,5894800,203.919449
"308",215.75,217.729996,212.5,212.550003,5741200,201.398926
"309",215.190002,219.410004,214.699997,219.070007,3561300,207.576889
"310",220.320007,221.949997,216.410004,217.960007,3722100,206.525131
"311",218.889999,219.910004,217.039993,218.5,3179500,207.036835
"312",219.380005,223.350006,214,214,5529400,202.772903
"313",218.460007,222.990005,214.630005,217.199997,6220700,205.805023
"314",220.339996,225.100006,219.690002,224.580002,4652000,212.797836
"315",220.690002,229.479996,220.419998,228.789993,4674000,216.786957
"316",229.460007,231.580002,226.800003,229.070007,3348100,217.052292
"317",226.649994,228.190002,221.820007,223.960007,3231700,212.210358
"318",225.580002,226.130005,222.360001,222.729996,3031500,211.044861
"319",225.399994,228.160004,223.490005,226.789993,2737500,214.891922
"320",224.270004,225.389999,221.690002,221.899994,3482100,210.258438
"321",224.039993,225.75,223.410004,224.240005,2664500,212.475693
"322",225.100006,226.130005,223.080002,224.279999,2496600,212.513596
"323",227.110001,231.850006,226.350006,230.320007,4510600,218.236694
"324",239.309998,241.669998,236.080002,238.550003,6180300,226.034912
"325",239,239.740005,236.300003,236.399994,2940100,223.997711
"326",236.199997,238.270004,234.800003,235.759995,2734900,223.391312
"327",236.050003,237.100006,233.5,235.059998,2842000,222.728012
"328",235.289993,236.210007,233.080002,234.339996,3051700,222.045776
"329",235.949997,237.320007,232.559998,234.220001,2771200,221.932083
"330",233.449997,235.100006,230.440002,234.899994,3118800,222.576416
"331",235.729996,237.839996,234.330002,237.029999,2252800,224.594666
"332",237.630005,240.539993,237.149994,240.179993,2301800,227.579407
"333",241,241,236.399994,236.399994,3446900,223.997711
"334",237,237.490005,234.360001,236.850006,2633500,224.424133
"335",235.380005,236.210007,232.860001,233.460007,3542700,221.21199
"336",231.970001,234.800003,229.309998,234.149994,2731600,221.865738
"337",233.100006,236.649994,232.160004,235.899994,1999900,223.523941
"338",235.880005,236.990005,232.630005,233.779999,3237800,221.515152
"339",233.720001,233.720001,230.649994,232.029999,2698300,219.856995
"340",233.050003,233.419998,228.229996,229.210007,3504200,217.184937
"341",230.149994,234.289993,229.360001,233.710007,2169000,221.448868
"342",233.580002,238.800003,232.949997,238.279999,3044900,225.779114
"343",238.899994,243.669998,238.820007,242.899994,3893600,230.156723
"344",241.860001,242.220001,238.669998,239.5,2396600,226.935104
"345",239.649994,241.809998,238.570007,241.720001,1906100,229.038635
"346",241.490005,243.559998,240.539993,242.960007,2418700,230.213577
"347",243.369995,244.759995,242.389999,244.639999,2283600,231.80542
"348",245,249.169998,244.839996,247.899994,3040700,234.894394
"349",248,248.050003,243.839996,245.179993,2644100,232.317093
"350",244.029999,245.5,241.639999,244.259995,3047800,231.445358
"351",244.570007,245.440002,242.199997,242.729996,2610400,229.995636
"352",242.949997,245.580002,242.440002,244.949997,1554900,232.099197
"353",243.860001,243.860001,240.240005,242.169998,2837800,229.465012
"354",243.740005,245.75,242.630005,244.940002,2071900,232.089722
"355",244.210007,244.75,240.679993,241.509995,2966100,228.839645
"356",243.740005,243.740005,241.289993,243.350006,2371400,230.583115
"357",244,245.240005,242.740005,244.630005,2188900,231.795959
"358",245.089996,245.110001,241.910004,244.429993,1531900,231.606445
"359",246.320007,248.720001,245.130005,248.649994,2650300,235.605042
"360",249.759995,250,248.25,248.979996,2117200,235.917725
"361",249.460007,251.5,248.070007,250.679993,3034600,237.528534
"362",250.839996,254.990005,250.399994,253.779999,2775200,240.465942
"363",253.199997,253.940002,250.169998,253.580002,2567200,240.276413
"364",254.139999,256.730011,252.479996,252.869995,3138300,239.603653
"365",254.470001,255.990005,253.660004,255.330002,2456600,241.934601
"366",254.270004,255.979996,252.559998,255.979996,4772200,243.408478
"367",254,255.009995,252.139999,254.869995,1961900,242.352982
"368",252.970001,253.300003,251.160004,253.020004,2370200,240.593857
"369",253.320007,253.729996,251.880005,252.809998,2580400,240.39415
"370",252.949997,253.649994,250.919998,251.889999,2150300,239.519333
"371",252.240005,255.110001,251.190002,254.369995,2604000,241.877533
"372",254.360001,255.130005,248.610001,250.710007,3060800,238.397293
"373",250.559998,252.470001,249.539993,249.770004,2158000,237.503464
"374",250.289993,251.759995,248.130005,248.169998,2481000,235.982025
"375",247.130005,248,242.229996,244.899994,3556900,232.872635
"376",244.899994,247.5,244.600006,245.339996,2772600,233.291016
"377",245,247.729996,244.119995,247.479996,1793300,235.325943
"378",248.300003,248.75,246.740005,246.979996,1248000,234.850464
"379",249.110001,250.929993,247.580002,250.5,2182900,238.197601
"380",251.009995,251.729996,249.419998,250.759995,1572300,238.444839
"381",252.130005,254.009995,251.050003,253.669998,2039600,241.211929
"382",254.179993,256.899994,253.75,255.539993,2012200,242.990067
"383",255.139999,256,253.740005,254.589996,1486000,242.086731
"384",256.179993,256.820007,254.919998,256.049988,1592700,243.475006
"385",256.390015,259.01001,256.019989,258.700012,2356200,245.994904
"386",258.290009,258.450012,256.440002,256.980011,3625400,244.359375
"387",251.550003,252.520004,246.270004,250.289993,6932300,237.99791
"388",251.110001,256.609985,250.440002,255.419998,3359800,242.876007
"389",255.320007,256.5,251.850006,252.929993,2307600,240.50824
"390",251.169998,253.550003,251.169998,252.699997,1959600,240.289551
"391",252.910004,255.229996,252.429993,252.740005,1479600,240.327591
"392",254.860001,254.960007,252.009995,253.759995,2476500,241.297455
"393",254.809998,255.270004,252.770004,254.860001,3016900,242.343475
"394",256.25,257.869995,255.800003,257,2021300,244.378387
"395",257.790009,257.790009,255.389999,255.949997,1656800,243.379929
"396",255.910004,256.890015,253.110001,253.839996,1681500,241.37355
"397",254.139999,255.199997,252.850006,253.220001,2355900,240.784042
"398",256.100006,256.100006,252.809998,253.369995,3006700,240.926682
"399",253.5,256.299988,252.229996,256.079987,1854400,243.503555
"400",256.450012,257.559998,254.300003,257.220001,1422300,244.587555
"401",256.5,257.540009,255.470001,256.76001,1398100,244.150177
"402",257.640015,258.839996,257.130005,257.649994,1462800,244.99646
"403",258.109985,259.5,257.920013,258.809998,1494300,246.099472
"404",259.910004,263.019989,259.309998,261.589996,2315000,248.74295
"405",260.48999,261.5,259.109985,260.359985,1625000,247.573364
"406",261,262.549988,260.299988,260.910004,1635100,248.09639
"407",260.890015,264.299988,260.850006,263.480011,1941600,250.540131
"408",261.980011,262.690002,259.190002,260.609985,2017700,247.81105
"409",261.570007,263.75,261.450012,263.100006,2115900,250.178787
"410",263.549988,264.130005,261.720001,262.329987,1969700,249.44664
"411",263,263.48999,261.570007,262.399994,1786200,249.513214
"412",261.850006,262.519989,260.730011,261.690002,1559300,248.838043
"413",261.950012,261.950012,260.25,260.73999,2148500,247.934708
"414",261.019989,262.559998,259.559998,261.420013,1603500,248.581314
"415",261.75,264.779999,261.75,264.279999,2238600,251.300842
"416",265,267.450012,264.420013,267.079987,2614000,253.963303
"417",268.540009,269.140015,267.329987,268.51001,2603900,255.323135
"418",268.390015,269.320007,267.25,269,2880600,255.789047
"419",269.459991,270.170013,268.109985,268.390015,2976300,255.20903
"420",268.279999,269.209991,267.200012,268.459991,2961500,255.275558
"421",268,269.410004,266.570007,268.51001,2097300,255.323135
"422",268.559998,268.799988,266.929993,267.640015,2230600,254.495819
"423",267.600006,270.019989,266.940002,269.649994,2556100,257.272278
"424",269.640015,271.160004,267.51001,268.279999,2958000,255.965195
"425",266.779999,266.799988,258.75,259.730011,4146200,247.807602
"426",257.920013,261.420013,257.480011,261.040009,2283300,249.057495
"427",261.119995,264.48999,260.850006,262.670013,2236300,250.612656
"428",264.160004,265.690002,263.420013,265.48999,2734500,253.303207
"429",265.399994,266.649994,263.279999,265.309998,2084600,253.131516
"430",266.5,266.660004,263.410004,263.869995,1940400,251.757568
"431",262.929993,264.089996,262,263.290009,3557000,251.204224
"432",264.470001,265.609985,263.160004,265.329987,2274300,253.150558
"433",266.079987,267.940002,266.059998,266.390015,2095000,254.161942
"434",266.100006,267.839996,265.850006,266.670013,5671600,254.429062
"435",267.01001,269.529999,266.670013,267.359985,2699800,255.087326
"436",267.299988,267.329987,263.029999,263.51001,3789700,251.414124
"437",264.5,265.48999,262.450012,262.910004,2238000,250.841629
"438",263,265.410004,262.929993,264.649994,2761400,252.50177
"439",264.380005,266.190002,263.850006,266.040009,2875100,253.827957
"440",267.25,270.019989,267.019989,269.100006,3314500,256.747498
"441",269,271.440002,267.5,270.630005,2777300,258.207245
"442",272,272.070007,269.769989,270.899994,3002200,258.464874
"443",271,271.619995,267.309998,268.320007,2186600,256.003296
"444",268.649994,271,267.950012,269.200012,2045700,256.842926
"445",268.839996,269.649994,265.649994,269.01001,1865000,256.661652
"446",269.190002,271.959991,268.470001,270.109985,2510100,257.71106
"447",270.600006,271.420013,262.519989,263.079987,4267300,251.003815
"448",262,264.399994,255.779999,257.119995,4558500,245.317429
"449",259.700012,261.390015,256.859985,259.609985,4006300,247.693085
"450",260.130005,262.440002,259.309998,260.25,3583400,248.303726
"451",269.690002,272.809998,265,272.570007,6453600,260.058258
"452",270.190002,271,265.630005,267.299988,3985100,255.030121
"453",267.350006,267.880005,263.709991,266.809998,3132100,254.562607
"454",266.619995,267.980011,263.890015,265.299988,3336600,253.121933
"455",266.75,266.829987,260.059998,262.190002,2618100,250.154678
"456",259.720001,265.519989,259.200012,264.859985,4081800,252.702164
"457",264.01001,265.329987,255.929993,256.320007,5265600,244.554138
"458",258.160004,265.179993,253.369995,264.23999,4675600,252.110611
"459",261.5,262.399994,257.019989,258.179993,4830600,246.328766
"460",259.720001,262.040009,253.320007,256.519989,3697700,244.744934
"461",256.690002,259.690002,253.979996,258.279999,4169200,246.424164
"462",260.869995,264.070007,260.220001,261.350006,4230200,249.353271
"463",262.920013,264.679993,259.76001,260.929993,2771300,248.952454
"464",264.609985,266.380005,259.559998,261.01001,2593600,249.0289
"465",262.149994,263,260.070007,261.01001,3287000,249.0289
"466",260.700012,264.01001,260.700012,263.540009,2582400,251.442734
"467",266.899994,276.75,266.899994,274.630005,5796800,262.023682
"468",276,278,274.700012,276.649994,3809100,263.950928
"469",276.859985,278,274.190002,276.549988,2904300,263.855499
"470",276,277.790009,272,272.380005,3140600,259.876953
"471",272.579987,273.600006,268.140015,269.220001,2516900,256.86203
"472",269.290009,270.519989,263.350006,264.959991,3511900,252.797516
"473",264,265.920013,260.850006,264.940002,3657600,252.778488
"474",264.98999,271.799988,264.920013,271.109985,3857800,258.665283
"475",271.480011,272.269989,264.179993,266.049988,3670800,253.837509
"476",265.619995,266.779999,260.399994,261.5,3617700,249.496353
"477",262.589996,264.630005,260.450012,260.549988,3234300,248.589981
"478",260,262.940002,258.279999,261.619995,1159300,249.610855
"479",264.619995,268.299988,263.5,266.160004,3879800,253.942459
"480",265.570007,271.299988,265.029999,271.149994,3497300,258.70343
"481",272.820007,282.399994,272.820007,280.950012,5044300,268.053619
"482",280.429993,285.450012,280.309998,282.549988,4177800,269.580109
"483",282.98999,283.640015,279.070007,281.359985,6143200,269.30249
"484",283,286.529999,282.709991,286.329987,4178800,274.059509
"485",286.149994,287.940002,276.910004,278.549988,4635500,266.612946
"486",273.019989,276.940002,265.25,276.850006,6694600,264.985779
"487",273.76001,276.420013,267.279999,269.179993,3506900,257.64444
"488",268.589996,269,260.230011,266.529999,4061300,255.108109
"489",269.579987,271.529999,265.670013,267.220001,3102800,255.768448
"490",271.950012,274.559998,270.48999,270.640015,3167900,259.041931
"491",270.859985,273.320007,269.619995,272.149994,2350400,260.487244
"492",270.359985,270.570007,263.709991,265.019989,3360500,253.662735
"493",261.040009,262.75,256.730011,258.070007,5806800,247.01062
"494",259.700012,259.98999,248.199997,252.970001,5065500,242.129166
"495",252.369995,256.559998,247.589996,250.309998,5468500,239.58316
"496",248.5,249.009995,240.050003,242.440002,7311700,232.050415
"497",240.729996,247.5,237.449997,238.339996,12209700,228.126114
"498",236.240005,237.899994,232.559998,232.940002,3091000,222.957535
"499",232.699997,243.369995,231.809998,243.350006,4159300,232.921432
"500",239.100006,245.970001,235.240005,245.970001,4295800,235.429138
"501",246.710007,249.789993,244.809998,246.240005,3312700,235.687561
"502",248.059998,250.279999,246.940002,249.119995,3123200,238.444153
"503",245,246.350006,241.470001,243.490005,4063600,233.055405
"504",243.479996,243.479996,236.130005,236.850006,4623200,226.699966
"505",239.800003,243.460007,238.800003,239.619995,5367600,229.351273
"506",240.399994,241.979996,238.229996,240.080002,4133000,229.79155
"507",242.330002,244.789993,239.710007,243.289993,3618600,232.863983
"508",244.759995,246.630005,242.059998,243.639999,3425400,233.199005
"509",242.080002,245.139999,241.410004,244.869995,3374100,234.376266
"510",243.449997,247.759995,243.270004,247.669998,3967100,237.056305
"511",246.589996,249.919998,246.110001,248.059998,4955500,237.429565
"512",250,256.920013,247,256.869995,5325600,245.862045
"513",258.730011,262.190002,258.170013,261.459991,6069400,250.25531
"514",260.98999,261.73999,257.890015,259.769989,3583600,248.637756
"515",262.600006,266.26001,260.420013,265.5,4844800,254.122192
"516",264.059998,267.5,263.73999,265.690002,4052700,254.304062
"517",267.75,269.470001,263.670013,267.019989,2971100,255.577057
"518",266.799988,268.160004,264.26001,266.130005,2927300,254.725235
"519",268.799988,270.410004,265.700012,268.049988,2809100,256.562927
"520",266.899994,266.929993,264.609985,266.769989,2837300,255.337738
"521",266,268.450012,265.440002,267.339996,2173000,255.883316
"522",269.690002,272.440002,267.190002,270.369995,3659000,258.783508
"523",270.480011,271.73999,268.98999,270.200012,4055100,258.620789
"524",268.470001,269.390015,266.029999,268.720001,3946800,257.204224
"525",268.309998,268.690002,264.269989,268.209991,3398900,256.716064
"526",270.119995,272.089996,265.839996,266.309998,3597000,254.897476
"527",265.140015,269.929993,264.980011,269.5,2570000,257.950806
"528",268.640015,270.579987,267.26001,269,2458200,257.47226
"529",267.5,268.700012,260.320007,261.899994,4547000,250.676422
"530",261.170013,261.179993,256.339996,257.140015,4856200,246.120468
"531",259.220001,264,256.920013,263.5,4327900,252.207886
"532",263.519989,266.290009,263.149994,263.799988,3066400,252.495056
"533",263.23999,267.070007,262.709991,265.329987,3015300,253.959488
"534",267.790009,271.130005,266.619995,271.130005,3673700,259.510895
"535",271.170013,272.48999,269.279999,270.410004,2486700,258.821808
"536",269.209991,270.589996,268.179993,269.51001,2802800,257.960358
"537",269.470001,269.940002,265.100006,266.399994,2554300,254.983612
"538",266.5,268.390015,265.950012,267.109985,3191100,255.663132
"539",267.579987,268.170013,264.380005,264.600006,3679100,253.260788
"540",264.660004,265.429993,262.799988,262.980011,3212900,251.71022
"541",261.609985,261.609985,248.940002,250.080002,8952900,239.363007
"542",249.699997,251.949997,239.149994,242.220001,11034300,231.839844
"543",243.559998,248,243.559998,246.149994,6921300,235.601395
"544",248.119995,248.449997,234.509995,236.020004,8646300,225.905533
"545",236.529999,243.199997,234.940002,241.429993,6924500,231.083694
"546",241.740005,241.740005,237.029999,239.070007,4878700,228.82486
"547",240.300003,241.179993,235.550003,236.699997,5033500,226.556396
"548",235.149994,239.410004,234.639999,237.289993,4921700,227.988007
"549",239.210007,244.020004,236.419998,243.149994,4539600,233.618256
"550",244.949997,247.479996,243.740005,245.880005,4235800,236.241257
"551",247.960007,252.759995,247.080002,252.25,4881600,242.361557
"552",253,255.059998,252.339996,253.270004,3865200,243.341583
"553",254.339996,254.740005,249.940002,251.399994,6466200,241.544861
"554",252.660004,255.309998,250.419998,255,3927400,245.003723
"555",255.949997,259.25,255.139999,257.130005,4164800,247.050278
"556",257.429993,257.690002,249.970001,250.5,4193500,240.680161
"557",249.190002,252.960007,248.660004,252.020004,2699700,242.140564
"558",250.570007,251.199997,246.990005,247.089996,3777900,237.403809
"559",247.419998,247.419998,240.779999,246.860001,4110900,237.182831
"560",247.259995,247.889999,241.720001,243.389999,4416200,233.848892
"561",242.940002,245.679993,238.160004,241.710007,4819200,232.234726
"562",242.589996,242.850006,238.889999,242.229996,3601500,232.734344
"563",244.289993,247.759995,241.869995,247.259995,4294200,237.567154
"564",249.710007,250.199997,243.059998,245.539993,4809500,235.914581
"565",245.509995,246.399994,242.800003,244.410004,4057100,234.828903
"566",246.309998,247.539993,244.589996,245.839996,2851400,236.202835
"567",245.479996,249.110001,244.639999,247.389999,2255500,237.692078
"568",248.949997,249.309998,245.169998,248.779999,3343000,239.027573
"569",249.679993,249.679993,246.309998,248.75,2195400,238.998764
"570",247.570007,249.940002,245.949997,248.789993,2903800,239.037201
"571",248.779999,249.869995,245.520004,246.029999,2753700,236.385376
"572",246.050003,246.919998,232.679993,235.419998,8223400,226.191315
"573",236.5,236.779999,220.770004,223.220001,13979400,214.469559
"574",225.770004,230.970001,224.410004,230.199997,10021800,221.175919
"575",238.009995,238.009995,215.820007,220.960007,27361400,212.298157
"576",223.789993,224.240005,208.070007,216.839996,22101400,208.339645
"577",217.139999,223,214.210007,221.75,13927200,213.057175
"578",224,227.559998,221.5,227.110001,11191800,218.207062
"579",228.25,231.940002,226.100006,230.580002,10261400,221.541061
"580",230.089996,231.630005,227.75,230.350006,6104100,221.320038
"581",228.529999,232.119995,228.130005,230.789993,5954500,221.742798
"582",232.139999,237.110001,231.190002,237,6186200,227.709366
"583",237.399994,238.059998,234.160004,237.449997,5345300,228.141708
"584",238.080002,238.080002,230.190002,233.070007,7632300,223.933441
"585",233.070007,234.619995,230.350006,231.949997,4823200,222.85733
"586",230.899994,233.339996,228.080002,232.449997,5499200,223.337753
"587",232.839996,233.899994,227.179993,231.949997,4323100,222.85733
"588",228.169998,240.570007,227.5,240.5,7180200,231.072159
"589",239.190002,243.149994,236.399994,238.050003,5104700,228.718216
"590",238,240.809998,235.529999,239.149994,3768400,229.775085
"591",236.600006,240.539993,235.669998,237.970001,4299500,228.641357
"592",239.970001,242.619995,236.369995,240.589996,4374400,231.1586
"593",236.449997,240.100006,236.199997,239.550003,4684400,230.159409
"594",240.639999,240.990005,236.279999,236.429993,5329700,227.161697
"595",235,237.529999,232.619995,236.080002,5099700,226.825455
"596",235.889999,240.449997,235.720001,236.789993,4456400,227.507614
"597",236.169998,242.440002,235.649994,241.380005,4486400,231.917664
"598",240,246.740005,239.770004,245.990005,5390800,236.346954
"599",247.009995,251.179993,246.800003,249.940002,5345300,240.142105
"600",249.100006,251.029999,248.710007,249.339996,4038000,239.565628
"601",247.979996,248.149994,244.389999,246.5,3934600,236.83696
"602",247.25,249.360001,245.509995,247.630005,2973900,237.922653
"603",248.5,249.300003,241.979996,242.059998,6172700,232.571014
"604",239.850006,243.029999,237.899994,242.399994,3958400,232.897659
"605",241.919998,245.350006,241.339996,243.5,2646600,233.95459
"606",241.949997,243.619995,239.479996,241.800003,3285700,232.321198
"607",241.490005,243.800003,236.020004,236.559998,4999400,227.286621
"608",238.130005,241.050003,234.830002,240.759995,4992000,231.321991
"609",243.169998,245.789993,241.229996,242.770004,3194400,233.253189
"610",243.130005,243.940002,241.729996,241.820007,2630100,232.340408
"611",242.899994,247.070007,242.190002,246.770004,2837400,237.096375
"612",247.080002,249.669998,245.990005,248.139999,2331000,238.412674
"613",248.520004,250.690002,245.729996,245.869995,3043000,236.231644
"614",246.199997,246.5,242.300003,244.5,3251800,234.915359
"615",244.820007,245.339996,243.119995,244.960007,3107800,235.357346
"616",244.720001,246.100006,242.789993,245.369995,2165500,236.795242
"617",246,247.100006,245.220001,245.970001,2270300,237.374283
"618",247.5,249.339996,245.149994,245.699997,3482500,237.113724
"619",246,251.369995,245.509995,250.190002,4204600,241.446838
"620",251.600006,252.820007,247.399994,247.759995,3800800,239.10173
"621",248.779999,253.490005,246.899994,252.279999,6323500,243.463791
"622",251.330002,252.630005,247.860001,249.639999,3163800,240.916046
"623",249.300003,251.039993,247.419998,247.660004,3182700,239.005219
"624",248,248.080002,243.130005,243.470001,3852900,234.96167
"625",244.259995,248.149994,243.160004,246.339996,3366200,237.731369
"626",246.5,246.75,238.649994,244.009995,6727600,235.482788
"627",245.949997,246.169998,240.720001,242.639999,4102700,234.16066
"628",242.589996,243.990005,239.539993,243.970001,3863500,235.444199
"629",244.320007,247.520004,244.039993,245.210007,2559400,236.640839
"630",244.389999,248.759995,244.059998,246.990005,2965000,238.358658
"631",246.410004,247.979996,244.880005,247.839996,1902500,239.17894
"632",244.630005,246.080002,243.690002,246,2774800,237.403244
"633",246.820007,249.110001,245.479996,247.479996,2753000,238.831528
"634",255.800003,261.690002,249.050003,261.160004,10268800,252.033447
"635",261.630005,266.519989,261.630005,265.899994,5336100,256.607819
"636",265.059998,267.649994,264.25,265.959991,2611400,256.66568
"637",265.329987,267.140015,263.190002,264.660004,3121600,255.411209
"638",264,268.690002,263.5,266.649994,3995200,257.331604
"639",265.640015,266.51001,257.26001,260.600006,5825800,251.493073
"640",261.100006,262.720001,256.399994,256.649994,4413200,247.681061
"641",258.140015,258.950012,254.529999,255.320007,4104300,246.397537
"642",254.470001,256.100006,252.020004,255.009995,2889300,246.098373
"643",252.789993,252.830002,245.130005,251.130005,4864000,242.353989
"644",251.130005,252.75,248.289993,248.699997,3362800,240.008881
"645",249.020004,253.880005,246.509995,252.940002,3362600,244.100708
"646",252.839996,255.300003,252.339996,253.820007,2005500,244.949966
"647",252.660004,255.059998,250.470001,254.929993,1908800,246.021164
"648",256.320007,257.160004,248.479996,249.009995,3532400,240.308029
"649",249.190002,251.580002,247.279999,249.25,3613600,240.539673
"650",249.690002,251.570007,246.100006,250.050003,2677600,241.311691
"651",248.130005,249.940002,242.589996,245.059998,5812400,236.496063
"652",245.929993,248.279999,243.570007,248.279999,3533000,239.603561
"653",246.270004,247.039993,241.259995,246.449997,3205800,237.837509
"654",246.190002,247.669998,243.369995,247.619995,2830700,238.966629
"655",247.720001,250.419998,246.139999,248.630005,2535000,239.941345
"656",246.789993,247.960007,243.029999,243.199997,2667400,234.70108
"657",241.679993,250.460007,241.509995,249.220001,2763400,240.510727
"658",246.729996,248.410004,243.009995,243.199997,3464300,234.70108
"659",244.350006,245.259995,241.449997,244.25,2513500,235.714417
"660",245.380005,247.110001,244.179993,245.690002,2810000,237.10408
"661",247.490005,248.490005,244.089996,244.710007,2672300,236.158325
"662",244.210007,244.600006,239.919998,240.160004,3201300,231.767349
"663",240.190002,241.889999,239.300003,240.350006,2761900,231.950729
"664",240.350006,240.350006,232.669998,232.940002,4498200,224.799637
"665",232.899994,235.100006,229.380005,230.660004,4826600,222.599304
"666",232.520004,234.559998,230.460007,231.080002,2918300,223.004654
"667",231.720001,232.399994,222.600006,222.929993,4988100,215.139465
"668",222.419998,229.770004,220.779999,227.350006,4847600,219.404984
"669",228.419998,232.300003,228.009995,230.619995,4052500,222.560715
"670",233.669998,235.050003,232.289993,234,3384100,225.822601
"671",231.740005,232.169998,228.470001,230.619995,3382300,222.560715
"672",231.949997,232.949997,226.5,226.729996,4526100,218.806671
"673",230,231.509995,227.580002,229.589996,4256900,221.566696
"674",230.169998,231.960007,228.589996,229,4183200,220.997314
"675",229,232,228.559998,230.679993,3895600,222.618622
"676",231.449997,234.289993,230.830002,232.460007,4257600,224.336426
"677",232.490005,234.25,228.580002,234.210007,3168100,226.025253
"678",235,236.399994,229.699997,230.100006,4713700,222.058899
"679",232.990005,236.559998,231.539993,233.610001,4523200,226.509369
"680",232.820007,236.050003,232.149994,234.429993,2973600,227.304459
"681",233.070007,233.990005,231.169998,232.520004,2392900,225.452499
"682",230.800003,233.130005,229.229996,230.610001,2960500,223.600571
"683",232,233.949997,231.229996,232.850006,2666700,225.772491
"684",234.770004,235,231.919998,232.889999,6220100,225.811264
"685",229.770004,230.779999,228.320007,228.770004,3281200,221.816483
"686",229.380005,229.839996,222.919998,225,5006800,218.161087
"687",224.279999,226.5,222.130005,222.169998,4658000,215.417099
"688",223.039993,223.630005,213.429993,215.479996,10444400,208.930435
"689",218.179993,218.880005,215.020004,215.259995,4834900,208.717117
"690",213.639999,218.529999,213.119995,217.320007,5286300,210.714523
"691",219.190002,219.190002,212.080002,217.210007,5523600,210.607849
"692",216.149994,219.360001,215.279999,216.75,4921200,210.16185
"693",215.630005,216.360001,213.050003,215.360001,3375800,208.814087
"694",216.839996,219.860001,215.139999,219.800003,3700500,213.119141
"695",219.050003,222.529999,218.990005,221.240005,3843200,214.515381
"696",219.490005,221.979996,218.399994,220.110001,4817000,213.419724
"697",221.710007,223.470001,220.169998,222.080002,4483100,215.329849
"698",218.190002,224.130005,217.520004,223.729996,5252200,216.929688
"699",225.539993,228.850006,221.589996,222.070007,5891600,215.320145
"700",221.630005,223.339996,219.899994,220.589996,4075300,213.885101
"701",232.690002,239.839996,231.089996,238.589996,13397700,231.338013
"702",236.289993,237.479996,234.080002,236.990005,5368600,229.786636
"703",238.690002,244.610001,237.270004,243.669998,6301200,236.263596
"704",244.449997,246.410004,241.759995,245.339996,4922100,237.882843
"705",245.020004,245.600006,242.149994,243.919998,3029200,236.505997
"706",243.639999,251.5,243.149994,249.479996,5660800,241.897003
"707",248.389999,251.75,246.729996,247.800003,3706600,240.268082
"708",248.029999,248.490005,243.910004,244.509995,2546900,237.078064
"709",243.910004,246.080002,242.149994,244.910004,2815100,237.465912
"710",245.259995,248.389999,244.919998,247.050003,2957100,239.540863
"711",247.039993,253.199997,246.309998,252.289993,3528900,244.621597
"712",252.169998,255.279999,251.979996,254.800003,3299600,247.055328
"713",254.380005,255.720001,249.910004,252.699997,3960400,245.019135
"714",253.990005,256.329987,252.160004,252.210007,2919600,244.544022
"715",253.630005,253.830002,249.910004,251.25,3186400,243.61322
"716",253.740005,254.270004,250.089996,250.300003,5393400,242.692078
"717",249.710007,251.990005,249.089996,250.520004,3668600,242.90538
"718",251.949997,256.75,251.259995,256.459991,3646300,248.664856
"719",256.769989,258.339996,255,256.970001,2200300,249.159348
"720",255.050003,256.459991,253.330002,254.089996,1765600,246.366882
"721",253.589996,255.759995,253.410004,255.25,1892500,247.491623
"722",254.869995,256.880005,253.190002,253.570007,3289800,245.862701
"723",253.800003,256.079987,253.470001,255.830002,2101900,248.053986
"724",256.109985,275.570007,255.360001,269.399994,10136000,261.211487
"725",269,278.450012,269,272.929993,6985200,264.634216
"726",275.23999,275.359985,271.549988,274.230011,4002000,265.894684
"727",272.25,276.029999,271.23999,275.559998,4141600,267.184265
"728",275.220001,277.679993,273.910004,276.549988,3309900,268.144165
"729",276.529999,277.769989,275,276.839996,2802700,268.425385
"730",277.779999,283,277.01001,282.670013,4082900,274.078217
"731",280.709991,282.25,280.160004,281.399994,2998600,272.846832
"732",281.01001,281.929993,278.690002,280.670013,2323900,272.138947
"733",278.100006,280.920013,277.329987,279.869995,1520900,271.363281
"734",281.779999,282,278.570007,279.660004,2517100,271.159698
"735",276.970001,278.420013,273.850006,276.899994,3239200,268.483551
"736",281.619995,281.839996,278.640015,279.320007,2694200,270.830017
"737",279.23999,282.820007,277.480011,282,3357300,273.428558
"738",282.839996,283.040009,279.109985,280.190002,2828900,272.718048
"739",280.769989,280.869995,277.420013,277.540009,2697100,270.138733
"740",277.600006,279.600006,274.01001,279.519989,2515300,272.065887
"741",278.299988,280.660004,278.029999,280.5,2751300,273.019745
"742",281.029999,283.98999,280.040009,283.609985,2996200,276.046753
"743",284.970001,287.809998,284.119995,285.480011,3599300,277.866913
"744",287.970001,295.440002,287.059998,292.029999,4663600,284.242279
"745",291.23999,292.779999,289.170013,290.470001,4409100,282.723877
"746",291,294.859985,290.98999,292.899994,3621600,285.08905
"747",295,297.200012,293.619995,294.619995,2905900,286.763184
"748",298.899994,300,292.51001,292.589996,6608300,284.787354
"749",293.429993,295.850006,292.809998,295.089996,2098900,287.220642
"750",295.26001,295.829987,293.559998,294.540009,714000,286.685333
"751",295.299988,296.26001,294.540009,295.649994,1050600,287.765747
"752",296.01001,296.540009,295.01001,295.970001,1547100,288.077179
"753",296.049988,296.540009,293.450012,293.850006,1511700,286.013733
"754",293.660004,294.089996,291.149994,293.980011,2224200,286.140289
"755",293.980011,295.700012,289.790009,292.5,2543400,284.699738
"756",287.269989,291.880005,284.359985,289.540009,2711400,281.818695
"757",288,291.660004,287.220001,291.549988,3079100,283.775055
"758",290.700012,291.48999,287.579987,289.790009,2492900,282.062042
"759",291.5,297.380005,290.040009,295.899994,3379200,288.009033
"760",294.290009,297.200012,293.720001,294.220001,2838200,286.373871
"761",296.070007,296.070007,292.209991,295.130005,2477900,287.259613
"762",294.369995,294.450012,285.019989,285.850006,6994900,278.227051
"763",285.600006,288.23999,284.25,288.23999,6056300,280.553314
"764",289.019989,299.640015,289,296.410004,6081300,288.505463
"765",298,300.98999,295.929993,300.73999,3710300,292.720001
"766",300.01001,300.700012,295.880005,298.470001,4632200,290.510529
"767",296.890015,302.540009,296.01001,300.529999,4962800,292.515625
"768",301.98999,302.130005,297.350006,300.589996,3117600,292.573975
"769",300.01001,300.579987,296.649994,299.459991,3169600,291.474152
"770",298.339996,299.929993,291.559998,292.809998,3678500,285.001495
"771",288,288.079987,280.070007,284.089996,4399400,276.514008
"772",283.910004,288.369995,283.299988,285.869995,4341000,278.246552
"773",284,286.190002,280.890015,282.899994,3963800,275.355743
"774",281.839996,281.839996,275.920013,280.980011,4211800,273.486969
"775",278.170013,278.779999,271.179993,272.450012,5532600,265.184448
"776",275.130005,276.850006,270.820007,274.019989,5646800,266.712524
"777",277.279999,283.5,276.880005,280.839996,4290200,273.350708
"778",285.600006,297,285.440002,295.730011,5761000,287.843628
"779",297,297.269989,290,292.459991,3044000,284.660828
"780",292.869995,293.390015,288.910004,289.220001,3425900,281.507202
"781",286.230011,289.290009,285.450012,287.029999,3147400,279.37558
"782",286.850006,291.570007,285.899994,290.790009,2992200,283.035309
"783",295,305,294.01001,303.480011,6701900,295.386932
"784",300.140015,305.899994,300.140015,302.200012,3565500,294.141052
"785",302.209991,303.970001,297.309998,298.779999,2485600,290.812256
"786",299.670013,303.350006,299,302.140015,3241700,294.082672
"787",303.369995,306.709991,302.730011,305.309998,3021100,297.168091
"788",303.200012,304.160004,297.890015,302.130005,2885500,294.072937
"789",300.470001,302.51001,298.609985,301.429993,2987100,293.391602
"790",286.890015,288.98999,277.640015,277.790009,8790600,270.382019
"791",280.149994,281.980011,262.01001,263.390015,8171200,256.366058
"792",264.720001,269.829987,258.709991,263,6806600,255.986435
"793",258.420013,262.149994,252.070007,253.919998,7604300,247.14856
"794",246.199997,257.100006,245.300003,254.960007,9961000,248.160858
"795",257.339996,273.23999,250.320007,273.109985,8866300,265.826813
"796",275.350006,280.350006,259.230011,261.399994,9188100,254.429077
"797",290,295.839996,282.209991,289.420013,14533000,281.701935
"798",281.600006,289.420013,279.940002,282.959991,5908400,275.414124
"799",275.420013,284.970001,271.899994,283.869995,5361900,276.299866
"800",264.459991,281.440002,259.23999,273.440002,8070700,266.14801
"801",279.720001,283.899994,272.5,280,7366000,272.533081
"802",274.76001,285.23999,273.26001,277.779999,7744600,270.372284
"803",260,272.230011,250,250.410004,10496600,243.732178
"804",260.98999,273.220001,242.270004,272.040009,9308400,265.932281
"805",243.919998,245.679993,223.949997,225.039993,10303500,219.987518
"806",230.820007,248.759995,228.289993,244.220001,9642200,238.736923
"807",225.75,231.449997,200.190002,217.059998,12917500,212.186691
"808",216.979996,226.119995,208.940002,219.800003,8065200,214.865189
"809",223.179993,232.639999,203.460007,206.589996,9364100,201.951752
"810",202.039993,205.75,187.720001,194.860001,10654500,190.485107
"811",202.139999,220.270004,199,219.800003,8894400,214.865189
"812",219.089996,247.509995,216,234.490005,10014000,229.225372
"813",234.029999,257.959991,232.300003,255.389999,7517600,249.656128
"814",242.940002,251.600006,238.240005,242.449997,4879500,237.006638
"815",242.639999,254.089996,242.639999,251.279999,5329000,245.638412
"816",243.479996,254.529999,243,249.380005,5450000,243.781052
"817",238.690002,246.610001,235.440002,237.320007,4548800,231.991837
"818",235.300003,242,226.029999,240.440002,4636800,235.041779
"819",238.320007,239.339996,227.270004,229.490005,4650300,224.337616
"820",240,249.289993,235.119995,248.339996,6365900,242.76442
"821",259.809998,266.709991,246.539993,248.039993,4984100,242.471146
"822",247.690002,269.160004,246.259995,267.829987,6390200,261.816833
"823",265,270.399994,261.600006,264.130005,4923300,258.199921
"824",262.059998,264.959991,258.179993,263.51001,2964900,257.593811
"825",269,273.070007,267,270.5,4778900,264.42688
"826",276.329987,282.98999,270.679993,281.679993,7841800,275.355865
"827",283.440002,300,280.01001,298.429993,7738900,291.729828
"828",300.98999,304,287.100006,290.559998,5857500,284.03653
"829",285.299988,289.01001,281.269989,282.140015,4072600,275.805573
"830",274.950012,280,273.25,274.190002,3977500,268.034088
"831",279.579987,283.820007,276.709991,277.019989,3663300,270.800446
"832",279.059998,288.459991,278.540009,285.329987,4420500,278.923889
"833",287.290009,291.899994,284,291.290009,3265000,284.750122
"834",293.209991,296.859985,290.630005,293.980011,3706200,287.37973
"835",298,298.25,285.619995,288.359985,3862900,281.885895
"836",292,292.75,286.100006,287.649994,4258400,281.191833
"837",286.649994,295,285.519989,292.470001,7631700,285.903595
"838",288.390015,289,279.600006,284.51001,3526100,278.122314
"839",284.48999,287.940002,282.109985,287.540009,2894200,281.08432
"840",289.959991,296,287.290009,293.040009,2501300,286.460815
"841",295.100006,297.679993,288.440002,288.769989,2579200,282.286652
"842",291.059998,292.290009,284.519989,285,3162300,278.601318
"843",289.48999,290,285.660004,287,3200000,280.556427
"844",285.559998,290.100006,285.26001,288.690002,3490700,282.208435
"845",291.769989,293.149994,287.700012,287.700012,4214300,281.240753
"846",284.48999,286.399994,275.559998,278,5474100,271.758484
"847",275.929993,292.450012,275.640015,290.609985,5704600,284.085388
"848",292.410004,300,290.720001,290.959991,12182800,284.427521
"849",298.480011,299.720001,292.019989,293.359985,4015100,286.773621
"850",290.73999,294.630005,288.880005,289.049988,3059400,282.560425
"851",292.899994,292.899994,286.700012,287.98999,3200600,281.524231
"852",286.040009,290.130005,284.929993,286.910004,3604900,280.468445
"853",287.299988,290.23999,284.790009,289.940002,2922800,283.43045
"854",296.5,297.029999,292.5,294.890015,4567800,288.269318
"855",297.420013,303.799988,290.799988,303.769989,5618900,296.949921
"856",305.950012,309.660004,303.290009,303.970001,4387700,297.145386
"857",304.720001,308.369995,300.850006,304.850006,6251500,298.005707
"858",304.019989,305.980011,300.559998,305.929993,2894000,299.061432
"859",305.579987,308.100006,301.730011,306.309998,2756800,299.432922
"860",307.850006,310.119995,302.73999,305.350006,4360000,298.494476
"861",303.179993,304.470001,294.290009,298.079987,4374300,291.387634
"862",304,314.279999,300.5,311.850006,5554300,304.848511
"863",308.640015,315.839996,307.929993,309.480011,4635500,302.531738
"864",309.899994,312.649994,307.329987,309.209991,3061500,302.267761
"865",308.940002,310.309998,302.859985,305.75,3296100,298.885468
"866",303.359985,303.359985,280.799988,283.730011,6638900,277.359863
"867",290.649994,294.100006,278.700012,285.149994,5416800,278.747986
"868",278.019989,287,273.709991,286.279999,4494600,279.8526
"869",295.440002,297.570007,287.440002,293,4245400,286.421722
"870",295.100006,295.100006,291.230011,292.600006,2538000,286.030731
"871",290.429993,291.779999,286.600006,291.480011,2926600,284.935852
"872",294.429993,296.519989,290.910004,291.23999,5172800,285.927399
"873",289.790009,293,286.26001,292.670013,2174100,287.33136
"874",294.01001,299.279999,291.070007,297.600006,4023400,292.171417
"875",293.98999,297.100006,285.570007,289.179993,3399900,283.904968
"876",288.279999,296.779999,286.059998,296.220001,3112500,290.816589
"877",295.140015,296.579987,285.820007,286.880005,5043200,281.646942
"878",288.450012,292.279999,286.619995,289.76001,2356700,284.474396
"879",288.570007,296.450012,287.660004,294.950012,2932900,289.569763
"880",295.829987,300.399994,295.23999,297.730011,2303800,292.299042
"881",300.5,303.079987,297.179993,298.26001,1971700,292.819397
"882",303,303.48999,299.329987,302.809998,2395000,297.286377
"883",300.660004,303.559998,295.950012,296.649994,2075700,291.238708
"884",297.350006,300.869995,295.679993,298.359985,1987400,292.917511
"885",295.100006,298.549988,287.5,291.160004,3061700,285.848877
"886",294.23999,294.23999,287.100006,291.230011,2391600,285.917603
"887",292.089996,304.519989,291.769989,299.709991,4263300,294.24292
"888",297.809998,309.73999,296.709991,308.519989,4234900,302.892181
"889",301.119995,310.690002,298.660004,304.070007,5116900,298.523407
"890",305.01001,310.850006,303.160004,307.149994,3844500,301.547211
"891",309.089996,310.970001,306.25,306.529999,3016500,300.938538
"892",306.790009,308.600006,302.380005,303.459991,2375500,297.9245
"893",305.029999,307,303.109985,305.109985,2340200,299.544434
"894",304.859985,306.910004,301.809998,306.709991,1935800,301.115204
"895",308.200012,308.5,301.269989,302.970001,2367700,297.44342
"896",303.329987,304.279999,299.230011,300.790009,2415700,295.303253
"897",298.429993,302.130005,297.369995,298.600006,2060500,293.153168
"898",297.890015,301.399994,297.209991,299.929993,2257400,294.458923
"899",301.459991,309.75,300,306.679993,2672700,301.085754
"900",301.679993,306.459991,298.890015,305.230011,2205300,299.662231
"901",303.440002,303.73999,298.049988,302.779999,3913500,297.256927
"902",303.589996,304.910004,299.200012,303.609985,2628500,298.071777
"903",301.910004,308.859985,300.070007,304.5,3594900,298.945526
"904",306.829987,312.959991,305.019989,312.470001,2982200,306.770203
"905",312,316.23999,310.399994,314.059998,3305300,308.331177
"906",313.339996,319,313.339996,317.029999,2600800,311.246979
"907",317,320.470001,315.579987,319.100006,2563600,313.279205
"908",322.920013,324.570007,314.660004,315.549988,3018200,309.793976
"909",318,323.290009,317.640015,322.269989,2915800,316.391388
"910",320.679993,321.869995,317.839996,321.519989,2159500,315.65506
"911",320.540009,323.929993,318.730011,323.700012,1787200,317.795319
"912",321.450012,323.799988,319.350006,320.51001,2772500,314.663513
"913",321.980011,322.670013,315.709991,316.809998,2520000,311.031006
"914",316.769989,319.48999,315.179993,315.399994,2066700,309.646729
"915",314.829987,315.279999,312.01001,313.329987,2245600,307.614441
"916",311.279999,315.279999,310.089996,314.140015,2488500,308.409729
"917",316.809998,316.899994,306.48999,308.839996,2922200,303.20636
"918",312.200012,312.359985,307.799988,312.220001,1879300,306.524689
"919",310.980011,311.359985,303.609985,308.820007,3178900,303.186768
"920",310.410004,314.769989,305.48999,311.670013,2321000,305.984772
"921",312.339996,315.820007,308.970001,314.369995,2883500,308.635468
"922",314.890015,319.559998,312.540009,312.549988,4341600,306.848694
"923",310.160004,314.720001,310,312.829987,2487100,307.123566
"924",312.559998,321.279999,312.559998,320.23999,2846500,314.398407
"925",322,323.820007,313.730011,316.230011,3872500,310.461609
"926",316.480011,317.829987,306.630005,312,2901000,306.308746
"927",311.029999,311.459991,303.829987,307.25,2594500,301.645355
"928",309.679993,315.320007,308.420013,312.019989,2195600,306.328369
"929",312.730011,314.440002,303.720001,304.600006,2421200,299.043732
"930",305.070007,306.459991,297.290009,301.480011,3085900,297.200256
"931",303.01001,311.119995,303.01001,308.570007,1795500,304.189636
"932",310.049988,311.459991,306.049988,307.230011,1468300,302.868622
"933",309.070007,312.25,306.200012,306.519989,3438200,302.168701
"934",304.5,307.380005,302.109985,304.980011,2394100,300.650574
"935",305.01001,310.390015,303.769989,308.019989,3795400,303.6474
"936",300.470001,300.529999,291.660004,299.190002,4124700,294.94278
"937",298.440002,300.619995,292.920013,294.26001,3163600,290.082764
"938",295,296.100006,291.829987,292.140015,3709900,287.992859
"939",292.190002,294.929993,289.640015,292.660004,2869100,288.505463
"940",291.25,303.269989,291.220001,302.5,2455800,298.20578
"941",306.390015,310.01001,302.829987,303.230011,2575700,298.925415
"942",303.670013,305.5,300.679993,304.149994,1797800,299.832336
"943",304.019989,314.519989,303.98999,311.769989,3497300,307.344147
"944",312.910004,315.170013,309.149994,313.070007,2731200,308.625732
"945",312.100006,317.390015,308.359985,311.980011,2338000,307.551208
"946",315.070007,318.420013,313.119995,318.149994,1638600,313.633606
"947",318.950012,320.299988,313.48999,314.450012,2434400,309.986115
"948",315.820007,324.73999,315.820007,323.170013,2596600,318.582367
"949",323.429993,325.350006,320.98999,322.410004,2056700,317.83316
"950",324.660004,328.170013,323.920013,327.839996,2028900,323.186066
"951",329.119995,333.559998,329.01001,329.970001,2424200,325.285828
"952",328.5,333.700012,327.709991,331.420013,2713500,326.715271
"953",322.070007,330.570007,320.200012,321.850006,4455400,317.281067
"954",318.850006,326.970001,316.329987,324.570007,3172200,319.962494
"955",325.459991,332.350006,324.730011,329.899994,3293300,325.216766
"956",328.540009,330.779999,322.059998,324.220001,2482100,319.617462
"957",326.619995,328.619995,323.279999,323.410004,1988600,318.81897
"958",323.410004,326.48999,322.179993,322.790009,2139000,318.207764
"959",322.320007,328.059998,322.25,325.730011,2100600,321.106018
"960",329.160004,335.649994,328.130005,330.600006,2349500,325.906891
"961",326.320007,327.75,318.540009,323.059998,2408500,318.473907
"962",323.059998,323.5,319.429993,320.51001,2427700,315.960114
"963",313.329987,317.809998,307.440002,308,3301400,303.627686
"964",306.589996,309.480011,301.459991,303.679993,3279200,299.368988
"965",303.230011,307.170013,299.600006,305.140015,3556800,300.808319
"966",312.640015,312.640015,307.359985,312.100006,4519000,307.669495
"967",317.470001,326.440002,315.019989,321.350006,4043900,316.788177
"968",345.230011,360.440002,341.140015,354.559998,10344900,349.526733
"969",358.070007,360.980011,349.679993,354.399994,4786500,349.369019
"970",350.359985,352,344.570007,347.459991,2994900,342.527527
"971",366.309998,367.950012,348.980011,350,4635300,345.031433
"972",349.48999,355.899994,348.170013,353.690002,3733200,348.669098
"973",356.160004,356.809998,349.410004,351.700012,2048200,346.707367
"974",351.399994,360.519989,349.75,354.410004,2907300,349.378876
"975",356.859985,357.940002,352.790009,355.670013,2442100,350.621002
"976",358.950012,359.579987,351.01001,356.820007,2790100,351.754669
"977",352.390015,353.359985,347.5,352.100006,2557600,347.101654
"978",353.429993,354.049988,343.089996,344.51001,2722500,339.619415
"979",342.290009,343.070007,334.329987,337,3935600,332.216003
"980",335,337.660004,331.709991,334.700012,3702000,329.948669
"981",335.549988,336.26001,331.589996,335.059998,2535700,330.303528
"982",336.179993,340,334.429993,336.01001,3759700,331.240082
"983",338.820007,338.820007,329.140015,333.190002,3145100,328.460114
"984",333.529999,338.899994,331.839996,337.940002,1558600,333.1427
"985",335.109985,337.940002,330.290009,336.339996,5265700,331.565399
"986",344.769989,354.100006,339.929993,341.190002,3817700,336.346558
"987",341.769989,351.829987,341.5,347.559998,2864300,342.626099
"988",347.899994,352.769989,346.48999,348.679993,4169200,343.730225
"989",346,351.470001,345.75,349.890015,3255100,346.164032
"990",348.720001,349.890015,345.220001,347.859985,2999400,344.155579
"991",344.75,349.899994,344.079987,347.859985,2471200,344.155579
"992",348.890015,349.410004,341.609985,344.410004,2600400,340.742371
"993",345.160004,345.459991,339.26001,339.649994,2896900,336.033051
"994",338.130005,338.880005,334.329987,337.070007,3071700,333.48053
"995",340.029999,343.230011,335.859985,336.130005,2479000,332.550537
"996",339.140015,341.01001,337.040009,339.670013,2616500,336.052887
"997",336.829987,341.660004,334.26001,339.339996,2365600,335.726349
"998",339.809998,342.600006,337.309998,341.670013,2525700,338.031525
"999",342.519989,342.609985,334,338.380005,8742700,334.776581
"1000",332.070007,336.950012,329.399994,336.079987,2892700,332.501068
"1001",335.160004,336.980011,333.470001,335.01001,2069700,331.442474
"1002",336.48999,341.649994,336.029999,337.589996,2348100,333.994965
"1003",336.440002,341.410004,336.440002,340.790009,1360600,337.16095
"1004",343.209991,347.790009,343.059998,345.950012,2308200,342.265991
"1005",347.98999,351.290009,345,347.350006,2275700,343.651062
"1006",347.079987,349.01001,344.470001,344.98999,1866000,341.316162
"1007",345.040009,351.089996,344.049988,350.679993,1969000,346.945587
