"","WU.Open","WU.High","WU.Low","WU.Close","WU.Volume","WU.Adjusted"
"1",21.879999,22.1,21.75,21.969999,5085700,18.322512
"2",22.02,22.469999,21.99,22.41,4106600,18.689461
"3",22.41,22.67,22.190001,22.309999,3856700,18.606062
"4",22.35,22.59,22.18,22.57,3296300,18.822895
"5",22.6,22.700001,22.49,22.549999,3242400,18.806219
"6",22.52,22.530001,22.200001,22.23,5102800,18.539345
"7",22.200001,22.34,22.120001,22.32,5508900,18.614403
"8",22.15,22.25,21.98,22.120001,4451900,18.447611
"9",22.110001,22.23,22.030001,22.17,3919400,18.489305
"10",22.120001,22.17,21.940001,22.01,2401900,18.355867
"11",22.1,22.18,21.799999,21.85,5704900,18.222433
"12",21.93,22.15,20.450001,21.129999,15154300,17.621967
"13",20.860001,21.040001,20.629999,20.98,9698700,17.49687
"14",20.870001,20.9,20.59,20.719999,6576800,17.280033
"15",20.690001,20.690001,20.309999,20.42,9922900,17.029846
"16",20.48,20.559999,20.030001,20.08,10725200,16.746288
"17",19.709999,19.82,19.25,19.59,17041200,16.337643
"18",19.549999,19.629999,19.440001,19.59,5023000,16.337643
"19",19.540001,19.629999,19.4,19.610001,5965000,16.354322
"20",19.6,19.629999,19.469999,19.58,5454900,16.3293
"21",19.639999,19.73,19.370001,19.540001,5718600,16.295942
"22",19.51,19.809999,19.459999,19.73,6009000,16.454395
"23",19.9,20.1,19.85,19.969999,6532200,16.654554
"24",19.99,19.99,19.790001,19.83,3651600,16.537798
"25",19.83,19.9,19.73,19.84,2370000,16.546133
"26",19.790001,20.08,19.790001,19.91,7612300,16.604517
"27",19.91,20.41,19.91,20.379999,8871100,16.996481
"28",19.74,20.1,19.299999,19.74,14984400,16.462736
"29",19.790001,19.889999,19.41,19.530001,12411700,16.287601
"30",19.440001,19.780001,19.42,19.68,6146600,16.412697
"31",19.65,19.700001,19.540001,19.59,5105100,16.337643
"32",19.59,19.629999,19.469999,19.549999,5949300,16.304279
"33",19.5,19.83,19.49,19.82,5810300,16.529455
"34",19.780001,20,19.719999,19.809999,4782900,16.521114
"35",19.780001,20.139999,19.75,19.99,6089300,16.67123
"36",20.030001,20.049999,19.870001,19.92,6015900,16.612858
"37",19.860001,20.33,19.799999,20.17,5241400,16.82135
"38",20.139999,20.200001,20.01,20.129999,4912500,16.787985
"39",20.16,20.190001,19.59,19.639999,12166600,16.379341
"40",19.77,20.110001,19.76,19.91,8837700,16.604517
"41",19.889999,19.959999,19.68,19.93,8966900,16.621193
"42",19.940001,20.059999,19.860001,19.959999,4242000,16.64621
"43",19.889999,19.969999,19.719999,19.9,3421000,16.596176
"44",19.870001,20.030001,19.83,19.9,4738200,16.596176
"45",19.969999,19.98,19.690001,19.83,4579100,16.537798
"46",19.809999,19.85,19.629999,19.67,3091600,16.404356
"47",19.74,19.879999,19.629999,19.67,3621600,16.404356
"48",19.65,19.73,19.530001,19.58,6240500,16.3293
"49",19.75,20.58,19.75,20.27,11973000,16.904745
"50",20.209999,20.32,20.07,20.18,5422600,16.976252
"51",20.25,20.33,20.18,20.209999,3986600,17.001488
"52",20.23,20.48,20.17,20.4,5068800,17.161325
"53",20.41,20.459999,20.15,20.209999,3526200,17.001488
"54",20.23,20.309999,20.07,20.09,4349700,16.900539
"55",20.110001,20.190001,19.950001,20.129999,3076200,16.934191
"56",20.110001,20.280001,20.09,20.129999,3674700,16.934191
"57",20.18,20.4,20.1,20.25,3417600,17.035137
"58",20.01,20.1,19.889999,20.030001,3593300,16.850065
"59",19.969999,20.24,19.950001,20.15,4049700,16.951014
"60",19.99,20.26,19.950001,20.25,3240300,17.035137
"61",20.219999,20.530001,20.219999,20.49,3927800,17.237036
"62",20.459999,20.469999,20.26,20.35,5600300,17.119261
"63",20.34,20.35,19.66,19.77,5805200,16.631344
"64",19.76,19.790001,19.6,19.709999,3722300,16.58087
"65",19.809999,19.969999,19.66,19.66,3579300,16.538805
"66",19.700001,19.74,19.559999,19.59,4535600,16.479919
"67",19.6,19.6,19.26,19.360001,8901400,16.286436
"68",19.360001,19.540001,19.309999,19.42,7146300,16.336905
"69",19.42,19.52,19.280001,19.52,7094200,16.421036
"70",19.51,19.549999,19.370001,19.42,4760100,16.336905
"71",19.370001,19.51,19.32,19.35,3462600,16.278025
"72",19.4,19.51,19.389999,19.49,2534200,16.395792
"73",19.450001,19.76,19.379999,19.67,4696800,16.547215
"74",19.709999,19.98,19.709999,19.780001,4227400,16.639757
"75",19.85,20.030001,19.82,19.99,3356300,16.816414
"76",19.98,20,19.68,19.76,3808100,16.622931
"77",19.93,20.139999,19.93,20.08,4244300,16.892128
"78",20.17,20.27,20.120001,20.120001,3283400,16.925772
"79",20.049999,20.200001,19.879999,20.1,4863800,16.908953
"80",20.17,20.200001,19.889999,19.98,3729600,16.808004
"81",19.969999,19.969999,19.74,19.860001,3784000,16.707052
"82",19.91,20.1,19.860001,19.969999,3256900,16.799591
"83",19.969999,20.23,19.889999,20.129999,4248400,16.934191
"84",20.110001,20.110001,19.09,19.26,10451600,16.202309
"85",19.33,19.49,19.299999,19.4,3873900,16.320086
"86",19.41,19.43,19.309999,19.389999,2407000,16.31167
"87",19.379999,19.620001,19.360001,19.559999,3353400,16.454678
"88",19.52,19.6,19.43,19.49,4161500,16.395792
"89",19.43,19.690001,19.42,19.639999,3130700,16.52198
"90",19.549999,19.6,19.370001,19.459999,4095500,16.370556
"91",19.41,19.530001,19.25,19.280001,2478100,16.219133
"92",19.26,19.43,19.26,19.41,2844900,16.328495
"93",19.389999,19.42,19.08,19.15,4167800,16.109774
"94",19.15,19.15,18.889999,18.9,3872000,15.899462
"95",18.82,18.950001,18.790001,18.85,3484600,15.857401
"96",18.870001,19.08,18.870001,19.01,2709100,15.991999
"97",19,19.139999,18.91,19.120001,2441400,16.084538
"98",19.129999,19.190001,18.799999,18.82,4700000,15.832162
"99",18.82,19.459999,18.809999,19.27,4576700,16.210722
"100",19.280001,19.41,19.26,19.309999,2211800,16.244371
"101",19.27,19.34,19.049999,19.07,2213500,16.042471
"102",19.02,19.209999,18.93,19.18,3450100,16.135008
"103",19.18,19.280001,18.879999,19.02,7722800,16.000412
"104",19.09,19.52,19.07,19.440001,5124600,16.353733
"105",19.41,19.440001,19.18,19.280001,3296600,16.219133
"106",19.290001,19.440001,19.25,19.4,2744500,16.320086
"107",19.32,19.360001,19.209999,19.219999,2591400,16.168657
"108",19.23,19.26,19.120001,19.129999,2569100,16.092949
"109",19.129999,19.18,18.83,18.940001,3479600,15.93311
"110",18.92,19.15,18.780001,19.01,3359600,15.991999
"111",18.91,19.530001,18.91,19.26,5476300,16.202309
"112",19.290001,19.51,19.27,19.450001,5166300,16.362144
"113",19.33,19.450001,19.17,19.23,3377000,16.323946
"114",19.07,19.18,18.860001,18.99,4468200,16.120216
"115",18.91,19.129999,18.76,19.08,7644300,16.196611
"116",19.17,19.17,18.870001,19.1,3375000,16.213594
"117",19.030001,19.07,18.93,18.950001,3544100,16.086258
"118",18.99,19.030001,18.83,18.84,2056400,15.992883
"119",18.799999,18.93,18.52,18.780001,4597200,15.941953
"120",18.83,19.17,18.799999,19.17,4797700,16.273012
"121",19.18,19.34,18.940001,19.01,2640400,16.137192
"122",19.18,19.209999,18.870001,18.879999,2104600,16.026836
"123",18.879999,19,18.76,18.969999,3926500,16.103239
"124",18.98,19.09,18.74,18.860001,4246600,16.009861
"125",18.870001,19.139999,18.84,19.049999,4475600,16.171144
"126",19.120001,19.26,19.110001,19.15,1805500,16.256039
"127",19.18,19.219999,18.6,18.690001,5171600,15.865548
"128",18.6,18.629999,18.42,18.469999,3997100,15.678802
"129",18.559999,18.73,18.5,18.65,3080700,15.831598
"130",18.629999,18.84,18.59,18.700001,2527200,15.874045
"131",18.690001,18.84,18.620001,18.790001,3097500,15.950444
"132",18.9,19.07,18.870001,19.01,3144100,16.137192
"133",19.049999,19.08,18.940001,18.940001,1740800,16.077766
"134",18.98,19.09,18.93,19.02,1020400,16.145679
"135",19.030001,19.17,18.940001,19,1632700,16.1287
"136",18.99,18.99,18.860001,18.959999,1893500,16.094749
"137",18.969999,19.200001,18.91,19.18,2798900,16.281504
"138",19.190001,19.24,19.059999,19.08,1855300,16.196611
"139",19.09,19.17,19.030001,19.09,1710200,16.205101
"140",19.08,19.190001,18.879999,19.16,1745300,16.264523
"141",19.25,19.610001,19.25,19.48,3884700,16.53616
"142",19.469999,19.49,19.34,19.48,2147800,16.53616
"143",19.57,19.77,19.5,19.700001,3255400,16.722918
"144",19.66,19.74,19.58,19.65,1979900,16.680473
"145",19.68,19.809999,19.65,19.75,4050200,16.765364
"146",19.77,19.860001,19.530001,19.73,2763200,16.748384
"147",19.709999,19.74,19.379999,19.49,3184900,16.544653
"148",19.440001,19.66,19.389999,19.58,4528500,16.621054
"149",20.07,20.4,19.59,19.719999,8103200,16.739899
"150",19.700001,19.73,19.35,19.379999,4443300,16.451275
"151",19.33,19.559999,19.290001,19.299999,2898700,16.383364
"152",19.209999,19.280001,19.16,19.280001,2397000,16.366388
"153",19.190001,19.26,18.91,18.91,3621800,16.052301
"154",18.860001,19.07,18.85,18.9,3227700,16.043816
"155",19.049999,19.24,19.049999,19.139999,2541600,16.247543
"156",19.139999,19.280001,19.08,19.219999,3090900,16.315456
"157",19.25,19.52,19.24,19.379999,3954600,16.451275
"158",19.360001,19.49,18.99,19,3817400,16.1287
"159",18.950001,18.950001,18.799999,18.879999,3946900,16.026836
"160",18.85,18.99,18.82,18.879999,2157300,16.026836
"161",18.91,19.049999,18.879999,19.030001,1991900,16.154169
"162",18.99,19.120001,18.969999,18.969999,3018300,16.103239
"163",19.059999,19.139999,18.959999,18.98,2451000,16.111725
"164",19,19.16,18.959999,19,1687400,16.1287
"165",19.08,19.17,18.98,19.040001,2604400,16.162661
"166",18.969999,19.129999,18.83,19.07,3047700,16.188122
"167",19.02,19.059999,18.76,18.93,4001300,16.069279
"168",19.049999,19.08,18.879999,18.92,4088200,16.060795
"169",18.99,19.01,18.76,18.790001,3893400,15.950444
"170",18.719999,18.780001,18.5,18.68,4923900,15.857062
"171",18.74,18.809999,18.48,18.51,5363000,15.712752
"172",18.540001,18.639999,18.389999,18.540001,3800400,15.738221
"173",18.540001,18.85,18.459999,18.690001,3119000,15.865548
"174",18.790001,19.049999,18.790001,18.889999,2715000,16.035326
"175",18.879999,19.280001,18.84,19.219999,3432000,16.315456
"176",19.24,19.32,19.1,19.110001,3393100,16.22208
"177",18.91,19.02,18.879999,18.940001,2769400,16.226362
"178",18.85,19.01,18.83,18.91,5598700,16.200663
"179",18.98,19.110001,18.92,19.1,2430500,16.363441
"180",19.129999,19.190001,19.01,19.049999,2146400,16.320601
"181",19.049999,19.120001,18.879999,18.950001,2185700,16.234932
"182",18.92,19.02,18.9,18.91,2509700,16.200663
"183",18.91,19.01,18.879999,18.99,2575400,16.269203
"184",18.940001,19.09,18.860001,19.030001,2726900,16.303467
"185",19.08,19.08,18.700001,18.73,3967200,16.046453
"186",18.799999,19.02,18.74,19,3541300,16.277765
"187",18.969999,19.09,18.92,19.059999,3027800,16.32917
"188",19.030001,19.200001,19.030001,19.200001,2905300,16.449116
"189",19.23,19.459999,19.18,19.4,4540200,16.620457
"190",19.4,19.48,19.27,19.379999,3277900,16.603323
"191",19.379999,19.42,19.32,19.41,3916300,16.629025
"192",19.43,19.75,19.35,19.65,3887700,16.834639
"193",19.65,19.67,19.43,19.52,2515100,16.723263
"194",19.559999,19.610001,19.469999,19.52,1882800,16.723263
"195",19.59,19.639999,19.52,19.6,2000400,16.791801
"196",19.6,19.74,19.540001,19.74,3102600,16.911743
"197",19.690001,19.76,19.610001,19.74,2787900,16.911743
"198",19.790001,19.99,19.76,19.790001,1934900,16.954582
"199",19.82,19.879999,19.65,19.76,2634000,16.928881
"200",19.77,19.9,19.68,19.700001,3401400,16.877476
"201",19.74,19.91,19.74,19.790001,3712900,16.954582
"202",19.73,19.870001,19.639999,19.860001,2580900,17.014547
"203",20,20.389999,19.969999,20.309999,4094400,17.400076
"204",20.34,20.4,20.18,20.200001,2351800,17.305834
"205",20.219999,20.24,20.059999,20.1,2768900,17.220165
"206",20.09,20.15,19.889999,20.030001,2693400,17.160194
"207",20.1,20.27,20.07,20.25,2169400,17.348673
"208",20.34,20.4,20.049999,20.26,2405300,17.357243
"209",20.120001,20.129999,19.690001,19.719999,3172000,16.894611
"210",19.719999,19.92,19.57,19.860001,2919500,17.014547
"211",19.969999,20.040001,19.83,19.98,3218700,17.117355
"212",19.93,20.110001,19.809999,20.08,4774400,17.203028
"213",20.1,20.67,19.43,19.5,7262900,16.706127
"214",19.41,19.85,19.27,19.43,5339800,16.646158
"215",19.52,19.610001,19.139999,19.16,4418000,16.414843
"216",19.200001,19.76,19.129999,19.75,4926800,16.920309
"217",19.629999,20.15,19.629999,20.08,5372900,17.203028
"218",20.139999,20.209999,20.09,20.139999,5479600,17.254435
"219",20.08,20.1,19.5,19.52,3133700,16.723263
"220",19.48,19.75,19.450001,19.65,2996600,16.834639
"221",19.549999,19.639999,19.360001,19.6,3213300,16.791801
"222",19.74,19.860001,19.629999,19.77,2399300,16.937445
"223",19.68,19.809999,19.530001,19.68,2463800,16.860342
"224",19.73,19.82,19.59,19.68,2029800,16.860342
"225",19.690001,19.84,19.66,19.700001,2155700,16.877476
"226",19.719999,19.74,19.5,19.549999,1831500,16.748964
"227",19.58,19.700001,19.5,19.65,1551200,16.834639
"228",19.67,19.73,19.4,19.48,2838600,16.688992
"229",19.52,19.700001,19.459999,19.690001,2692100,16.868908
"230",19.719999,19.85,19.65,19.700001,3982800,16.877476
"231",19.75,19.99,19.610001,19.690001,4978200,16.868908
"232",19.66,19.84,19.4,19.709999,5169800,16.886045
"233",19.84,19.879999,19.629999,19.709999,6123400,16.886045
"234",19.73,19.870001,19.52,19.549999,4829600,16.748964
"235",19.559999,19.68,19.4,19.4,4390100,16.620457
"236",19.389999,19.620001,19.360001,19.52,3827800,16.723263
"237",19.58,19.58,19.360001,19.389999,3210900,16.611887
"238",19.48,19.700001,19.41,19.530001,4719600,16.731831
"239",19.49,19.66,19.309999,19.5,3672200,16.706127
"240",19.49,19.67,19.34,19.370001,3591400,16.594761
"241",19.059999,19.67,19.049999,19.35,6245400,16.577623
"242",19.33,19.74,19.16,19.48,18819900,16.841307
"243",19.620001,19.74,19.52,19.559999,5311400,16.910469
"244",19.59,19.73,19.5,19.59,4211000,16.936409
"245",19.629999,19.68,19.43,19.469999,3201100,16.832659
"246",19.51,19.530001,19.24,19.26,4371500,16.65111
"247",19.33,19.450001,18.959999,19.08,3160200,16.495489
"248",19.049999,19.1,18.85,18.889999,2103800,16.331228
"249",18.93,18.969999,18.719999,18.799999,2929600,16.253418
"250",18.889999,19.08,18.85,19.07,2969700,16.486843
"251",19.08,19.15,19.01,19.01,2825800,16.434973
"252",19.059999,19.129999,18.969999,19.08,6822500,16.495489
"253",19.15,19.360001,19.07,19.07,6250400,16.486843
"254",19.17,19.49,18.950001,19.450001,9184200,16.815374
"255",19.450001,20.639999,19.42,20.6,16589600,17.809597
"256",21.59,22.209999,21.23,21.49,23503200,18.579039
"257",21.5,21.52,20.99,21.040001,6739500,18.189999
"258",20.809999,21.27,20.700001,21.23,6453600,18.354258
"259",21.299999,21.389999,21.040001,21.18,4058200,18.311031
"260",21.219999,21.280001,21,21.120001,3665200,18.259157
"261",21.120001,21.139999,20.540001,20.620001,8158200,17.826885
"262",20.469999,20.48,20.01,20.24,8384900,17.498358
"263",20.209999,20.33,20.129999,20.190001,6504200,17.455132
"264",20.280001,20.299999,20.129999,20.24,4212900,17.498358
"265",20.24,20.6,20.24,20.549999,4526900,17.766369
"266",20.52,20.82,20.48,20.73,4241700,17.921984
"267",20.799999,20.91,20.51,20.52,4187400,17.740435
"268",20.59,20.809999,20.48,20.799999,3745600,17.982502
"269",20.9,21.18,20.780001,21.16,3667500,18.293741
"270",21.15,21.15,20.780001,20.83,3536700,18.00844
"271",20.66,20.84,20.51,20.6,3387600,17.809597
"272",20.65,20.940001,20.639999,20.790001,4503700,17.97386
"273",20.709999,20.85,20.629999,20.690001,6317900,17.887407
"274",20.57,20.67,20.280001,20.280001,6520700,17.532942
"275",20.15,20.24,19.530001,19.540001,5493200,16.893177
"276",19.280001,19.870001,18.98,19.809999,7243000,17.126602
"277",19.73,20.049999,19.43,19.49,4430800,16.849953
"278",19.469999,19.5,18.809999,18.809999,7526600,16.262062
"279",18.98,19.49,18.549999,19.360001,7548000,16.737564
"280",19.459999,19.940001,19.4,19.77,7008900,17.092026
"281",19.59,19.92,19.59,19.75,7356300,17.074734
"282",20.5,20.74,19.83,20.299999,13492300,17.550232
"283",20.450001,20.540001,20.1,20.200001,7922400,17.463778
"284",20.15,20.450001,20.110001,20.26,7246400,17.515652
"285",20.24,20.5,20.18,20.25,3932900,17.507002
"286",20.27,20.42,20.09,20.09,3709800,17.368677
"287",20.200001,20.379999,20.059999,20.09,4950200,17.368677
"288",20.25,20.26,20.02,20.24,3527500,17.498358
"289",20.309999,20.4,20.18,20.299999,2983800,17.550232
"290",20.299999,20.379999,19.969999,19.99,5283000,17.282227
"291",20.1,20.15,19.75,19.82,5540100,17.135252
"292",19.84,20.01,19.5,19.66,5527500,16.996923
"293",19.549999,19.889999,19.49,19.870001,3105000,17.178478
"294",19.74,20.07,19.67,19.9,7196900,17.204418
"295",19.959999,20,19.719999,19.9,2926500,17.204418
"296",19.77,20.01,19.76,19.959999,2503300,17.25629
"297",19.969999,19.98,19.6,19.66,4136300,16.996923
"298",19.82,20.18,19.799999,20.17,4359100,17.437843
"299",20.209999,20.370001,20.059999,20.129999,5393000,17.403259
"300",20.23,20.549999,20.23,20.370001,6244600,17.61075
"301",20.49,20.52,20.23,20.309999,5849100,17.558874
"302",20.16,20.290001,19.809999,20.02,5321700,17.471605
"303",20.07,20.219999,20.030001,20.040001,19634600,17.489063
"304",20,20.01,19.52,19.639999,4027000,17.139978
"305",19.639999,19.93,19.58,19.75,4554300,17.235977
"306",19.780001,19.860001,19.629999,19.68,2549500,17.174889
"307",19.48,19.77,19.34,19.35,4543200,16.8869
"308",19.370001,19.370001,18.98,19,3654900,16.581446
"309",19.17,19.290001,18.84,19.209999,3559100,16.764715
"310",19.219999,19.290001,18.780001,18.889999,5902600,16.485451
"311",18.950001,19.35,18.92,19.219999,5863200,16.773441
"312",19.299999,19.52,19.219999,19.23,3681100,16.782167
"313",19.190001,19.24,18.76,18.93,3916800,16.520355
"314",18.5,18.75,18.379999,18.690001,7619100,16.310904
"315",18.43,19.16,18.43,19.09,5699300,16.659992
"316",19.219999,19.25,18.860001,19.08,4687200,16.65126
"317",19.02,19.110001,18.459999,18.65,4014000,16.275997
"318",18.74,18.92,18.68,18.709999,3267000,16.32836
"319",18.93,19.09,18.870001,19.040001,3866200,16.616354
"320",18.93,19.110001,18.860001,18.92,3185500,16.511629
"321",19.030001,19.08,18.92,19.01,2038600,16.59017
"322",19.129999,19.129999,18.82,18.879999,2712300,16.476723
"323",18.93,19.15,18.93,19.139999,4939300,16.703627
"324",19.23,19.459999,19.18,19.41,4406500,16.939257
"325",19.459999,19.51,19.35,19.370001,3605000,16.904348
"326",19.379999,19.540001,19.27,19.41,3261600,16.939257
"327",19.41,19.450001,19.01,19.08,2998100,16.65126
"328",19.110001,19.24,19.01,19.139999,2609700,16.703627
"329",19.27,19.33,18.91,19.02,3915900,16.598902
"330",19.01,19.23,18.93,19.15,3673400,16.712351
"331",19.26,19.620001,19.16,19.58,4490600,17.087616
"332",19.639999,19.639999,19.299999,19.34,3092600,16.878166
"333",19.41,19.77,19.33,19.75,5153100,17.235977
"334",19.700001,20.1,19.610001,19.91,7472300,17.375612
"335",20.129999,20.32,19.209999,19.25,7339500,16.79962
"336",19.129999,19.42,19.030001,19.4,5418600,16.930527
"337",19.280001,19.700001,19.129999,19.610001,4795000,17.113798
"338",19.66,19.83,19.48,19.780001,6751500,17.262159
"339",19.709999,19.85,19.6,19.719999,3916300,17.209795
"340",19.76,19.959999,19.700001,19.92,3620000,17.384338
"341",19.92,20.110001,19.92,20.059999,2827000,17.506514
"342",20.030001,20.030001,19.83,19.879999,3864000,17.349426
"343",19.91,19.950001,19.639999,19.75,5085900,17.235977
"344",19.620001,20.030001,19.559999,20.030001,3652300,17.480335
"345",20.030001,20.25,19.92,20.02,4001700,17.471605
"346",20.02,20.15,19.940001,20.110001,3845400,17.550154
"347",20.049999,20.200001,19.99,20.09,3196100,17.532694
"348",20.200001,20.24,20.049999,20.139999,3039900,17.576334
"349",20.15,20.290001,20.15,20.200001,4248300,17.628695
"350",20.07,20.200001,20.02,20.120001,3221400,17.558874
"351",20.08,20.17,19.85,20.059999,4319100,17.506514
"352",20.02,20.139999,19.9,20,3052200,17.454151
"353",19.860001,19.99,19.610001,19.700001,4504800,17.192339
"354",19.83,20.02,19.780001,19.950001,3578800,17.410517
"355",19.959999,19.99,19.84,19.889999,5190200,17.358156
"356",20,20.219999,19.98,20.059999,3524200,17.506514
"357",20.110001,20.440001,20.09,20.360001,3227900,17.76833
"358",20.440001,20.82,20.4,20.620001,9626000,17.995234
"359",20.690001,20.950001,20.59,20.950001,3543000,18.283226
"360",20.940001,21.040001,20.68,20.780001,3698400,18.134865
"361",20.75,20.92,20.65,20.809999,4232500,18.161047
"362",20.82,20.959999,20.77,20.889999,6489600,18.230862
"363",20.91,21.17,20.9,21.1,4685800,18.414129
"364",21.1,21.120001,20.889999,20.969999,3833000,18.30068
"365",20.889999,21.129999,20.65,20.66,4724900,18.194996
"366",20.639999,20.719999,20.42,20.690001,5742800,18.22142
"367",20.59,20.91,20.59,20.76,3977500,18.283066
"368",20.58,21.040001,20.549999,21,5695800,18.494431
"369",21.01,21.370001,21,21.18,7243500,18.652952
"370",21.219999,21.370001,21.040001,21.08,2932300,18.564886
"371",21.190001,21.27,21.1,21.139999,4130400,18.617727
"372",21,21.02,20.639999,20.780001,3934100,18.30068
"373",20.799999,20.870001,20.610001,20.620001,4446900,18.159771
"374",20.66,20.73,20.299999,20.309999,4178100,17.886755
"375",20.24,20.4,20.120001,20.299999,4466900,17.877951
"376",20.32,20.48,20.24,20.33,3382000,17.904371
"377",20.23,20.450001,20.120001,20.440001,3034800,18.001249
"378",20.5,20.530001,20.09,20.110001,2162500,17.710619
"379",20.16,20.34,19.99,20.299999,4133900,17.877951
"380",20.309999,20.459999,20.209999,20.25,3277000,17.833916
"381",20.26,20.379999,20.17,20.299999,3815200,17.877951
"382",20.280001,20.49,20.26,20.440001,3292000,18.001249
"383",20.379999,20.5,20.299999,20.299999,2454400,17.877951
"384",20.41,20.459999,20.190001,20.41,2319700,17.974825
"385",20.41,20.43,20.25,20.360001,2668800,17.930794
"386",20.370001,20.450001,20.17,20.27,2412800,17.851526
"387",20.040001,20.469999,20.040001,20.4,3899700,17.966017
"388",20.35,20.42,19.99,20.16,5118400,17.754654
"389",20.110001,20.309999,20.09,20.290001,3821800,17.869146
"390",20.280001,20.360001,20.209999,20.280001,2744600,17.860336
"391",20.280001,20.32,20.200001,20.209999,2247800,17.798687
"392",20.280001,20.32,20.09,20.219999,4437400,17.807495
"393",20.18,20.41,20.15,20.389999,3464900,17.957211
"394",20.370001,20.6,20.309999,20.4,2441600,17.966017
"395",20.42,20.51,20.129999,20.26,2390700,17.842724
"396",20.26,20.27,19.92,20.110001,3714100,17.710619
"397",20.139999,20.23,19.969999,20.16,5598100,17.754654
"398",20.15,20.41,19.99,20.15,5025400,17.74585
"399",20.110001,20.799999,20.059999,20.59,8278200,18.133348
"400",19.51,19.84,19.110001,19.4,15753900,17.085333
"401",19.379999,19.450001,18.950001,19.08,9558500,16.803511
"402",19.07,19.35,19.07,19.17,7536200,16.882774
"403",19.190001,19.27,19.120001,19.15,5381600,16.86516
"404",19.15,19.200001,18.889999,18.92,3612300,16.662601
"405",18.799999,18.92,18.73,18.84,4367200,16.592148
"406",18.85,18.85,18.559999,18.75,3684200,16.512882
"407",18.77,18.91,18.719999,18.809999,3855900,16.565725
"408",18.719999,19.030001,18.67,18.9,6612500,16.644989
"409",19.01,19.139999,18.82,18.860001,5382400,16.609762
"410",18.780001,19.200001,18.780001,18.91,5583200,16.653797
"411",18.92,19.1,18.879999,18.969999,3985200,16.706635
"412",18.99,19.08,18.84,18.889999,3760600,16.636183
"413",18.879999,19.120001,18.84,18.969999,3214500,16.706635
"414",19,19.059999,18.799999,18.889999,3229200,16.636183
"415",18.93,18.93,18.77,18.82,3039500,16.574532
"416",18.870001,18.93,18.719999,18.84,4552500,16.592148
"417",18.85,18.969999,18.76,18.809999,3432100,16.565725
"418",18.790001,18.99,18.76,18.889999,3023700,16.636183
"419",18.85,18.99,18.74,18.799999,3794100,16.556919
"420",18.74,19,18.719999,18.92,3943200,16.662601
"421",18.93,18.99,18.799999,18.860001,3391100,16.609762
"422",18.780001,18.83,18.559999,18.709999,5250700,16.477657
"423",18.690001,19.02,18.690001,18.959999,4784400,16.697828
"424",18.91,18.98,18.84,18.889999,2903100,16.636183
"425",18.950001,19.17,18.860001,19.139999,3489900,16.856354
"426",19.049999,19.209999,18.98,19.16,4655000,16.873966
"427",19.110001,19.34,19.09,19.299999,3537200,16.997259
"428",19.219999,19.33,18.67,18.74,7929900,16.668169
"429",18.74,18.790001,18.41,18.73,4843400,16.659277
"430",18.77,18.98,18.49,18.52,5154300,16.47249
"431",18.49,18.77,18.469999,18.66,4512200,16.597012
"432",18.73,18.84,18.58,18.6,4695600,16.543648
"433",18.66,18.76,18.549999,18.719999,3990700,16.650379
"434",18.790001,19.07,18.77,19.030001,10034900,16.926107
"435",18.940001,19.02,18.74,18.780001,4537100,16.703747
"436",18.790001,18.92,18.74,18.77,4053700,16.694853
"437",18.780001,19.379999,18.67,19.059999,9555100,16.952793
"438",19.040001,19.16,18.91,18.940001,3461500,16.846052
"439",18.879999,19.139999,18.879999,19.059999,4190800,16.952793
"440",19.15,19.27,18.950001,19.01,3212100,16.908316
"441",19.040001,19.110001,18.83,18.889999,4203700,16.801588
"442",19.01,19.18,18.98,19.08,2839200,16.970577
"443",19.02,19.059999,18.43,18.6,4876500,16.543648
"444",18.57,18.67,18.09,18.17,7508500,16.161184
"445",18.09,18.129999,17.85,18.02,5650200,16.027769
"446",17.959999,18.200001,17.85,18.17,7283600,16.161184
"447",18.200001,18.200001,17.75,17.76,4942600,15.796514
"448",17.719999,18.030001,17.59,17.67,6195200,15.716464
"449",17.940001,18.049999,17.57,17.91,5121200,15.92993
"450",17.93,18.209999,17.84,18.040001,4170900,16.045555
"451",18.129999,18.459999,18.07,18.4,3426400,16.365753
"452",18.360001,18.57,18.27,18.42,2907200,16.383545
"453",18.4,18.49,18.23,18.34,3349800,16.312393
"454",18.469999,18.52,18.129999,18.18,4148000,16.170078
"455",18.190001,18.290001,18.01,18.01,7820200,16.018877
"456",17.76,18.040001,17.76,17.940001,7449600,15.956616
"457",17.950001,18.1,17.65,17.67,5475900,15.716464
"458",17.809999,18.02,17.73,17.93,4794800,15.947718
"459",17.74,17.83,17.52,17.620001,6480400,15.671992
"460",17.76,17.91,17.389999,17.59,5610300,15.645309
"461",17.620001,17.870001,17.559999,17.870001,6098500,15.894354
"462",18.33,18.33,17.99,18.040001,7538700,16.045555
"463",18.030001,18.17,17.91,18.07,5443500,16.072241
"464",17.82,18.41,17.809999,17.91,6902700,15.92993
"465",17.99,18.66,17.98,18.440001,7024700,16.401339
"466",18.389999,18.639999,18.290001,18.48,4713800,16.436911
"467",18.540001,18.690001,18.440001,18.49,3452100,16.445807
"468",18.440001,18.99,18.440001,18.969999,5219200,16.872738
"469",18.85,19,18.709999,18.82,5104100,16.739325
"470",18.780001,18.91,18.540001,18.559999,3739300,16.508068
"471",18.629999,19.129999,18.629999,18.889999,6419700,16.801588
"472",19.02,19.16,18.68,18.870001,5235500,16.783796
"473",18.84,18.99,18.629999,18.76,9782100,16.685957
"474",18.700001,19.040001,18.700001,18.889999,6784300,16.801588
"475",18.889999,18.959999,18.66,18.709999,5292900,16.641485
"476",18.26,18.709999,18.26,18.620001,4431900,16.561436
"477",18.690001,18.719999,18.049999,18.43,5516800,16.392441
"478",18.299999,18.49,18.299999,18.459999,832100,16.419121
"479",18.629999,18.67,18.440001,18.530001,4639000,16.481386
"480",18.43,18.690001,18.43,18.65,3518100,16.58812
"481",18.76,18.99,18.700001,18.85,6335700,16.766008
"482",18.83,18.889999,18.6,18.68,4250100,16.614801
"483",18.66,18.75,18.58,18.73,6875400,16.659277
"484",18.91,18.91,18.459999,18.719999,8626100,16.650379
"485",18.719999,18.74,18.219999,18.360001,5503200,16.330179
"486",18.15,18.49,18,18.49,6117600,16.445807
"487",18.450001,18.57,18.02,18.15,5149900,16.143398
"488",18.17,18.370001,18.08,18.299999,6343300,16.276812
"489",18.51,18.58,18.25,18.370001,7346300,16.339079
"490",18.6,18.66,18.469999,18.540001,6434200,16.490278
"491",18.639999,18.77,18.52,18.700001,5850600,16.632595
"492",18.360001,18.49,18.110001,18.18,4481500,16.33606
"493",18.16,18.219999,17.719999,17.82,3769600,16.012575
"494",17.92,17.959999,17.559999,17.65,4607800,15.859818
"495",17.700001,17.9,17.41,17.49,4331300,15.716046
"496",17.309999,17.370001,16.84,17.030001,6133300,15.302702
"497",17.030001,17.360001,16.73,16.83,8982600,15.122988
"498",16.67,16.879999,16.549999,16.549999,2637200,14.871389
"499",16.629999,17.02,16.42,17.01,4026200,15.284734
"500",16.83,17.1,16.59,17.09,3872800,15.356618
"501",17.139999,17.26,16.959999,17.040001,2664900,15.311687
"502",17.040001,17.129999,16.83,17.059999,2895800,15.329656
"503",16.85,17.27,16.809999,17.139999,4950000,15.401543
"504",17,17.09,16.85,16.870001,4295200,15.158932
"505",17.02,17.309999,16.959999,17.09,4908500,15.356618
"506",17.110001,17.200001,16.870001,17.040001,6236200,15.311687
"507",17.139999,17.24,16.950001,17.07,6332800,15.338644
"508",17.16,17.559999,17.16,17.32,5235600,15.563289
"509",17.24,17.49,17.24,17.41,4387100,15.644158
"510",17.33,17.549999,17.33,17.52,3949100,15.743005
"511",17.42,17.620001,17.41,17.5,5238300,15.72503
"512",17.49,17.780001,17.4,17.700001,3898800,15.904748
"513",17.73,17.9,17.719999,17.75,4239200,15.949676
"514",17.75,18,17.709999,17.93,4563700,16.111418
"515",18.07,18.33,18,18.26,3569800,16.407948
"516",18.24,18.299999,18.02,18.09,3815000,16.255192
"517",18.139999,18.24,17.93,18.07,3888900,16.237219
"518",18.110001,18.27,18.049999,18.18,5090300,16.33606
"519",18.26,18.33,18.15,18.23,5796200,16.380991
"520",18.1,18.280001,18.049999,18.17,5485100,16.327076
"521",18.139999,18.219999,17.889999,18.129999,6242000,16.291136
"522",18.219999,18.41,18.129999,18.309999,5543600,16.452873
"523",18.26,18.33,18.15,18.25,7816700,16.398958
"524",18.280001,18.57,18.24,18.48,7075100,16.605633
"525",18.469999,18.549999,18.370001,18.41,5275900,16.542736
"526",18.41,18.73,18.41,18.51,6923700,16.632595
"527",18.49,18.66,18.49,18.6,5012100,16.713463
"528",18.549999,18.719999,18.299999,18.32,6923400,16.461861
"529",17.65,18.120001,17.43,18.01,14303000,16.183306
"530",18.049999,18.27,17.77,17.860001,9727300,16.048519
"531",17.940001,18.049999,17.73,17.99,6309200,16.165333
"532",18.040001,18.16,17.940001,17.950001,4729700,16.129393
"533",17.93,17.99,17.74,17.75,5781300,15.949676
"534",17.84,17.959999,17.77,17.799999,12106100,15.994604
"535",17.76,17.92,17.74,17.84,6102000,16.030544
"536",17.870001,17.92,17.790001,17.84,4081500,16.030544
"537",17.84,17.870001,17.6,17.629999,5320500,15.841847
"538",17.68,17.889999,17.639999,17.83,4185700,16.021561
"539",17.889999,17.9,17.690001,17.709999,5700500,15.913733
"540",17.74,17.860001,17.66,17.73,5051800,15.931704
"541",17.690001,17.83,17.68,17.799999,3020800,15.994604
"542",17.85,18.15,17.799999,17.870001,10147000,16.057503
"543",17.969999,18.290001,17.82,18.209999,11710000,16.363016
"544",18.25,18.32,18.07,18.23,5777600,16.380991
"545",18.209999,18.290001,18.02,18.07,5399700,16.237219
"546",18.110001,18.17,17.98,18.139999,4793700,16.300119
"547",18.08,18.17,17.59,17.709999,5315400,15.913733
"548",17.559999,17.93,17.52,17.93,5323500,16.111418
"549",17.98,18.16,17.940001,18.16,4143600,16.318089
"550",18.200001,18.290001,18.1,18.18,4827100,16.33606
"551",18.23,18.469999,18.15,18.4,5349000,16.533745
"552",18.24,18.25,18.07,18.190001,6837100,16.524666
"553",18.219999,18.389999,18.15,18.35,14507300,16.670017
"554",18.379999,18.41,17.93,18.18,7162200,16.515577
"555",18.200001,18.24,18.02,18.07,6500700,16.415649
"556",18.040001,18.17,17.959999,18,4512700,16.352058
"557",17.93,18.33,17.93,18.32,4736300,16.642761
"558",18.27,18.360001,18.16,18.25,4006800,16.579168
"559",18.18,18.27,18.030001,18.200001,3458300,16.533749
"560",18.309999,18.58,18.26,18.57,4799100,16.869875
"561",18.549999,18.709999,18.530001,18.57,4749800,16.869875
"562",18.65,18.84,18.57,18.629999,5247100,16.924379
"563",18.67,18.74,18.42,18.469999,6064500,16.77903
"564",18.549999,18.68,18.530001,18.66,4297500,16.951633
"565",18.66,18.98,18.58,18.93,6463400,17.196915
"566",18.99,19.24,18.93,19.07,6285100,17.324099
"567",19.059999,19.110001,18.950001,19.02,2955300,17.278675
"568",19.110001,19.559999,19.08,19.389999,9897200,17.614799
"569",19.27,19.5,19.16,19.48,8903300,17.696558
"570",19.370001,19.43,19.190001,19.379999,8261000,17.605713
"571",19.379999,19.450001,19.24,19.370001,4007900,17.596636
"572",19.25,19.290001,18.99,19.17,6822100,17.414942
"573",19.209999,19.27,18.98,19.110001,5428500,17.360435
"574",19.16,19.209999,19.08,19.17,2535400,17.414942
"575",19.18,19.24,19.09,19.24,5220500,17.478531
"576",19.26,19.35,19.17,19.299999,3623100,17.533041
"577",19.33,19.370001,19.219999,19.299999,4772100,17.533041
"578",19.27,19.360001,19.18,19.27,3916300,17.505789
"579",19.299999,19.5,19.290001,19.41,5878800,17.632969
"580",19.450001,19.57,19.379999,19.440001,4655500,17.660227
"581",19.379999,19.42,19.17,19.18,2766100,17.424026
"582",19.219999,19.719999,19.219999,19.690001,6524900,17.887335
"583",19.690001,19.74,19.33,19.41,5861600,17.632969
"584",19.389999,19.51,19.23,19.440001,5766800,17.660227
"585",19.52,19.52,19.299999,19.32,4512900,17.551208
"586",19.309999,19.42,19.200001,19.27,3502500,17.505789
"587",19.26,19.440001,19.110001,19.299999,3430300,17.533041
"588",19.049999,19.33,19.030001,19.219999,9078300,17.460365
"589",19.040001,19.27,19.01,19.200001,9386700,17.442194
"590",18.48,19.43,18.469999,19.200001,15060600,17.442194
"591",19.110001,19.43,19.110001,19.200001,10749400,17.442194
"592",19.15,19.42,19.120001,19.4,5449500,17.623886
"593",19.18,19.25,19.02,19.059999,5059400,17.315012
"594",19.209999,19.43,19.18,19.32,5010200,17.551208
"595",19.209999,19.549999,19.209999,19.440001,4063600,17.660227
"596",19.450001,19.790001,19.450001,19.6,4938200,17.805574
"597",19.459999,19.549999,19.280001,19.32,5425600,17.551208
"598",19.17,19.43,19.15,19.23,4571300,17.469448
"599",19.379999,19.52,19.33,19.41,3536200,17.632969
"600",19.35,19.610001,19.290001,19.469999,4417100,17.687473
"601",19.32,19.5,19.280001,19.469999,5372100,17.687473
"602",19.559999,19.799999,19.26,19.360001,4546900,17.587551
"603",19.379999,19.59,19.26,19.34,9117900,17.569378
"604",19.299999,19.41,19.040001,19.360001,5834400,17.587551
"605",19.33,19.48,19.27,19.309999,2891100,17.542124
"606",19.18,19.43,19.16,19.4,5098900,17.623886
"607",19.41,19.68,19.32,19.389999,6346200,17.614799
"608",19.620001,20.559999,19.49,20.370001,19064000,18.505081
"609",20.16,20.200001,19.58,19.85,12555000,18.032688
"610",19.809999,20.01,19.68,19.959999,4182800,18.132614
"611",20.08,20.280001,20.01,20.15,3400500,18.305223
"612",20.290001,20.360001,19.93,20.02,6341700,18.18712
"613",20.1,20.129999,19.809999,19.889999,4171500,18.069023
"614",19.889999,20.16,19.83,20.139999,4381600,18.296137
"615",19.99,20.17,19.92,20.059999,2709700,18.406246
"616",20.040001,20.139999,19.889999,20.09,2756500,18.433769
"617",20.049999,20.1,19.860001,20.059999,3881700,18.406246
"618",19.620001,19.77,19.200001,19.57,14846400,17.95664
"619",19.6,19.77,19.450001,19.709999,5673800,18.085096
"620",19.870001,19.940001,19.66,19.889999,7140200,18.250259
"621",19.790001,20.18,19.75,20.09,13443300,18.433769
"622",20.139999,20.18,19.889999,19.940001,4866400,18.296137
"623",20,20.15,19.93,19.940001,4251200,18.296137
"624",20,20.049999,19.6,19.6,6497300,17.984169
"625",19.719999,19.780001,19.6,19.68,3138200,18.057571
"626",19.77,19.889999,19.709999,19.889999,5450600,18.250259
"627",20.059999,20.15,19.809999,19.98,4883500,18.332838
"628",19.99,20.17,19.91,20.16,3749200,18.498001
"629",20.200001,20.299999,20.1,20.25,3773300,18.580582
"630",20.190001,20.370001,20.15,20.35,3144200,18.672335
"631",20.33,20.49,20.26,20.35,3977700,18.672335
"632",20.35,20.66,20.23,20.65,4781700,18.947603
"633",20.75,20.889999,20.450001,20.549999,6151900,18.855846
"634",20.59,20.65,20.34,20.41,4329500,18.72739
"635",20.450001,20.51,20.389999,20.5,2950300,18.809971
"636",20.51,20.790001,20.51,20.77,2860000,19.057713
"637",20.75,20.75,20.48,20.530001,4715500,18.8375
"638",20.5,20.559999,20.379999,20.389999,2942100,18.709038
"639",20.35,20.559999,20.299999,20.51,2369700,18.819145
"640",20.610001,20.620001,20.379999,20.4,2602000,18.718212
"641",20.459999,20.530001,20.33,20.4,2472700,18.718212
"642",20.459999,20.690001,20.370001,20.66,4536200,18.956778
"643",20.639999,20.92,20.59,20.879999,4014500,19.158642
"644",20.85,20.940001,20.76,20.84,3238800,19.121941
"645",20.870001,21.110001,20.870001,21.07,4207500,19.332979
"646",21.030001,21.209999,21.030001,21.139999,3840400,19.397207
"647",21.01,21.01,20.790001,20.9,5234200,19.176996
"648",20.92,21.190001,20.790001,21,6496400,19.268749
"649",20.99,21.25,20.879999,21.09,8911200,19.351332
"650",20.41,22.280001,20.4,21.82,12614000,20.021147
"651",21.530001,21.67,20.9,21.049999,8008200,19.314627
"652",21.139999,21.42,20.860001,21.379999,6397000,19.61742
"653",21.290001,21.469999,21.110001,21.4,6319300,19.635775
"654",21.51,21.700001,21.379999,21.610001,3760900,19.828463
"655",21.6,21.84,21.52,21.59,4451800,19.81011
"656",21.5,21.65,21.280001,21.299999,3695400,19.544018
"657",21.360001,21.48,21.24,21.41,9426300,19.644949
"658",21.17,21.280001,20.73,20.77,6910200,19.057713
"659",20.870001,21.059999,20.870001,20.879999,5305900,19.158642
"660",20.98,21.26,20.98,21.09,6217300,19.351332
"661",21.24,21.450001,21.200001,21.389999,3392000,19.626598
"662",21.4,21.52,21.219999,21.389999,3488500,19.626598
"663",21.530001,21.799999,21.469999,21.77,4162600,19.975273
"664",21.85,21.98,21.66,21.9,4320800,20.094549
"665",21.799999,21.9,21.32,21.379999,3347800,19.61742
"666",21.530001,21.690001,21.42,21.66,4152200,19.874338
"667",21.719999,21.91,21.65,21.870001,5871800,20.067028
"668",21.83,22.01,21.629999,21.969999,3938300,20.158783
"669",22.129999,22.219999,22.01,22.120001,3625900,20.296415
"670",22.24,22.32,22.040001,22.120001,3435600,20.296415
"671",22.01,22.09,21.860001,21.940001,5739100,20.131256
"672",22.059999,22.290001,22,22.27,4209700,20.43405
"673",22.459999,22.77,22.370001,22.6,5856100,20.736843
"674",22.59,22.950001,22.5,22.85,3660900,20.966238
"675",22.889999,23.34,22.860001,23.299999,7023000,21.379135
"676",23.219999,23.370001,22.969999,23.219999,6709100,21.305731
"677",23.280001,23.75,23.139999,23.74,7659300,21.782864
"678",23.82,24.09,23.65,23.76,7081800,21.801212
"679",23.66,23.74,23.280001,23.360001,5367500,21.616144
"680",23.07,23.17,22.690001,22.76,8365500,21.060934
"681",22.860001,22.879999,22.610001,22.860001,5004700,21.153473
"682",23.5,23.5,22.5,22.809999,5840600,21.107201
"683",22.780001,22.83,22.639999,22.709999,4257200,21.014664
"684",22.76,22.85,22.43,22.51,8310600,20.829599
"685",22.35,22.700001,22.35,22.4,8226600,20.727808
"686",22.620001,22.780001,21.68,21.91,15050600,20.274385
"687",22.1,22.370001,21.82,22.34,8609900,20.672287
"688",22.389999,22.610001,22.25,22.440001,4764900,20.764822
"689",22.82,23.200001,22.77,23.049999,9267600,21.329285
"690",23.030001,23.389999,23.02,23.17,6341400,21.440329
"691",23.219999,23.360001,23.139999,23.219999,4410800,21.486595
"692",22.98,23.08,22.67,22.77,6418200,21.070189
"693",22.719999,22.93,22.5,22.9,6519100,21.190483
"694",23,23.34,22.93,23.309999,5802100,21.569876
"695",23.17,23.42,22.959999,23.32,3619600,21.579132
"696",23.18,23.309999,22.950001,23.16,5456800,21.431074
"697",23.299999,23.4,23.08,23.379999,4633400,21.634651
"698",23.370001,23.58,23.299999,23.559999,5362900,21.801214
"699",23.709999,23.83,23.49,23.73,4544400,21.958523
"700",23.719999,23.799999,23.540001,23.76,4893300,21.986282
"701",23.799999,23.98,23.6,23.969999,4176800,22.180607
"702",23.92,24.030001,23.799999,23.959999,3907000,22.171352
"703",24.01,24.17,23.83,23.940001,3369000,22.152847
"704",23.889999,24.129999,23.780001,24.030001,3606500,22.236128
"705",24.139999,24.370001,24.040001,24.35,4046800,22.53224
"706",24.360001,24.469999,24.24,24.24,4498000,22.430449
"707",24.219999,24.530001,24.15,24.52,4082600,22.689548
"708",24.549999,24.790001,24.450001,24.77,3858600,22.920883
"709",24.75,24.950001,24.709999,24.82,4584600,22.967152
"710",24.940001,25.299999,24.92,25.02,7663600,23.152222
"711",25.049999,25.43,24.969999,25.030001,6215700,23.16148
"712",25.049999,25.23,24.719999,25.200001,6213100,23.318787
"713",25.16,25.26,24.860001,25.059999,8828900,23.189238
"714",25.24,26.82,25.02,26.48,14391300,24.503229
"715",26.57,26.940001,26.370001,26.610001,13175700,24.623528
"716",26.59,26.74,26.469999,26.51,8904600,24.530991
"717",26.719999,27.51,26.52,27.469999,7505400,25.419327
"718",27.530001,28,27.360001,27.860001,7893000,25.780212
"719",27.76,27.93,27.559999,27.870001,5836400,25.789465
"720",27.780001,27.780001,27.280001,27.360001,8234500,25.317539
"721",26.799999,27,26.469999,26.65,10737100,24.660538
"722",26.58,26.82,26.18,26.4,7422400,24.429203
"723",26.35,26.6,26.190001,26.48,5375300,24.503229
"724",26.639999,26.860001,26.57,26.799999,7740200,24.799343
"725",26.690001,27.24,26.690001,27.08,7422500,25.058443
"726",27.120001,27.49,27.120001,27.35,5490800,25.308287
"727",27.190001,27.33,26.799999,26.969999,6041500,24.956652
"728",26.889999,27.07,26.870001,27.030001,5917600,25.012171
"729",27.09,27.25,26.99,27,5133400,24.984415
"730",27.17,27.549999,27.16,27.379999,6700500,25.336046
"731",27.32,27.51,27.25,27.370001,29862100,25.326794
"732",27.440001,27.530001,27.07,27.280001,5430500,25.243511
"733",27.16,27.26,26.85,26.879999,3930200,24.873373
"734",26.82,27.030001,26.76,26.91,4625200,24.901133
"735",26.65,26.9,26.559999,26.75,7094900,24.753073
"736",26.82,27.15,26.74,26.76,5601000,24.762329
"737",26.75,26.870001,26.639999,26.84,5162500,24.836355
"738",26.959999,27.129999,26.84,26.860001,4162600,24.854864
"739",26.790001,27.1,26.77,26.93,4863300,24.919636
"740",26.870001,26.98,26.77,26.809999,4927600,24.808596
"741",26.83,26.889999,26.51,26.59,4442200,24.605021
"742",26.51,27.07,26.51,27.049999,7946700,25.03068
"743",26.950001,27.25,26.950001,27.23,4668800,25.197243
"744",27.16,27.450001,27.059999,27.129999,8356500,25.290461
"745",27.049999,27.27,26.809999,26.860001,6113200,25.038771
"746",26.870001,27,26.84,26.870001,5674000,25.048092
"747",26.809999,27.190001,26.639999,27.17,5316000,25.327749
"748",27.43,27.68,27.120001,27.43,14784600,25.570122
"749",27.370001,27.459999,27.08,27.139999,3518600,25.299786
"750",27.129999,27.24,27.059999,27.07,1069000,25.234531
"751",27.07,27.309999,27.049999,27.290001,2593200,25.439615
"752",27.360001,27.51,27.190001,27.370001,3339200,25.514191
"753",27.32,27.370001,26.76,26.780001,4391300,24.964195
"754",26.719999,26.889999,26.639999,26.780001,3275700,24.964195
"755",26.91,27.030001,26.120001,26.190001,8124900,24.414198
"756",25.870001,26.299999,25.77,26.1,4993800,24.330301
"757",25.92,26.09,25.610001,25.85,8018800,24.09725
"758",25.799999,26.280001,25.709999,25.969999,6180600,24.209114
"759",26.02,26.450001,25.92,26.200001,5965900,24.423523
"760",26.33,26.700001,26.32,26.66,6917400,24.852329
"761",26.76,26.82,26.23,26.26,5206400,24.479454
"762",26.33,26.559999,26.09,26.5,7247900,24.70318
"763",26.530001,26.75,26.51,26.67,4511500,24.861652
"764",26.75,27.07,26.66,27.07,4883200,25.234531
"765",27.219999,27.59,27.030001,27.59,5072800,25.719269
"766",27.65,27.889999,27.549999,27.77,7463900,25.88707
"767",27.709999,27.75,27.280001,27.32,7662500,25.467579
"768",27.559999,27.879999,27.34,27.58,3686900,25.709951
"769",27.540001,27.75,27.25,27.75,4243400,25.868423
"770",27.549999,27.6,26.969999,27.1,5294600,25.262499
"771",26.57,27.33,26.549999,27.15,6255800,25.309107
"772",27.23,27.629999,27.200001,27.49,4486400,25.626053
"773",27.559999,27.66,27.42,27.51,3700700,25.644697
"774",27.299999,27.620001,27.07,27.6,3631000,25.728596
"775",27.5,27.59,26.799999,26.9,13437500,25.076057
"776",27.1,27.309999,26.969999,27.09,4394400,25.253174
"777",27.379999,27.6,27.32,27.459999,5245400,25.598087
"778",27.629999,28.059999,27.540001,27.92,5801300,26.026896
"779",28.030001,28.25,27.84,27.969999,5730900,26.073505
"780",27.889999,28.030001,27.549999,27.65,4134100,25.775202
"781",27.68,28.43,27.58,28.299999,6758300,26.381128
"782",28.389999,28.450001,28.040001,28.24,9613800,26.325199
"783",26.34,26.530001,25.65,26.129999,20446900,24.358267
"784",26.09,26.6,25.879999,26.059999,8992400,24.293013
"785",26.16,26.41,26.110001,26.24,5829600,24.460808
"786",26.4,26.459999,25.690001,25.790001,7304500,24.041321
"787",25.799999,26.48,25.57,26.219999,9015000,24.442165
"788",26.139999,26.51,26.030001,26.5,6683200,24.70318
"789",26.34,26.42,25.559999,25.77,12934500,24.022675
"790",25,25.299999,24.84,25.110001,8089700,23.407427
"791",25.200001,25.25,24.01,24.059999,8644600,22.428623
"792",24.15,24.49,23.790001,23.809999,6924300,22.195572
"793",23.33,23.52,22.67,22.709999,10540500,21.170155
"794",22.08,22.66,21.85,22.389999,14106800,20.871857
"795",22.530001,23.5,22.32,23.49,9722800,21.89727
"796",23.34,24.07,22.65,23.049999,10577600,21.487104
"797",23.440001,24.040001,23.309999,23.9,6838800,22.27947
"798",23.33,23.59,22.32,22.379999,11617400,20.862534
"799",21.459999,22.629999,21.42,22.35,16566400,20.834568
"800",20.84,21.540001,20.01,20.17,11371700,18.802382
"801",20.83,21.9,20.469999,21.9,9232600,20.415077
"802",21.25,21.940001,21.16,21.73,13919600,20.256607
"803",20.280001,21.639999,20.129999,20.68,15484500,19.277803
"804",21.67,22.389999,21.35,22.129999,20301600,20.629484
"805",20.040001,21.23,19.07,20.84,10090600,19.626501
"806",21.120001,23.18,20.84,22.559999,11154500,21.246344
"807",21.309999,22.77,20.18,21.549999,11373700,20.295155
"808",21.43,21.74,19.76,20.07,9055400,18.901335
"809",20.040001,20.209999,18.32,18.370001,10324700,17.300327
"810",18.379999,19.1,17.700001,18.549999,8851100,17.469845
"811",19.16,20,18.42,19.110001,7201900,17.997234
"812",19.16,19.82,18.290001,19.24,8760200,18.119667
"813",19.190001,20.9,19.139999,20.76,8143600,19.551157
"814",20.35,20.610001,19.540001,19.74,6038400,18.590553
"815",19.940001,19.940001,18.51,18.91,8272800,17.808882
"816",18.77,19.139999,18.049999,18.129999,9065900,17.074299
"817",17.48,18.34,17.389999,17.6,8230600,16.575165
"818",17.700001,18.76,17.52,17.85,8495200,16.810604
"819",17.690001,17.98,17.49,17.719999,4608300,16.688175
"820",18.32,19.35,18.01,19.219999,7235100,18.100832
"821",19.809999,20.290001,19.389999,19.879999,8098900,18.722399
"822",19.940001,20.450001,19.700001,20.26,7191900,19.080273
"823",20.34,20.82,20.08,20.190001,5953000,19.014347
"824",20.09,20.33,19.780001,19.940001,4624800,18.778904
"825",20.4,20.57,19.969999,20.16,4286200,18.986097
"826",19.809999,19.809999,19.1,19.129999,4475600,18.016071
"827",19.379999,19.440001,18.91,19.18,4038100,18.06316
"828",19.6,19.98,19.6,19.93,5276900,18.769487
"829",19.709999,19.879999,18.950001,19.33,6798600,18.204426
"830",19.02,19.07,18.57,18.690001,5909600,17.601692
"831",19.07,19.110001,18.75,18.91,5672400,17.808882
"832",19.040001,19.25,18.85,19.040001,5620500,17.931313
"833",19.200001,19.200001,18.16,18.5,8603400,17.422758
"834",18.6,19.190001,18.290001,19.129999,6892000,18.016071
"835",19.440001,19.559999,18.66,19.129999,8276600,18.016071
"836",19.559999,20.18,19.360001,19.959999,5805400,18.797739
"837",19.85,19.9,18.76,19.07,5835800,17.959566
"838",18.700001,19.01,18.43,18.52,10671800,17.441591
"839",18.360001,18.91,18.040001,18.85,9101300,17.752375
"840",18.99,19.639999,18.98,19.360001,8141700,18.232681
"841",19.32,19.77,18.77,19.469999,9472600,18.336271
"842",19.719999,20.049999,19.290001,19.450001,6904800,18.317442
"843",19.67,20.110001,19.58,19.93,6852600,18.769487
"844",19.84,19.950001,19.24,19.309999,5741700,18.185591
"845",19.360001,19.43,18.860001,18.870001,4849000,17.77121
"846",18.83,18.940001,18.16,18.32,4550400,17.253237
"847",18.110001,18.389999,17.559999,18.379999,5974800,17.309742
"848",18.23,19.1,18.049999,18.57,14597800,17.48868
"849",18.969999,19.52,18.889999,19.4,5961700,18.27035
"850",19.299999,19.299999,18.700001,18.76,4570800,17.667616
"851",18.99,19.25,18.83,19.129999,3525400,18.016071
"852",19.129999,19.23,18.84,18.889999,4150100,17.790047
"853",18.969999,19.16,18.790001,19.01,3720000,17.903059
"854",19.51,20.01,19.299999,19.82,6240300,18.665894
"855",20.120001,20.459999,20.030001,20.290001,8231800,19.108526
"856",20.469999,20.700001,20.02,20.379999,8853600,19.193285
"857",20.24,20.370001,19.879999,20.02,14433100,18.854246
"858",20.030001,20.879999,19.9,20.709999,9056300,19.504068
"859",23.25,23.629999,22.83,23.049999,24359200,21.707813
"860",23.200001,23.360001,22.690001,22.9,7185700,21.566547
"861",22.83,23.610001,22.73,23.5,8079000,22.131611
"862",24.129999,24.82,24.02,24.549999,7807100,23.120466
"863",24.73,24.91,24.379999,24.82,6857800,23.374748
"864",24.33,24.51,23.950001,24.389999,4786300,22.969786
"865",23.940001,24.139999,23.440001,23.709999,8520000,22.329382
"866",23,23.129999,22.440001,22.5,7492200,21.189837
"867",23.08,23.09,22.08,22.52,6863000,21.208673
"868",21.690001,22.309999,21.33,22.110001,5298000,21.032688
"869",22.610001,22.67,21.870001,21.99,6865300,20.918535
"870",21.91,22.040001,21.719999,21.870001,5434100,20.804382
"871",21.700001,21.9,21.5,21.68,6277400,20.623642
"872",22.08,22.15,21.4,21.610001,11863800,20.557053
"873",21.629999,21.969999,21.370001,21.75,3403500,20.690229
"874",22.030001,22.08,21.629999,21.67,5150600,20.614128
"875",21.530001,21.6,20.860001,20.950001,6449200,19.929211
"876",20.870001,21.18,20.75,21.17,3958100,20.138489
"877",21.08,21.23,20.790001,21.110001,5876200,20.081411
"878",21.280001,21.459999,21.18,21.299999,4776300,20.262154
"879",21.26,21.719999,21.16,21.620001,4190700,20.566563
"880",21.84,22.26,21.690001,21.690001,4592700,20.633152
"881",21.92,22,21.49,21.549999,3985600,20.499971
"882",21.9,21.98,21.559999,21.620001,4581300,20.566563
"883",21.459999,21.620001,20.959999,20.99,4100100,19.96726
"884",20.98,21.139999,20.85,21.059999,4224400,20.03385
"885",21.139999,21.139999,20.309999,20.73,6063200,19.719927
"886",20.690001,21.41,20.620001,21.33,5203600,20.290693
"887",21.52,21.99,21.219999,21.469999,5477500,20.42387
"888",21.23,21.58,21.120001,21.559999,4801100,20.509485
"889",21.93,22.25,21.709999,22.129999,3550000,21.051714
"890",22.01,22.209999,21.889999,21.950001,2699500,20.880487
"891",22.07,22.1,21.75,21.99,3474900,20.918535
"892",21.9,21.98,21.65,21.9,3315800,20.832918
"893",22.030001,22.23,21.73,21.84,4714900,20.775845
"894",21.92,23.059999,21.92,22.67,8044700,21.565401
"895",22.700001,23.139999,22.67,22.719999,5508400,21.612967
"896",22.700001,22.91,22.34,22.469999,4746700,21.375147
"897",22.459999,22.860001,22.33,22.75,4881000,21.641504
"898",22.73,22.799999,22.42,22.459999,3167100,21.365631
"899",22.58,24.16,22.559999,24.15,10695900,22.973286
"900",23.92,24.4,23.780001,24.23,7705100,23.049391
"901",24.299999,24.43,24,24.280001,11753800,23.096954
"902",24.32,24.459999,23.459999,24.209999,8182400,23.030365
"903",24.190001,24.370001,23.870001,24.190001,8043300,23.011341
"904",24.360001,25.129999,22.469999,22.879999,10570200,21.765169
"905",22.889999,23.290001,22.690001,22.76,4993400,21.651016
"906",22.620001,23.32,22.43,23.27,5473900,22.136169
"907",23.33,23.709999,23.27,23.379999,4232600,22.240807
"908",23.459999,23.76,23.16,23.23,3973700,22.098116
"909",23.33,23.530001,23.18,23.370001,3160400,22.231295
"910",23.34,23.450001,23.200001,23.440001,2734700,22.297884
"911",23.370001,23.790001,23.33,23.639999,3500800,22.488138
"912",23.700001,24.15,23.57,23.959999,5791500,22.792542
"913",23.98,23.98,23.629999,23.780001,4223200,22.621317
"914",23.780001,23.959999,23.559999,23.700001,2819000,22.545216
"915",23.549999,23.73,23.34,23.370001,3515900,22.231295
"916",23.440001,23.57,23.290001,23.49,9316500,22.345449
"917",23.690001,23.950001,23.620001,23.92,2506500,22.754496
"918",23.98,24.16,23.790001,23.9,2007700,22.73547
"919",23.98,24.1,23.700001,23.9,2036600,22.73547
"920",24.01,24.120001,23.59,23.85,2464100,22.687908
"921",23.93,24.059999,23.780001,23.959999,3042100,22.792542
"922",24.01,24.01,23.58,23.59,4053000,22.440577
"923",23.58,23.709999,23.370001,23.6,2654400,22.450087
"924",23.65,24.08,23.33,23.969999,3466900,22.802057
"925",23.93,24.01,23.049999,23.23,3292900,22.098116
"926",23.34,23.5,22.780001,23.030001,2997900,21.90786
"927",22.790001,22.98,22.440001,22.610001,3990500,21.508326
"928",22.93,22.98,22.68,22.690001,3765500,21.584429
"929",22.799999,22.870001,22.15,22.190001,3791600,21.108789
"930",22.290001,22.290001,21.84,22.120001,3161700,21.0422
"931",22.32,22.73,22.26,22.57,3783200,21.470274
"932",22.639999,22.9,22.370001,22.43,3686800,21.551947
"933",22.5,22.790001,22.360001,22.389999,3509200,21.513514
"934",22.110001,22.620001,21.91,22.610001,3072900,21.724901
"935",22.59,22.98,22.58,22.65,4762600,21.763334
"936",22.360001,22.51,21.709999,21.93,3879700,21.071518
"937",22.059999,22.129999,21.75,22.040001,2041800,21.177214
"938",22,22.059999,21.139999,21.389999,4092000,20.552658
"939",21.32,21.99,21.07,21.530001,3484000,20.687178
"940",21.370001,21.709999,21.27,21.57,2211300,20.725615
"941",21.84,22.08,21.700001,21.99,3070500,21.129171
"942",22,22.17,21.73,21.780001,2368800,20.927395
"943",21.799999,22.02,21.290001,21.43,4639400,20.591095
"944",21.48,21.75,21.120001,21.48,4166200,20.639137
"945",21.200001,21.639999,21.049999,21.4,2970600,20.562269
"946",21.280001,21.690001,21.219999,21.48,3350600,20.639137
"947",21.59,22.129999,21.48,21.73,4869500,20.879349
"948",21.889999,22.24,21.77,22.02,3457400,21.157997
"949",22.139999,22.5,22.120001,22.32,2281900,21.446253
"950",22.5,22.65,22.18,22.23,3284600,21.359776
"951",22.290001,22.379999,21.99,22.27,2299200,21.398211
"952",22.18,22.26,21.6,21.65,3174200,20.802483
"953",21.709999,22.08,21.709999,21.860001,3729800,21.004261
"954",21.530001,22.17,21.51,22.16,2897000,21.292517
"955",22.190001,22.33,21.98,22.07,2710300,21.206038
"956",22.1,22.139999,21.690001,21.700001,2428800,20.850525
"957",21.84,22.07,21.639999,21.66,2639100,20.812088
"958",21.68,21.99,21.51,21.709999,2995400,20.86013
"959",21.74,22.309999,21.549999,22.23,2848100,21.359776
"960",22.370001,22.51,21.950001,21.969999,3143200,21.109955
"961",21.73,21.76,21.040001,21.389999,4393300,20.552658
"962",21.290001,21.379999,20.85,20.85,4204900,20.0338
"963",20.5,20.790001,20.16,20.26,5776900,19.466894
"964",20.33,21.030001,20.25,20.9,10229800,20.081839
"965",20.629999,20.68,19.07,19.440001,8116200,18.678995
"966",19.73,20.51,19.629999,20.33,6043000,19.534155
"967",20.530001,20.74,20.459999,20.6,4037100,19.793585
"968",20.52,20.6,20.129999,20.219999,5685900,19.428459
"969",20.48,21.16,20.48,20.879999,4435500,20.062624
"970",20.92,20.92,20.43,20.59,4204400,19.783976
"971",21.41,22.25,21.41,21.440001,5066400,20.600702
"972",21.629999,21.700001,21.43,21.66,4942200,20.812088
"973",21.77,21.889999,20.77,21.030001,6177400,20.206753
"974",20.940001,21.110001,20.639999,20.860001,3750900,20.043407
"975",20.99,21.34,20.92,21.24,3215100,20.408533
"976",21.35,21.879999,21.190001,21.790001,4409800,20.937002
"977",21.67,21.870001,21.5,21.83,2633800,20.975433
"978",21.799999,21.9,21.6,21.610001,3500100,20.76405
"979",21.58,21.75,21.41,21.530001,3872400,20.687178
"980",21.440001,21.459999,20.790001,20.9,3628000,20.081839
"981",21.040001,21.530001,20.93,21.34,3143300,20.504618
"982",21.549999,22.51,21.440001,22.43,5405200,21.551947
"983",22.459999,22.84,22.209999,22.58,4811300,21.696077
"984",22.57,22.610001,22.43,22.52,1865600,21.638424
"985",22.440001,22.620001,22.23,22.559999,7678000,21.676857
"986",22.719999,23.07,22.58,22.6,4051800,21.715294
"987",22.5,22.690001,22.290001,22.32,4489900,21.446253
"988",22.34,22.43,21.889999,21.93,3884600,21.071518
"989",21.91,22.049999,21.66,21.700001,7127200,20.850525
"990",21.66,22.1,21.6,21.73,4959600,20.879349
"991",21.610001,21.83,21.52,21.799999,3930900,20.946608
"992",21.940001,22.32,21.75,22.280001,5992100,21.40782
"993",22.07,22.16,21.629999,21.889999,3669600,21.033085
"994",21.700001,22.27,21.700001,22.129999,4612400,21.263691
"995",22.379999,22.690001,22.059999,22.07,4784400,21.206038
"996",22.129999,22.57,22.120001,22.49,3934700,21.609598
"997",22.67,22.82,22.59,22.67,4249600,21.782551
"998",22.690001,23.360001,22.690001,23.08,5075700,22.1765
"999",22.92,23.17,22.76,22.77,15133300,22.094027
"1000",22.51,22.6,21.700001,22.049999,5022900,21.395401
"1001",22.1,22.1,21.709999,21.799999,3574100,21.152821
"1002",21.860001,21.93,21.690001,21.73,2486900,21.0849
"1003",21.780001,21.870001,21.66,21.860001,814300,21.21104
"1004",22,22.15,21.700001,21.709999,2446000,21.065493
"1005",21.780001,21.91,21.49,21.58,2400900,20.939352
"1006",21.6,21.9,21.549999,21.780001,1555700,21.133415
"1007",21.870001,21.950001,21.639999,21.940001,1874100,21.288666
