"","XOM.Open","XOM.High","XOM.Low","XOM.Close","XOM.Volume","XOM.Adjusted"
"1",90.940002,91.339996,90.150002,90.889999,10360600,69.992752
"2",91.120003,91.150002,89.75,89.889999,9434200,69.222679
"3",90.190002,90.300003,88.440002,88.550003,14443200,68.190765
"4",88.790001,88.980003,87.82,88.5,16518100,68.152267
"5",88.220001,88.220001,86.550003,87.040001,13762300,67.027924
"6",87.169998,87.309998,85.910004,85.93,13283100,66.173164
"7",85.900002,86.949997,85.860001,86.809998,11183700,66.850822
"8",87.269997,87.379997,86.07,86.339996,10407000,66.488892
"9",86.269997,86.68,86.169998,86.349998,8415600,66.496582
"10",86.580002,87.389999,86.25,87.360001,13237300,67.274361
"11",87.059998,87.410004,86.050003,86.279999,11831700,66.442673
"12",85.970001,86.099998,84.589996,84.730003,16382900,65.249069
"13",85.440002,85.959999,85.050003,85.889999,18739700,66.142342
"14",85.68,85.879997,84.75,84.970001,11433900,65.433853
"15",84.980003,85.470001,84.830002,85.089996,11858100,65.526291
"16",85.339996,85.879997,85.25,85.339996,9578500,65.718788
"17",85.690002,85.830002,85.120003,85.599998,8779400,65.919006
"18",85.300003,85.75,85.040001,85.510002,10947900,65.849709
"19",85.419998,85.449997,84.18,84.860001,12789200,65.349167
"20",85.040001,85.07,83.129997,83.889999,19128100,64.602188
"21",84,84.160004,82.540001,82.940002,15111800,63.870617
"22",83.209999,83.529999,82.550003,83.449997,12200100,64.263336
"23",83.699997,83.720001,82.900002,83.540001,12746300,64.332657
"24",83.550003,83.650002,82.93,83.309998,9938200,64.155518
"25",83.230003,83.620003,82.449997,82.769997,11705200,63.739697
"26",81.989998,82.120003,81.169998,81.480003,14006300,63.320049
"27",81.480003,82.050003,81.480003,81.839996,9603000,63.599812
"28",82.260002,82.769997,82.129997,82.519997,8739800,64.128242
"29",82.769997,83.18,82.349998,83,9071600,64.501274
"30",82.910004,83.099998,82.059998,82.82,11370500,64.361404
"31",82.639999,83.18,82.459999,83.160004,11768500,64.625618
"32",83.120003,83.419998,82.169998,82.300003,10615000,63.957306
"33",82.089996,82.190002,81.440002,81.760002,15646000,63.537647
"34",82.120003,82.150002,81.300003,81.889999,16419600,63.638676
"35",81.650002,81.699997,80.870003,80.93,12917400,62.89262
"36",81.419998,82.220001,81.029999,81.779999,13847000,63.553185
"37",81.599998,81.800003,80.760002,81.080002,11338700,63.009205
"38",81.129997,81.709999,80.809998,81.540001,13465900,63.366684
"39",81.529999,81.989998,81.050003,81.32,16834200,63.195721
"40",81.699997,83.330002,81.699997,83.019997,17482100,64.516815
"41",82.800003,84.25,82.790001,83.300003,14170300,64.734406
"42",83.300003,83.599998,82.260002,82.459999,12190400,64.081635
"43",82.440002,82.900002,82.330002,82.830002,9617200,64.369164
"44",83.110001,83.290001,82.139999,82.519997,12711500,64.128242
"45",82.349998,82.379997,81.010002,81.029999,16817700,62.970345
"46",80.639999,81.720001,80.309998,81.669998,14721800,63.46769
"47",82.440002,82.470001,81.160004,81.610001,11355200,63.421062
"48",81.5,81.940002,81.050003,81.419998,9571400,63.273415
"49",81,81.230003,80.440002,80.989998,11335700,62.939255
"50",81.349998,82.059998,81.050003,82,11970300,63.724155
"51",82.029999,82.199997,81.669998,82.07,9923800,63.778549
"52",82.029999,82.260002,81.82,82,18834100,63.724155
"53",81.720001,82.040001,81.440002,82,7700300,63.724155
"54",82.160004,82.349998,81.599998,81.830002,13387700,63.592049
"55",81.959999,82.089996,81.43,81.760002,11168400,63.537647
"56",81.629997,82.220001,81.459999,81.860001,8928000,63.615349
"57",82.029999,82.029999,81.150002,81.230003,9128500,63.125763
"58",80.82,81.43,80.790001,81.25,8481200,63.1413
"59",81.32,82.019997,80.959999,81.839996,11028600,63.599812
"60",81.690002,82.279999,81.550003,82.019997,8495500,63.7397
"61",82.029999,83.870003,81.940002,83.699997,44704900,65.045273
"62",83.260002,83.309998,81.860001,82.010002,21750400,63.731915
"63",82.019997,82.309998,81.349998,82.07,11438700,63.778549
"64",82.099998,82.419998,81.330002,82.370003,9270900,64.011688
"65",82.849998,83.550003,82.470001,82.529999,13809100,64.136017
"66",82.75,83.209999,82.459999,83.010002,9554900,64.509056
"67",83.239998,83.360001,82.68,82.760002,8909600,64.314766
"68",83.120003,83.470001,82.919998,83.129997,8885300,64.602303
"69",83.080002,83.169998,82.419998,82.839996,8576500,64.376938
"70",82.860001,83.349998,82.699997,82.970001,9516100,64.477966
"71",82.720001,82.730003,81.57,81.690002,8667900,63.483242
"72",81.849998,81.970001,81.440002,81.580002,9577200,63.397758
"73",81.32,81.82,81.029999,81.050003,8821400,62.985882
"74",81.169998,81.510002,80.300003,80.489998,10764400,62.550701
"75",80.949997,81.739998,80.699997,81.010002,11649100,62.9548
"76",80.93,81,80.470001,80.690002,9816700,62.70612
"77",81.279999,81.400002,80.809998,81.110001,8729700,63.032509
"78",81.43,81.93,81.279999,81.730003,10733800,63.514332
"79",81.519997,82.330002,81.389999,81.400002,9445900,63.257862
"80",81.07,81.300003,80.940002,81.260002,12385300,63.149078
"81",82.459999,82.489998,81.559998,81.650002,12072200,63.45216
"82",81.510002,82.209999,81.480003,82.059998,8664100,63.770775
"83",82.139999,82.589996,81.900002,82.050003,9102900,63.763004
"84",81.970001,83.07,81.910004,82.699997,10289000,64.26812
"85",82.290001,82.360001,81.400002,81.639999,16164500,63.444393
"86",81.629997,82.239998,81.610001,82.019997,10213000,63.7397
"87",82,82.940002,82,82.889999,8097100,64.415794
"88",82.959999,83,82.160004,82.309998,8647100,63.965057
"89",82.120003,82.370003,81.650002,81.910004,9520300,64.255302
"90",82.589996,82.709999,82.099998,82.610001,10047300,64.80442
"91",82.389999,82.709999,82.25,82.550003,7480200,64.757355
"92",83,83.18,82.650002,82.800003,10881500,64.953468
"93",82.900002,83.230003,82.449997,82.550003,9574200,64.757355
"94",82.550003,83.040001,81.959999,81.989998,11151100,64.318054
"95",81.769997,82.150002,81.419998,81.75,9905800,64.129799
"96",82,82.089996,81.690002,81.93,13028500,64.271019
"97",82.110001,82.330002,81.93,82.290001,9218700,64.553413
"98",82.32,82.889999,82.239998,82.580002,6857200,64.780899
"99",82.419998,82.540001,82.010002,82.290001,8136000,64.553413
"100",82.330002,82.709999,81.519997,81.75,12370900,64.129799
"101",81.610001,81.800003,80.830002,81.550003,8227100,63.9729
"102",81.279999,81.339996,81.040001,81.099998,8973600,63.6199
"103",80.940002,80.949997,80.470001,80.5,13572300,63.149212
"104",80.370003,80.900002,80.190002,80.699997,9884100,63.306107
"105",80.589996,80.68,79.260002,79.5,21687300,62.364754
"106",79.440002,80.389999,79.400002,80.120003,11527100,62.851135
"107",80.300003,81.32,80.220001,81.209999,12208600,63.706192
"108",81.050003,81.400002,80.339996,80.910004,13096500,63.470856
"109",80.910004,81.080002,80.489998,80.620003,11720700,63.243351
"110",81.150002,82.139999,80.690002,82.129997,13553900,64.427902
"111",82.129997,83.690002,82.129997,82.93,18172900,65.055466
"112",82.849998,83.269997,82.57,82.959999,12175500,65.078979
"113",82.809998,82.82,81.559998,82.07,13714000,64.380829
"114",81.779999,82.400002,81.580002,82.260002,11862600,64.529877
"115",82.610001,83.540001,82.199997,83.489998,39726100,65.494766
"116",83.489998,83.489998,82.550003,82.760002,10445700,64.922112
"117",82.07,82.470001,81.410004,82.309998,13232600,64.569099
"118",82.040001,82.629997,81.139999,81.440002,11422300,63.8866
"119",81.449997,81.580002,80.900002,81.080002,8139900,63.604202
"120",80.849998,81.690002,80.760002,81.610001,10611200,64.019966
"121",81.57,81.75,80.910004,81.239998,7718700,63.729713
"122",81.449997,81.730003,81.110001,81.110001,9221600,63.627735
"123",81.410004,81.760002,81.190002,81.529999,9189700,63.957214
"124",81.370003,81.839996,80.410004,80.699997,20525100,63.306107
"125",81.080002,81.239998,80.699997,80.730003,14000600,63.329659
"126",80.790001,82.489998,80.720001,82.099998,8422300,64.404366
"127",81.68,81.68,80.519997,80.849998,9830800,63.423771
"128",80.860001,81.080002,80.089996,80.120003,9822400,62.851135
"129",80.199997,80.599998,79.809998,80.220001,10777800,62.929562
"130",80,80.410004,79.959999,80.160004,6338300,62.882504
"131",80.330002,80.75,80.040001,80.599998,9681100,63.227654
"132",81.190002,81.519997,80.75,80.959999,7974000,63.510075
"133",80.970001,81.089996,80.730003,80.970001,5582300,63.517918
"134",81,81.410004,80.769997,81.279999,7497200,63.761097
"135",81,81.43,80.830002,80.860001,7914700,63.431618
"136",81.019997,81.080002,80.410004,80.599998,8046100,63.227654
"137",80.440002,80.870003,80.269997,80.849998,9393200,63.423771
"138",80.970001,81.489998,80.75,80.860001,9681000,63.431618
"139",80.650002,80.839996,80,80.120003,12268600,62.851135
"140",80.059998,80.220001,79.760002,79.870003,9403000,62.65501
"141",80.769997,81.050003,80.269997,80.269997,11465300,62.968788
"142",80.580002,80.900002,80.199997,80.370003,10465100,63.047237
"143",80.239998,80.879997,79.900002,80.830002,11149700,63.408077
"144",79.650002,79.919998,78.269997,79.599998,22800800,62.443192
"145",79.830002,80.389999,79.599998,80.040001,12820200,62.788372
"146",80.160004,80.540001,79.970001,80.169998,10421200,62.890347
"147",79.900002,80.639999,79.800003,80.599998,10410100,63.227654
"148",80.339996,80.82,80.300003,80.489998,10136700,63.141376
"149",80.440002,80.559998,80.050003,80.209999,8292200,62.921711
"150",80.169998,80.169998,79.860001,80.160004,7893800,62.882504
"151",80.019997,80.220001,79.830002,79.959999,9028400,62.725601
"152",80.25,80.349998,79.779999,80.209999,8087100,62.921711
"153",79.760002,79.779999,78.910004,78.970001,12580300,62.549454
"154",79.209999,79.25,78.199997,78.209999,10192400,61.947475
"155",78.620003,78.790001,78.120003,78.230003,8862500,61.963322
"156",78.120003,78.25,77.68,78.040001,10350900,61.812832
"157",78.040001,78.169998,77.309998,77.470001,9117100,61.361355
"158",77.260002,77.279999,76.209999,76.260002,13400400,60.40295
"159",76.18,77.110001,76.050003,76.639999,14324300,60.703938
"160",76.470001,76.620003,76.080002,76.379997,10084900,60.498009
"161",76.550003,77.330002,76.529999,76.739998,9503600,60.78315
"162",76.699997,77.010002,76.470001,76.610001,7054300,60.680176
"163",76.5,76.650002,76.199997,76.330002,8678300,60.458382
"164",76.559998,77.129997,76.43,76.720001,6844900,60.767303
"165",76.900002,76.940002,76.260002,76.470001,8229700,60.56929
"166",76.209999,76.489998,76.080002,76.449997,7060400,60.553444
"167",76.239998,76.449997,76.059998,76.099998,8218000,60.276226
"168",76.269997,76.489998,76.050003,76.330002,15641700,60.458382
"169",76.370003,76.849998,76.32,76.57,7361100,60.648491
"170",76.639999,77.360001,76.610001,77.18,12784800,61.131664
"171",77.889999,79.220001,77.580002,78.779999,18574400,62.39896
"172",79.019997,79.330002,78.610001,79.029999,9836400,62.596977
"173",79.010002,79.040001,78.629997,78.82,8436000,62.430641
"174",79.410004,79.419998,78.900002,79.25,12955800,62.77124
"175",79.400002,79.690002,79.239998,79.5,7644400,62.969246
"176",79.5,79.769997,79.379997,79.769997,8369700,63.183102
"177",79.849998,80.230003,79.769997,80.089996,9072600,63.436562
"178",80.120003,80.209999,79.550003,80.07,16043700,63.420734
"179",79.790001,80.139999,79.699997,80.089996,8594400,63.436562
"180",80.059998,80.389999,79.989998,80.220001,9277100,63.539539
"181",80.279999,80.660004,80.260002,80.550003,10606900,63.800915
"182",80.489998,80.529999,79.760002,79.889999,11984200,63.278168
"183",79.720001,80.300003,79.669998,79.919998,10205800,63.301922
"184",80.029999,81,79.980003,80.980003,10496600,64.14151
"185",80.709999,81,80.559998,80.889999,8755100,64.070229
"186",80.889999,81.449997,80.790001,81.43,9724500,64.49794
"187",81.629997,82.449997,81.559998,82.190002,15581700,65.099907
"188",81.940002,82.059998,81.580002,81.980003,9944000,64.933571
"189",81.300003,81.82,81.25,81.629997,6777900,64.656342
"190",81.410004,81.970001,81.300003,81.760002,6082000,64.759323
"191",81.800003,81.870003,81.449997,81.790001,6357100,64.783073
"192",81.720001,82.239998,81.589996,82.019997,7375900,64.965248
"193",81.769997,81.889999,81.360001,81.709999,6070600,64.719711
"194",81.839996,82.18,81.760002,82.029999,7489900,64.973183
"195",82.339996,82.739998,82.089996,82.260002,7218500,65.15535
"196",82.160004,82.739998,82.139999,82.599998,7023700,65.424652
"197",82.309998,82.5,82.169998,82.43,6647500,65.289993
"198",82.730003,83.080002,82.360001,82.410004,7180000,65.274178
"199",82.699997,82.949997,82.540001,82.809998,5734000,65.591003
"200",82.629997,82.970001,82.540001,82.959999,6444100,65.709808
"201",82.959999,83.389999,82.540001,82.760002,6367100,65.551392
"202",82.349998,83.050003,82.330002,82.739998,7945500,65.53553
"203",82.849998,83.129997,82.620003,83.110001,9574100,65.828598
"204",83.150002,83.760002,83.040001,83.239998,9829900,65.931572
"205",83.550003,83.809998,83.309998,83.470001,7551200,66.113747
"206",83.449997,83.730003,82.949997,83.169998,9153300,65.876122
"207",83.370003,83.650002,83.110001,83.470001,9154500,66.113747
"208",83,84.239998,82.010002,83.709999,14866200,66.303841
"209",83.709999,83.949997,83.410004,83.540001,7811100,66.169197
"210",83.650002,83.68,83.169998,83.349998,9754200,66.018692
"211",83.389999,83.940002,83.260002,83.870003,9430000,66.430573
"212",83.599998,83.709999,82.910004,83.529999,7775500,66.16127
"213",83.419998,83.639999,83.160004,83.18,6903500,65.884056
"214",83.300003,83.870003,83.059998,83.75,9276700,66.335526
"215",83.739998,83.82,83.029999,83.580002,8471800,66.20089
"216",83.360001,83.5,82.860001,83.470001,8691600,66.113747
"217",83.300003,84.139999,83.080002,83.970001,10528800,66.509796
"218",83.010002,83.080002,82.419998,82.940002,8693700,66.301941
"219",82.650002,83.089996,82.599998,82.889999,6720400,66.261971
"220",82.419998,82.75,82.089996,82.239998,9251700,65.742363
"221",81.75,82.089996,81.150002,81.209999,9663600,64.918983
"222",80.440002,80.849998,80.150002,80.559998,10527200,64.399361
"223",80.32,80.660004,80.160004,80.239998,9536400,64.143562
"224",80.230003,80.639999,80.010002,80.550003,8468600,64.391396
"225",80.690002,81.25,80.639999,80.870003,8838400,64.647194
"226",81.160004,81.410004,81.050003,81.099998,7941600,64.831047
"227",81.440002,81.699997,81.220001,81.419998,3851300,65.086868
"228",81.32,81.400002,81.019997,81.110001,9127500,64.839035
"229",81.410004,82,81.309998,81.669998,9794600,65.286697
"230",81.650002,82.309998,81.480003,82.269997,9725000,65.766327
"231",82.449997,83.400002,82.410004,83.290001,18592700,66.581734
"232",83.440002,84.129997,82.410004,83.459999,13779300,66.717644
"233",83.209999,84.18,83,83.57,12597700,66.805573
"234",83.410004,83.769997,82.709999,82.889999,9357200,66.261971
"235",82.849998,83.199997,82.209999,82.279999,13398900,65.774338
"236",82.400002,82.620003,82.169998,82.550003,11359600,65.990173
"237",82.489998,82.900002,82.260002,82.660004,11988600,66.078117
"238",83.040001,83.25,82.739998,83.029999,8760700,66.373894
"239",82.889999,83.379997,82.699997,82.760002,11307000,66.158058
"240",82.610001,83.300003,82.480003,83.120003,10172700,66.445831
"241",83.029999,83.330002,82.889999,82.900002,9492400,66.269958
"242",83.160004,83.279999,82.870003,83.029999,26582300,66.373894
"243",83.18,83.669998,82.910004,82.940002,9363500,66.301941
"244",83.029999,83.169998,82.330002,82.440002,10285100,65.902245
"245",82.599998,83.139999,82.519997,82.870003,10620300,66.245995
"246",83.349998,84.269997,82.959999,83.849998,13578100,67.029388
"247",83.879997,84.019997,83.599998,83.970001,10161400,67.125328
"248",83.959999,84.360001,83.900002,83.980003,4777200,67.133316
"249",83.989998,84.099998,83.739998,83.900002,7000600,67.069366
"250",83.980003,84.050003,83.800003,84.019997,7495300,67.165283
"251",84,84.199997,83.639999,83.639999,8523400,66.861519
"252",83.82,85.199997,83.660004,85.029999,11469300,67.972679
"253",85.160004,86.970001,84.82,86.699997,13957700,69.307671
"254",86.790001,87.220001,86.43,86.82,10863000,69.403603
"255",86.75,86.879997,85.709999,86.75,11047600,69.347641
"256",86.699997,87.150002,86.599998,87.139999,10927100,69.659409
"257",86.940002,87.150002,86.650002,86.769997,8131600,69.363617
"258",87,87.190002,85.980003,86.080002,10822300,68.81205
"259",86.360001,87.370003,85.93,86.93,14366000,69.491524
"260",87.199997,87.989998,87.18,87.519997,9834500,69.963173
"261",87.739998,87.760002,86.599998,86.970001,10882800,69.523506
"262",87.199997,88.209999,86.93,88,10546000,70.346893
"263",87.769997,88.190002,87.339996,87.43,9223700,69.891228
"264",87.57,87.760002,86.610001,87.150002,13090000,69.667397
"265",87.169998,88.290001,87.050003,88.25,10270400,70.546722
"266",88.25,88.459999,87.739998,88.300003,10281800,70.586708
"267",88.489998,88.919998,88.010002,88.529999,10316100,70.770584
"268",88.550003,88.870003,88.199997,88.370003,11271900,70.642662
"269",88.639999,89,88.470001,89,10514400,71.146278
"270",88.589996,89.300003,87.949997,88.010002,9315700,70.354889
"271",87.540001,88.379997,86.779999,86.779999,12408000,69.371628
"272",86.559998,87.470001,86.330002,87.300003,14404700,69.787315
"273",87.5,89.25,87.349998,89.07,17971000,71.20224
"274",85.129997,86.010002,83,84.529999,29822100,67.572983
"275",83.279999,83.989998,78.129997,79.720001,30452700,63.727875
"276",78.510002,80.349998,76.900002,78.349998,36262800,62.632706
"277",78.440002,79.410004,76.919998,76.940002,21994500,61.505562
"278",77.440002,77.580002,76.029999,76.07,25650800,60.810089
"279",76.25,76.480003,73.900002,75.779999,29491600,61.197727
"280",77.050003,77.620003,75.839996,76.419998,19340400,61.714565
"281",76.099998,76.75,75.730003,76.300003,11926600,61.617664
"282",75.790001,76.660004,75.169998,76.459999,17188400,61.746876
"283",76.620003,76.699997,75.449997,76.209999,14432400,61.544979
"284",76.150002,77.120003,75.849998,76.540001,13722400,61.81147
"285",76.470001,77.470001,75.459999,75.75,13387300,61.173492
"286",75.82,76.440002,74.870003,74.889999,11715000,60.478981
"287",75.300003,76.839996,75.190002,75.860001,14020200,61.262321
"288",76.089996,77.620003,75.949997,77.529999,13378800,62.610973
"289",77.739998,78.93,77.559998,78.839996,16940400,63.668884
"290",79,79.870003,77.5,77.5,14629500,62.58675
"291",78.160004,78.25,75.699997,75.739998,17087800,61.165424
"292",75.529999,76.68,74.860001,75.199997,15696700,60.72934
"293",74.889999,75.870003,74.480003,75.550003,15630300,61.011982
"294",75.230003,76.559998,75.120003,76.269997,14891000,61.593426
"295",76.669998,76.980003,75.860001,76.18,10754300,61.520748
"296",75,75.239998,73.559998,74.260002,27255500,59.970219
"297",74.5,74.769997,73.690002,74.120003,19299800,59.857159
"298",74.82,75.059998,74.209999,74.559998,19714100,60.212475
"299",74.870003,75.580002,74.690002,75.239998,14226700,60.761639
"300",75.330002,75.82,74.25,74.529999,13739700,60.188255
"301",74.639999,74.790001,73.529999,73.599998,14820700,59.437214
"302",74.349998,75,74.099998,74.419998,15640600,60.099419
"303",74.360001,75.120003,74.360001,75.120003,32109700,60.664722
"304",75,75.010002,73.860001,74.150002,12744800,59.881382
"305",74.220001,74.699997,73.949997,73.989998,13003200,59.752174
"306",74.230003,75.639999,73.980003,75.040001,15418500,60.600121
"307",74.419998,74.699997,73.389999,73.5,17737000,59.356457
"308",73.809998,74.209999,72.669998,72.889999,20157300,58.863842
"309",73.650002,74.150002,72.75,74,15032700,59.760239
"310",74,74.889999,73.279999,73.699997,15821900,59.517963
"311",73.739998,74.010002,72.779999,72.809998,18163900,58.79924
"312",73.330002,74.889999,73.260002,74.610001,14882900,60.252861
"313",74.269997,74.400002,72.160004,73.220001,17891100,59.130341
"314",73.449997,75.139999,73.099998,75.019997,15999200,60.583981
"315",74.050003,75.059998,73.440002,74.870003,13122200,60.462818
"316",75.059998,76.32,75.019997,76.019997,14200000,61.391521
"317",75.639999,76.120003,74.220001,74.870003,14299600,60.462818
"318",75.220001,75.790001,74.800003,74.870003,11103100,60.462818
"319",76.080002,77.769997,76.059998,77.07,19006100,62.239491
"320",77.110001,78.040001,76.75,77.43,13734000,62.530224
"321",77.860001,78.139999,77.010002,77.220001,13270400,62.360626
"322",77.800003,78.190002,77.599998,77.839996,10925000,62.861305
"323",78.120003,79.080002,77.709999,78.540001,10743600,63.426617
"324",78.540001,78.760002,78.040001,78.330002,10478100,63.25703
"325",79.040001,79.760002,78.940002,79.220001,12061400,63.975769
"326",79.32,79.82,78.809998,79.419998,11291500,64.137276
"327",79.32,79.400002,78.330002,79,12072200,63.798107
"328",78.919998,79.599998,78.75,79.57,11729800,64.258423
"329",79.800003,79.93,77.970001,78.349998,14102000,63.273182
"330",78.199997,79.620003,77.489998,79.5,13867500,64.201874
"331",79.599998,80.900002,79.529999,80.860001,14554400,65.300179
"332",76.949997,78.650002,76.480003,77.790001,16346800,62.82095
"333",77.910004,78.559998,77.739998,77.75,15028800,62.788643
"334",77.260002,77.260002,75.980003,76.949997,16231000,62.142555
"335",76.449997,77.230003,76.300003,76.800003,13883700,62.021446
"336",76.389999,76.610001,75.400002,76.540001,12243100,61.81147
"337",76.129997,77.220001,75.940002,76.900002,9887200,62.102203
"338",77.739998,79.080002,77.400002,77.739998,15071500,62.780556
"339",77.800003,78.160004,76.370003,78.089996,17430400,63.06321
"340",78.980003,80.239998,78.949997,79.93,17142100,64.549149
"341",80.639999,81.790001,80.5,81.720001,17710300,65.99469
"342",81.18,81.970001,80.910004,81.279999,14751000,66.30468
"343",81.699997,82.32,81.610001,81.830002,11852100,66.753357
"344",81.849998,82.029999,81.400002,81.790001,12595700,66.720718
"345",81.760002,82.050003,81.169998,82.019997,9570000,66.908333
"346",82.199997,82.279999,81.440002,81.879997,11224100,66.794128
"347",81.550003,81.800003,81.260002,81.300003,10030900,66.321007
"348",81.730003,82.349998,81.519997,82.279999,8822400,67.120422
"349",82.440002,82.650002,81.349998,81.639999,10753400,66.598351
"350",80.949997,82.230003,80.57,82.150002,15140900,67.014397
"351",81.349998,81.360001,79.949997,80.269997,13360500,65.480774
"352",79.279999,79.330002,78.089996,78.709999,14562000,64.208191
"353",78.150002,78.730003,77.529999,78.419998,14644800,63.971615
"354",79.25,81.660004,79.220001,81.5,16627500,66.484138
"355",80.809998,81.550003,80.690002,81.239998,15803100,66.272057
"356",81.870003,82.349998,81.550003,81.830002,9906100,66.753357
"357",82.050003,82.529999,80.809998,80.970001,10954700,66.051796
"358",80.589996,81.650002,80.410004,80.68,12059300,65.815224
"359",81.480003,82.089996,80.870003,82.059998,11603300,66.940964
"360",82.730003,83.290001,82.559998,82.879997,13502500,67.609871
"361",83.110001,83.660004,82.5,83.599998,14350400,68.197235
"362",83.720001,83.790001,82.93,83.099998,10831600,67.789352
"363",83.110001,83.75,82.32,82.419998,12351800,67.234634
"364",82.440002,82.599998,81.470001,81.510002,12049300,66.492302
"365",81.940002,82.300003,81.5,81.889999,11477300,66.802299
"366",81.720001,81.82,80.510002,80.660004,23797500,65.798912
"367",80.400002,81.379997,80.300003,80.82,9192600,65.929428
"368",79.889999,80.959999,79.709999,80.699997,8759700,65.831543
"369",80.849998,81.129997,80.269997,80.449997,8917700,65.627617
"370",80.019997,80.379997,79.330002,79.690002,10990700,65.007629
"371",81.160004,81.940002,80.919998,81.379997,16012200,66.386261
"372",80.779999,81.239998,79.300003,79.739998,10557200,65.048416
"373",80.150002,81.010002,79.970001,80.639999,10382800,65.782585
"374",81.059998,82.480003,81.059998,81.709999,12725900,66.655457
"375",81.730003,82.07,81.029999,81.970001,9390700,66.867546
"376",82.449997,83.540001,82.290001,82.730003,17323200,67.487534
"377",81.889999,82.129997,81.32,81.760002,9998300,66.696236
"378",82.580002,83.449997,82.080002,82.239998,7197300,67.087807
"379",82.589996,82.769997,82.050003,82.309998,9035700,67.144905
"380",81.959999,82.699997,81.660004,82.330002,7637100,67.161224
"381",82.809998,83.129997,82.559998,82.900002,7158600,67.626213
"382",83.699997,84.120003,83.510002,83.660004,8806200,68.246193
"383",83.029999,83.529999,82.029999,82.589996,10405300,67.373322
"384",83.010002,83.239998,82.309998,82.690002,9762200,67.45488
"385",82.68,83.75,82.559998,83.309998,8720000,67.960655
"386",82.519997,82.790001,82,82.489998,8306900,67.29174
"387",82.260002,82.75,82.040001,82.309998,7373300,67.144905
"388",81.800003,82.32,81.489998,82.220001,8711900,67.071487
"389",82.199997,82.620003,81.720001,82.010002,8659100,66.900185
"390",81.720001,81.93,81.25,81.400002,9196300,66.402557
"391",81.949997,82,81.18,81.400002,8425900,66.402557
"392",81.519997,83.019997,81.480003,83.010002,11121000,67.715942
"393",83.010002,83.739998,82.510002,83.589996,9523600,68.189072
"394",83.830002,84.400002,83.370003,84.239998,13210100,68.719315
"395",80.970001,82.379997,80.809998,81.919998,18220800,66.826759
"396",82.129997,82.129997,80.709999,81.739998,11282800,66.679932
"397",81.639999,82.150002,81.440002,81.510002,11716800,66.492302
"398",80.889999,80.93,80.220001,80.389999,8936300,65.578644
"399",79.889999,80.260002,79.449997,79.910004,8364300,65.187096
"400",79.970001,80.300003,79.629997,80.199997,7811100,65.42366
"401",80.25,80.43,79.739998,80.18,10041800,65.407349
"402",80.910004,81.589996,80.309998,81.269997,10698100,66.296524
"403",81.019997,81.230003,80.349998,80.730003,7275000,65.85601
"404",80.730003,80.910004,80.110001,80.32,9828500,65.521545
"405",79.510002,79.519997,78.860001,79.419998,12954300,65.455612
"406",79.449997,79.75,78.43,78.559998,10308500,64.746819
"407",78.989998,79.07,78.080002,78.309998,8005900,64.540787
"408",77.779999,77.900002,76.510002,76.940002,16307800,63.411663
"409",77.279999,78.099998,77.199997,78,11519900,64.285301
"410",78.339996,78.489998,77.800003,78.260002,10178400,64.499596
"411",78.260002,79,78.169998,78.809998,8152100,64.952866
"412",79.050003,79.580002,78.669998,78.830002,9192200,64.969368
"413",79.110001,80.050003,79.019997,79.959999,10098200,65.900673
"414",79.559998,79.629997,78.900002,79.080002,7203900,65.175392
"415",79.519997,80.050003,79.419998,79.620003,6545200,65.620453
"416",79.910004,80.470001,79.860001,80.400002,6671900,66.263298
"417",80.580002,80.82,80.199997,80.279999,8823400,66.164406
"418",80.440002,81.040001,80.099998,80.860001,8004800,66.642426
"419",80.449997,80.779999,80.120003,80.510002,7450900,66.353966
"420",80.239998,80.459999,79.769997,80.169998,10700000,66.073746
"421",80.410004,80.690002,79.809998,80.290001,8855000,66.172646
"422",79.900002,81.43,79.599998,81.360001,13878400,67.054504
"423",81.110001,81.639999,80.339996,80.459999,13320600,66.312752
"424",80.150002,81.93,79.82,81.830002,16417800,67.441879
"425",82.239998,82.739998,81.660004,81.709999,10817900,67.342972
"426",81.959999,83.190002,81.629997,82.860001,11891900,68.290764
"427",83.25,83.779999,82.870003,83.129997,11556300,68.513283
"428",83.150002,83.25,82.010002,82.32,11162700,67.845711
"429",82.419998,83.150002,82.269997,82.919998,9442600,68.340218
"430",83,83.610001,82.989998,83.410004,8403300,68.744064
"431",83.900002,84.129997,83.449997,83.629997,9219900,68.925369
"432",83.639999,84.769997,83.639999,84.629997,10413600,69.749542
"433",84.860001,85.339996,84.540001,84.82,11198200,69.906136
"434",85.010002,85.43,84.519997,85.169998,26639400,70.194595
"435",85.790001,87.089996,85.720001,86.599998,13549500,71.373154
"436",87.029999,87.360001,86.370003,86.5,12200700,71.290741
"437",86.019997,86.5,85.690002,85.779999,10275500,70.697334
"438",86.089996,86.379997,85.589996,85.769997,7895400,70.689102
"439",85.25,85.93,84.989998,85.019997,9884900,70.070969
"440",85.349998,86.029999,85.260002,85.809998,8566900,70.722054
"441",85.800003,86.669998,85.620003,86.459999,8453100,71.257782
"442",86.510002,86.889999,85.980003,86.150002,10206700,71.002281
"443",85.5,86.080002,85.25,85.580002,10204600,70.532501
"444",85.309998,85.699997,84.93,85.339996,9217400,70.334717
"445",84.790001,86.309998,84.650002,86.129997,13242400,70.985802
"446",86.379997,86.879997,85.739998,86.510002,10177900,71.298981
"447",86.730003,86.82,84.5,84.519997,16573400,69.658882
"448",83.940002,84.169998,81.169998,81.599998,20320100,67.252312
"449",82.129997,82.239998,80.269997,81.379997,15216300,67.070999
"450",81.379997,81.739998,80.82,80.82,10558800,66.609459
"451",80.510002,81.269997,80.010002,81.199997,9781800,66.922661
"452",80.940002,81.519997,80.339996,81.5,12247700,67.169884
"453",81.199997,82.470001,81.199997,81.849998,17448600,67.458359
"454",81.660004,82.459999,81.510002,81.970001,12098700,67.557251
"455",82,82.18,80.639999,81.150002,9474100,66.881432
"456",80.059998,80.459999,78.720001,79.839996,15465100,65.801758
"457",80.129997,80.260002,77.550003,77.620003,16085700,63.972115
"458",78.489998,79.050003,77.739998,78.309998,12315500,64.540787
"459",77.870003,78.410004,76.959999,77.529999,18160100,63.897938
"460",78.07,78.43,76.220001,77.050003,15707000,63.502335
"461",77.620003,79.029999,77.419998,78.779999,17758200,64.928154
"462",79.339996,80.349998,78.900002,79.68,16629100,65.669891
"463",79.830002,80.75,79.300003,80.669998,14159300,66.48584
"464",81.760002,82.449997,80.230003,81.949997,19350400,67.540771
"465",82.5,82.870003,81.440002,81.639999,15815000,67.285271
"466",81.739998,82.099998,81.349998,81.989998,9063200,67.573738
"467",82.209999,83.139999,81.660004,83.029999,12699800,68.43087
"468",83.129997,83.75,81.540001,81.709999,16865500,67.342972
"469",80.260002,81.400002,79.690002,80.870003,15070100,67.326324
"470",81.660004,81.730003,79.730003,79.830002,11906600,66.460495
"471",79.800003,79.849998,77.639999,78,15530200,64.936974
"472",78.860001,79.089996,76.75,77.389999,18552100,64.429138
"473",76.669998,78.190002,75.910004,78.190002,18976000,65.095154
"474",78.370003,79.190002,78.099998,78.959999,13704900,65.736191
"475",78.459999,79.360001,78.43,79.220001,9430800,65.95266
"476",78.419998,78.900002,76.370003,76.970001,15533700,64.079468
"477",77.43,78.379997,77.260002,77.559998,9685300,64.570656
"478",76.050003,76.199997,74.699997,75.489998,10875400,62.847324
"479",76.239998,77.32,76.120003,76.980003,13741100,64.087791
"480",76.57,77.449997,76.400002,77.050003,10344500,64.146065
"481",77.040001,78.449997,76.839996,78.449997,11482100,65.311615
"482",78.220001,79.529999,78.190002,79.059998,10255200,65.819443
"483",78.449997,79.599998,78.32,79.5,14040100,66.185753
"484",80.239998,81.459999,80.139999,81.220001,19415100,67.617699
"485",81.379997,81.949997,79.349998,79.43,18540700,66.127487
"486",78,78.440002,76.919998,78.389999,23218100,65.261658
"487",79.389999,80.360001,77.330002,77.639999,16224700,64.63726
"488",77.860001,77.860001,74.800003,76.540001,17946200,63.721481
"489",77.699997,77.800003,75.68,76.68,15742400,63.838036
"490",78.040001,78.199997,76.019997,76.019997,14559800,63.288563
"491",76.029999,77.220001,75.949997,76.980003,13749700,64.087791
"492",76.720001,76.870003,75.089996,75.580002,12669300,62.92226
"493",75.260002,75.599998,73.480003,74.040001,15464100,61.640163
"494",73.629997,73.860001,71.620003,72,18681200,59.941814
"495",72.449997,73.269997,70.300003,70.779999,21679600,58.926132
"496",70.089996,70.660004,68.050003,68.629997,28723700,57.136204
"497",68.139999,70.370003,67.669998,68.120003,47287300,56.71162
"498",66.870003,67.529999,65.440002,65.510002,14262800,54.538723
"499",66.18,68.660004,64.650002,68.639999,24887700,57.144535
"500",67.739998,68.940002,66.080002,68.940002,22077000,57.394283
"501",69.18,69.580002,67.82,68.169998,19710600,56.753242
"502",68.32,69.150002,67.660004,68.190002,15807000,56.769897
"503",67.349998,69.870003,67.260002,69.690002,16727200,58.018684
"504",70,70.25,68.360001,68.620003,13866100,57.12788
"505",69.639999,71.269997,69.360001,71.150002,16043600,59.234184
"506",71.25,72.099998,70.739998,71.519997,10844200,59.54221
"507",72.540001,72.589996,71.940002,72.040001,11439000,59.975121
"508",72.599998,72.599998,71.650002,72.419998,13473500,60.291485
"509",72.07,72.080002,71.120003,72.050003,13151100,59.983452
"510",71.849998,71.889999,71.07,71.720001,9790100,59.708721
"511",71.209999,71.779999,71.120003,71.629997,11012400,59.633789
"512",71.949997,72.360001,71.32,71.669998,10298300,59.667084
"513",71.419998,72.379997,71.309998,71.639999,12595600,59.642117
"514",71.190002,72.339996,70.900002,72.129997,10141700,60.050049
"515",73.269997,73.290001,72.129997,72.989998,15759200,60.766018
"516",72.389999,72.709999,71.68,71.889999,15035600,59.850239
"517",72.010002,72.300003,70.93,71.300003,13187200,59.359066
"518",71.099998,71.970001,70.639999,71.400002,11272500,59.442307
"519",72.07,72.269997,71.540001,71.720001,8996200,59.708721
"520",71.019997,71.279999,70.370003,71.239998,13678400,59.309101
"521",71.699997,72.190002,71.480003,71.510002,10513200,59.533886
"522",71.769997,72.57,71.510002,72.290001,11524700,60.183247
"523",72.290001,73.489998,72.019997,73.279999,19876700,61.007446
"524",74.919998,76.489998,74.32,75.919998,22968700,63.205322
"525",75.760002,75.760002,74.400002,74.82,15483800,62.289551
"526",75.18,75.639999,75.010002,75.589996,12786700,62.93058
"527",75.580002,75.769997,75.129997,75.260002,10866900,62.655853
"528",74.949997,75.190002,73.900002,74.68,14418900,62.172997
"529",73.760002,74.07,72.730003,73.980003,11959500,62.27401
"530",73.879997,74.220001,73.400002,74.099998,10434800,62.375019
"531",75.080002,75.449997,74.82,75.400002,12599200,63.469315
"532",75.580002,76.540001,75.510002,76.25,13214600,64.18483
"533",76.260002,76.650002,75.709999,76.269997,12772900,64.20166
"534",76.940002,77.760002,76.75,77.709999,14330300,65.413795
"535",77.559998,78.480003,77.449997,78.230003,13551500,65.851524
"536",78.300003,78.809998,78,78.529999,12633100,66.104034
"537",78.209999,78.660004,77.610001,77.82,10266000,65.506386
"538",78.709999,78.949997,77.620003,78.419998,9519300,66.011452
"539",78.43,78.849998,78.199997,78.5,9274400,66.078781
"540",78.68,79.129997,78.389999,78.660004,10990600,66.213486
"541",78.879997,79.75,78.660004,79.470001,12398200,66.895317
"542",79.449997,79.75,78.709999,79.029999,14597900,66.524925
"543",79.379997,80,79.029999,80,15419400,67.341431
"544",80.239998,80.550003,79.010002,80.309998,18089900,67.602394
"545",80.120003,80.400002,79.75,80.190002,13745500,67.501381
"546",78.849998,79.379997,77.860001,79.279999,18633600,66.735374
"547",79.550003,80.260002,79.32,80.160004,16541700,67.476135
"548",78.889999,79.32,78.25,79.010002,16211300,66.508095
"549",79.980003,80.290001,79.650002,79.779999,11060900,67.156258
"550",80.110001,80.580002,79.889999,80,11320000,67.341431
"551",80.589996,80.760002,80.199997,80.709999,10260200,67.939095
"552",80.800003,80.910004,80.349998,80.440002,9976700,67.711815
"553",80.18,80.550003,80.099998,80.150002,25316400,67.467712
"554",80.440002,81.25,80.440002,81.080002,9840600,68.250549
"555",81.580002,82,80.639999,80.870003,13936500,68.073784
"556",80.75,81.919998,80.559998,81.32,13133600,68.452576
"557",80.809998,81.889999,80.800003,81.790001,10117000,68.848213
"558",81.230003,81.440002,80.300003,80.480003,12497700,67.745499
"559",80,80.440002,79.589996,79.919998,11320400,67.274101
"560",80.330002,81.269997,80.18,80.959999,9472800,68.149544
"561",80.970001,81.309998,79.82,80.339996,7258700,67.62764
"562",80.029999,80.790001,80.019997,80.739998,7412300,67.964355
"563",81.330002,81.480003,80.480003,80.800003,10889200,68.014862
"564",81.230003,81.779999,81.080002,81.730003,10816400,68.797714
"565",81.75,81.949997,81.110001,81.379997,7646000,68.503075
"566",81.769997,81.769997,80.610001,80.900002,8562900,68.099037
"567",81.120003,82.080002,80.769997,82.050003,9360600,69.06707
"568",82.150002,82.529999,81.949997,82.489998,10059100,69.437447
"569",82.669998,83.199997,82.589996,83,9108200,69.866753
"570",82.519997,82.580002,81.739998,81.93,8561600,68.966057
"571",81.919998,82.080002,81.410004,81.559998,10324300,68.654594
"572",81.540001,82.07,81.019997,81.949997,9115100,68.982895
"573",82.809998,82.809998,80.580002,80.919998,16638700,68.115868
"574",80.889999,81.059998,80.519997,80.650002,8536100,67.888596
"575",80.809998,81.349998,80.690002,81.199997,7005700,68.351578
"576",81.550003,81.699997,81.080002,81.43,8311400,68.545174
"577",81.559998,81.830002,81.07,81.129997,9493900,68.292633
"578",81.870003,83.220001,81.639999,82.900002,10770600,69.78257
"579",83.190002,83.489998,82.68,83.379997,10595100,70.186623
"580",83.010002,83.080002,81.730003,81.760002,11684000,68.82296
"581",81.650002,82.839996,81.400002,82.220001,11135000,69.210167
"582",80.269997,80.629997,79.559998,80.489998,18053500,67.753914
"583",80.120003,80.379997,79.660004,79.970001,10023700,67.316193
"584",80.370003,80.529999,79.93,80.279999,13721500,67.577133
"585",79.940002,80.260002,78.620003,78.669998,13909800,66.221893
"586",78.279999,78.5,77.239998,77.290001,15360400,65.060249
"587",77.790001,78.209999,77.440002,77.470001,12180700,65.211777
"588",76.919998,77.660004,76.709999,77.129997,13367100,64.92556
"589",76.5,76.790001,75.769997,76.720001,13498800,64.580437
"590",76.540001,77.290001,76.419998,76.839996,11352900,64.681442
"591",76.349998,76.879997,75.959999,76.769997,13221600,64.622528
"592",76.18,76.790001,75.169998,76.559998,11056000,65.184464
"593",75.650002,76.230003,75.360001,75.709999,12176100,64.460754
"594",76.129997,76.800003,75.760002,75.809998,10548400,64.545906
"595",75.57,76.550003,75.209999,76.370003,8918000,65.02269
"596",76.400002,76.949997,76.220001,76.360001,8105200,65.014183
"597",75.650002,76.300003,75.589996,75.910004,9279400,64.63105
"598",76.050003,76.360001,75.669998,75.900002,7154300,64.622536
"599",76.269997,76.459999,75.93,76.25,8489900,64.920547
"600",76.019997,76.220001,75.389999,75.559998,7858300,64.333054
"601",74.769997,74.800003,73.040001,73.790001,14657200,62.82605
"602",74.139999,74.25,73.440002,74.099998,7056400,63.089996
"603",74.239998,74.25,72.489998,72.610001,14912900,61.821362
"604",71.889999,72.43,71.620003,72.160004,13645200,61.438232
"605",72.019997,72.129997,71.529999,71.970001,9362100,61.276474
"606",71.190002,71.550003,70.629997,70.769997,13983300,60.254761
"607",71.089996,72.010002,70.970001,71.879997,11831000,61.199833
"608",72.449997,73.660004,72.169998,73.589996,10423000,62.655762
"609",73.639999,73.639999,72.580002,72.980003,10617800,62.13641
"610",73.709999,74.620003,73.589996,74.309998,11738900,63.26878
"611",74.510002,74.959999,74.43,74.580002,9095500,63.498661
"612",75.190002,75.330002,74.449997,74.910004,7760400,63.779636
"613",75.510002,75.809998,74.82,74.839996,9415100,63.720032
"614",74.480003,74.610001,73.809998,74.029999,7920800,63.030384
"615",74.699997,75.169998,74.379997,74.68,8986400,63.583809
"616",74.68,74.809998,74.230003,74.349998,8575900,63.302834
"617",74.160004,75.190002,74.040001,75.089996,9355700,63.932884
"618",75.419998,76.220001,75.349998,75.739998,10091500,64.486298
"619",75.400002,75.849998,75.169998,75.32,9757400,64.1287
"620",76.239998,76.970001,76.080002,76.610001,16229700,65.227036
"621",77.139999,77.760002,76.870003,77.690002,23108100,66.146576
"622",77.529999,77.760002,76.809998,76.949997,10011800,65.516518
"623",77.080002,77.220001,76.190002,76.269997,9740000,64.937561
"624",76.68,77.129997,76.470001,76.599998,11365500,65.218536
"625",76.589996,76.75,75.760002,75.82,8147800,64.55442
"626",76.190002,76.730003,75.940002,76.629997,14781300,65.244064
"627",77.129997,77.93,76.290001,76.559998,11437900,65.184464
"628",76.139999,76.269997,75.410004,75.720001,10475400,64.469276
"629",75.82,76.5,75.629997,76.440002,5246100,65.082298
"630",76.190002,76.349998,75.589996,76.129997,6880800,64.818359
"631",76.139999,76.699997,75.919998,76.480003,7876100,65.116371
"632",76.449997,76.769997,75.730003,76.43,7863000,65.073769
"633",76.800003,77.629997,76.739998,77.510002,8077400,65.993317
"634",77.410004,77.610001,77.050003,77.57,6404000,66.044395
"635",77.75,77.879997,77.5,77.629997,6139000,66.095482
"636",77.629997,77.739998,76.889999,77.080002,7116400,65.627205
"637",76.919998,77.07,75.790001,75.93,10197400,64.648071
"638",75.739998,75.959999,75.349998,75.480003,7419300,64.264946
"639",75.029999,75.269997,74.18,74.839996,11424500,63.720032
"640",74.900002,75.25,74.540001,74.989998,11243100,63.847744
"641",75.239998,75.300003,74.5,75.07,8368800,63.915855
"642",75.150002,75.769997,74.75,75.370003,8551200,64.171288
"643",75.389999,76.050003,74.849998,75.360001,8260200,64.162773
"644",75.779999,75.779999,74.800003,74.93,9083900,63.796669
"645",74.870003,75.080002,74.599998,74.809998,7677300,63.694485
"646",74.879997,75.379997,74.699997,75.339996,7091900,64.145744
"647",75.059998,75.559998,74.889999,75.349998,6961200,64.154259
"648",75.040001,75.660004,74.260002,74.360001,13104600,63.311344
"649",73.739998,74.269997,72.269997,72.459999,17132800,61.693661
"650",72.610001,73.260002,71.18,71.75,21376700,61.089153
"651",70.779999,70.919998,69.610001,70.279999,19080900,59.837563
"652",70.290001,71.010002,70.279999,70.959999,12282400,60.416538
"653",69.860001,70.879997,69.400002,70.5,15231100,60.024868
"654",70.849998,72.410004,70.620003,72.379997,14304100,61.625546
"655",72.129997,72.25,70.470001,70.839996,13686600,60.314373
"656",70.059998,70.160004,69.330002,69.629997,9542600,60.021278
"657",69.269997,70.620003,68.919998,70.489998,12403300,60.7626
"658",69.07,69.089996,67.650002,67.650002,18114400,58.314522
"659",67.459999,67.559998,66.529999,67.25,12874400,57.969719
"660",67.779999,68.459999,67.269997,68.300003,12649000,58.874817
"661",68.970001,69.650002,68.860001,69.449997,10032800,59.866112
"662",69.300003,69.300003,68.709999,69.029999,9743500,59.504078
"663",69.959999,69.980003,69.370003,69.720001,10134200,60.098862
"664",69.910004,69.959999,69.25,69.57,8972000,59.969563
"665",68.82,69.529999,67.029999,67.489998,15371900,58.176598
"666",68.120003,68.260002,67.529999,67.849998,7343900,58.486916
"667",68.129997,68.440002,66.970001,67.190002,9490900,57.917999
"668",67.529999,67.980003,67.160004,67.68,9647400,58.340378
"669",68.300003,68.669998,68.089996,68.43,9004100,58.986885
"670",68.610001,69.080002,68.059998,68.480003,9180800,59.02998
"671",67.889999,68.68,67.629997,68.559998,9849700,59.098934
"672",69.5,69.610001,69.089996,69.290001,6959200,59.728199
"673",69.839996,70.550003,69.699997,70.269997,9901500,60.57296
"674",70.349998,70.949997,70.120003,70.93,10418500,61.141888
"675",71.160004,72.07,70.980003,71.489998,12840200,61.624607
"676",72.139999,72.849998,71.620003,72.07,13810800,62.124569
"677",72.779999,72.839996,71.550003,71.93,10525700,62.003891
"678",70.980003,72.160004,70.699997,71.980003,9100700,62.046989
"679",72.260002,72.720001,72.059998,72.639999,7337200,62.615906
"680",75.040001,75.18,73.599998,73.730003,19830200,63.555504
"681",73.82,74.080002,72.629997,73.169998,14452200,63.072777
"682",72.650002,72.970001,72.330002,72.82,7292200,62.77108
"683",72.970001,73.190002,72.190002,72.330002,8050200,62.348694
"684",72.489998,72.5,71.860001,72.080002,19736600,62.13319
"685",71.519997,72.360001,71.459999,72.129997,7495200,62.176289
"686",71.809998,71.870003,70.82,71.139999,13307100,61.322914
"687",70.980003,71.470001,70.82,71.349998,8035200,61.503925
"688",71.220001,71.349998,70.68,70.970001,8420200,61.176369
"689",70.699997,71.669998,70.629997,71.480003,8224000,61.615993
"690",71.239998,71.449997,70.580002,70.610001,9768900,60.866043
"691",70.830002,70.910004,68.910004,68.949997,10279100,59.435116
"692",68.269997,68.589996,67.010002,67.150002,14503700,57.883514
"693",67,68,66.309998,67.980003,10788400,58.598984
"694",68.110001,69.07,67.82,68.970001,10534800,59.452351
"695",68.699997,69.029999,68.019997,68.019997,10993000,58.633453
"696",67.540001,67.919998,66.639999,66.699997,9748700,57.495609
"697",67.300003,67.699997,67.199997,67.440002,8580900,58.133507
"698",67.43,68.360001,67.379997,68.25,7100100,58.831715
"699",68.980003,69.489998,68.889999,68.980003,10101900,59.460987
"700",68.599998,69.370003,68.589996,69.18,6234600,59.633381
"701",69.059998,70,69.010002,69.419998,6645700,59.84026
"702",69.209999,69.529999,68.209999,68.230003,9765800,58.814476
"703",68.480003,68.879997,68.080002,68.139999,9757200,58.7369
"704",67.870003,68.150002,67.610001,67.610001,13472700,58.280037
"705",67.82,68.769997,67.82,68.739998,10199300,59.254097
"706",68.779999,69.760002,68.650002,69.089996,9536000,59.555798
"707",68.959999,69.760002,68.779999,69.75,8641800,60.124718
"708",69.959999,70.050003,69.019997,69.089996,9003600,59.555798
"709",68.900002,69.480003,68.900002,69.25,7607200,59.693722
"710",69.459999,69.669998,68.580002,68.639999,11209600,59.1679
"711",68.480003,69.029999,68.239998,68.440002,13894400,58.995506
"712",68.370003,68.370003,67.269997,67.720001,12840600,58.374866
"713",67.459999,67.720001,67.139999,67.57,16169100,58.245544
"714",68.389999,69.610001,68.309998,69.599998,14108700,59.99543
"715",70.07,71.870003,69.940002,71.669998,15858200,61.77977
"716",72.040001,73.120003,71.849998,73.089996,14930400,63.003799
"717",72.730003,72.870003,71.199997,71.489998,13996500,61.624607
"718",72.029999,73.029999,72,73.010002,13073800,62.934864
"719",71.610001,71.800003,70.660004,70.769997,12106000,61.739658
"720",70.209999,70.610001,69.970001,70.339996,8674000,61.364525
"721",70.269997,70.410004,68.980003,69.370003,13918600,60.518314
"722",69.019997,69.150002,68.599998,68.800003,11773700,60.021038
"723",68.860001,68.970001,68.18,68.5,11279800,59.759315
"724",68.709999,69.300003,68.669998,69.190002,11252800,60.361275
"725",68.699997,68.82,68.300003,68.519997,10095600,59.776764
"726",68.400002,68.559998,67.779999,67.82,12605500,59.166084
"727",67.669998,68.540001,67.32,68.029999,16930700,59.349293
"728",68.019997,69.75,67.919998,69.669998,14080900,60.780022
"729",69.709999,70.18,69.330002,69.370003,12143600,60.518314
"730",69.370003,69.440002,68.709999,68.910004,10670000,60.117004
"731",68.919998,69.040001,68.440002,68.739998,15457000,59.9687
"732",68.760002,69.089996,68.410004,68.699997,8393900,59.933796
"733",68.330002,68.529999,68,68.129997,7980800,59.436527
"734",68.5,68.879997,68.370003,68.419998,11116900,59.689526
"735",68,68.25,67.519997,67.879997,12245800,59.21843
"736",68.25,68.760002,68.139999,68.650002,11049700,59.89019
"737",68.889999,68.970001,68.209999,68.410004,13109000,59.680809
"738",68.760002,69.870003,68.760002,69.510002,13710800,60.640446
"739",69.080002,69.970001,69.019997,69.660004,12397700,60.771301
"740",69.660004,70.150002,68.699997,69.059998,14281800,60.24786
"741",68.739998,69.760002,68.669998,68.959999,13748400,60.160625
"742",68.959999,70.379997,68.900002,70.339996,17068500,61.364525
"743",70.480003,70.540001,69.120003,69.230003,12274500,60.396175
"744",69.699997,70.25,69.699997,70,15208700,61.067921
"745",69.980003,70.379997,69.309998,69.68,14450700,60.788757
"746",69.629997,70.290001,69.279999,69.870003,13652300,60.95451
"747",69.989998,70.050003,69.239998,69.389999,13273200,60.535744
"748",69.860001,70.230003,69.389999,69.940002,35092000,61.015575
"749",69.860001,70.300003,69.529999,70.290001,14172500,61.320915
"750",70.349998,70.5,69.910004,70.019997,3979400,61.085369
"751",70.190002,70.5,70.010002,70.129997,8840200,61.181332
"752",70.199997,70.309998,69.879997,69.889999,10516100,60.971947
"753",70.089996,70.440002,69.400002,69.480003,12689400,60.614281
"754",69.019997,69.800003,69.010002,69.779999,13151800,60.875988
"755",70.239998,71.019997,70.239998,70.900002,12456400,61.853081
"756",71.339996,71.370003,70.160004,70.330002,17386900,61.355816
"757",70.32,71.360001,70.230003,70.870003,20081900,61.826908
"758",70.5,70.519997,69.510002,70.290001,17387700,61.320915
"759",70.110001,70.290001,69.169998,69.230003,15137700,60.396175
"760",69.139999,69.900002,68.629997,69.760002,14811800,60.85854
"761",69.93,69.959999,69.120003,69.139999,11995600,60.317657
"762",69.199997,69.870003,69.110001,69.800003,9953900,60.893448
"763",69.379997,69.580002,68.889999,69.199997,16261000,60.370003
"764",69.199997,69.589996,68.889999,69.089996,11390300,60.274029
"765",69.300003,69.580002,68.800003,68.82,13340300,60.03849
"766",68.75,69.080002,68.290001,68.559998,18144100,59.811657
"767",68.379997,68.419998,67.510002,67.580002,17982600,58.956715
"768",67.559998,67.699997,67,67.190002,17033100,58.616482
"769",66.709999,66.93,66.050003,66.769997,19605900,58.250072
"770",66.540001,66.68,66.040001,66.32,18238600,57.857494
"771",65.419998,65.730003,64.699997,64.739998,21231000,56.479095
"772",65.110001,65.199997,64.629997,64.650002,19664700,56.400589
"773",65.029999,65.129997,63.900002,64.110001,14202800,55.929489
"774",63.779999,64.879997,63.43,64.790001,18544700,56.52272
"775",63.200001,63.200001,61.860001,62.119999,34282900,54.193417
"776",61.380001,61.419998,60.369999,60.73,27389300,52.980782
"777",61.450001,61.91,59.889999,59.970001,31922100,52.317757
"778",60.75,62.93,60.599998,62.73,32099200,54.725582
"779",62.93,63.009998,61.779999,61.880001,16055400,53.984047
"780",61.41,61.66,61.060001,61.470001,15112500,53.626362
"781",60.48,60.52,59.619999,59.959999,20934500,53.060005
"782",60.580002,60.889999,60.169998,60.529999,14908700,53.564415
"783",61.34,61.529999,60.560001,61.27,17862100,54.219254
"784",61.060001,61.419998,60.560001,60.93,16949400,53.918385
"785",61.150002,61.16,60.279999,60.650002,10855300,53.670605
"786",60.150002,60.389999,59.450001,59.880001,18948500,52.989212
"787",60.110001,60.619999,59.830002,60.34,12804900,53.396275
"788",60.23,60.540001,59.720001,59.860001,14817200,52.971516
"789",59.509998,59.509998,58.790001,59.130001,20315700,52.32552
"790",57.619999,57.799999,56.360001,56.360001,32096600,49.874279
"791",56.75,56.75,53.970001,54.200001,36414500,47.962849
"792",54.549999,54.82,52.93,53.009998,29801000,46.90979
"793",51.709999,52.439999,49.799999,49.82,48141300,44.086884
"794",48.77,51.439999,48.009998,51.439999,62446700,45.520454
"795",52.59,53.889999,51.130001,53.880001,38127600,47.679676
"796",53.950001,54.150002,50.98,51.299999,50580700,45.396568
"797",52.23,52.48,51.119999,52.419998,24079600,46.387684
"798",50.419998,50.700001,49.040001,50.110001,40788200,44.34351
"799",48.84,49.009998,47.200001,47.689999,55640500,42.201996
"800",41.709999,44.57,40.799999,41.860001,72896300,37.042892
"801",46.169998,46.259998,41.450001,43.41,60445900,38.414528
"802",42.389999,43.48,41.75,41.98,51986100,37.149082
"803",39.900002,40.650002,37,37.18,65725300,32.901447
"804",40.009998,40.139999,35,38.119999,79891500,33.733276
"805",34.400002,37.880001,33.25,34.490002,48924700,30.521009
"806",35.209999,37.380001,34.200001,36.810001,41204400,32.574036
"807",34.549999,36.709999,31.23,33.119999,54036400,29.308662
"808",33.73,34.900002,32.349998,34.43,49412400,30.467913
"809",34.84,35.18,31.559999,32.740002,76534600,28.972391
"810",32.529999,32.700001,30.110001,31.450001,56952500,27.830843
"811",34.419998,36.169998,33.330002,35.439999,61835600,31.361685
"812",36.509998,38.59,35.18,37.290001,56607700,32.998795
"813",37.5,39.560001,36.720001,38.82,46722000,34.352722
"814",37.130001,37.68,36.200001,36.950001,51558600,32.697922
"815",36.23,38.150002,35.860001,37.5,45835000,33.184628
"816",38.34,39.450001,37.369999,37.970001,41491600,33.600544
"817",36.860001,38.700001,36.34,37.529999,36045900,33.211178
"818",38.740002,41.959999,37.900002,40.400002,62000200,35.750904
"819",41.450001,42.18,38.52,39.209999,48425700,34.697845
"820",39.880001,40.830002,39.23,40.470001,41301900,35.812843
"821",42.900002,43.32,41.16,41.240002,48921800,36.49424
"822",41.950001,44.040001,41.470001,43.849998,33355600,38.80389
"823",45.459999,46.709999,41.740002,43.130001,60107300,38.166744
"824",44.450001,44.689999,41.970001,42.759998,29651900,37.839325
"825",43,43.75,41.91,42.43,30769000,37.547295
"826",41,41.060001,39.380001,40.48,33125000,35.821701
"827",40.48,40.48,38.93,39.150002,30934000,34.644753
"828",39.880001,43.32,39.869999,43.220001,40829100,38.246391
"829",40.75,42.740002,40.540001,41.18,39260800,36.441147
"830",40.400002,42.130001,39.630001,40.959999,44381600,36.246456
"831",42.599998,42.93,41.860001,42.130001,27074200,37.281822
"832",43.130001,44.66,42.810001,43.450001,35271000,38.449921
"833",44.400002,44.889999,43.130001,43.73,28653800,38.697697
"834",43.59,44.32,42.23,43.939999,28274400,38.883533
"835",44.369999,45.389999,44.110001,44.970001,26545100,39.79501
"836",46.259998,47.599998,46.16,47.459999,29502500,41.998466
"837",47.68,47.68,45.77,46.470001,37076300,41.122387
"838",45.630001,46.389999,43,43.139999,35399300,38.175591
"839",42.509998,44.939999,42.220001,44.880001,27465600,39.715363
"840",46.259998,47.150002,44.66,44.830002,29276200,39.67112
"841",44.93,45.27,43.900002,43.990002,22659000,38.927784
"842",44.959999,45.27,43.970001,44.240002,22160300,39.149014
"843",45.310001,46.220001,44.98,46.18,19977400,40.865761
"844",46.110001,46.200001,45.509998,45.740002,22258000,40.476395
"845",45.419998,45.669998,44.119999,44.119999,25439100,39.799835
"846",43.740002,43.869999,41.599998,41.93,30827900,37.824272
"847",41.07,42.549999,40.200001,42.299999,24856500,38.158051
"848",42.380001,43.009998,41.849998,42,22445600,37.887424
"849",44.400002,45.580002,44.060001,45.34,32026100,40.900375
"850",45.549999,46.630001,43.93,43.939999,21771600,39.637459
"851",44.619999,45.580002,44.57,45.369999,19352400,40.927437
"852",45.439999,45.790001,44.389999,44.560001,19130700,40.196751
"853",44.049999,44.669998,43.450001,44.599998,15406400,40.232834
"854",45.740002,46.299999,45.470001,45.91,20356500,41.414558
"855",46.66,47.139999,45.41,46.240002,20788300,41.71225
"856",46.43,46.459999,44.93,45.040001,19698000,40.629753
"857",44.82,45.689999,44.369999,45.470001,25874700,41.017643
"858",45.32,46.450001,44.799999,46.279999,19031000,41.748329
"859",46.860001,47.450001,46.75,47.310001,22319000,42.677475
"860",48,49.400002,47.950001,49.240002,23418000,44.418491
"861",48.880001,49.150002,48.16,49.099998,18731400,44.292198
"862",51.650002,53.450001,51.599998,53.080002,41328900,47.882481
"863",54.720001,55.360001,53.459999,54.740002,33579400,49.37994
"864",52.880001,53.970001,52.450001,53.52,27276900,48.2794
"865",53.5,53.5,50.599998,50.650002,31156800,45.690426
"866",47.529999,48.84,46.099998,46.18,39183000,41.658123
"867",48.040001,48.619999,45.91,47.169998,30978100,42.551178
"868",45.349998,47.759998,44.75,47.139999,27929300,42.52412
"869",49.57,49.75,47.240002,48.200001,26203400,43.480328
"870",48,48.130001,46.599998,46.630001,19279400,42.06406
"871",46.110001,47.330002,45.77,46.919998,21478700,42.325661
"872",48.220001,48.259998,45.98,45.98,48899900,41.477703
"873",45.689999,46.439999,45.400002,46.419998,17565400,41.874622
"874",46.900002,47.220001,46.5,46.700001,18916600,42.127205
"875",45.91,45.959999,44.25,44.5,27626900,40.142624
"876",44.049999,45.240002,43.689999,45.169998,19353600,40.747021
"877",44.880001,44.939999,43.5,43.619999,31518600,39.348793
"878",43.810001,44.580002,43.540001,44.32,17052100,39.980251
"879",43.43,44.970001,43.16,44.720001,22153600,40.341087
"880",44.490002,45.380001,43.669998,43.709999,17290100,39.429985
"881",44.619999,45.189999,43.93,44.080002,18216600,39.763752
"882",44.669998,45.080002,43.84,44.389999,22692000,40.043392
"883",43.900002,44,43.110001,43.240002,17407600,39.006004
"884",43.150002,43.93,42.84,43.139999,18291400,38.915791
"885",42.900002,43.099998,41.290001,41.360001,25882000,37.310093
"886",41.119999,42.709999,41.099998,42.650002,18951000,38.473778
"887",42.98,43.290001,42.23,42.66,20028300,38.4828
"888",42.529999,44.189999,42.259998,44.07,21444100,39.75473
"889",45.029999,45.09,44.209999,44.630001,17332400,40.259899
"890",44.310001,44.810001,43.790001,44.279999,14673700,39.944164
"891",44.330002,44.689999,43.389999,43.52,17958900,39.258587
"892",43.209999,43.509998,42.48,42.5,18553900,38.338463
"893",43.150002,45.189999,43.110001,44.650002,28821800,40.277939
"894",44.150002,44.150002,43.369999,43.610001,21345400,39.339775
"895",43.400002,43.82,43.02,43.700001,17934400,39.420959
"896",43.880001,44.419998,43.189999,43.43,16415300,39.177395
"897",43.23,44.09,42.970001,44.07,18547900,39.75473
"898",43.91,44.25,43.459999,43.549999,19190500,39.285648
"899",43.709999,44.09,43.34,44.029999,14143200,39.718651
"900",43.130001,43.18,41.830002,41.869999,29901100,37.770145
"901",41.16,42.169998,40.91,42.080002,32116200,37.959591
"902",42.049999,42.5,41.470001,42.25,23033600,38.112946
"903",42.34,43.599998,42.240002,43.470001,17724000,39.213482
"904",44.150002,44.310001,43.529999,43.849998,17175100,39.556274
"905",43.400002,43.900002,43.25,43.639999,14434900,39.366837
"906",43.23,43.52,42.810001,43.439999,18757900,39.18642
"907",43.990002,44.599998,43.599998,44.509998,24367800,40.151646
"908",45.5,46.419998,44.73,44.970001,28987500,40.566608
"909",44.459999,44.939999,43.630001,44.09,22503200,40.557404
"910",43.5,43.869999,42.919998,43.009998,17338700,39.563938
"911",42.599998,43.279999,42.41,43.200001,13595700,39.738712
"912",43.169998,43.169998,42.470001,42.639999,15554600,39.223583
"913",42.59,43.189999,42.290001,42.43,13014000,39.030407
"914",42.349998,42.66,41.869999,41.959999,14473100,38.598061
"915",41.689999,41.889999,41.299999,41.32,15678500,38.009342
"916",41.299999,41.34,40.709999,41.009998,25517700,37.724182
"917",41.279999,42.509998,41.09,42.220001,18208900,38.837234
"918",41.66,42.07,40.700001,40.880001,31285600,37.604595
"919",40.639999,40.84,40,40.009998,26795000,36.804306
"920",40,40.299999,39.310001,39.740002,32034300,36.555939
"921",39.84,40.919998,39.759998,40.689999,33477100,37.429821
"922",40.639999,40.720001,39.900002,39.939999,25259600,36.73991
"923",39.75,39.75,39.049999,39.43,22464100,36.270775
"924",39.23,39.720001,38.950001,39.189999,26413400,36.050003
"925",39.200001,40.029999,38.880001,39.110001,28817200,35.976418
"926",39.459999,39.790001,38.650002,39.080002,24632500,35.948822
"927",38.25,38.68,37.349998,38.18,38496400,35.120926
"928",38.349998,38.84,37.919998,37.950001,25886100,34.909355
"929",38.27,38.369999,36.900002,37,34381200,34.035473
"930",37.130001,37.310001,36.490002,36.900002,26838600,33.943485
"931",36.91,37.009998,36.490002,36.66,26129900,33.722713
"932",36.799999,37.380001,36.209999,36.27,23724200,33.36396
"933",36.459999,38.150002,36.27,37.810001,30890900,34.780571
"934",37.349998,37.98,36.970001,37.799999,24696200,34.771374
"935",37.529999,37.82,36.700001,37.189999,46853800,34.210247
"936",36.43,36.709999,35.68,36.43,35351800,33.511139
"937",36.459999,36.84,35.470001,35.529999,27303200,32.68325
"938",35.650002,35.790001,34.349998,34.389999,31251400,31.63459
"939",34.400002,34.82,33.759998,34.32,26796000,31.5702
"940",34,34.939999,33.880001,34.639999,23486000,31.864557
"941",35.139999,35.900002,35.099998,35.310001,23396500,32.480881
"942",35,35.110001,33.990002,34.279999,20770500,31.533403
"943",34.639999,34.919998,34.130001,34.330002,22223700,31.579405
"944",33.790001,34.099998,32.939999,33.130001,36890200,30.475546
"945",32.25,33.349998,32.209999,32.98,32694300,30.337566
"946",33.32,33.75,33.169998,33.740002,22965200,31.036678
"947",34.119999,34.419998,33.310001,33.389999,26731800,30.714714
"948",33.639999,33.740002,33.209999,33.5,23779300,30.815901
"949",33.880001,35.34,33.759998,35.259998,34413700,32.434883
"950",35.68,35.950001,34.650002,34.740002,29228600,31.956553
"951",34.540001,34.73,34.23,34.630001,17912800,31.855362
"952",34.73,34.869999,34.099998,34.220001,20995100,31.478214
"953",34.060001,34.830002,34.029999,34.150002,17743000,31.413822
"954",33.700001,34.459999,33.27,34.450001,23251600,31.689787
"955",34.369999,34.639999,33.880001,34.099998,22627200,31.367825
"956",34.099998,34.369999,33.389999,33.419998,23645800,30.742308
"957",33.66,33.93,33.330002,33.700001,23040600,30.99988
"958",33.509998,33.619999,33.139999,33.16,28619300,30.503143
"959",33.18,34.959999,33.02,34.860001,31831500,32.066936
"960",34.970001,35.080002,33.860001,34.16,27429100,31.423019
"961",33.610001,33.77,32.950001,33.349998,30888700,30.677919
"962",33.150002,33.200001,32.700001,32.82,27100700,30.190384
"963",32.099998,32.380001,31.52,31.57,42136400,29.040535
"964",31.41,33.130001,31.110001,32.970001,38622800,30.328367
"965",32.41,33.139999,32.009998,32.619999,47885700,30.006407
"966",33.139999,34.459999,32.57,33.990002,40130300,31.266644
"967",34.490002,34.490002,33.130001,33.41,36773000,30.73311
"968",33.27,34.139999,32.529999,33.23,35410100,30.567535
"969",33.369999,33.919998,33.139999,33.169998,30824100,30.512339
"970",33.099998,33.66,32.619999,32.779999,33985600,30.153589
"971",36.419998,38.009998,36.060001,36.93,76879400,33.971077
"972",37.049999,37.43,35.98,36.860001,49055400,34.724739
"973",37.09,37.119999,36.189999,36.48,34124500,34.366749
"974",35.860001,36.290001,34.869999,35.23,30933700,33.189163
"975",35.400002,36.25,35.380001,36.080002,29241500,33.989922
"976",37.59,38.169998,37.099998,38.16,38596800,35.949432
"977",37.810001,38.709999,37.380001,38.669998,26521100,36.429882
"978",39.02,39.130001,37.200001,37.209999,31068000,35.054466
"979",36.860001,37.5,36.560001,37.400002,26954400,35.233456
"980",37.349998,37.41,36.779999,36.939999,18351000,34.800102
"981",37.5,39.43,37.279999,39.360001,29367600,37.079914
"982",40.509998,42.080002,40.220001,41.98,46979300,39.548141
"983",41.669998,41.709999,40.650002,40.810001,28178200,38.445919
"984",40.700001,40.939999,39.869999,40.189999,14971900,37.861832
"985",39.799999,39.880001,37.970001,38.130001,45614300,35.921169
"986",38.959999,39.650002,38.470001,38.5,32472900,36.269737
"987",38.389999,40.419998,38.34,39.939999,29369500,37.626312
"988",40.07,40.639999,39.73,40.209999,27038900,37.880676
"989",40.77,41.759998,40.650002,41.68,28723600,39.265518
"990",41.419998,41.540001,40.669998,40.900002,24899400,38.530708
"991",40.529999,42.59,40.439999,42.240002,32573800,39.793083
"992",42.709999,43.73,42.380001,42.799999,37824800,40.320644
"993",43.200001,44.470001,42.759998,44.009998,38058700,41.460545
"994",43.700001,43.93,43.209999,43.799999,25478800,41.262711
"995",44.34,44.459999,42.18,42.220001,30595000,39.774242
"996",42.439999,43.220001,42.060001,43.040001,27138400,40.546738
"997",43.75,44.110001,42.959999,43.700001,34273000,41.168503
"998",44,44.040001,43.400002,43.48,21204600,40.961246
"999",43.27,43.779999,42.419998,42.73,46596800,40.254692
"1000",41.110001,42.080002,40.529999,41.950001,27869500,39.519878
"1001",41.580002,41.900002,41.23,41.240002,21792900,38.851009
"1002",41.509998,42.389999,41.459999,41.77,19085900,39.350307
"1003",41.650002,41.849998,41.380001,41.599998,8039000,39.190151
"1004",41.689999,42.549999,41.52,41.740002,23877500,39.322048
"1005",42.040001,42.119999,41.200001,41.27,20287700,38.879272
"1006",41.330002,42.419998,41.27,41.599998,23807300,39.190151
"1007",41.470001,41.68,40.970001,41.220001,22786500,38.832169
